time,a1,a2,a3,a4,a5,a6
2024-10-24 01:31:05,0.0,-89.1865997905206,126.43769779118908, 0.0,-37.251098000668485,0.0
2024-10-24 01:31:05,0.0,-89.35411438216288,126.3502919148569, 0.0,-36.99617753269403,0.0
2024-10-24 01:31:05,0.0,-89.46202579794094,126.29309494754892, 0.0,-36.83106914960799,0.0
2024-10-24 01:31:05,0.0,-89.57472566756267,126.23260222139307, 0.0,-36.65787655383039,0.0
2024-10-24 01:31:05,0.0,-89.75041462813394,126.13672865247702, 0.0,-36.3863140243431,0.0
2024-10-24 01:31:05,0.0,-90.03795723540306,125.97558055518056, 0.0,-35.9376233197775,0.0
2024-10-24 01:31:05,0.0,-90.2709401811995,125.84103019803666, 0.0,-35.57009001683716,0.0
2024-10-24 01:31:05,0.0,-90.57958895722625,125.65708319679503, 0.0,-35.07749423956879,0.0
2024-10-24 01:31:05,0.0,-90.87661368484017,125.47368277312992, 0.0,-34.597069088289764,0.0
2024-10-24 01:31:05,0.0,-91.20485798174212,125.26338640841537, 0.0,-34.05852842667327,0.0
2024-10-24 01:31:05,0.0,-91.30114390781088,125.20012574281228, 0.0,-33.898981835001386,0.0
2024-10-24 01:31:05,0.0,-91.4015146705925,125.1334010427036, 0.0,-33.73188637211111,0.0
2024-10-24 01:31:05,0.0,-91.4965093449473,125.0695054344058, 0.0,-33.57299608945849,0.0
2024-10-24 01:31:05,0.0,-91.54411101989447,125.03721153179663, 0.0,-33.493100511902156,0.0
2024-10-24 01:31:05,0.0,-91.63933515688174,124.9720497671445, 0.0,-33.33271461026277,0.0
2024-10-24 01:31:05,0.0,-91.73260315196616,124.90749370263318, 0.0,-33.17489055066703,0.0
2024-10-24 01:31:05,0.0,-91.9880821788883,124.72685720007581, 0.0,-32.73877502118751,0.0
2024-10-24 01:31:05,0.0,-92.13453396040374,124.62072498302152, 0.0,-32.486191022617774,0.0
2024-10-24 01:31:05,0.0,-92.27952434353398,124.51373948864438, 0.0,-32.23421514511042,0.0
2024-10-24 01:31:05,0.0,-92.32446226231751,124.48018695993305, 0.0,-32.15572469761553,0.0
2024-10-24 01:31:05,0.0,-92.41353870124932,124.41311910590085, 0.0,-31.999580404651525,0.0
2024-10-24 01:31:05,0.0,-92.45801795955414,124.37934814995579, 0.0,-31.921330190401658,0.0
2024-10-24 01:31:05,0.0,-92.54623980131714,124.3118036587455, 0.0,-31.765563857428376,0.0
2024-10-24 01:31:05,0.0,-92.6339374692664,124.24391024055436, 0.0,-31.60997277128796,0.0
2024-10-24 01:31:05,0.0,-92.72107711478226,124.17569615967753, 0.0,-31.454619044895285,0.0
2024-10-24 01:31:05,0.0,-92.85069871330228,124.07281264297121, 0.0,-31.22211392966893,0.0
2024-10-24 01:31:05,0.0,-92.93652062760056,124.00374592496406, 0.0,-31.067225297363517,0.0
2024-10-24 01:31:05,0.0,-93.07361638267265,123.89181398566056, 0.0,-30.8181976029879,0.0
2024-10-24 01:31:05,0.0,-93.15803028139155,123.82189499886887, 0.0,-30.66386471747732,0.0
2024-10-24 01:31:05,0.0,-93.29292917042702,123.70854245069039, 0.0,-30.415613280263393,0.0
2024-10-24 01:31:05,0.0,-93.33456571467822,123.67314746633181, 0.0,-30.33858175165362,0.0
2024-10-24 01:31:05,0.0,-93.37606902767781,123.63767111058391, 0.0,-30.261602082906112,0.0
2024-10-24 01:31:05,0.0,-93.29493294208552,123.70684351156615, 0.0,-30.411910569480604,0.0
2024-10-24 01:31:05,0.0,-93.10996359967055,123.8618024296644, 0.0,-30.751838829993865,0.0
2024-10-24 01:31:05,0.0,-92.90723641457053,124.02739878730323, 0.0,-31.120162372732697,0.0
2024-10-24 01:31:05,0.0,-92.64824603872258,124.23276110141121, 0.0,-31.584515062688645,0.0
2024-10-24 01:31:05,0.0,-92.44395439564516,124.39004634256271, 0.0,-31.946091946917562,0.0
2024-10-24 01:31:05,0.0,-92.23143329652748,124.54943873437485, 0.0,-32.31800543784737,0.0
2024-10-24 01:31:05,0.0,-92.08765550664083,124.6549063054629, 0.0,-32.56725079882207,0.0
2024-10-24 01:31:06,0.0,-91.93806570649888,124.76266745830654, 0.0,-32.82460175180767,0.0
2024-10-24 01:31:06,0.0,-91.78700303336528,124.86950116649102, 0.0,-33.08249813312574,0.0
2024-10-24 01:31:06,0.0,-91.57682972185421,125.01490670841552, 0.0,-33.43807698656132,0.0
2024-10-24 01:31:06,0.0,-91.48455135800508,125.07758888779084, 0.0,-33.593037529785775,0.0
2024-10-24 01:31:06,0.0,-91.38704911146917,125.14306707753914, 0.0,-33.75601796607,0.0
2024-10-24 01:31:06,0.0,-91.29369864810182,125.20504334211562, 0.0,-33.911344694013806,0.0
2024-10-24 01:31:06,0.0,-91.24683766677113,125.23589480098472, 0.0,-33.98905713421361,0.0
2024-10-24 01:31:06,0.0,-91.1950547823279,125.26978651776164, 0.0,-34.07473173543375,0.0
2024-10-24 01:31:06,0.0,-91.08372293782487,125.34194892418381, 0.0,-34.25822598635894,0.0
2024-10-24 01:31:06,0.0,-90.94095034123157,125.43310581666246, 0.0,-34.492155475430884,0.0
2024-10-24 01:31:06,0.0,-90.88818486920302,125.46640756735574, 0.0,-34.57822269815272,0.0
2024-10-24 01:31:06,0.0,-90.8401907360237,125.49651845219992, 0.0,-34.65632771617622,0.0
2024-10-24 01:31:06,0.0,-90.79207523357812,125.52653505166067, 0.0,-34.73445981808255,0.0
2024-10-24 01:31:37,0.0,-90.76599754281264,125.50081633781541, 0.0,-34.73481879500278,0.0
2024-10-24 01:31:37,0.0,-90.73993161344059,125.47509721712676, 0.0,-34.73516560368617,0.0
2024-10-24 01:31:37,0.0,-90.68679741133376,125.42263279403991, 0.0,-34.73583538270618,0.0
2024-10-24 01:31:37,0.0,-90.6024396774586,125.3392359629838, 0.0,-34.73679628552522,0.0
2024-10-24 01:31:37,0.0,-90.49121828975561,125.22908930425676, 0.0,-34.73787101450115,0.0
2024-10-24 01:31:37,0.0,-90.40714512900256,125.14568347996875, 0.0,-34.738538350966195,0.0
2024-10-24 01:31:37,0.0,-90.32319326016653,125.06227335535573, 0.0,-34.739080095189195,0.0
2024-10-24 01:31:37,0.0,-90.20612429154875,124.94575190904096, 0.0,-34.73962761749221,0.0
2024-10-24 01:31:37,0.0,-90.12144101880297,124.86131373562755, 0.0,-34.73987271682461,0.0
2024-10-24 01:31:37,0.0,-90.03790060758865,124.77789094240391, 0.0,-34.73999033481527,0.0
2024-10-24 01:31:38,0.0,-90.01215982292734,124.75216154357366, 0.0,-34.74000172064631,0.0
2024-10-24 01:31:38,0.0,-89.95969581709004,124.69968449102079, 0.0,-34.73998867393073,0.0
2024-10-24 01:31:38,0.0,-89.90829464747894,124.64822336627245, 0.0,-34.739928718793514,0.0
2024-10-24 01:31:38,0.0,-89.73459654889632,124.4739771907591, 0.0,-34.739380641862795,0.0
2024-10-24 01:31:38,0.0,-89.61870786674218,124.35742631886421, 0.0,-34.73871845212203,0.0
2024-10-24 01:31:38,0.0,-89.53588058896267,124.27398034344209, 0.0,-34.73809975447944,0.0
2024-10-24 01:31:38,0.0,-89.45216730175787,124.18951856569814, 0.0,-34.737351263940255,0.0
2024-10-24 01:31:38,0.0,-89.42668211861401,124.16378092983844, 0.0,-34.737098811224435,0.0
2024-10-24 01:31:38,0.0,-89.37574456066363,124.11230440049428, 0.0,-34.73655983983065,0.0
2024-10-24 01:31:38,0.0,-89.35029215568214,124.0865655063248, 0.0,-34.73627335064269,0.0
2024-10-24 01:31:38,0.0,-89.32485064661542,124.06082619202392, 0.0,-34.73597554540853,0.0
2024-10-24 01:31:38,0.0,-89.27300362774736,124.00833687905264, 0.0,-34.73533325130527,0.0
2024-10-24 01:31:38,0.0,-89.12148484907259,123.85466885107914, 0.0,-34.733184002006574,0.0
2024-10-24 01:31:38,0.0,-88.95009000268729,123.68035396244147, 0.0,-34.7302639597542,0.0
2024-10-24 01:31:38,0.0,-88.7993878497897,123.52665561531389, 0.0,-34.72726776552418,0.0
2024-10-24 01:31:38,0.0,-88.68531912146483,123.41005232789334, 0.0,-34.72473320642853,0.0
2024-10-24 01:31:38,0.0,-88.56647532809677,123.2883234843252, 0.0,-34.72184815622843,0.0
2024-10-24 01:31:38,0.0,-88.42887832716123,123.14707468852868, 0.0,-34.71819636136746,0.0
2024-10-24 01:31:38,0.0,-88.34659480917182,123.06244769060746, 0.0,-34.715852881435644,0.0
2024-10-24 01:31:38,0.0,-88.19739260414691,122.90869132823342, 0.0,-34.71129872408654,0.0
2024-10-24 01:31:38,0.0,-88.07950144229467,122.7869238994972, 0.0,-34.70742245720252,0.0
2024-10-24 01:31:38,0.0,-87.88635293645245,122.58689471770323, 0.0,-34.70054178125077,0.0
2024-10-24 01:31:38,0.0,-87.67673773183584,122.36906773848303, 0.0,-34.692330006647175,0.0
2024-10-24 01:31:38,0.0,-87.5291583394739,122.2152421639037, 0.0,-34.68608382442981,0.0
2024-10-24 01:31:38,0.0,-87.34536439909844,122.02313260761984, 0.0,-34.677768208521414,0.0
2024-10-24 01:31:38,0.0,-87.23399628194777,121.90643616108513, 0.0,-34.67243987913737,0.0
2024-10-24 01:31:38,0.0,-87.02026769221442,121.6818700585009, 0.0,-34.661602366286495,0.0
2024-10-24 01:31:38,0.0,-86.90460173029692,121.56000367742921, 0.0,-34.65540194713229,0.0
2024-10-24 01:31:38,0.0,-86.72148557646258,121.36658999262211, 0.0,-34.64510441615953,0.0
2024-10-24 01:31:38,0.0,-86.40625847447755,121.03225480626315, 0.0,-34.625996331785615,0.0
2024-10-24 01:31:38,0.0,-86.05030801632141,120.65262887677532, 0.0,-34.60232086045393,0.0
2024-10-24 01:31:38,0.0,-85.90649860599147,120.4986233745741, 0.0,-34.59212476858262,0.0
2024-10-24 01:31:38,0.0,-85.72624991423983,120.30508274716216, 0.0,-34.57883283292232,0.0
2024-10-24 01:31:38,0.0,-85.58316297210948,120.15103871961297, 0.0,-34.5678757475035,0.0
2024-10-24 01:31:38,0.0,-85.43938885177347,119.99589358691377, 0.0,-34.55650473514032,0.0
2024-10-24 01:31:38,0.0,-85.30849189561604,119.85432927168709, 0.0,-34.54583737607107,0.0
2024-10-24 01:31:38,0.0,-85.23023777966489,119.76955465569493, 0.0,-34.539316876030064,0.0
2024-10-24 01:31:38,0.0,-85.20642967771866,119.74374149269765, 0.0,-34.53731181497899,0.0
2024-10-24 01:31:38,0.0,-85.15207915118944,119.68477653996294, 0.0,-34.53269738877351,0.0
2024-10-24 01:31:38,0.0,-84.99838562645121,119.51775466277215, 0.0,-34.51936903632095,0.0
2024-10-24 01:31:38,0.0,-84.72424138114971,119.21881170009202, 0.0,-34.49457031894231,0.0
2024-10-24 01:31:38,0.0,-84.4420404427834,118.90971288421979, 0.0,-34.46767244143639,0.0
2024-10-24 01:31:38,0.0,-84.08429121028304,118.51586952161269, 0.0,-34.431578311329645,0.0
2024-10-24 01:31:38,0.0,-83.90899518261601,118.32207417863484, 0.0,-34.41307899601884,0.0
2024-10-24 01:31:38,0.0,-83.68101491462822,118.06923555429388, 0.0,-34.38822063966566,0.0
2024-10-24 01:31:38,0.0,-83.54122871025052,117.91376100667217, 0.0,-34.37253229642167,0.0
2024-10-24 01:31:38,0.0,-83.40173086224485,117.75826917203949, 0.0,-34.35653830979464,0.0
2024-10-24 01:31:38,0.0,-83.26356318518098,117.60392743801461, 0.0,-34.340364252833645,0.0
2024-10-24 01:31:38,0.0,-83.15900395809834,117.48690854487933, 0.0,-34.327904586780996,0.0
2024-10-24 01:31:38,0.0,-82.99734880076845,117.30561746158378, 0.0,-34.30826866081534,0.0
2024-10-24 01:31:38,0.0,-82.92270732027868,117.22175687024738, 0.0,-34.29904954996871,0.0
2024-10-24 01:31:38,0.0,-82.84731491550102,117.13695482722632, 0.0,-34.28963991172531,0.0
2024-10-24 01:31:38,0.0,-82.80053467967697,117.08428662014838, 0.0,-34.283751940471404,0.0
2024-10-24 01:31:38,0.0,-82.7775711410978,117.0584189524959, 0.0,-34.28084781139811,0.0
2024-10-24 01:31:38,0.0,-82.82420195293604,117.11093748879294, 0.0,-34.28673553585692,0.0
2024-10-24 01:31:39,0.0,-83.03986149767084,117.35333791211357, 0.0,-34.31347641444272,0.0
2024-10-24 01:31:39,0.0,-83.21968947891685,117.5548486337694, 0.0,-34.33515915485253,0.0
2024-10-24 01:31:39,0.0,-83.48877598750619,117.85533396669098, 0.0,-34.366557979184805,0.0
2024-10-24 01:31:39,0.0,-83.5657042937957,117.94100800228185, 0.0,-34.37530370848614,0.0
2024-10-24 01:31:39,0.0,-83.67161539364096,118.05879175401793, 0.0,-34.387176360376976,0.0
2024-10-24 01:31:39,0.0,-83.77769372438155,118.17656624413935, 0.0,-34.3988725197578,0.0
2024-10-24 01:31:39,0.0,-83.90850147987902,118.32152761982779, 0.0,-34.41302613994877,0.0
2024-10-24 01:31:39,0.0,-84.04968264436627,118.47765100044528, 0.0,-34.42796835607901,0.0
2024-10-24 01:31:39,0.0,-84.23340832322032,118.6803023316368, 0.0,-34.44689400841647,0.0
2024-10-24 01:31:39,0.0,-84.38724776770312,118.8495366522057, 0.0,-34.462288884502584,0.0
2024-10-24 01:31:39,0.0,-84.671370527406,119.16100725753586, 0.0,-34.48963673012986,0.0
2024-10-24 01:31:39,0.0,-85.06348495727441,119.5885498478015, 0.0,-34.525064890527105,0.0
2024-10-24 01:31:39,0.0,-85.32703170745108,119.87439820526349, 0.0,-34.54736649781241,0.0
2024-10-24 01:31:39,0.0,-85.59042584274077,120.15886639839867, 0.0,-34.568440555657894,0.0
2024-10-24 01:31:39,0.0,-85.9498091492846,120.54504282227565, 0.0,-34.59523367299104,0.0
2024-10-24 01:31:39,0.0,-86.75190238924397,121.39875814760228, 0.0,-34.64685575835832,0.0
2024-10-24 01:31:39,0.0,-87.32410798951838,122.00087607045937, 0.0,-34.67676808094098,0.0
2024-10-24 01:31:39,0.0,-88.00624372140912,122.7111339297526, 0.0,-34.70489020834349,0.0
2024-10-24 01:31:39,0.0,-88.58896088487961,123.31137402829442, 0.0,-34.7224131434148,0.0
2024-10-24 01:31:39,0.0,-89.20850461474657,123.94297254543262, 0.0,-34.734467930686066,0.0
2024-10-24 01:31:39,0.0,-90.08583887187648,124.82577679372685, 0.0,-34.73993792185037,0.0
2024-10-24 01:31:39,0.0,-90.93003037682354,125.66239126249441, 0.0,-34.732360885670886,0.0
2024-10-24 01:31:39,0.0,-91.79285016808345,126.50445872166286, 0.0,-34.71160855357942,0.0
2024-10-24 01:31:39,0.0,-92.66972748033211,127.34678642580072, 0.0,-34.677058945468595,0.0
2024-10-24 01:31:39,0.0,-93.61497498063592,128.23962142013184, 0.0,-34.62464643949593,0.0
2024-10-24 01:31:39,0.0,-94.29244347507056,128.86986521300415, 0.0,-34.57742173793359,0.0
2024-10-24 01:31:39,0.0,-94.4179643150251,128.98575231447677, 0.0,-34.56778799945167,0.0
2024-10-24 01:31:39,0.0,-94.47450114243546,129.03785975622637, 0.0,-34.56335861379094,0.0
2024-10-24 01:31:39,0.0,-94.53109687969513,129.08996541398943, 0.0,-34.55886853429431,0.0
2024-10-24 01:31:39,0.0,-94.6855570592076,129.2318859196215, 0.0,-34.546328860413915,0.0
2024-10-24 01:31:39,0.0,-94.81878856446727,129.35396574528073, 0.0,-34.5351771808135,0.0
2024-10-24 01:31:39,0.0,-95.0290621621919,129.54600745834898, 0.0,-34.5169452961571,0.0
2024-10-24 01:31:39,0.0,-95.24743879873962,129.7446316835229, 0.0,-34.49719288478327,0.0
2024-10-24 01:31:39,0.0,-95.43919549448295,129.91835719475048, 0.0,-34.47916170026754,0.0
2024-10-24 01:31:39,0.0,-95.56741553210504,130.0341626300843, 0.0,-34.46674709797925,0.0
2024-10-24 01:31:39,0.0,-95.69594370334207,130.1499587272887, 0.0,-34.45401502394664,0.0
2024-10-24 01:31:39,0.0,-95.86721980033049,130.303820847129, 0.0,-34.43660104679852,0.0
2024-10-24 01:31:39,0.0,-96.03904838886187,130.45766617454686, 0.0,-34.418617785685,0.0
2024-10-24 01:31:39,0.0,-96.1979192334465,130.59945302434318, 0.0,-34.40153379089668,0.0
2024-10-24 01:31:39,0.0,-96.2563640000093,130.65150263003048, 0.0,-34.39513863002119,0.0
2024-10-24 01:31:39,0.0,-96.38795619818748,130.7684785330738, 0.0,-34.38052233488631,0.0
2024-10-24 01:31:39,0.0,-96.48253792810726,130.85236914020544, 0.0,-34.369831212098184,0.0
2024-10-24 01:31:39,0.0,-96.6203344127199,130.97431193924757, 0.0,-34.35397752652768,0.0
2024-10-24 01:31:39,0.0,-97.06292311436965,131.36375496465803, 0.0,-34.30083185028837,0.0
2024-10-24 01:31:39,0.0,-97.28073191297787,131.5541653962809, 0.0,-34.27343348330302,0.0
2024-10-24 01:31:39,0.0,-97.41350058139172,131.669831055625, 0.0,-34.25633047423327,0.0
2024-10-24 01:31:39,0.0,-97.50994689981678,131.75366263064967, 0.0,-34.2437157308329,0.0
2024-10-24 01:31:39,0.0,-97.56986903363149,131.80566643792474, 0.0,-34.23579740429324,0.0
2024-10-24 01:31:39,0.0,-97.6298600966028,131.85766807518655, 0.0,-34.22780797858379,0.0
2024-10-24 01:31:39,0.0,-97.72670773898676,131.941487015479, 0.0,-34.214779276492244,0.0
2024-10-24 01:31:39,0.0,-97.8606181056881,132.05711672808692, 0.0,-34.196498622398835,0.0
2024-10-24 01:31:39,0.0,-98.00209257086546,132.17894285979185, 0.0,-34.17685028892641,0.0
2024-10-24 01:31:39,0.0,-98.09285709265804,132.25692063582122, 0.0,-34.1640635431632,0.0
2024-10-24 01:31:39,0.0,-98.15345516563433,132.30890299254148, 0.0,-34.15544782690716,0.0
2024-10-24 01:31:39,0.0,-98.25128511903317,132.39269065372216, 0.0,-34.14140553468901,0.0
2024-10-24 01:31:39,0.0,-98.34930035477504,132.47647235477862, 0.0,-34.127172000003604,0.0
2024-10-24 01:31:39,0.0,-98.64218281211103,132.72584229820976, 0.0,-34.08365948609874,0.0
2024-10-24 01:31:39,0.0,-98.7784861570899,132.8413950041266, 0.0,-34.062908847036724,0.0
2024-10-24 01:31:39,0.0,-98.83989475836285,132.89335108614443, 0.0,-34.05345632778158,0.0
2024-10-24 01:31:39,0.0,-98.87062657527977,132.91932822329213, 0.0,-34.04870164801238,0.0
2024-10-24 01:31:40,0.0,-98.9013767734692,132.9453047557037, 0.0,-34.0439279822345,0.0
2024-10-24 01:31:40,0.0,-98.93214538080372,132.97128068174348, 0.0,-34.039135300939776,0.0
2024-10-24 01:31:40,0.0,-98.96293242520841,132.997255999769, 0.0,-34.0343235745606,0.0
2024-10-24 01:31:40,0.0,-98.99507140797866,133.02435470571334, 0.0,-34.02928329773467,0.0
2024-10-24 01:31:40,0.0,-99.02723127489095,133.05145338184792, 0.0,-34.02422210695697,0.0
2024-10-24 01:31:40,0.0,-99.05807612702388,133.07742742201944, 0.0,-34.01935129499557,0.0
2024-10-24 01:31:40,0.0,-98.99732486813187,133.02625410016455, 0.0,-34.02892923203268,0.0
2024-10-24 01:31:40,0.0,-98.76665424557346,132.83137695495628, 0.0,-34.06472270938282,0.0
2024-10-24 01:31:40,0.0,-98.37258322100196,132.4963499286954, 0.0,-34.12376670769344,0.0
2024-10-24 01:31:40,0.0,-97.98151557650841,132.16124503375798, 0.0,-34.17972945724954,0.0
2024-10-24 01:31:40,0.0,-97.57878375572074,131.81339784782537, 0.0,-34.23461409210463,0.0
2024-10-24 01:31:40,0.0,-96.93258046906213,131.24941600533992, 0.0,-34.31683553627779,0.0
2024-10-24 01:31:40,0.0,-96.22054534230044,130.61961037258538, 0.0,-34.399065030284966,0.0
2024-10-24 01:31:40,0.0,-95.25482780136912,129.75133777527788, 0.0,-34.49650997390877,0.0
2024-10-24 01:31:40,0.0,-94.387744650519,128.95787724715404, 0.0,-34.57013259663506,0.0
2024-10-24 01:31:40,0.0,-93.48176958339755,128.1147533471645, 0.0,-34.632983763766966,0.0
2024-10-24 01:31:40,0.0,-92.55394609271599,127.23634364376431, 0.0,-34.682397551048325,0.0
2024-10-24 01:31:40,0.0,-91.71500395369311,126.42902425010946, 0.0,-34.71402029641636,0.0
2024-10-24 01:31:40,0.0,-90.8321548240642,125.56603949747594, 0.0,-34.73388467341175,0.0
2024-10-24 01:31:40,0.0,-90.33296067090107,125.07198413867617, 0.0,-34.739023467775105,0.0
2024-10-24 01:31:40,0.0,-89.94267452762836,124.6826485182997, 0.0,-34.73997399067136,0.0
2024-10-24 01:31:40,0.0,-89.70679566044218,124.44603908493578, 0.0,-34.739243424493615,0.0
2024-10-24 01:31:40,0.0,-89.37566478549283,124.11222374526548, 0.0,-34.73655895977268,0.0
2024-10-24 01:31:40,0.0,-89.22391169225284,123.95859300612379, 0.0,-34.734681313870965,0.0
2024-10-24 01:31:40,0.0,-89.03372417126636,123.76547782726684, 0.0,-34.73175365600049,0.0
2024-10-24 01:31:40,0.0,-88.75751739275654,123.48388150643578, 0.0,-34.726364113679246,0.0
2024-10-24 01:31:40,0.0,-88.5688096091205,123.29071683331534, 0.0,-34.721907224194844,0.0
2024-10-24 01:31:40,0.0,-88.15682657470882,122.86681915988683, 0.0,-34.70999258517802,0.0
2024-10-24 01:31:40,0.0,-87.91440020608849,122.61598197715415, 0.0,-34.701581771065676,0.0
2024-10-24 01:31:40,0.0,-87.54447445267172,122.23122437289543, 0.0,-34.686749920223704,0.0
2024-10-24 01:31:40,0.0,-87.16904588625609,121.83827740827451, 0.0,-34.669231522018435,0.0
2024-10-24 01:31:40,0.0,-86.7126730146785,121.35726698000751, 0.0,-34.644593965329015,0.0
2024-10-24 01:31:40,0.0,-86.44544227316104,121.07390886990777, 0.0,-34.628466596746755,0.0
2024-10-24 01:31:40,0.0,-86.22156267439804,120.83555199376458, 0.0,-34.613989319366524,0.0
2024-10-24 01:31:40,0.0,-85.99960038936291,120.59836749647127, 0.0,-34.59876710710835,0.0
2024-10-24 01:31:40,0.0,-85.7663995968595,120.34824247267909, 0.0,-34.58184287581958,0.0
2024-10-24 01:31:40,0.0,-85.5865829076537,120.15472472676947, 0.0,-34.56814181911577,0.0
2024-10-24 01:31:40,0.0,-85.47931167083301,120.03901018787386, 0.0,-34.559698517040836,0.0
2024-10-24 01:31:40,0.0,-85.33579982444775,119.88388740130415, 0.0,-34.5480875768564,0.0
2024-10-24 01:31:40,0.0,-85.22317070471048,119.76189344362085, 0.0,-34.538722738910366,0.0
2024-10-24 01:31:40,0.0,-85.08609047979026,119.61311590597568, 0.0,-34.52702542618541,0.0
2024-10-24 01:31:40,0.0,-84.9738903856245,119.49109703456274, 0.0,-34.51720664893824,0.0
2024-10-24 01:31:40,0.0,-84.8676204801599,119.37532443269865, 0.0,-34.50770395253877,0.0
2024-10-24 01:31:40,0.0,-84.79001914115631,119.29065932094846, 0.0,-34.50064017979218,0.0
2024-10-24 01:31:40,0.0,-84.66043895989651,119.14904953545768, 0.0,-34.48861057556117,0.0
2024-10-24 01:31:40,0.0,-84.55467140022157,119.03324580632645, 0.0,-34.47857440610489,0.0
2024-10-24 01:31:40,0.0,-84.47733366248704,118.94844606280893, 0.0,-34.47111240032188,0.0
2024-10-24 01:31:40,0.0,-84.33697245730121,118.79427559716446, 0.0,-34.45730313986325,0.0
2024-10-24 01:31:40,0.0,-84.23171646929902,118.67843888016264, 0.0,-34.44672241086363,0.0
2024-10-24 01:31:40,0.0,-84.07414063143,118.50466231475995, 0.0,-34.43052168332995,0.0
2024-10-24 01:31:41,0.0,-83.96256639061761,118.38135556692107, 0.0,-34.41878917630348,0.0
2024-10-24 01:31:41,0.0,-83.8232740964121,118.22711224713031, 0.0,-34.40383815071821,0.0
2024-10-24 01:31:41,0.0,-83.68320993480383,118.07167421849039, 0.0,-34.38846428368656,0.0
2024-10-24 01:31:41,0.0,-83.5733365378454,117.94950233206256, 0.0,-34.376165794217165,0.0
2024-10-24 01:31:41,0.0,-83.2613821916402,117.60148848288343, 0.0,-34.34010629124326,0.0
2024-10-24 01:31:41,0.0,-83.00780365097316,117.31735591707668, 0.0,-34.30955226610353,0.0
2024-10-24 01:31:41,0.0,-82.83527720683155,117.12340561141504, 0.0,-34.28812840458348,0.0
2024-10-24 01:31:41,0.0,-82.66420618091696,116.93058361828422, 0.0,-34.266377437367275,0.0
2024-10-24 01:31:41,0.0,-82.40735677488054,116.64012848481147, 0.0,-34.23277170993091,0.0
2024-10-24 01:31:41,0.0,-82.19763356072119,116.402122278789, 0.0,-34.2044887180678,0.0
2024-10-24 01:31:41,0.0,-82.02708635019148,116.20801724690398, 0.0,-34.18093089671251,0.0
2024-10-24 01:31:41,0.0,-81.73334745392197,115.87253225905978, 0.0,-34.1391848051378,0.0
2024-10-24 01:31:41,0.0,-81.4730298277619,115.57398130126906, 0.0,-34.10095147350718,0.0
2024-10-24 01:31:41,0.0,-81.30518584314804,115.38087045090734, 0.0,-34.07568460775931,0.0
2024-10-24 01:31:41,0.0,-81.20350197105242,115.26364495921595, 0.0,-34.06014298816354,0.0
2024-10-24 01:31:41,0.0,-81.0362726030479,115.07047171674722, 0.0,-34.034199113699344,0.0
2024-10-24 01:31:41,0.0,-80.901743050103,114.91472492822007, 0.0,-34.01298187811711,0.0
2024-10-24 01:31:41,0.0,-80.77838015737747,114.77163477471714, 0.0,-33.99325461733969,0.0
2024-10-24 01:31:41,0.0,-80.70601202902236,114.68757345527295, 0.0,-33.98156142625061,0.0
2024-10-24 01:31:41,0.0,-80.63283881033772,114.60248633030592, 0.0,-33.96964751996822,0.0
2024-10-24 01:31:41,0.0,-80.5606116173307,114.51840994185399, 0.0,-33.957798324523296,0.0
2024-10-24 01:31:41,0.0,-80.46082243397174,114.40210399833114, 0.0,-33.941281564359414,0.0
2024-10-24 01:31:41,0.0,-80.31632778984394,114.23339334723167, 0.0,-33.91706555738774,0.0
2024-10-24 01:31:41,0.0,-80.21686035868099,114.1170501874409, 0.0,-33.90018982875992,0.0
2024-10-24 01:31:41,0.0,-80.14425917283195,114.0320255285052, 0.0,-33.887766355673236,0.0
2024-10-24 01:31:41,0.0,-80.07249650242379,113.94789511293585, 0.0,-33.87539861051207,0.0
2024-10-24 01:31:41,0.0,-80.02826513822363,113.8959973750902, 0.0,-33.86773223686657,0.0
2024-10-24 01:31:41,0.0,-80.15678397720974,114.04669994561209, 0.0,-33.88991596840236,0.0
2024-10-24 01:31:41,0.0,-80.44718122284101,114.38619179631466, 0.0,-33.939010573473645,0.0
2024-10-24 01:31:41,0.0,-80.66458607539505,114.63941380550229, 0.0,-33.97482773010722,0.0
2024-10-24 01:31:41,0.0,-81.04883894830482,115.08500418822365, 0.0,-34.036165239918844,0.0
2024-10-24 01:31:41,0.0,-81.38613742847568,115.4740684857594, 0.0,-34.08793105728372,0.0
2024-10-24 01:31:41,0.0,-81.9937088245931,116.1699707437473, 0.0,-34.17626191915421,0.0
2024-10-24 01:31:41,0.0,-82.57273035933822,116.82726972022735, 0.0,-34.25453936088913,0.0
2024-10-24 01:31:41,0.0,-83.15533073825121,117.4827941682588, 0.0,-34.32746343000759,0.0
2024-10-24 01:31:41,0.0,-83.69704939221239,118.08704790857628, 0.0,-34.38999851636389,0.0
2024-10-24 01:31:41,0.0,-84.55389282725913,119.03239263180721, 0.0,-34.478499804548086,0.0
2024-10-24 01:31:41,0.0,-85.10554829512765,119.63425410663496, 0.0,-34.52870581150731,0.0
2024-10-24 01:31:41,0.0,-85.41375060622072,119.96818959271106, 0.0,-34.55443898649035,0.0
2024-10-24 01:31:41,0.0,-85.72466057351787,120.30337367124046, 0.0,-34.57871309772261,0.0
2024-10-24 01:31:41,0.0,-86.32653617168873,120.94742328805313, 0.0,-34.62088711636442,0.0
2024-10-24 01:31:41,0.0,-86.64205882344612,121.28251327740597, 0.0,-34.640454453959855,0.0
2024-10-24 01:31:41,0.0,-86.91089949143172,121.56664509890767, 0.0,-34.65574560747597,0.0
2024-10-24 01:31:41,0.0,-87.13814482344813,121.80582384500374, 0.0,-34.66767902155562,0.0
2024-10-24 01:31:41,0.0,-87.36611360281462,122.04485039725822, 0.0,-34.67873679444359,0.0
2024-10-24 01:31:41,0.0,-87.82408315699348,122.52226638714974, 0.0,-34.698183230156275,0.0
2024-10-24 01:31:41,0.0,-88.10369144401406,122.81192926625468, 0.0,-34.708237822240626,0.0
2024-10-24 01:31:41,0.0,-88.379022533041,123.09581324250586, 0.0,-34.71679070946486,0.0
2024-10-24 01:31:41,0.0,-88.6118123201064,123.33479049796945, 0.0,-34.72297817786306,0.0
2024-10-24 01:31:41,0.0,-88.84415346921845,123.572353123742, 0.0,-34.728199654523564,0.0
2024-10-24 01:31:41,0.0,-89.21647301321138,123.95105182731126, 0.0,-34.734578814099876,0.0
2024-10-24 01:31:41,0.0,-89.4511789193865,124.18852060645328, 0.0,-34.737341687066795,0.0
2024-10-24 01:31:42,0.0,-89.68681735570127,124.42595373897592, 0.0,-34.73913638327468,0.0
2024-10-24 01:31:42,0.0,-89.87865245725824,124.61852537461108, 0.0,-34.739872917352834,0.0
2024-10-24 01:31:42,0.0,-89.99467808144571,124.7346808583163, 0.0,-34.7400027768706,0.0
2024-10-24 01:31:42,0.0,-90.14794662657191,124.88775625308206, 0.0,-34.73980962651016,0.0
2024-10-24 01:31:42,0.0,-90.5387438436453,125.27618236433942, 0.0,-34.73743852069412,0.0
2024-10-24 01:31:42,0.0,-90.77751103566531,125.51217282095159, 0.0,-34.73466178528627,0.0
2024-10-24 01:31:42,0.0,-91.0641952470639,125.79419240332125, 0.0,-34.72999715625735,0.0
2024-10-24 01:31:42,0.0,-91.41060554724044,126.13302949704872, 0.0,-34.7224239498083,0.0
2024-10-24 01:31:42,0.0,-91.7004796783401,126.41493811076722, 0.0,-34.71445843242712,0.0
2024-10-24 01:31:42,0.0,-92.04431573015107,126.74740306753652, 0.0,-34.70308733738547,0.0
2024-10-24 01:31:42,0.0,-92.39649411117475,127.08577262349768, 0.0,-34.689278512322936,0.0
2024-10-24 01:31:42,0.0,-92.59760199166264,127.27801433545815, 0.0,-34.68041234379551,0.0
2024-10-24 01:31:42,0.0,-92.71926845879663,127.39397095703713, 0.0,-34.6747024982405,0.0
2024-10-24 01:31:42,0.0,-92.80762224372904,127.4780148413335, 0.0,-34.67039259760447,0.0
2024-10-24 01:31:42,0.0,-92.86250476717116,127.53015097219787, 0.0,-34.667646205026735,0.0
2024-10-24 01:31:42,0.0,-92.91744142456648,127.58228541260291, 0.0,-34.66484398803644,0.0
2024-10-24 01:31:42,0.0,-93.10235616372003,127.75737761643526, 0.0,-34.65502145271524,0.0
2024-10-24 01:31:42,0.0,-93.22640084376839,127.87449591640808, 0.0,-34.648095072639705,0.0
2024-10-24 01:31:42,0.0,-93.38998365712428,128.0285308105273, 0.0,-34.638547153403,0.0
2024-10-24 01:31:42,0.0,-93.55546766653536,128.18387720394242, 0.0,-34.62840953740706,0.0
2024-10-24 01:31:42,0.0,-93.79017266001699,128.40337882467568, 0.0,-34.6132061646587,0.0
2024-10-24 01:31:42,0.0,-93.99642491803652,128.59547221420698, 0.0,-34.599047296170454,0.0
2024-10-24 01:31:42,0.0,-94.16376389195577,128.75077510969717, 0.0,-34.58701121774142,0.0
2024-10-24 01:31:42,0.0,-94.4198958425154,128.98753344007304, 0.0,-34.56763759755765,0.0
2024-10-24 01:31:42,0.0,-94.67870150130568,129.22559577956503, 0.0,-34.54689427825934,0.0
2024-10-24 01:31:42,0.0,-95.00221518820118,129.52153131134898, 0.0,-34.51931612314781,0.0
2024-10-24 01:31:42,0.0,-95.21462504856473,129.71483914900156, 0.0,-34.50021410043686,0.0
2024-10-24 01:31:42,0.0,-95.475809368156,129.9514552624435, 0.0,-34.475645894287474,0.0
2024-10-24 01:31:42,0.0,-95.64632927767938,130.10529325063695, 0.0,-34.45896397295758,0.0
2024-10-24 01:31:42,0.0,-95.84790303315901,130.28649360959665, 0.0,-34.43859057643765,0.0
2024-10-24 01:31:42,0.0,-95.98524164759866,130.40954598939823, 0.0,-34.42430434179958,0.0
2024-10-24 01:31:42,0.0,-96.04343692233327,130.46158868562281, 0.0,-34.418151763289536,0.0
2024-10-24 01:31:42,0.0,-96.10169599312687,130.5136294385992, 0.0,-34.41193344547234,0.0
2024-10-24 01:31:42,0.0,-96.13207877149077,130.5407458799431, 0.0,-34.408667108452335,0.0
2024-10-24 01:31:42,0.0,-96.07465527581753,130.48948226818356, 0.0,-34.414826992366045,0.0
2024-10-24 01:31:42,0.0,-95.9022739717752,130.33524802795685, 0.0,-34.43297405618164,0.0
2024-10-24 01:31:42,0.0,-95.63823173025212,130.0979993473108, 0.0,-34.4597676170587,0.0
2024-10-24 01:31:43,0.0,-94.67498279880313,129.22218343602736, 0.0,-34.54720063722424,0.0
2024-10-24 01:31:43,0.0,-93.99474696692486,128.59391246412952, 0.0,-34.599165497204645,0.0
2024-10-24 01:31:43,0.0,-93.25330489021923,127.89986197782935, 0.0,-34.64655708761012,0.0
2024-10-24 01:31:43,0.0,-92.38092202883308,127.07085732753713, 0.0,-34.68993529870406,0.0
2024-10-24 01:31:43,0.0,-91.49128752137128,126.21164336970179, 0.0,-34.72035584833052,0.0
2024-10-24 01:31:43,0.0,-90.58993402439658,125.3268620580597, 0.0,-34.736928033663126,0.0
2024-10-24 01:31:43,0.0,-89.75916374430822,124.49865427564738, 0.0,-34.73949053133917,0.0
2024-10-24 01:31:43,0.0,-89.09146093082559,123.82417090643614, 0.0,-34.732709975610554,0.0
2024-10-24 01:31:43,0.0,-88.71578008599401,123.44121260921548, 0.0,-34.725432523221464,0.0
2024-10-24 01:31:43,0.0,-88.34204907790391,123.0577690109474, 0.0,-34.715719933043495,0.0
2024-10-24 01:31:43,0.0,-88.15585493605347,122.865815880471, 0.0,-34.70996094441754,0.0
2024-10-24 01:31:43,0.0,-88.03807470905153,122.74407682882008, 0.0,-34.70600211976858,0.0
2024-10-24 01:31:43,0.0,-87.98831288398287,122.6925688669411, 0.0,-34.704255982958244,0.0
2024-10-24 01:31:43,0.0,-87.876872583234,122.57705969655441, 0.0,-34.7001871133204,0.0
2024-10-24 01:31:43,0.0,-87.74085865606261,122.43578288098887, 0.0,-34.69492422492627,0.0
2024-10-24 01:31:43,0.0,-87.6287996978992,122.3191428642337, 0.0,-34.690343166334515,0.0
2024-10-24 01:31:43,0.0,-87.54868154916491,122.23561371166393, 0.0,-34.68693216249903,0.0
2024-10-24 01:31:43,0.0,-87.4686671188536,122.1520797796975, 0.0,-34.68341266084388,0.0
2024-10-24 01:31:43,0.0,-87.36318745052387,122.04178810973315, 0.0,-34.67860065920927,0.0
2024-10-24 01:31:43,0.0,-87.2834128297324,121.95824397172726, 0.0,-34.674831141994865,0.0
2024-10-24 01:31:43,0.0,-87.20374041135949,121.87469498330859, 0.0,-34.670954571949125,0.0
2024-10-24 01:31:43,0.0,-87.12416974423401,121.79114112225511, 0.0,-34.66697137802111,0.0
2024-10-24 01:31:43,0.0,-87.01322855125562,121.67446030469218, 0.0,-34.661231753436546,0.0
2024-10-24 01:31:43,0.0,-86.81250904201424,121.46280589654931, 0.0,-34.65029685453506,0.0
2024-10-24 01:31:43,0.0,-86.70316108134973,121.34720255329638, 0.0,-34.64404147194666,0.0
2024-10-24 01:31:43,0.0,-86.58696031628465,121.22412391182692, 0.0,-34.63716359554228,0.0
2024-10-24 01:31:43,0.0,-86.47211927152637,121.10225222878063, 0.0,-34.63013295725427,0.0
2024-10-24 01:31:43,0.0,-86.35748584703433,120.98036971578587, 0.0,-34.62288386875156,0.0
2024-10-24 01:31:43,0.0,-86.1936853781509,120.80581036187908, 0.0,-34.61212498372818,0.0
2024-10-24 01:31:43,0.0,-86.07864284682165,120.68292984981485, 0.0,-34.6042870029932,0.0
2024-10-24 01:31:43,0.0,-85.89908134429464,120.49067038891175, 0.0,-34.5915890446171,0.0
2024-10-24 01:31:43,0.0,-85.67701058019799,120.2521133352448, 0.0,-34.57510275504683,0.0
2024-10-24 01:31:43,0.0,-85.31361464568788,119.85987513607728, 0.0,-34.546260490389415,0.0
2024-10-24 01:31:43,0.0,-85.00531347338848,119.52529218275272, 0.0,-34.51997870936425,0.0
2024-10-24 01:31:43,0.0,-84.87447565017533,119.38279854810267, 0.0,-34.508322897927364,0.0
2024-10-24 01:31:43,0.0,-84.56952797376819,119.04952388592424, 0.0,-34.479995912156056,0.0
2024-10-24 01:31:43,0.0,-84.3929880374311,118.85584337596562, 0.0,-34.46285533853453,0.0
2024-10-24 01:31:43,0.0,-84.04804785081205,118.47584516912026, 0.0,-34.427797318308215,0.0
2024-10-24 01:31:43,0.0,-83.79038108478238,118.19063942062905, 0.0,-34.40025833584667,0.0
2024-10-24 01:31:43,0.0,-83.4879019735124,117.85435999901593, 0.0,-34.36645802550353,0.0
2024-10-24 01:31:43,0.0,-83.18801383694927,117.519394326337, 0.0,-34.33138048938771,0.0
2024-10-24 01:31:43,0.0,-82.8015193482479,117.08539561308815, 0.0,-34.28387626484028,0.0
2024-10-24 01:31:43,0.0,-82.58952461975642,116.84624818140384, 0.0,-34.25672356164742,0.0
2024-10-24 01:31:43,0.0,-82.37817155846096,116.60705276352611, 0.0,-34.22888120506515,0.0
2024-10-24 01:31:43,0.0,-82.27496403039397,116.48996957637303, 0.0,-34.21500554597907,0.0
2024-10-24 01:31:43,0.0,-82.08713317601428,116.27641544136343, 0.0,-34.18928226534916,0.0
2024-10-24 01:31:43,0.0,-82.01346705810808,116.19249514783337, 0.0,-34.17902808972531,0.0
2024-10-24 01:31:43,0.0,-81.93987639596459,116.10856769119852, 0.0,-34.16869129523392,0.0
2024-10-24 01:31:43,0.0,-81.8654552425661,116.02359848223215, 0.0,-34.158143239666046,0.0
2024-10-24 01:31:43,0.0,-81.74127044424385,115.88160069765631, 0.0,-34.14033025341246,0.0
2024-10-24 01:31:43,0.0,-81.60634934821911,115.72702678029219, 0.0,-34.12067743207308,0.0
2024-10-24 01:31:43,0.0,-81.49968546497963,115.60460525478432, 0.0,-34.10491978980468,0.0
2024-10-24 01:31:43,0.0,-81.36431727406227,115.44895838806802, 0.0,-34.08464111400575,0.0
2024-10-24 01:31:43,0.0,-81.26345463944082,115.3327823270937, 0.0,-34.06932768765287,0.0
2024-10-24 01:31:43,0.0,-81.07912404207426,115.12001660356489, 0.0,-34.04089256149064,0.0
2024-10-24 01:31:43,0.0,-80.97864989827801,115.00379887877659, 0.0,-34.02514898049861,0.0
2024-10-24 01:31:43,0.0,-80.90530815658656,114.91885628393304, 0.0,-34.013548127346475,0.0
2024-10-24 01:31:43,0.0,-80.7719118426651,114.7641249431006, 0.0,-33.992213100435514,0.0
2024-10-24 01:31:43,0.0,-80.55476521411289,114.51160052936754, 0.0,-33.956835315254665,0.0
2024-10-24 01:31:43,0.0,-80.45499438609487,114.39530608288653, 0.0,-33.940311696791674,0.0
2024-10-24 01:31:44,0.0,-80.38294462765981,114.31121860556027, 0.0,-33.928273977900446,0.0
2024-10-24 01:31:44,0.0,-80.25047081287195,114.15638178837573, 0.0,-33.905910975503765,0.0
2024-10-24 01:31:44,0.0,-80.15023566911144,114.03902809309643, 0.0,-33.888792423985,0.0
2024-10-24 01:31:44,0.0,-80.00142243168287,113.86448602724677, 0.0,-33.863063595563894,0.0
2024-10-24 01:31:44,0.0,-79.8368568131335,113.67103178956793, 0.0,-33.83417497643445,0.0
2024-10-24 01:31:44,0.0,-79.73801836004714,113.55462277324564, 0.0,-33.8166044131985,0.0
2024-10-24 01:31:44,0.0,-79.57401043086139,113.3610952386703, 0.0,-33.787084807808924,0.0
2024-10-24 01:31:44,0.0,-79.32770725948471,113.06960857754328, 0.0,-33.741901318058574,0.0
2024-10-24 01:31:44,0.0,-79.18609127383533,112.90155142869712, 0.0,-33.7154601548618,0.0
2024-10-24 01:31:44,0.0,-78.98521184543776,112.6625879438322, 0.0,-33.67737609839444,0.0
2024-10-24 01:31:44,0.0,-78.85426021816694,112.50644523671025, 0.0,-33.65218501854331,0.0
2024-10-24 01:31:44,0.0,-78.80543847937645,112.44815817703336, 0.0,-33.64271969765692,0.0
2024-10-24 01:31:44,0.0,-78.61603965262897,112.22166215625569, 0.0,-33.605622503626726,0.0
2024-10-24 01:31:44,0.0,-78.51871297986894,112.10503907222981, 0.0,-33.586326092360885,0.0
2024-10-24 01:31:44,0.0,-78.47009330943487,112.0467206155214, 0.0,-33.576627306086515,0.0
2024-10-24 01:31:44,0.0,-78.39984313468098,111.9623870773831, 0.0,-33.562543942702135,0.0
2024-10-24 01:31:44,0.0,-78.19010813698209,111.71011621392837, 0.0,-33.52000807694631,0.0
2024-10-24 01:31:44,0.0,-78.06125526897573,111.55476791402364, 0.0,-33.4935126450479,0.0
2024-10-24 01:31:44,0.0,-77.93260251159391,111.39938559601771, 0.0,-33.46678308442381,0.0
2024-10-24 01:31:44,0.0,-77.77222826218744,111.20530655158491, 0.0,-33.43307828939749,0.0
2024-10-24 01:31:44,0.0,-77.61216024115521,111.01117314029288, 0.0,-33.39901289913769,0.0
2024-10-24 01:31:44,0.0,-77.40439468806639,110.75855928878701, 0.0,-33.35416460072064,0.0
2024-10-24 01:31:44,0.0,-77.27674101013642,110.60299679155396, 0.0,-33.32625578141755,0.0
2024-10-24 01:31:44,0.0,-77.1117860644861,110.40158011404131, 0.0,-33.289794049555205,0.0
2024-10-24 01:31:44,0.0,-77.06914330421185,110.3494387086507, 0.0,-33.280295404438846,0.0
2024-10-24 01:31:44,0.0,-77.13337771153353,110.4279698753762, 0.0,-33.294592163842694,0.0
2024-10-24 01:31:44,0.0,-77.20393845065183,110.51415716267658, 0.0,-33.310218712024756,0.0
2024-10-24 01:31:44,0.0,-77.273838048473,110.59945603263544, 0.0,-33.325617984162456,0.0
2024-10-24 01:31:44,0.0,-77.34460324677202,110.68572915941357, 0.0,-33.34112591264155,0.0
2024-10-24 01:31:44,0.0,-77.67171559571776,111.08345250851463, 0.0,-33.411736912796876,0.0
2024-10-24 01:31:44,0.0,-77.96305718031903,111.43619251454324, 0.0,-33.473135334224224,0.0
2024-10-24 01:31:44,0.0,-78.0941607123249,111.5944658029207, 0.0,-33.5003050905958,0.0
2024-10-24 01:31:44,0.0,-78.19247670304081,111.71296923267741, 0.0,-33.52049252963662,0.0
2024-10-24 01:31:44,0.0,-78.2640425787403,111.79912874146343, 0.0,-33.53508616272313,0.0
2024-10-24 01:31:44,0.0,-78.41763155597066,111.98374940487099, 0.0,-33.56611784890034,0.0
2024-10-24 01:31:44,0.0,-78.54856059942846,112.14082122960107, 0.0,-33.59226063017263,0.0
2024-10-24 01:31:44,0.0,-78.71207428382068,112.33658189021214, 0.0,-33.62450760639148,0.0
2024-10-24 01:31:44,0.0,-78.87592462615103,112.5322970485324, 0.0,-33.65637242238139,0.0
2024-10-24 01:31:44,0.0,-79.04011513582151,112.72796741311983, 0.0,-33.687852277298326,0.0
2024-10-24 01:31:44,0.0,-79.1116035902762,112.8130208886753, 0.0,-33.70141729839908,0.0
2024-10-24 01:31:44,0.0,-79.21118888950338,112.93135960384646, 0.0,-33.72017071434308,0.0
2024-10-24 01:31:44,0.0,-79.42560208621468,113.18558420073991, 0.0,-33.759982114525236,0.0
2024-10-24 01:31:44,0.0,-79.50775809665717,113.28278959309193, 0.0,-33.77503149643477,0.0
2024-10-24 01:31:44,0.0,-79.87211432033382,113.71251710507109, 0.0,-33.84040278473727,0.0
2024-10-24 01:31:44,0.0,-80.01646806147842,113.88214998331372, 0.0,-33.865681921835304,0.0
2024-10-24 01:31:44,0.0,-80.2217210765657,114.12273947775378, 0.0,-33.90101840118811,0.0
2024-10-24 01:31:44,0.0,-80.32805133108803,114.24709485892842, 0.0,-33.91904352784038,0.0
2024-10-24 01:31:44,0.0,-80.76101048620745,114.75146665676104, 0.0,-33.9904561705536,0.0
2024-10-24 01:31:44,0.0,-81.00635110399818,115.03585786350041, 0.0,-34.02950675950225,0.0
2024-10-24 01:31:44,0.0,-81.14178576532247,115.19240973301194, 0.0,-34.05062396768948,0.0
2024-10-24 01:31:45,0.0,-81.30996324116322,115.3863736911855, 0.0,-34.0764104500223,0.0
2024-10-24 01:31:45,0.0,-81.4785263610608,115.58029711800738, 0.0,-34.10177075694659,0.0
2024-10-24 01:31:45,0.0,-81.67143439853405,115.80163118750205, 0.0,-34.13019678896802,0.0
2024-10-24 01:31:45,0.0,-81.80720104121177,115.95702129241204, 0.0,-34.14982025120028,0.0
2024-10-24 01:31:45,0.0,-81.94322303129883,116.11238642573436, 0.0,-34.169163394435536,0.0
2024-10-24 01:31:45,0.0,-82.15291147739826,116.35127109124943, 0.0,-34.19835961385117,0.0
2024-10-24 01:31:45,0.0,-82.49960792149177,116.74458053867994, 0.0,-34.24497261718817,0.0
2024-10-24 01:31:45,0.0,-82.75092422867192,117.0283906687592, 0.0,-34.27746644008729,0.0
2024-10-24 01:31:45,0.0,-82.86020041837025,117.15145551515039, 0.0,-34.29125509678015,0.0
2024-10-24 01:31:45,0.0,-82.99930651504748,117.30781568017059, 0.0,-34.30850916512312,0.0
2024-10-24 01:31:45,0.0,-83.16107423843746,117.48922736468418, 0.0,-34.328153126246704,0.0
2024-10-24 01:31:45,0.0,-83.33514920497677,117.68393469703392, 0.0,-34.34878549205715,0.0
2024-10-24 01:31:45,0.0,-83.44535204471401,117.80692796608668, 0.0,-34.36157592137267,0.0
2024-10-24 01:31:45,0.0,-83.6201545252819,118.00158643450948, 0.0,-34.38143190922758,0.0
2024-10-24 01:31:45,0.0,-83.7954098390634,118.19621668213179, 0.0,-34.400806843068416,0.0
2024-10-24 01:31:45,0.0,-84.10165263139574,118.53503402964436, 0.0,-34.43338139824862,0.0
2024-10-24 01:31:45,0.0,-84.36794539669431,118.82832529669292, 0.0,-34.4603798999986,0.0
2024-10-24 01:31:45,0.0,-84.67645758260126,119.16657112739198, 0.0,-34.490113544790724,0.0
2024-10-24 01:31:45,0.0,-85.08509459373602,119.61203383668474, 0.0,-34.526939242948735,0.0
2024-10-24 01:31:45,0.0,-85.5335762459847,120.09757111245925, 0.0,-34.56399486647455,0.0
2024-10-24 01:31:45,0.0,-85.79904762853712,120.38331730942728, 0.0,-34.58426968089017,0.0
2024-10-24 01:31:45,0.0,-86.02350182567817,120.62394964416043, 0.0,-34.600447818482266,0.0
2024-10-24 01:31:45,0.0,-86.24749712006903,120.8632085901944, 0.0,-34.6157114701254,0.0
2024-10-24 01:31:45,0.0,-86.47228865719447,121.10243215504964, 0.0,-34.630143497855194,0.0
2024-10-24 01:31:45,0.0,-86.74663904242293,121.3931929116165, 0.0,-34.646553869193575,0.0
2024-10-24 01:31:45,0.0,-86.9317731269525,121.5886527901666, 0.0,-34.656879663214106,0.0
2024-10-24 01:31:45,0.0,-87.15786473831518,121.8265364495137, 0.0,-34.668671711198506,0.0
2024-10-24 01:31:45,0.0,-87.38726948368671,122.06698603857674, 0.0,-34.67971655489006,0.0
2024-10-24 01:31:45,0.0,-87.53527630156754,122.22162669128227, 0.0,-34.686350389714725,0.0
2024-10-24 01:31:45,0.0,-87.77755965051429,122.47393611131865, 0.0,-34.69637646080437,0.0
2024-10-24 01:31:45,0.0,-87.89563677257358,122.59652433367663, 0.0,-34.70088756110306,0.0
2024-10-24 01:31:45,0.0,-88.08307487957104,122.79061843544564, 0.0,-34.70754355587461,0.0
2024-10-24 01:31:45,0.0,-88.27109556488506,122.98469305583808, 0.0,-34.713597490953035,0.0
2024-10-24 01:31:45,0.0,-88.47896580137724,123.19853016339518, 0.0,-34.719564362017934,0.0
2024-10-24 01:31:45,0.0,-88.56111039083311,123.28282242501564, 0.0,-34.721712034182545,0.0
2024-10-24 01:31:45,0.0,-88.6444794076914,123.36824931465516, 0.0,-34.72376990696375,0.0
2024-10-24 01:31:45,0.0,-88.69656229736418,123.42155553012847, 0.0,-34.72499323276428,0.0
2024-10-24 01:31:45,0.0,-88.77427462615083,123.501004111822, 0.0,-34.726729485671186,0.0
2024-10-24 01:31:45,0.0,-88.82647272545377,123.55430854744652, 0.0,-34.727835821992755,0.0
2024-10-24 01:31:45,0.0,-88.87771682551664,123.60659195521912, 0.0,-34.72887512970247,0.0
2024-10-24 01:31:45,0.0,-88.99295845963184,123.72400142890702, 0.0,-34.73104296927519,0.0
2024-10-24 01:31:45,0.0,-89.18512133122724,123.91925739848483, 0.0,-34.734136067257616,0.0
2024-10-24 01:31:45,0.0,-89.36559373871519,124.10204069429498, 0.0,-34.7364469555798,0.0
2024-10-24 01:31:45,0.0,-89.48179710073171,124.21942744593217, 0.0,-34.73763034520047,0.0
2024-10-24 01:31:45,0.0,-89.59823179573101,124.33680857701047, 0.0,-34.738576781279484,0.0
2024-10-24 01:31:45,0.0,-89.72098594234029,124.46030111255874, 0.0,-34.739315170218454,0.0
2024-10-24 01:31:45,0.0,-89.88910836791995,124.62900274108215, 0.0,-34.739894373162215,0.0
2024-10-24 01:31:45,0.0,-90.1423450357204,124.88216903012143, 0.0,-34.739823994401036,0.0
2024-10-24 01:31:45,0.0,-90.29863562624213,125.03785064867569, 0.0,-34.73921502243357,0.0
2024-10-24 01:31:45,0.0,-90.39657219243803,125.1351856256164, 0.0,-34.73861343317838,0.0
2024-10-24 01:31:45,0.0,-90.45025249648981,125.18846428185849, 0.0,-34.73821178536867,0.0
2024-10-24 01:31:45,0.0,-90.5313928285894,125.26890085438708, 0.0,-34.737508025797695,0.0
2024-10-24 01:31:45,0.0,-90.58625194231458,125.32321824045579, 0.0,-34.73696629814121,0.0
2024-10-24 01:31:45,0.0,-90.7124352552699,125.44795368955691, 0.0,-34.735518434287016,0.0
2024-10-24 01:31:45,0.0,-90.83890104060342,125.5726861149896, 0.0,-34.73378507438617,0.0
2024-10-24 01:31:45,0.0,-90.93932638604961,125.67153374591742, 0.0,-34.73220735986781,0.0
2024-10-24 01:31:45,0.0,-91.81800756430641,126.52881385549296, 0.0,-34.71080629118654,0.0
2024-10-24 01:31:45,0.0,-92.25879984467832,126.9537376919897, 0.0,-34.69493784731137,0.0
2024-10-24 01:31:45,0.0,-92.50932891220441,127.19372068368963, 0.0,-34.6843917714852,0.0
2024-10-24 01:31:45,0.0,-92.80974029985587,127.4800278911955, 0.0,-34.67028759133963,0.0
2024-10-24 01:31:46,0.0,-92.97490776853307,127.63676364447508, 0.0,-34.66185587594201,0.0
2024-10-24 01:31:46,0.0,-93.24529046809681,127.89230703615847, 0.0,-34.647016568061666,0.0
2024-10-24 01:31:46,0.0,-93.50037969602245,128.1322173934404, 0.0,-34.63183769741799,0.0
2024-10-24 01:31:46,0.0,-94.04567870325042,128.64123437302555, 0.0,-34.59555566977517,0.0
2024-10-24 01:31:46,0.0,-94.4631529077642,129.02740509239547, 0.0,-34.56425218463129,0.0
2024-10-24 01:31:46,0.0,-95.16415512344079,129.66897937241723, 0.0,-34.50482424897643,0.0
2024-10-24 01:31:46,0.0,-95.48310294042365,129.9580456849063, 0.0,-34.47494274448263,0.0
2024-10-24 01:31:46,0.0,-95.79567629130486,130.2396134336008, 0.0,-34.443937142295965,0.0
2024-10-24 01:31:46,0.0,-96.01000758722415,130.43170080002415, 0.0,-34.42169321280002,0.0
2024-10-24 01:31:46,0.0,-96.24747306436674,130.6435883881771, 0.0,-34.39611532381038,0.0
2024-10-24 01:31:46,0.0,-96.377767674197,130.7594324139175, 0.0,-34.381664739720485,0.0
2024-10-24 01:31:46,0.0,-96.47241033051515,130.8433937448971, 0.0,-34.370983414381996,0.0
2024-10-24 01:31:46,0.0,-96.53120911433011,130.89547825180853, 0.0,-34.36426913747843,0.0
2024-10-24 01:31:46,0.0,-96.62612729224247,130.97943112786692, 0.0,-34.35330383562445,0.0
2024-10-24 01:31:46,0.0,-96.8438531588052,131.1714146236432, 0.0,-34.327561464837984,0.0
2024-10-24 01:31:46,0.0,-97.22327532535496,131.50401591263642, 0.0,-34.28074058728149,0.0
2024-10-24 01:31:46,0.0,-97.60457049858888,131.83575402912513, 0.0,-34.23118353053625,0.0
2024-10-24 01:31:46,0.0,-97.87819061997938,132.0722674459899, 0.0,-34.19407682601054,0.0
2024-10-24 01:31:46,0.0,-98.21468989140675,132.36136744994158, 0.0,-34.14667755853483,0.0
2024-10-24 01:31:46,0.0,-98.39618058101784,132.51648651900388, 0.0,-34.12030593798601,0.0
2024-10-24 01:31:46,0.0,-98.54088608830634,132.6397610184297, 0.0,-34.09887493012337,0.0
2024-10-24 01:31:46,0.0,-98.72189843751606,132.79346068403513, 0.0,-34.07156224651908,0.0
2024-10-24 01:31:46,0.0,-98.82238798081346,132.87854566155022, 0.0,-34.05615768073677,0.0
2024-10-24 01:31:46,0.0,-99.03087591891924,133.05452333349973, 0.0,-34.023647414580495,0.0
2024-10-24 01:31:46,0.0,-99.17707672769194,133.17748425113288, 0.0,-34.000407523440934,0.0
2024-10-24 01:31:46,0.0,-99.51450542988451,133.45988638656132, 0.0,-33.94538095667684,0.0
2024-10-24 01:31:46,0.0,-99.77852450661219,133.67950105456907, 0.0,-33.900976547956894,0.0
2024-10-24 01:31:46,0.0,-100.24011301423701,134.060619238197, 0.0,-33.82050622396003,0.0
2024-10-24 01:31:46,0.0,-100.59580133764035,134.3518440993281, 0.0,-33.756042761687745,0.0
2024-10-24 01:31:46,0.0,-100.84421614262118,134.55397380851562, 0.0,-33.70975766589445,0.0
2024-10-24 01:31:46,0.0,-101.03699367430455,134.71011834720056, 0.0,-33.67312467289602,0.0
2024-10-24 01:31:46,0.0,-101.10268248322096,134.76318211437322, 0.0,-33.66049963115228,0.0
2024-10-24 01:31:46,0.0,-101.13626872284965,134.79028532161337, 0.0,-33.65401659876373,0.0
2024-10-24 01:31:46,0.0,-101.27396928882408,134.9012085772772, 0.0,-33.62723928845314,0.0
2024-10-24 01:31:46,0.0,-101.3797046009247,134.98616725665832, 0.0,-33.606462655733644,0.0
2024-10-24 01:31:46,0.0,-101.41348100131904,135.01326732793837, 0.0,-33.59978632661933,0.0
2024-10-24 01:31:46,0.0,-101.47967234386225,135.0663198593738, 0.0,-33.58664751551157,0.0
2024-10-24 01:31:46,0.0,-101.51208467646548,135.09227174745374, 0.0,-33.58018707098827,0.0
2024-10-24 01:31:46,0.0,-101.54595265144935,135.11937040710845, 0.0,-33.5734177556591,0.0
2024-10-24 01:31:46,0.0,-101.57984430369743,135.1464688550047, 0.0,-33.56662455130728,0.0
2024-10-24 01:31:46,0.0,-101.61232220817772,135.1724189501303, 0.0,-33.56009674195258,0.0
2024-10-24 01:31:46,0.0,-101.67878129922346,135.22546546723297, 0.0,-33.54668416800952,0.0
2024-10-24 01:31:46,0.0,-101.81944523279569,135.33749837161258, 0.0,-33.51805313881691,0.0
2024-10-24 01:31:46,0.0,-101.92618269564636,135.42229055951347, 0.0,-33.49610786386714,0.0
2024-10-24 01:31:46,0.0,-102.03477929417939,135.50836531186692, 0.0,-33.47358601768754,0.0
2024-10-24 01:31:46,0.0,-102.10181208896597,135.56139843335885, 0.0,-33.45958634439288,0.0
2024-10-24 01:31:46,0.0,-102.20916344129027,135.64617438237067, 0.0,-33.43701094108041,0.0
2024-10-24 01:31:46,0.0,-102.27643456293136,135.69920139943343, 0.0,-33.4227668365021,0.0
2024-10-24 01:31:47,0.0,-102.24401022357357,135.67365200570165, 0.0,-33.42964178212811,0.0
2024-10-24 01:31:47,0.0,-101.92300700601507,135.4197705273418, 0.0,-33.49676352132674,0.0
2024-10-24 01:31:47,0.0,-101.4356441072068,135.03103926234965, 0.0,-33.59539515514286,0.0
2024-10-24 01:31:47,0.0,-100.68880596540144,134.42764146099123, 0.0,-33.73883549558979,0.0
2024-10-24 01:31:47,0.0,-100.21541710017463,134.0403198718743, 0.0,-33.82490277169967,0.0
2024-10-24 01:31:47,0.0,-99.37572300286324,133.34397055393745, 0.0,-33.96824755107422,0.0
2024-10-24 01:31:47,0.0,-98.7735185940962,132.83718927262544, 0.0,-34.06367067852923,0.0
2024-10-24 01:31:47,0.0,-98.32344845790121,132.45439060255111, 0.0,-34.1309421446499,0.0
2024-10-24 01:31:47,0.0,-97.38098510689495,131.6415322921589, 0.0,-34.26054718526393,0.0
2024-10-24 01:31:47,0.0,-97.08189168970141,131.38037005654226, 0.0,-34.29847836684086,0.0
2024-10-24 01:31:47,0.0,-96.57961070320657,130.93830782876296, 0.0,-34.35869712555638,0.0
2024-10-24 01:31:47,0.0,-95.85021846107178,130.28857090274198, 0.0,-34.43835244167022,0.0
2024-10-24 01:31:47,0.0,-95.18632486648919,129.68912951057487, 0.0,-34.502804644085685,0.0
2024-10-24 01:31:47,0.0,-94.26582621954253,128.84525534724168, 0.0,-34.57942912769916,0.0
2024-10-24 01:31:47,0.0,-93.33444686887408,127.97628832908417, 0.0,-34.64184146021009,0.0
2024-10-24 01:31:47,0.0,-92.65883003928587,127.33640152718372, 0.0,-34.67757148789785,0.0
2024-10-24 01:31:47,0.0,-92.13629654026796,126.83598835541582, 0.0,-34.69969181514786,0.0
2024-10-24 01:31:47,0.0,-91.31641366957506,126.04110660239154, 0.0,-34.724692932816474,0.0
2024-10-24 01:31:47,0.0,-90.73977531564275,125.47494296267551, 0.0,-34.73516764703277,0.0
2024-10-24 01:31:47,0.0,-90.10681263367701,124.84671485319754, 0.0,-34.73990221952053,0.0
2024-10-24 01:31:47,0.0,-89.77333047519576,124.51287952616269, 0.0,-34.739549050966936,0.0
2024-10-24 01:31:47,0.0,-89.3971789494301,124.13397117373744, 0.0,-34.73679222430734,0.0
2024-10-24 01:31:47,0.0,-89.30104294091205,124.03672944749744, 0.0,-34.73568650658539,0.0
2024-10-24 01:31:47,0.0,-89.1620630760779,123.89586243362159, 0.0,-34.7337993575437,0.0
2024-10-24 01:31:47,0.0,-88.82029047252921,123.54799777401436, 0.0,-34.72770730148518,0.0
2024-10-24 01:31:47,0.0,-88.5189541652652,123.23957890469292, 0.0,-34.72062473942773,0.0
2024-10-24 01:31:47,0.0,-88.19411750428371,122.90531185476397, 0.0,-34.71119435048028,0.0
2024-10-24 01:31:47,0.0,-88.0082346964087,122.71319497698623, 0.0,-34.704960280577524,0.0
2024-10-24 01:31:47,0.0,-87.85870973173523,122.55821293014478, 0.0,-34.69950319840955,0.0
2024-10-24 01:31:47,0.0,-87.6738425777558,122.3660537412842, 0.0,-34.692211163528405,0.0
2024-10-24 01:31:47,0.0,-87.29942130143844,121.9750178681368, 0.0,-34.67559656669838,0.0
2024-10-24 01:31:47,0.0,-87.20658236957206,121.87767714366316, 0.0,-34.67109477409111,0.0
2024-10-24 01:31:47,0.0,-86.97969504104051,121.63914927112593, 0.0,-34.65945423008544,0.0
2024-10-24 01:31:47,0.0,-86.83369008042214,121.48517430417283, 0.0,-34.65148422375069,0.0
2024-10-24 01:31:47,0.0,-86.65069398443073,121.29165935055423, 0.0,-34.64096536612351,0.0
2024-10-24 01:31:47,0.0,-86.3835386112787,121.00809025741357, 0.0,-34.624551646134876,0.0
2024-10-24 01:31:47,0.0,-86.10543432927732,120.71156742071966, 0.0,-34.60613309144235,0.0
2024-10-24 01:31:47,0.0,-85.92453886561778,120.51796259351693, 0.0,-34.59342372789913,0.0
2024-10-24 01:31:47,0.0,-85.80967993850848,120.39473590958957, 0.0,-34.58505597108111,0.0
2024-10-24 01:31:47,0.0,-85.61157405464424,120.1816539692273, 0.0,-34.570079914583076,0.0
2024-10-24 01:31:47,0.0,-85.49638137041362,120.05743692599746, 0.0,-34.56105555558384,0.0
2024-10-24 01:31:47,0.0,-85.41786492174569,119.97263618600536, 0.0,-34.55477126425967,0.0
2024-10-24 01:31:48,0.0,-85.44755847634055,119.95403720188729, 0.0,-34.506478725546756,0.0
2024-10-24 01:31:48,0.0,-85.46238368790236,119.9447258279902, 0.0,-34.48234214008783,0.0
2024-10-24 01:31:48,0.0,-85.51009590783615,119.91464357092843, 0.0,-34.40454766309231,0.0
2024-10-24 01:31:48,0.0,-85.64379742239832,119.8293990164558, 0.0,-34.18560159405749,0.0
2024-10-24 01:31:48,0.0,-85.92089539917353,119.6481819877095, 0.0,-33.72728658853598,0.0
2024-10-24 01:31:48,0.0,-86.30481070595484,119.38654598047863, 0.0,-33.08173527452378,0.0
2024-10-24 01:31:48,0.0,-86.60221437540994,119.17499171448073, 0.0,-32.57277733907078,0.0
2024-10-24 01:31:48,0.0,-86.92860372018055,118.93339050481103, 0.0,-32.0047867846305,0.0
2024-10-24 01:31:48,0.0,-87.39270172961282,118.57176106981443, 0.0,-31.1790593402016,0.0
2024-10-24 01:31:48,0.0,-87.84057562682915,118.20105798775903, 0.0,-30.36048236092988,0.0
2024-10-24 01:31:48,0.0,-88.29038981285531,117.80532744824893, 0.0,-29.51493763539361,0.0
2024-10-24 01:31:48,0.0,-88.69359491937222,117.4288110973359, 0.0,-28.73521617796367,0.0
2024-10-24 01:31:48,0.0,-88.94973723391531,117.17804010753522, 0.0,-28.228302873619914,0.0
2024-10-24 01:31:48,0.0,-89.21694380833648,116.9061525870953, 0.0,-27.689208778758818,0.0
2024-10-24 01:31:48,0.0,-89.34406521783261,116.77292480126756, 0.0,-27.42885958343497,0.0
2024-10-24 01:31:48,0.0,-89.44635446067478,116.6638315954826, 0.0,-27.217477134807837,0.0
2024-10-24 01:31:48,0.0,-89.56042760130508,116.54012482000654, 0.0,-26.97969721870147,0.0
2024-10-24 01:31:48,0.0,-89.6479588623163,116.44370057929176, 0.0,-26.79574171697547,0.0
2024-10-24 01:31:48,0.0,-89.6862325820225,116.40112031101701, 0.0,-26.71488772899451,0.0
2024-10-24 01:31:48,0.0,-89.74712955475098,116.33283834416646, 0.0,-26.58570878941548,0.0
2024-10-24 01:31:48,0.0,-89.79277842894892,116.28121895897237, 0.0,-26.48844053002346,0.0
2024-10-24 01:31:48,0.0,-89.84049505802932,116.22685775143097, 0.0,-26.386362693401665,0.0
2024-10-24 01:31:48,0.0,-89.87098672630364,116.19190164121225, 0.0,-26.32091491490861,0.0
2024-10-24 01:31:48,0.0,-89.89125573680889,116.16856985201807, 0.0,-26.27731411520918,0.0
2024-10-24 01:31:48,0.0,-89.90126607345384,116.15701872119804, 0.0,-26.25575264774421,0.0
2024-10-24 01:31:48,0.0,-89.91137103497186,116.14533944228862, 0.0,-26.23396840731676,0.0
2024-10-24 01:31:49,0.0,-89.9214642747009,116.13365464452035, 0.0,-26.212190369819453,0.0
2024-10-24 01:31:49,0.0,-89.93154579983481,116.12196433341218, 0.0,-26.190418533577365,0.0
2024-10-24 01:31:49,0.0,-89.94161561756631,116.11026851447807, 0.0,-26.16865289691176,0.0
2024-10-24 01:31:49,0.0,-89.96172015958396,116.08686037515689, 0.0,-26.12514021557293,0.0
2024-10-24 01:31:49,0.0,-89.98177795826467,116.06343027055458, 0.0,-26.08165231228991,0.0
2024-10-24 01:31:49,0.0,-90.00168049632174,116.04010569561058, 0.0,-26.03842519928884,0.0
2024-10-24 01:31:49,0.0,-90.03160916239351,116.00488797505743, 0.0,-25.97327881266392,0.0
2024-10-24 01:31:49,0.0,-90.05150342008015,115.98138222208986, 0.0,-25.929878802009725,0.0
2024-10-24 01:31:49,0.0,-90.08335061354141,115.94359327876886, 0.0,-25.860242665227442,0.0
2024-10-24 01:31:49,0.0,-90.12725933690221,115.8911658049063, 0.0,-25.763906468004087,0.0
2024-10-24 01:31:49,0.0,-90.15881778125029,115.85324841892896, 0.0,-25.694430637678682,0.0
2024-10-24 01:31:49,0.0,-90.22387638714531,115.77444869332776, 0.0,-25.550572306182442,0.0
2024-10-24 01:31:49,0.0,-90.2811955059277,115.704307355124, 0.0,-25.423111849196317,0.0
2024-10-24 01:31:49,0.0,-90.31217728248734,115.66611166517812, 0.0,-25.35393438269079,0.0
2024-10-24 01:31:49,0.0,-90.35475389560523,115.61329282353164, 0.0,-25.258538927926423,0.0
2024-10-24 01:31:49,0.0,-90.43227229546083,115.51613533395499, 0.0,-25.083863038494176,0.0
2024-10-24 01:31:49,0.0,-90.4879951343511,115.44549069986314, 0.0,-24.957495565512062,0.0
2024-10-24 01:31:49,0.0,-90.51829426727504,115.4067907544801, 0.0,-24.88849648720506,0.0
2024-10-24 01:31:49,0.0,-90.57339100939889,115.33589191807638, 0.0,-24.762500908677502,0.0
2024-10-24 01:31:49,0.0,-90.61457000344025,115.28245363921067, 0.0,-24.6678836357704,0.0
2024-10-24 01:31:49,0.0,-90.66486898298523,115.2166513171395, 0.0,-24.551782334154286,0.0
2024-10-24 01:31:49,0.0,-90.69434328579973,115.17781857764342, 0.0,-24.4834752918437,0.0
2024-10-24 01:31:49,0.0,-90.71265389158717,115.15359120828948, 0.0,-24.44093731670231,0.0
2024-10-24 01:31:49,0.0,-90.73092001650421,115.12934354268269, 0.0,-24.398423526178483,0.0
2024-10-24 01:31:49,0.0,-90.74901966425325,115.10523843697791, 0.0,-24.356218772724677,0.0
2024-10-24 01:31:49,0.0,-90.75811372578666,115.09309735590915, 0.0,-24.334983630122498,0.0
2024-10-24 01:31:49,0.0,-90.7762686026081,115.06880005322154, 0.0,-24.292531450613435,0.0
2024-10-24 01:31:49,0.0,-90.7853294319461,115.05664384167352, 0.0,-24.271314409727434,0.0
2024-10-24 01:31:49,0.0,-90.79437919793173,115.04448259669408, 0.0,-24.25010339876235,0.0
2024-10-24 01:31:49,0.0,-90.80329498833524,115.03248190848828, 0.0,-24.22918692015304,0.0
2024-10-24 01:31:49,0.0,-90.82133898083777,115.00813522563385, 0.0,-24.186796244796085,0.0
2024-10-24 01:31:49,0.0,-90.83034442158588,114.99595436203099, 0.0,-24.165609940445112,0.0
2024-10-24 01:31:49,0.0,-90.84819860381297,114.97174551342842, 0.0,-24.123546909615456,0.0
2024-10-24 01:31:49,0.0,-90.85717084247858,114.95955010613136, 0.0,-24.102379263652807,0.0
2024-10-24 01:31:49,0.0,-90.86613207512603,114.9473497059482, 0.0,-24.08121763082218,0.0
2024-10-24 01:31:49,0.0,-90.85730467311075,114.95936804729817, 0.0,-24.102063374187427,0.0
2024-10-24 01:31:49,0.0,-90.82860900191952,114.99830326165367, 0.0,-24.16969425973418,0.0
2024-10-24 01:31:49,0.0,-90.65316895441386,115.2320099255445, 0.0,-24.578840971130642,0.0
2024-10-24 01:31:49,0.0,-90.37690131013495,115.58566583401497, 0.0,-25.20876452388001,0.0
2024-10-24 01:31:49,0.0,-89.99411676951176,116.04897885310544, 0.0,-26.054862083593672,0.0
2024-10-24 01:31:49,0.0,-89.61956763228379,116.47512122485732, 0.0,-26.85555359257354,0.0
2024-10-24 01:31:49,0.0,-89.22948267783848,116.89312510154384, 0.0,-27.66364242370536,0.0
2024-10-24 01:31:49,0.0,-88.82358719940858,117.30271448614222, 0.0,-28.479127286733632,0.0
2024-10-24 01:31:49,0.0,-88.39393007073893,117.71068335114175, 0.0,-29.316753280402835,0.0
2024-10-24 01:31:49,0.0,-88.01728120920237,118.04851480452328, 0.0,-30.031233595320913,0.0
2024-10-24 01:31:49,0.0,-87.57481621473285,118.42370364574822, 0.0,-30.84888743101537,0.0
2024-10-24 01:31:49,0.0,-87.07454735003815,118.82202403002955, 0.0,-31.74747667999142,0.0
2024-10-24 01:31:49,0.0,-86.66102206767472,119.13220423742142, 0.0,-32.47118216974669,0.0
2024-10-24 01:31:50,0.0,-86.20401172274634,119.45646305324058, 0.0,-33.25245133049426,0.0
2024-10-24 01:31:50,0.0,-85.80761840058145,119.72301557583309, 0.0,-33.915397175251655,0.0
2024-10-24 01:31:50,0.0,-85.39322528502667,119.98801825064763, 0.0,-34.59479296562096,0.0
2024-10-24 01:31:50,0.0,-84.98723467470778,120.23491592331624, 0.0,-35.24768124860848,0.0
2024-10-24 01:31:50,0.0,-84.5293763349394,120.49913886903482, 0.0,-35.96976253409542,0.0
2024-10-24 01:31:50,0.0,-84.06050765366386,120.75502513549816, 0.0,-36.69451748183431,0.0
2024-10-24 01:31:50,0.0,-83.51027238516484,121.03754869837921, 0.0,-37.527276313214365,0.0
2024-10-24 01:31:50,0.0,-82.91960803958419,121.3208651979909, 0.0,-38.40125715840671,0.0
2024-10-24 01:31:50,0.0,-82.37054547545051,121.56689187909987, 0.0,-39.19634640364936,0.0
2024-10-24 01:31:50,0.0,-81.74911613821287,121.82649164352016, 0.0,-40.07737550530728,0.0
2024-10-24 01:31:50,0.0,-81.18276111182512,122.04670192765283, 0.0,-40.86394081582774,0.0
2024-10-24 01:31:50,0.0,-80.57173901671923,122.26780459595867, 0.0,-41.69606557923942,0.0
2024-10-24 01:31:50,0.0,-79.94629582094768,122.47742307534016, 0.0,-42.531127254392466,0.0
2024-10-24 01:31:50,0.0,-79.6197898852202,122.58045877195632, 0.0,-42.96066888673611,0.0
2024-10-24 01:31:50,0.0,-79.31861002070916,122.67175757247855, 0.0,-43.3531475517694,0.0
2024-10-24 01:31:50,0.0,-79.01374133271693,122.76061271348304, 0.0,-43.74687138076611,0.0
2024-10-24 01:31:50,0.0,-78.71033947335354,122.84557341857465, 0.0,-44.13523394522111,0.0
2024-10-24 01:31:50,0.0,-78.41390718286969,122.92532508572327, 0.0,-44.51141790285359,0.0
2024-10-24 01:31:50,0.0,-77.9878382684128,123.03446913825883, 0.0,-45.04663086984605,0.0
2024-10-24 01:31:50,0.0,-77.57215973165795,123.1349015506672, 0.0,-45.56274181900926,0.0
2024-10-24 01:31:50,0.0,-77.29414222554419,123.19883356379054, 0.0,-45.904691338246366,0.0
2024-10-24 01:31:50,0.0,-77.01283859164958,123.26094178952506, 0.0,-46.24810319787548,0.0
2024-10-24 01:31:50,0.0,-76.5149393620552,123.36467279614757, 0.0,-46.84973343409238,0.0
2024-10-24 01:31:50,0.0,-76.17593273559038,123.43088630813837, 0.0,-47.25495357254799,0.0
2024-10-24 01:31:50,0.0,-75.832899445127,123.49434436882758, 0.0,-47.661444923700586,0.0
2024-10-24 01:31:50,0.0,-75.32201692518176,123.58242316497021, 0.0,-48.260406239788466,0.0
2024-10-24 01:31:50,0.0,-74.86643793288005,123.65466048719293, 0.0,-48.788222554312895,0.0
2024-10-24 01:31:50,0.0,-74.2323514149462,123.74563334749121, 0.0,-49.513281932545006,0.0
2024-10-24 01:31:50,0.0,-73.69616922316416,123.81415189333617, 0.0,-50.11798267017202,0.0
2024-10-24 01:31:50,0.0,-73.38163029243798,123.85086431716611, 0.0,-50.46923402472814,0.0
2024-10-24 01:31:50,0.0,-73.14343260121498,123.87698807027863, 0.0,-50.73355546906365,0.0
2024-10-24 01:31:50,0.0,-72.8230209027663,123.90988364502218, 0.0,-51.08686274225588,0.0
2024-10-24 01:31:50,0.0,-72.63745004482568,123.92777381943856, 0.0,-51.29032377461289,0.0
2024-10-24 01:31:50,0.0,-72.40731118466992,123.94879242597706, 0.0,-51.54148124130715,0.0
2024-10-24 01:31:50,0.0,-72.29431134393562,123.95864365364278, 0.0,-51.66433230970715,0.0
2024-10-24 01:31:50,0.0,-72.10608892050884,123.9743731814937, 0.0,-51.86828426098487,0.0
2024-10-24 01:31:50,0.0,-71.89085476394324,123.99132846269497, 0.0,-52.10047369875173,0.0
2024-10-24 01:31:50,0.0,-71.7707999642389,124.0003119551004, 0.0,-52.22951199086151,0.0
2024-10-24 01:31:50,0.0,-71.6179228784629,124.01126422769961, 0.0,-52.3933413492367,0.0
2024-10-24 01:31:50,0.0,-71.49627903362457,124.01959150666994, 0.0,-52.52331247304537,0.0
2024-10-24 01:31:50,0.0,-71.28469689604687,124.03326419451362, 0.0,-52.74856729846675,0.0
2024-10-24 01:31:50,0.0,-71.1683545700284,124.04034649807181, 0.0,-52.871991928043435,0.0
2024-10-24 01:31:50,0.0,-71.11667427841125,124.04339391962885, 0.0,-52.92671964121762,0.0
2024-10-24 01:31:50,0.0,-71.0327505973754,124.04821392744633, 0.0,-53.015463330070936,0.0
2024-10-24 01:31:50,0.0,-70.98026810326263,124.05114744672257, 0.0,-53.07087934345995,0.0
2024-10-24 01:31:50,0.0,-70.95431650790243,124.05257512439836, 0.0,-53.09825861649594,0.0
2024-10-24 01:31:50,0.0,-70.92834857341302,124.05398856316444, 0.0,-53.125639989751434,0.0
2024-10-24 01:31:50,0.0,-70.95470983580434,124.05255359912952, 0.0,-53.09784376332518,0.0
2024-10-24 01:31:50,0.0,-71.03958074232638,124.04782759294439, 0.0,-53.00824685061802,0.0
2024-10-24 01:31:50,0.0,-71.32940409931048,124.03046061998498, 0.0,-52.70105652067449,0.0
2024-10-24 01:31:50,0.0,-71.67420116121482,124.00729564902744, 0.0,-52.333094487812616,0.0
2024-10-24 01:31:50,0.0,-72.12239160543395,123.97304421248208, 0.0,-51.850652607048154,0.0
2024-10-24 01:31:51,0.0,-72.83685303152355,123.90851620512557, 0.0,-51.071663173602026,0.0
2024-10-24 01:31:51,0.0,-73.55547931904971,123.8308871622446, 0.0,-50.27540784319489,0.0
2024-10-24 01:31:51,0.0,-74.35175008895095,123.7293373605356, 0.0,-49.37758727158465,0.0
2024-10-24 01:31:51,0.0,-75.06234394496042,123.62431405018262, 0.0,-48.5619701052222,0.0
2024-10-24 01:31:51,0.0,-75.77504930874255,123.50470087661391, 0.0,-47.729651567871365,0.0
2024-10-24 01:31:51,0.0,-76.45569819700883,123.37649806515407, 0.0,-46.920799868145245,0.0
2024-10-24 01:31:51,0.0,-77.17067703087045,123.22640941784954, 0.0,-46.05573238697909,0.0
2024-10-24 01:31:51,0.0,-77.8449704443487,123.06965154287427, 0.0,-45.22468109852557,0.0
2024-10-24 01:31:51,0.0,-78.4416225693357,122.9180028964623, 0.0,-44.476380327126584,0.0
2024-10-24 01:31:51,0.0,-78.90613781316368,122.79113582350371, 0.0,-43.884998010340034,0.0
2024-10-24 01:31:51,0.0,-79.2675809518436,122.68687737472062, 0.0,-43.41929642287703,0.0
2024-10-24 01:31:51,0.0,-79.55583101454239,122.60014417677026, 0.0,-43.04431316222788,0.0
2024-10-24 01:31:51,0.0,-79.8325668083262,122.5137992803513, 0.0,-42.68123247202509,0.0
2024-10-24 01:31:51,0.0,-80.08438077509295,122.43254751691839, 0.0,-42.348166741825445,0.0
2024-10-24 01:31:51,0.0,-80.3521265221856,122.34328282254253, 0.0,-41.99115630035694,0.0
2024-10-24 01:31:51,0.0,-80.62576078188476,122.24892036941641, 0.0,-41.62315958753166,0.0
2024-10-24 01:31:51,0.0,-80.86502488354606,122.16374913164813, 0.0,-41.29872424810207,0.0
2024-10-24 01:31:51,0.0,-81.13309964217133,122.0652976378604, 0.0,-40.93219799568907,0.0
2024-10-24 01:31:51,0.0,-81.39477312302638,121.96603546494414, 0.0,-40.571262341917766,0.0
2024-10-24 01:31:51,0.0,-81.63786236438277,121.87095095371014, 0.0,-40.23308858932735,0.0
2024-10-24 01:31:51,0.0,-81.89320978347159,121.76801399806492, 0.0,-39.87480421459333,0.0
2024-10-24 01:31:51,0.0,-82.13402516689193,121.66798955125697, 0.0,-39.53396438436504,0.0
2024-10-24 01:31:51,0.0,-82.38505172870968,121.5605975477173, 0.0,-39.17554581900762,0.0
2024-10-24 01:31:51,0.0,-82.63894053592968,121.44864545931514, 0.0,-38.80970492338545,0.0
2024-10-24 01:31:51,0.0,-82.88530568489595,121.33671289632316, 0.0,-38.45140721142722,0.0
2024-10-24 01:31:51,0.0,-83.11464136181665,121.2295157266612, 0.0,-38.11487436484456,0.0
2024-10-24 01:31:51,0.0,-83.36146475333446,121.11081830882266, 0.0,-37.749353555488206,0.0
2024-10-24 01:31:51,0.0,-83.6028757312526,120.99129137965886, 0.0,-37.38841564840628,0.0
2024-10-24 01:31:51,0.0,-83.83192580648564,120.87465355584828, 0.0,-37.04272774936264,0.0
2024-10-24 01:31:51,0.0,-84.06948276209242,120.75026088459019, 0.0,-36.6807781224978,0.0
2024-10-24 01:31:51,0.0,-84.32874389127858,120.61040073907473, 0.0,-36.28165684779616,0.0
2024-10-24 01:31:51,0.0,-84.57447213253579,120.47375870163661, 0.0,-35.89928656910082,0.0
2024-10-24 01:31:51,0.0,-84.81936596214199,120.33349338358455, 0.0,-35.51412742144258,0.0
2024-10-24 01:31:51,0.0,-85.08757458432807,120.17502716698577, 0.0,-35.08745258265772,0.0
2024-10-24 01:31:51,0.0,-85.34537529652977,120.01775778949474, 0.0,-34.67238249296497,0.0
2024-10-24 01:31:51,0.0,-85.61809249067133,119.84589698637055, 0.0,-34.22780449569921,0.0
2024-10-24 01:31:51,0.0,-85.91965196854918,119.64900915829035, 0.0,-33.72935718974117,0.0
2024-10-24 01:31:51,0.0,-86.20236389744589,119.45759868750783, 0.0,-33.25523479006194,0.0
2024-10-24 01:31:51,0.0,-86.5242207690622,119.2312459667481, 0.0,-32.7070251976859,0.0
2024-10-24 01:31:51,0.0,-86.86289709693838,118.98284672891846, 0.0,-32.11994963198008,0.0
2024-10-24 01:31:51,0.0,-87.272100041767,118.66786051458851, 0.0,-31.395760472821504,0.0
2024-10-24 01:31:51,0.0,-87.72618365339686,118.29787094163161, 0.0,-30.571687288234763,0.0
2024-10-24 01:31:51,0.0,-88.17442814262803,117.90971088653782, 0.0,-29.735282743909785,0.0
2024-10-24 01:31:51,0.0,-88.59111290486419,117.52656768877763, 0.0,-28.935454783913457,0.0
2024-10-24 01:31:51,0.0,-88.82974199492828,117.29668491248674, 0.0,-28.466942917558455,0.0
2024-10-24 01:31:51,0.0,-88.93229419917435,117.19541683045627, 0.0,-28.263122631281906,0.0
2024-10-24 01:31:51,0.0,-88.98471843032362,117.14305703163566, 0.0,-28.15833860131205,0.0
2024-10-24 01:31:51,0.0,-89.04533888160309,117.0820033578067, 0.0,-28.036664476203637,0.0
2024-10-24 01:31:51,0.0,-89.00978493804274,117.1178778160976, 0.0,-28.10809287805486,0.0
2024-10-24 01:31:51,0.0,-88.88355258284186,117.24373775407295, 0.0,-28.360185171231105,0.0
2024-10-24 01:31:51,0.0,-88.78094518610615,117.34434088875258, 0.0,-28.563395702646424,0.0
2024-10-24 01:31:51,0.0,-88.71374982254041,117.40941531811865, 0.0,-28.695665495578233,0.0
2024-10-24 01:31:51,0.0,-88.60932480251124,117.50930041203375, 0.0,-28.89997560952252,0.0
2024-10-24 01:31:52,0.0,-88.45788345902682,117.65153155707848, 0.0,-29.193648098051668,0.0
2024-10-24 01:31:52,0.0,-88.3683369929463,117.73420576729409, 0.0,-29.365868774347803,0.0
2024-10-24 01:31:52,0.0,-88.26054288574142,117.8323558399859, 0.0,-29.571812954244486,0.0
2024-10-24 01:31:52,0.0,-88.17232772289032,117.9115860987015, 0.0,-29.73925837581118,0.0
2024-10-24 01:31:52,0.0,-88.10126255337997,117.97471106108863, 0.0,-29.87344850770867,0.0
2024-10-24 01:31:52,0.0,-87.9456885199741,118.11076223374606, 0.0,-30.165073713771974,0.0
2024-10-24 01:31:52,0.0,-87.87317217097642,118.17319457684845, 0.0,-30.30002240587202,0.0
2024-10-24 01:31:52,0.0,-87.81538454584793,118.22250685946918, 0.0,-30.40712231362128,0.0
2024-10-24 01:31:52,0.0,-87.79087469748882,118.24330547298437, 0.0,-30.45243077549558,0.0
2024-10-24 01:31:52,0.0,-87.76631232846542,118.2640795068007, 0.0,-30.497767178335287,0.0
2024-10-24 01:31:52,0.0,-87.72634699101039,118.29773376954051, 0.0,-30.571386778530147,0.0
2024-10-24 01:31:52,0.0,-87.70219595730532,118.27264743994294, 0.0,-30.57045148263763,0.0
2024-10-24 01:31:52,0.0,-87.55605124044362,118.12063245100977, 0.0,-30.56458121056616,0.0
2024-10-24 01:31:52,0.0,-87.36821102909965,117.92471658155573, 0.0,-30.55650555245608,0.0
2024-10-24 01:31:52,0.0,-86.91756231809684,117.45226130877838, 0.0,-30.53469899068155,0.0
2024-10-24 01:31:53,0.0,-86.32871173652782,116.82974738606738, 0.0,-30.50103564953957,0.0
2024-10-24 01:31:53,0.0,-85.52191290665303,115.96733200722181, 0.0,-30.445419100568795,0.0
2024-10-24 01:31:53,0.0,-84.89164193406576,115.28599312328438, 0.0,-30.394351189218643,0.0
2024-10-24 01:31:53,0.0,-84.06908547730137,114.38676246822747, 0.0,-30.317676990926103,0.0
2024-10-24 01:31:53,0.0,-83.54086744278517,113.80333719446148, 0.0,-30.26246975167632,0.0
2024-10-24 01:31:53,0.0,-83.29074331096162,113.5254462643183, 0.0,-30.234702953356706,0.0
2024-10-24 01:31:53,0.0,-83.15530449395206,113.37453692944692, 0.0,-30.219232435494863,0.0
2024-10-24 01:31:53,0.0,-83.05371228085163,113.26113982550044, 0.0,-30.207427544648795,0.0
2024-10-24 01:31:53,0.0,-82.98486965494398,113.18420012673647, 0.0,-30.199330471792504,0.0
2024-10-24 01:31:53,0.0,-82.9622556926244,113.158909169091, 0.0,-30.196653476466633,0.0
2024-10-24 01:31:53,0.0,-82.91608574663768,113.10724730466724, 0.0,-30.19116155802956,0.0
2024-10-24 01:31:53,0.0,-82.84285010160286,113.0252275614842, 0.0,-30.18237745988137,0.0
2024-10-24 01:31:53,0.0,-82.76860369485456,112.9419848050616, 0.0,-30.173381110207036,0.0
2024-10-24 01:31:53,0.0,-82.63407678065799,112.79092409243644, 0.0,-30.15684731177846,0.0
2024-10-24 01:31:53,0.0,-82.5600236744,112.70764136129715, 0.0,-30.14761768689715,0.0
2024-10-24 01:31:53,0.0,-82.42585558458164,112.55651938051938, 0.0,-30.130663795937743,0.0
2024-10-24 01:31:53,0.0,-82.30278839670532,112.41763851544155, 0.0,-30.11485011873623,0.0
2024-10-24 01:31:53,0.0,-82.2514420302042,112.35962010838554, 0.0,-30.108178078181368,0.0
2024-10-24 01:31:53,0.0,-82.17882665123209,112.27749438617948, 0.0,-30.09866773494742,0.0
2024-10-24 01:31:53,0.0,-82.15644484494163,112.25216365499695, 0.0,-30.095718810055338,0.0
2024-10-24 01:31:53,0.0,-82.11170040199194,112.20149902089665, 0.0,-30.08979861890473,0.0
2024-10-24 01:31:53,0.0,-82.06600927868942,112.14972824683448, 0.0,-30.08371896814507,0.0
2024-10-24 01:31:53,0.0,-82.11239287929374,112.20228337323071, 0.0,-30.08989049393701,0.0
2024-10-24 01:31:53,0.0,-82.2824171089947,112.39462537369941, 0.0,-30.112208264704723,0.0
2024-10-24 01:31:53,0.0,-82.62599442398272,112.78183881572348, 0.0,-30.15584439174075,0.0
2024-10-24 01:31:53,0.0,-83.37995983722006,113.6246865793521, 0.0,-30.24472674213203,0.0
2024-10-24 01:31:53,0.0,-84.23311656715119,114.5669883217787, 0.0,-30.33387175462752,0.0
2024-10-24 01:31:53,0.0,-85.02199695747397,115.42745763374144, 0.0,-30.40546067626748,0.0
2024-10-24 01:31:53,0.0,-85.83026003351294,116.29822944050841, 0.0,-30.467969406995486,0.0
2024-10-24 01:31:53,0.0,-86.68849545079736,117.21079478166095, 0.0,-30.522299330863596,0.0
2024-10-24 01:31:53,0.0,-87.43484860003545,117.99428734189345, 0.0,-30.55943874185802,0.0
2024-10-24 01:31:53,0.0,-87.9926921690208,118.57373900525722, 0.0,-30.58104683623642,0.0
2024-10-24 01:31:53,0.0,-88.42618834199348,119.02038963789481, 0.0,-30.59420129590133,0.0
2024-10-24 01:31:53,0.0,-88.81196583053705,119.41519693386526, 0.0,-30.603231103328234,0.0
2024-10-24 01:31:53,0.0,-89.16189149479459,119.77113208866427, 0.0,-30.609240593869707,0.0
2024-10-24 01:31:53,0.0,-89.51792171997269,120.13114656851675, 0.0,-30.613224848544068,0.0
2024-10-24 01:31:53,0.0,-89.87131022149387,120.48636474006354, 0.0,-30.615054518569682,0.0
2024-10-24 01:31:53,0.0,-90.24261076959493,120.85730671461852, 0.0,-30.614695945023588,0.0
2024-10-24 01:31:53,0.0,-90.36829005750823,120.9823351539069, 0.0,-30.61404509639867,0.0
2024-10-24 01:31:54,0.0,-90.3775661065591,120.99155255385878, 0.0,-30.61398644729968,0.0
2024-10-24 01:31:54,0.0,-90.69200426943678,121.30313984137715, 0.0,-30.611135571940363,0.0
2024-10-24 01:31:54,0.0,-91.04758320512262,121.65347566450725, 0.0,-30.60589245938464,0.0
2024-10-24 01:31:54,0.0,-91.4312516657009,122.02908353849817, 0.0,-30.59783187279728,0.0
2024-10-24 01:31:54,0.0,-91.8339315719351,122.42062134437974, 0.0,-30.586689772444636,0.0
2024-10-24 01:31:54,0.0,-92.28811107290232,122.85893912030973, 0.0,-30.570828047407392,0.0
2024-10-24 01:31:54,0.0,-92.93545070351897,123.47763944501094, 0.0,-30.54218874149195,0.0
2024-10-24 01:31:54,0.0,-93.79805376249327,124.29107715783232, 0.0,-30.493023395339055,0.0
2024-10-24 01:31:54,0.0,-94.7224946216129,125.148903001863, 0.0,-30.42640838025012,0.0
2024-10-24 01:31:54,0.0,-95.02749102686334,125.42876769220983, 0.0,-30.401276665346487,0.0
2024-10-24 01:31:54,0.0,-95.00032509507784,125.40390362241143, 0.0,-30.403578527333607,0.0
2024-10-24 01:31:54,0.0,-94.97317169540909,125.37903863928767, 0.0,-30.405866943878575,0.0
2024-10-24 01:31:54,0.0,-94.91890242706503,125.32930593656769, 0.0,-30.410403509502675,0.0
2024-10-24 01:31:54,0.0,-94.8917865257635,125.30443821870207, 0.0,-30.412651692938585,0.0
2024-10-24 01:31:54,0.0,-94.91931337001473,125.32968271316886, 0.0,-30.41036934315414,0.0
2024-10-24 01:31:54,0.0,-94.97440566920459,125.38016888559395, 0.0,-30.40576321638937,0.0
2024-10-24 01:31:54,0.0,-95.13751780364996,125.52934481718407, 0.0,-30.39182701353412,0.0
2024-10-24 01:31:54,0.0,-95.36274627289458,125.7345960054307, 0.0,-30.37184973253613,0.0
2024-10-24 01:31:54,0.0,-95.52694341751337,125.88369309109926, 0.0,-30.3567496735859,0.0
2024-10-24 01:31:54,0.0,-95.73950834399447,126.07603899225938, 0.0,-30.33653064826492,0.0
2024-10-24 01:31:54,0.0,-95.95285156494123,126.26832858934378, 0.0,-30.315477024402586,0.0
2024-10-24 01:31:55,0.0,-96.22242306663495,126.51020910076926, 0.0,-30.287786034134335,0.0
2024-10-24 01:31:55,0.0,-96.34778329618524,126.62227846105955, 0.0,-30.274495164874324,0.0
2024-10-24 01:31:55,0.0,-96.4042420324714,126.67266566978188, 0.0,-30.268423637310487,0.0
2024-10-24 01:31:55,0.0,-96.4607560028568,126.72304889658128, 0.0,-30.262292893724503,0.0
2024-10-24 01:31:55,0.0,-96.51732535502612,126.77342813144797, 0.0,-30.25610277642187,0.0
2024-10-24 01:31:55,0.0,-96.60228354827561,126.84898947671746, 0.0,-30.246705928441862,0.0
2024-10-24 01:31:55,0.0,-96.72847247394765,126.96099910427688, 0.0,-30.232526630329218,0.0
2024-10-24 01:31:55,0.0,-96.85493877891084,127.07298874785683, 0.0,-30.21804996894599,0.0
2024-10-24 01:31:55,0.0,-96.88341083975365,127.09816486386947, 0.0,-30.214754024115827,0.0
2024-10-24 01:31:55,0.0,-97.15737859598514,127.33972848553509, 0.0,-30.182349889549972,0.0
2024-10-24 01:31:55,0.0,-97.5865107595601,127.71559687563763, 0.0,-30.12908611607754,0.0
2024-10-24 01:31:55,0.0,-97.75717312626358,127.86422745544043, 0.0,-30.10705432917684,0.0
2024-10-24 01:31:55,0.0,-97.97079109468686,128.04958829174484, 0.0,-30.078797197058,0.0
2024-10-24 01:31:55,0.0,-98.10004387589626,128.16137695682286, 0.0,-30.061333080926598,0.0
2024-10-24 01:31:55,0.0,-98.1582605344569,128.21163737866019, 0.0,-30.05337684420327,0.0
2024-10-24 01:31:55,0.0,-98.18739133733206,128.23676596314021, 0.0,-30.049374625808177,0.0
2024-10-24 01:31:55,0.0,-98.15789326042776,128.21132047409617, 0.0,-30.05342721366842,0.0
2024-10-24 01:31:55,0.0,-98.12921139228709,128.18656526913955, 0.0,-30.05735387685246,0.0
2024-10-24 01:31:55,0.0,-98.09974149419168,128.16111575414553, 0.0,-30.061374259953833,0.0
2024-10-24 01:31:55,0.0,-98.04244973569928,128.11159883644186, 0.0,-30.06914910074258,0.0
2024-10-24 01:31:55,0.0,-98.01302212141374,128.0861436260477, 0.0,-30.073121504633935,0.0
2024-10-24 01:31:55,0.0,-97.98360835371244,128.0606860777139, 0.0,-30.077077724001494,0.0
2024-10-24 01:31:55,0.0,-97.95501249175497,128.03592270190265, 0.0,-30.08091021014768,0.0
2024-10-24 01:31:55,0.0,-97.92643104128145,128.0111582844486, 0.0,-30.084727243167173,0.0
2024-10-24 01:31:55,0.0,-97.86850635897996,127.96092793365362, 0.0,-30.09242157467367,0.0
2024-10-24 01:31:55,0.0,-97.77521824451183,127.87991480840188, 0.0,-30.104696563890034,0.0
2024-10-24 01:31:55,0.0,-97.64664010852512,127.76801886825913, 0.0,-30.12137875973403,0.0
2024-10-24 01:31:55,0.0,-97.32227399913047,127.48451888802589, 0.0,-30.16224488889541,0.0
2024-10-24 01:31:55,0.0,-96.83942636642644,127.05926638218403, 0.0,-30.219840015757622,0.0
2024-10-24 01:31:55,0.0,-96.46510147161361,126.72692075417255, 0.0,-30.261819282558957,0.0
2024-10-24 01:31:55,0.0,-95.86090449063305,126.18554863055401, 0.0,-30.324644139920984,0.0
2024-10-24 01:31:55,0.0,-94.91993978572762,125.33025704238179, 0.0,-30.41031725665418,0.0
2024-10-24 01:31:55,0.0,-94.09541781814644,124.5685831915212, 0.0,-30.473165373374762,0.0
2024-10-24 01:31:55,0.0,-93.1452295669591,123.67661772156696, 0.0,-30.53138815460784,0.0
2024-10-24 01:31:55,0.0,-92.29379773111557,122.86440504876005, 0.0,-30.57060731764448,0.0
2024-10-24 01:31:55,0.0,-91.42350730014132,122.02152653956833, 0.0,-30.598019239427,0.0
2024-10-24 01:31:55,0.0,-90.53984237981668,121.15256683500378, 0.0,-30.612724455187113,0.0
2024-10-24 01:31:55,0.0,-89.69429031703551,120.30869296812999, 0.0,-30.614402651094498,0.0
2024-10-24 01:31:55,0.0,-88.8450014120555,119.44888856165963, 0.0,-30.603887149604144,0.0
2024-10-24 01:31:55,0.0,-87.99186647785427,118.5728852224992, 0.0,-30.581018744644922,0.0
2024-10-24 01:31:55,0.0,-87.07950949348759,117.62244006695444, 0.0,-30.54293057346685,0.0
2024-10-24 01:31:55,0.0,-86.58130228985678,117.09749483109296, 0.0,-30.516192541236215,0.0
2024-10-24 01:31:55,0.0,-86.31908158596865,116.81951807039573, 0.0,-30.500436484427095,0.0
2024-10-24 01:31:55,0.0,-86.01385424048449,116.49449000209468, 0.0,-30.480635761610188,0.0
2024-10-24 01:31:55,0.0,-85.70868072135517,116.16794980135052, 0.0,-30.459269079995344,0.0
2024-10-24 01:31:56,0.0,-85.12538650193214,115.53945562491111, 0.0,-30.414069122978958,0.0
2024-10-24 01:31:56,0.0,-84.81244971086706,115.19991247841315, 0.0,-30.387462767546115,0.0
2024-10-24 01:31:56,0.0,-84.51215325385955,114.87253936275094, 0.0,-30.360386108891372,0.0
2024-10-24 01:31:56,0.0,-84.33287801685863,114.67637897394975, 0.0,-30.343500957091127,0.0
2024-10-24 01:31:56,0.0,-84.19422210437908,114.52429453726977, 0.0,-30.330072432890688,0.0
2024-10-24 01:31:56,0.0,-84.11859368032275,114.44120604151956, 0.0,-30.322612361196843,0.0
2024-10-24 01:31:56,0.0,-84.04410384622341,114.35927490656205, 0.0,-30.31517106033866,0.0
2024-10-24 01:31:56,0.0,-83.90597250633193,114.20709910603982, 0.0,-30.301126599707896,0.0
2024-10-24 01:31:56,0.0,-83.72705176807516,114.0095126226611, 0.0,-30.282460854585967,0.0
2024-10-24 01:31:56,0.0,-83.43102937767526,113.68143424590995, 0.0,-30.250404868234696,0.0
2024-10-24 01:31:56,0.0,-82.92220878734979,113.11410072072849, 0.0,-30.19189193337872,0.0
2024-10-24 01:31:56,0.0,-82.08572203732462,112.17206821908964, 0.0,-30.086346181765023,0.0
2024-10-24 01:31:56,0.0,-81.54389866303018,111.55569486938447, 0.0,-30.011796206354298,0.0
2024-10-24 01:31:56,0.0,-80.88102388323408,110.79502951880906, 0.0,-29.914005635574977,0.0
2024-10-24 01:31:56,0.0,-80.43454833926417,110.27861828695765, 0.0,-29.844069947693495,0.0
2024-10-24 01:31:56,0.0,-79.89635323124395,109.65178326302069, 0.0,-29.755430031776758,0.0
2024-10-24 01:31:56,0.0,-79.69492361124856,109.41596268334446, 0.0,-29.721039072095927,0.0
2024-10-24 01:31:56,0.0,-79.56523394414944,109.26378085602202, 0.0,-29.698546911872583,0.0
2024-10-24 01:31:56,0.0,-79.49374883308039,109.17978105662773, 0.0,-29.68603222354736,0.0
2024-10-24 01:31:56,0.0,-79.47206077671399,109.15427970797454, 0.0,-29.68221893126054,0.0
2024-10-24 01:31:56,0.0,-79.51609981887898,109.2060538928307, 0.0,-29.689954073951725,0.0
2024-10-24 01:31:56,0.0,-79.58827612852771,109.29083925516917, 0.0,-29.702563126641486,0.0
2024-10-24 01:31:56,0.0,-79.84066068322612,109.58664822058947, 0.0,-29.74598753736335,0.0
2024-10-24 01:31:56,0.0,-80.32081240368376,110.14654479836655, 0.0,-29.82573239468278,0.0
2024-10-24 01:31:56,0.0,-80.91422405212212,110.83329948825961, 0.0,-29.919075436137494,0.0
2024-10-24 01:31:56,0.0,-81.74998765117006,111.79071144191714, 0.0,-30.04072379074708,0.0
2024-10-24 01:31:56,0.0,-82.12725158605869,112.21911155918943, 0.0,-30.091859973130738,0.0
2024-10-24 01:31:56,0.0,-82.72944431171601,112.89804362485293, 0.0,-30.16859931313693,0.0
2024-10-24 01:31:56,0.0,-83.07248779184772,113.2821099700468, 0.0,-30.209622178199073,0.0
2024-10-24 01:31:56,0.0,-83.46195288879652,113.71577482314773, 0.0,-30.253821934351226,0.0
2024-10-24 01:31:56,0.0,-83.97188585595649,114.27975396747496, 0.0,-30.307868111518495,0.0
2024-10-24 01:31:56,0.0,-84.48535275809364,114.84324887705938, 0.0,-30.357896118965737,0.0
2024-10-24 01:31:56,0.0,-85.32021910065984,115.75002230830556, 0.0,-30.4298032076457,0.0
2024-10-24 01:31:56,0.0,-86.01222774382454,116.49275378491787, 0.0,-30.480526041093327,0.0
2024-10-24 01:31:56,0.0,-86.42972054362038,116.93694646826194, 0.0,-30.50722592464155,0.0
2024-10-24 01:31:56,0.0,-86.78325686068361,117.31079320036123, 0.0,-30.527536339677635,0.0
2024-10-24 01:31:56,0.0,-87.0922446816069,117.63580377532233, 0.0,-30.543559093715427,0.0
2024-10-24 01:31:56,0.0,-87.31382717692745,117.86788326777842, 0.0,-30.55405609085099,0.0
2024-10-24 01:31:56,0.0,-87.42149378211181,117.9803507008194, 0.0,-30.55885691870759,0.0
2024-10-24 01:31:56,0.0,-87.52487594284344,118.08815816163089, 0.0,-30.563282218787446,0.0
2024-10-24 01:31:56,0.0,-87.57388244104402,118.13919923974898, 0.0,-30.56531679870496,0.0
2024-10-24 01:31:56,0.0,-87.59839904197476,118.16471843950299, 0.0,-30.566319397528243,0.0
2024-10-24 01:31:56,0.0,-87.64745900518595,118.21575416269181, 0.0,-30.568295157505858,0.0
2024-10-24 01:31:57,0.0,-87.8286314820798,118.40387001081606, 0.0,-30.575238528736286,0.0
2024-10-24 01:31:57,0.0,-88.05265552402089,118.63571157508001, 0.0,-30.583056051059117,0.0
2024-10-24 01:31:57,0.0,-88.28888305016164,118.87926215006597, 0.0,-30.590379099904318,0.0
2024-10-24 01:31:57,0.0,-88.36880662472565,118.9614494110578, 0.0,-30.59264278633216,0.0
2024-10-24 01:31:57,0.0,-88.4488267052172,119.04362752611472, 0.0,-30.594800820897543,0.0
2024-10-24 01:31:57,0.0,-88.50408219976256,119.10030988255303, 0.0,-30.5962276827905,0.0
2024-10-24 01:31:57,0.0,-88.86530876219612,119.46959001280061, 0.0,-30.604281250604508,0.0
2024-10-24 01:31:57,0.0,-89.00048831894149,119.60721487845365, 0.0,-30.606726559512154,0.0
2024-10-24 01:31:57,0.0,-89.3205059938011,119.93178700658783, 0.0,-30.611281012786726,0.0
2024-10-24 01:31:57,0.0,-89.87584091099188,120.4909051408183, 0.0,-30.61506422982644,0.0
2024-10-24 01:31:57,0.0,-90.25624311725451,120.87088141330993, 0.0,-30.61463829605543,0.0
2024-10-24 01:31:57,0.0,-90.59107855054788,121.20331182426133, 0.0,-30.612233273713457,0.0
2024-10-24 01:31:57,0.0,-90.78717593111108,121.39711820482565, 0.0,-30.609942273714577,0.0
2024-10-24 01:31:57,0.0,-91.06606104207091,121.671622468297, 0.0,-30.60556142622609,0.0
2024-10-24 01:31:57,0.0,-91.30161150592888,121.90244602169716, 0.0,-30.600834515768295,0.0
2024-10-24 01:31:57,0.0,-91.39740025260353,121.99604363811044, 0.0,-30.598643385506918,0.0
2024-10-24 01:31:57,0.0,-91.67902532099775,122.27032635494588, 0.0,-30.591301033948138,0.0
2024-10-24 01:31:57,0.0,-92.23630985079167,122.80912338780706, 0.0,-30.572813537015392,0.0
2024-10-24 01:31:57,0.0,-92.28904834104844,122.85984004570194, 0.0,-30.570791704653505,0.0
2024-10-24 01:31:57,0.0,-92.34183217208133,122.91055318491503, 0.0,-30.568721012833706,0.0
2024-10-24 01:31:57,0.0,-92.36824112754816,122.93590843411276, 0.0,-30.567667306564598,0.0
2024-10-24 01:31:57,0.0,-92.42109319287916,122.98661628983342, 0.0,-30.56552309695428,0.0
2024-10-24 01:31:57,0.0,-92.50638369456087,123.06834690163852, 0.0,-30.56196320707767,0.0
2024-10-24 01:31:57,0.0,-92.55935521798895,123.11904554082055, 0.0,-30.559690322831603,0.0
2024-10-24 01:31:57,0.0,-92.67732246608395,123.23178058594681, 0.0,-30.55445811986287,0.0
2024-10-24 01:31:57,0.0,-92.83443825785852,123.3815624600951, 0.0,-30.547124202236585,0.0
2024-10-24 01:31:57,0.0,-93.03100688894366,123.5683680610906, 0.0,-30.537361172146937,0.0
2024-10-24 01:31:57,0.0,-93.12847020129956,123.66074854461945, 0.0,-30.532278343319902,0.0
2024-10-24 01:31:57,0.0,-93.31358775366645,123.83577025265538, 0.0,-30.522182498988922,0.0
2024-10-24 01:31:57,0.0,-92.88501503697876,123.42968961624013, 0.0,-30.544674579261365,0.0
2024-10-24 01:31:57,0.0,-92.03057565333857,122.6108264541297, 0.0,-30.580250800791124,0.0
2024-10-24 01:31:57,0.0,-91.14691482825666,121.7509596951209, 0.0,-30.60404486686424,0.0
2024-10-24 01:31:57,0.0,-90.34304126563478,120.95723861173718, 0.0,-30.61419734610241,0.0
2024-10-24 01:31:57,0.0,-89.77749543309467,120.39227065356457, 0.0,-30.614775220469895,0.0
2024-10-24 01:31:57,0.0,-89.3876377180852,119.99965387009182, 0.0,-30.612016152006618,0.0
2024-10-24 01:31:57,0.0,-89.0400557648348,119.64743948380378, 0.0,-30.60738371896898,0.0
2024-10-24 01:31:57,0.0,-88.70423025142011,119.30519336565911, 0.0,-30.60096311423899,0.0
2024-10-24 01:31:57,0.0,-88.35876110479684,118.95112531478337, 0.0,-30.59236420998652,0.0
2024-10-24 01:31:57,0.0,-87.99083676089433,118.57182045642966, 0.0,-30.58098369553535,0.0
2024-10-24 01:31:57,0.0,-87.62321864296128,118.1905426731792, 0.0,-30.567324030217907,0.0
2024-10-24 01:31:57,0.0,-87.28674135746952,117.83955884197198, 0.0,-30.552817484502462,0.0
2024-10-24 01:31:57,0.0,-86.92593784641222,117.46107342047473, 0.0,-30.535135574062508,0.0
2024-10-24 01:31:57,0.0,-86.58607746941051,117.10254618003144, 0.0,-30.51646871062093,0.0
2024-10-24 01:31:57,0.0,-86.22513350390119,116.71964270736888, 0.0,-30.494509203467697,0.0
2024-10-24 01:31:57,0.0,-85.85751878428404,116.32740469279145, 0.0,-30.469885908507415,0.0
2024-10-24 01:31:57,0.0,-85.47658737796323,115.91855680747236, 0.0,-30.441969429509133,0.0
2024-10-24 01:31:57,0.0,-85.11267391294818,115.52569423856039, 0.0,-30.413020325612223,0.0
2024-10-24 01:31:57,0.0,-84.64832643476288,115.02117817940865, 0.0,-30.372851744645796,0.0
2024-10-24 01:31:57,0.0,-84.18920380349402,114.51878419037273, 0.0,-30.329580386878703,0.0
2024-10-24 01:31:57,0.0,-83.6117775837247,113.8819293642205, 0.0,-30.270151780495816,0.0
2024-10-24 01:31:58,0.0,-82.87950494696766,113.06629004421211, 0.0,-30.186785097244464,0.0
2024-10-24 01:31:58,0.0,-82.04808059754437,112.12940453999234, 0.0,-30.081323942447973,0.0
2024-10-24 01:31:58,0.0,-81.22543920129334,111.19115745958516, 0.0,-29.965718258291826,0.0
2024-10-24 01:31:58,0.0,-80.90213777731837,110.81936968613793, 0.0,-29.91723190881957,0.0
2024-10-24 01:31:58,0.0,-80.94698060928785,110.8710403581564, 0.0,-29.924059748868554,0.0
2024-10-24 01:31:58,0.0,-81.32645624900643,111.30697164890097, 0.0,-29.980515399894546,0.0
2024-10-24 01:31:58,0.0,-81.66381124720849,111.69252422201366, 0.0,-30.028712974805167,0.0
2024-10-24 01:31:58,0.0,-82.49822545546807,112.63807123251476, 0.0,-30.139845777046702,0.0
2024-10-24 01:31:58,0.0,-83.32703651035528,113.56583313845492, 0.0,-30.238796628099653,0.0
2024-10-24 01:31:58,0.0,-83.94435320961,114.2494141585625, 0.0,-30.305060948952505,0.0
2024-10-24 01:31:58,0.0,-84.33785699920843,114.68183417308731, 0.0,-30.343977173878873,0.0
2024-10-24 01:31:58,0.0,-84.71771514541048,115.09679932909278, 0.0,-30.379084183682313,0.0
2024-10-24 01:31:58,0.0,-85.06246174900981,115.47131299875313, 0.0,-30.40885124974333,0.0
2024-10-24 01:31:58,0.0,-85.37495823191115,115.8090671879958, 0.0,-30.434108956084643,0.0
2024-10-24 01:31:58,0.0,-85.678354395688,116.13541451645355, 0.0,-30.457060120765554,0.0
2024-10-24 01:31:58,0.0,-86.02875678968086,116.51039577484862, 0.0,-30.481638985167763,0.0
2024-10-24 01:31:58,0.0,-86.36123144398773,116.86427883292815, 0.0,-30.50304738894042,0.0
2024-10-24 01:31:58,0.0,-86.70288689712353,117.22599133873229, 0.0,-30.523104441608766,0.0
2024-10-24 01:31:58,0.0,-87.05181060976679,117.59336469620409, 0.0,-30.541554086437294,0.0
2024-10-24 01:31:58,0.0,-87.41242175513476,117.97088171673765, 0.0,-30.55845996160291,0.0
2024-10-24 01:31:58,0.0,-87.7683911780365,118.34138265355138, 0.0,-30.572991475514883,0.0
2024-10-24 01:31:58,0.0,-88.09693105365449,118.68143159515067, 0.0,-30.584500541496165,0.0
2024-10-24 01:31:58,0.0,-88.45975473886013,119.05484185695603, 0.0,-30.595087118095922,0.0
2024-10-24 01:31:58,0.0,-88.81561303118286,119.41891747160152, 0.0,-30.60330444041866,0.0
2024-10-24 01:31:58,0.0,-89.16789776463051,119.77722339161248, 0.0,-30.60932562698198,0.0
2024-10-24 01:31:58,0.0,-89.542688004241,120.15611007033726, 0.0,-30.613422066096273,0.0
2024-10-24 01:31:58,0.0,-89.94422965719444,120.55939819975872, 0.0,-30.615168542564284,0.0
2024-10-24 01:31:58,0.0,-90.32055858879541,120.93488240828239, 0.0,-30.614323819486994,0.0
2024-10-24 01:31:58,0.0,-90.73890330927739,121.34947003109549, 0.0,-30.6105667218181,0.0
2024-10-24 01:31:58,0.0,-91.20698863623637,121.80983497776649, 0.0,-30.602846341530118,0.0
2024-10-24 01:31:58,0.0,-91.78021032329741,122.36854529874675, 0.0,-30.588334975449346,0.0
2024-10-24 01:31:58,0.0,-92.46748591414823,123.03108791451162, 0.0,-30.563602000363378,0.0
2024-10-24 01:31:58,0.0,-93.34353133462308,123.86402641968823, 0.0,-30.52049508506515,0.0
2024-10-24 01:31:58,0.0,-94.22585499339156,124.68983968467083, 0.0,-30.463984691279276,0.0
2024-10-24 01:31:58,0.0,-95.12160558734803,125.5148117906815, 0.0,-30.393206203333488,0.0
2024-10-24 01:31:58,0.0,-95.03979664856617,125.4400265389265, 0.0,-30.40022989036035,0.0
2024-10-24 01:31:58,0.0,-94.95066821072109,125.35842230570643, 0.0,-30.407754094985336,0.0
2024-10-24 01:31:58,0.0,-94.78845544868547,125.20956110919954, 0.0,-30.42110566051411,0.0
2024-10-24 01:31:58,0.0,-94.48517258293064,124.93005469452757, 0.0,-30.444882111596936,0.0
2024-10-24 01:31:58,0.0,-94.07792820575061,124.55230277901234, 0.0,-30.474374573261745,0.0
2024-10-24 01:31:59,0.0,-93.18103552859837,123.7105059232594, 0.0,-30.529470394661036,0.0
2024-10-24 01:31:59,0.0,-92.32402555502173,122.89345038425952, 0.0,-30.56942482923781,0.0
2024-10-24 01:31:59,0.0,-91.59942756455062,122.1929400136744, 0.0,-30.593512449123793,0.0
2024-10-24 01:31:59,0.0,-91.16141453278328,121.76517571661738, 0.0,-30.6037611838341,0.0
2024-10-24 01:31:59,0.0,-90.78514487415637,121.3951142173357, 0.0,-30.609969343179337,0.0
2024-10-24 01:31:59,0.0,-90.45053012754819,121.06400438506905, 0.0,-30.61347425752087,0.0
2024-10-24 01:31:59,0.0,-90.10975357419593,120.72484636892578, 0.0,-30.61509279472988,0.0
2024-10-24 01:31:59,0.0,-89.76464150858129,120.37936683837097, 0.0,-30.614725329789668,0.0
2024-10-24 01:31:59,0.0,-89.44228914774419,120.05484735847766, 0.0,-30.612558210733475,0.0
2024-10-24 01:31:59,0.0,-89.08852609783702,119.69667867950986, 0.0,-30.60815258167287,0.0
2024-10-24 01:31:59,0.0,-88.73795799445998,119.33965227351916, 0.0,-30.60169427905919,0.0
2024-10-24 01:31:59,0.0,-88.37366466208492,118.96644155546915, 0.0,-30.592776893384226,0.0
2024-10-24 01:31:59,0.0,-88.03545644313034,118.61794242371495, 0.0,-30.58248598058461,0.0
2024-10-24 01:31:59,0.0,-87.68732165228613,118.2571921876663, 0.0,-30.569870535380183,0.0
2024-10-24 01:31:59,0.0,-87.33731097907486,117.89243092061389, 0.0,-30.55511994153902,0.0
2024-10-24 01:31:59,0.0,-86.9680902646159,117.50540508859494, 0.0,-30.537314823979038,0.0
2024-10-24 01:31:59,0.0,-86.61649978018657,117.13471890853542, 0.0,-30.518219128348854,0.0
2024-10-24 01:31:59,0.0,-86.27720123942062,116.7750138364221, 0.0,-30.49781259700149,0.0
2024-10-24 01:31:59,0.0,-85.92104837822698,116.39535233631139, 0.0,-30.474303958084427,0.0
2024-10-24 01:31:59,0.0,-85.5538077355182,116.00163359533494, 0.0,-30.44782585981673,0.0
2024-10-24 01:31:59,0.0,-85.17082153849773,115.58861689044906, 0.0,-30.41779535195134,0.0
2024-10-24 01:31:59,0.0,-84.79249259169683,115.17820281554233, 0.0,-30.385710223845514,0.0
2024-10-24 01:31:59,0.0,-84.36428146401948,114.71077906810179, 0.0,-30.346497604082295,0.0
2024-10-24 01:31:59,0.0,-83.88332107477169,114.18211415619562, 0.0,-30.29879308142396,0.0
2024-10-24 01:31:59,0.0,-83.27865009856559,113.51198412803693, 0.0,-30.233334029471354,0.0
2024-10-24 01:31:59,0.0,-82.55992028075674,112.70752501752429, 0.0,-30.14760473676756,0.0
2024-10-24 01:31:59,0.0,-81.74941783465319,111.79006261016627, 0.0,-30.040644775513098,0.0
2024-10-24 01:31:59,0.0,-80.98115199386292,110.91039254891271, 0.0,-29.929240555049788,0.0
2024-10-24 01:31:59,0.0,-80.62321965827516,110.49724176753283, 0.0,-29.87402210925765,0.0
2024-10-24 01:31:59,0.0,-80.64557895951988,110.52311201346404, 0.0,-29.877533053944173,0.0
2024-10-24 01:31:59,0.0,-80.88155602247022,110.7956430606375, 0.0,-29.914087038167263,0.0
2024-10-24 01:31:59,0.0,-81.39800195941201,111.38889580583677, 0.0,-29.99089384642476,0.0
2024-10-24 01:31:59,0.0,-82.26028481677763,112.36961505681006, 0.0,-30.10933024003245,0.0
2024-10-24 01:31:59,0.0,-82.89811883726946,113.08713364741442, 0.0,-30.189014810144943,0.0
2024-10-24 01:31:59,0.0,-83.2438195623597,113.47319723907145, 0.0,-30.229377676711735,0.0
2024-10-24 01:31:59,0.0,-83.58411965331477,113.85128510173323, 0.0,-30.267165448418474,0.0
2024-10-24 01:31:59,0.0,-83.91964667068163,114.22217781234333, 0.0,-30.302531141661706,0.0
2024-10-24 01:31:59,0.0,-84.19316108180762,114.52312951622929, 0.0,-30.329968434421694,0.0
2024-10-24 01:31:59,0.0,-84.46439439800261,114.82033492375044, 0.0,-30.355940525747837,0.0
2024-10-24 01:31:59,0.0,-84.7842756943084,115.16926240536164, 0.0,-30.384986711053237,0.0
2024-10-24 01:31:59,0.0,-85.10388244462253,115.51617588007878, 0.0,-30.412293435456263,0.0
2024-10-24 01:31:59,0.0,-85.43138585465978,115.86988063536855, 0.0,-30.438494780708776,0.0
2024-10-24 01:31:59,0.0,-85.75825303965661,116.22109961133158, 0.0,-30.462846571674984,0.0
2024-10-24 01:31:59,0.0,-86.11277768712289,116.60000283200179, 0.0,-30.487225144878913,0.0
2024-10-24 01:31:59,0.0,-86.47044578075221,116.98011884292826, 0.0,-30.509673062176045,0.0
2024-10-24 01:31:59,0.0,-86.80031690427887,117.32877996459337, 0.0,-30.528463060314508,0.0
2024-10-24 01:31:59,0.0,-87.16077622972182,117.70767050346605, 0.0,-30.546894273744257,0.0
2024-10-24 01:31:59,0.0,-87.5065254282186,118.06903534373936, 0.0,-30.562509915520764,0.0
2024-10-24 01:31:59,0.0,-87.8908460349765,118.46834079378233, 0.0,-30.577494758805827,0.0
2024-10-24 01:31:59,0.0,-88.21956596149478,118.80789418703827, 0.0,-30.588328225543485,0.0
2024-10-24 01:31:59,0.0,-88.58333669027282,119.18152066699786, 0.0,-30.598183976725064,0.0
2024-10-24 01:31:59,0.0,-88.94773824248959,119.55354743197839, 0.0,-30.605809189488788,0.0
2024-10-24 01:31:59,0.0,-89.33413461823802,119.9455710542833, 0.0,-30.611436436045288,0.0
2024-10-24 01:31:59,0.0,-89.75155198719622,120.36622363319162, 0.0,-30.614671645995397,0.0
2024-10-24 01:32:00,0.0,-90.14945304306325,120.76445860478847, 0.0,-30.61500556172523,0.0
2024-10-24 01:32:00,0.0,-90.61695263351184,121.22892095126947, 0.0,-30.611968317757647,0.0
2024-10-24 01:32:00,0.0,-91.19077228160995,121.79394817946337, 0.0,-30.603175897853447,0.0
2024-10-24 01:32:00,0.0,-91.86110326415145,122.4469422998719, 0.0,-30.585839035720454,0.0
2024-10-24 01:32:00,0.0,-92.72993919379903,123.28198772284152, 0.0,-30.5520485290425,0.0
2024-10-24 01:32:00,0.0,-93.64394064225766,124.14666926765454, 0.0,-30.50272862539689,0.0
2024-10-24 01:32:00,0.0,-94.47561744181615,124.92122351170347, 0.0,-30.445606069887337,0.0
2024-10-24 01:32:00,0.0,-94.44858471725804,124.89623063820575, 0.0,-30.447645920947707,0.0
2024-10-24 01:32:00,0.0,-94.32096004930477,124.77807027669215, 0.0,-30.457110227387375,0.0
2024-10-24 01:32:00,0.0,-93.81323612770615,124.3052817470438, 0.0,-30.492045619337656,0.0
2024-10-24 01:32:00,0.0,-93.16162863656479,123.69214114787466, 0.0,-30.530512511309894,0.0
2024-10-24 01:32:00,0.0,-92.27319653158669,122.84460089306401, 0.0,-30.571404361477335,0.0
2024-10-24 01:32:00,0.0,-91.48140141507078,122.07799537586173, 0.0,-30.59659396079098,0.0
2024-10-24 01:32:00,0.0,-90.56100022452075,121.17352724172925, 0.0,-30.61252701720851,0.0
2024-10-24 01:32:00,0.0,-89.69473782681838,120.30914279567843, 0.0,-30.614404968860033,0.0
2024-10-24 01:32:00,0.0,-88.83015561812704,119.43375023638457, 0.0,-30.60359461825754,0.0
2024-10-24 01:32:00,0.0,-87.99736723692291,118.57857291024025, 0.0,-30.581205673317342,0.0
2024-10-24 01:32:00,0.0,-87.15529914289176,117.70192978520295, 0.0,-30.54663064231119,0.0
2024-10-24 01:32:00,0.0,-86.34387194046856,116.84584765248557, 0.0,-30.50197571201702,0.0
2024-10-24 01:32:00,0.0,-85.4977970303304,115.94138500301547, 0.0,-30.443587972685055,0.0
2024-10-24 01:32:00,0.0,-84.76013173289256,115.14298596994178, 0.0,-30.38285423704919,0.0
2024-10-24 01:32:00,0.0,-84.68469735669322,115.0608259786509, 0.0,-30.37612862195769,0.0
2024-10-24 01:32:00,0.0,-84.66144836008459,115.03548489664732, 0.0,-30.374036536562734,0.0
2024-10-24 01:32:00,0.0,-84.45921388173898,114.81466988678626, 0.0,-30.35545600504728,0.0
2024-10-24 01:32:00,0.0,-84.40725106344632,114.75782224226087, 0.0,-30.35057117881456,0.0
2024-10-24 01:32:00,0.0,-84.25753759745307,114.59378192709211, 0.0,-30.336244329639065,0.0
2024-10-24 01:32:00,0.0,-84.11966456518928,114.44238322762462, 0.0,-30.322718662435346,0.0
2024-10-24 01:32:00,0.0,-84.01518440461065,114.32744149400244, 0.0,-30.312257089391814,0.0
2024-10-24 01:32:00,0.0,-83.82620251229012,114.11907324952793, 0.0,-30.292870737237823,0.0
2024-10-24 01:32:00,0.0,-83.68793528272272,113.96624411449392, 0.0,-30.278308831771202,0.0
2024-10-24 01:32:00,0.0,-83.51711258679846,113.77699010201727, 0.0,-30.259877515218793,0.0
2024-10-24 01:32:00,0.0,-83.36786109335578,113.61123627533414, 0.0,-30.243375181978337,0.0
2024-10-24 01:32:00,0.0,-83.20880898294546,113.43418948813016, 0.0,-30.225380505184717,0.0
2024-10-24 01:32:00,0.0,-83.16322957866895,113.38337567406992, 0.0,-30.220146095401006,0.0
2024-10-24 01:32:00,0.0,-83.11767753085475,113.33255779358875, 0.0,-30.214880262734013,0.0
2024-10-24 01:32:00,0.0,-83.0949117434904,113.30714732576021, 0.0,-30.212235582269813,0.0
2024-10-24 01:32:00,0.0,-83.20450900881679,113.42939717642841, 0.0,-30.224888167611645,0.0
2024-10-24 01:32:01,0.0,-83.82795350170915,114.12100660043097, 0.0,-30.293053098721842,0.0
2024-10-24 01:32:01,0.0,-84.58506113137577,114.95216007263468, 0.0,-30.367098941258924,0.0
2024-10-24 01:32:01,0.0,-85.4254789585876,115.86351713639436, 0.0,-30.43803817780675,0.0
2024-10-24 01:32:01,0.0,-85.88868535869963,116.3607471845833, 0.0,-30.472061825883664,0.0
2024-10-24 01:32:01,0.0,-86.24237186006913,116.7379797986213, 0.0,-30.495607938552173,0.0
2024-10-24 01:32:01,0.0,-86.2500804118723,116.7461780553178, 0.0,-30.4960976434455,0.0
2024-10-24 01:32:01,0.0,-86.25829348399301,116.75491178071645, 0.0,-30.496618296723433,0.0
2024-10-24 01:32:01,0.0,-86.26563644247867,116.76271927004987, 0.0,-30.497082827571184,0.0
2024-10-24 01:32:01,0.0,-86.27862267040085,116.77652480783179, 0.0,-30.497902137430945,0.0
2024-10-24 01:32:01,0.0,-86.29809239225136,116.79721755926785, 0.0,-30.499125167016498,0.0
2024-10-24 01:32:01,0.0,-86.32397070082429,116.82471156984839, 0.0,-30.500740869024117,0.0
2024-10-24 01:32:01,0.0,-86.35445609599749,116.85708581831996, 0.0,-30.502629722322485,0.0
2024-10-24 01:32:01,0.0,-86.39142717756961,116.89632656819519, 0.0,-30.504899390625567,0.0
2024-10-24 01:32:01,0.0,-86.43813247555478,116.94586615755209, 0.0,-30.50773368199733,0.0
2024-10-24 01:32:01,0.0,-86.5008561496068,117.01233828934619, 0.0,-30.511482139739392,0.0
2024-10-24 01:32:01,0.0,-86.59397865652042,117.11090348187771, 0.0,-30.516924825357318,0.0
2024-10-24 01:32:02,0.0,-86.76099372069903,117.28731330995429, 0.0,-30.52631958925525,0.0
2024-10-24 01:32:02,0.0,-87.05813967225858,117.60000942213209, 0.0,-30.541869749873527,0.0
2024-10-24 01:32:02,0.0,-87.40510836554941,117.96324730805365, 0.0,-30.55813894250424,0.0
2024-10-24 01:32:02,0.0,-87.72798174457478,118.29943147550192, 0.0,-30.57144973092715,0.0
2024-10-24 01:32:02,0.0,-88.08178955802494,118.66579984200519, 0.0,-30.584010283980255,0.0
2024-10-24 01:32:02,0.0,-88.40723639119653,119.00092911278858, 0.0,-30.593692721592063,0.0
2024-10-24 01:32:02,0.0,-88.79061172584157,119.39340892233284, 0.0,-30.60279719649126,0.0
2024-10-24 01:32:02,0.0,-89.12678423494832,119.73551556919554, 0.0,-30.60873133424722,0.0
2024-10-24 01:32:02,0.0,-89.47499668455208,120.08785508530298, 0.0,-30.61285840075089,0.0
2024-10-24 01:32:02,0.0,-89.81650415321505,120.43141363066115, 0.0,-30.614909477446083,0.0
2024-10-24 01:32:02,0.0,-90.17753057628953,120.7924583102689, 0.0,-30.614927733979382,0.0
2024-10-24 01:32:02,0.0,-90.54188304771677,121.15458879074038, 0.0,-30.612705743023596,0.0
2024-10-24 01:32:02,0.0,-90.90425273789931,121.51251645756612, 0.0,-30.608263719666816,0.0
2024-10-24 01:32:02,0.0,-91.27290700226058,121.87436784958429, 0.0,-30.601460847323718,0.0
2024-10-24 01:32:02,0.0,-91.6596802590585,122.25152861546066, 0.0,-30.591848356402142,0.0
2024-10-24 01:32:02,0.0,-92.08870094554699,122.66692313119007, 0.0,-30.578222185643092,0.0
2024-10-24 01:32:02,0.0,-92.47163993746018,123.03506814620974, 0.0,-30.56342820874957,0.0
2024-10-24 01:32:02,0.0,-92.97558037670095,123.51576052807515, 0.0,-30.540180151374216,0.0
2024-10-24 01:32:02,0.0,-93.42929119670754,123.9448696966528, 0.0,-30.515578499945285,0.0
2024-10-24 01:32:02,0.0,-94.10599569500036,124.57842723266232, 0.0,-30.47243153766195,0.0
2024-10-24 01:32:02,0.0,-94.83763485704038,125.2547393080452, 0.0,-30.41710445100482,0.0
2024-10-24 01:32:02,0.0,-95.77269792931394,126.1060033170762, 0.0,-30.333305387762277,0.0
2024-10-24 01:32:02,0.0,-96.65695979933615,126.89755458200129, 0.0,-30.24059478266515,0.0
2024-10-24 01:32:02,0.0,-97.15240015709792,127.33535001912699, 0.0,-30.18294986202908,0.0
2024-10-24 01:32:02,0.0,-97.06058682097543,127.25452761028049, 0.0,-30.19394078930507,0.0
2024-10-24 01:32:02,0.0,-96.80096005319513,127.02522158029423, 0.0,-30.224261527099106,0.0
2024-10-24 01:32:02,0.0,-96.59180365534372,126.83967522592185, 0.0,-30.247871570578152,0.0
2024-10-24 01:32:02,0.0,-95.66451730253,126.0082674371372, 0.0,-30.343750134607216,0.0
2024-10-24 01:32:02,0.0,-94.79541719635105,125.21595892233915, 0.0,-30.420541725988095,0.0
2024-10-24 01:32:02,0.0,-93.89166469825243,124.37859746868182, 0.0,-30.486932770429412,0.0
2024-10-24 01:32:02,0.0,-92.97530772013596,123.51550161046274, 0.0,-30.54019389032679,0.0
2024-10-24 01:32:02,0.0,-92.11483164229976,122.69212321475716, 0.0,-30.5772915724574,0.0
2024-10-24 01:32:02,0.0,-91.25128509276111,121.85320851095042, 0.0,-30.601923418189326,0.0
2024-10-24 01:32:02,0.0,-90.38457325973832,120.99851443616323, 0.0,-30.613941176424927,0.0
2024-10-24 01:32:02,0.0,-89.47870207598436,120.09159334119673, 0.0,-30.612891265212394,0.0
2024-10-24 01:32:02,0.0,-88.91070071472164,119.51583761019303, 0.0,-30.6051368954714,0.0
2024-10-24 01:32:02,0.0,-88.38228983838599,118.97530384656723, 0.0,-30.593014008181235,0.0
2024-10-24 01:32:02,0.0,-88.06493663996339,118.64839668891085, 0.0,-30.58346004894748,0.0
2024-10-24 01:32:02,0.0,-87.67579310201606,118.24521079061078, 0.0,-30.569417688594744,0.0
2024-10-24 01:32:03,0.0,-87.3258445662207,117.88044622733587, 0.0,-30.554601661115186,0.0
2024-10-24 01:32:03,0.0,-87.01197488375023,117.55152661732677, 0.0,-30.53955173357656,0.0
2024-10-24 01:32:03,0.0,-86.36215971017593,116.86526426181433, 0.0,-30.50310455163841,0.0
2024-10-24 01:32:03,0.0,-85.95278369050867,116.42926915906145, 0.0,-30.476485468552784,0.0
2024-10-24 01:32:03,0.0,-85.722357663252,116.18261790142279, 0.0,-30.46026023817078,0.0
2024-10-24 01:32:03,0.0,-85.3614602819468,115.79451217694594, 0.0,-30.43305189499915,0.0
2024-10-24 01:32:03,0.0,-85.0035772731421,115.4074854435482, 0.0,-30.40390817040612,0.0
2024-10-24 01:32:03,0.0,-84.74562263339712,115.12719067488297, 0.0,-30.38156804148586,0.0
2024-10-24 01:32:03,0.0,-84.48854859686277,114.8467422680177, 0.0,-30.358193671154943,0.0
2024-10-24 01:32:03,0.0,-84.27397851993717,114.61181451046662, 0.0,-30.33783599052944,0.0
2024-10-24 01:32:03,0.0,-84.03574643184335,114.35007682217028, 0.0,-30.31433039032695,0.0
2024-10-24 01:32:03,0.0,-83.89688894769037,114.19708080199507, 0.0,-30.300191854304707,0.0
2024-10-24 01:32:03,0.0,-83.79255475931654,114.081911211543, 0.0,-30.28935645222647,0.0
2024-10-24 01:32:03,0.0,-83.68836082862012,113.96671496746016, 0.0,-30.278354138840047,0.0
2024-10-24 01:32:03,0.0,-83.61389668138806,113.88427674236367, 0.0,-30.270380060975604,0.0
2024-10-24 01:32:03,0.0,-83.45855798601316,113.7120055609134, 0.0,-30.253447574900246,0.0
2024-10-24 01:32:03,0.0,-83.35589216461685,113.59792788714337, 0.0,-30.242035722526524,0.0
2024-10-24 01:32:03,0.0,-83.24782784077536,113.47766184149654, 0.0,-30.229834000721176,0.0
2024-10-24 01:32:03,0.0,-83.11038168012873,113.32441533012242, 0.0,-30.21403364999371,0.0
2024-10-24 01:32:03,0.0,-83.00818335301413,113.21026474643737, 0.0,-30.202081393423253,0.0
2024-10-24 01:32:03,0.0,-82.78768053782996,112.96338191277236, 0.0,-30.175701374942417,0.0
2024-10-24 01:32:03,0.0,-82.53968337120492,112.68475000424422, 0.0,-30.1450666330393,0.0
2024-10-24 01:32:03,0.0,-82.2911478723765,112.4044892298085, 0.0,-30.11334135743199,0.0
2024-10-24 01:32:03,0.0,-82.00043143093077,112.07536424544352, 0.0,-30.074932814512756,0.0
2024-10-24 01:32:03,0.0,-81.78275723102347,111.82801608523827, 0.0,-30.045258854214833,0.0
2024-10-24 01:32:03,0.0,-81.6490483305976,111.67569142476884, 0.0,-30.02664309417125,0.0
2024-10-24 01:32:03,0.0,-81.48239624262546,111.48542390096492, 0.0,-30.00302765833946,0.0
2024-10-24 01:32:03,0.0,-81.34918869358107,111.33301081184672, 0.0,-29.983822118265643,0.0
2024-10-24 01:32:03,0.0,-81.26613023058202,111.23782918896448, 0.0,-29.971698958382476,0.0
2024-10-24 01:32:03,0.0,-80.96655292527059,110.89358242812696, 0.0,-29.927029502856392,0.0
2024-10-24 01:32:03,0.0,-80.80129473718105,110.70305147611779, 0.0,-29.90175673893673,0.0
2024-10-24 01:32:03,0.0,-80.63067605265671,110.505869905018, 0.0,-29.875193852361278,0.0
2024-10-24 01:32:03,0.0,-80.38926189591943,110.22605571369668, 0.0,-29.836793817777256,0.0
2024-10-24 01:32:03,0.0,-80.17584989842126,109.97790337889658, 0.0,-29.80205348047533,0.0
2024-10-24 01:32:03,0.0,-80.0720082916605,109.85688862675944, 0.0,-29.784880335098947,0.0
2024-10-24 01:32:03,0.0,-79.94105756322139,109.70403047715632, 0.0,-29.762972913934956,0.0
2024-10-24 01:32:03,0.0,-79.8428114905465,109.58916462917988, 0.0,-29.746353138633395,0.0
2024-10-24 01:32:03,0.0,-79.7718529550164,109.50610454160677, 0.0,-29.734251586590386,0.0
2024-10-24 01:32:03,0.0,-79.72811360433238,109.45486483669521, 0.0,-29.726751232362833,0.0
2024-10-24 01:32:03,0.0,-79.65725042763182,109.371784026165, 0.0,-29.714533598533183,0.0
2024-10-24 01:32:03,0.0,-79.61356968946869,109.32053149678646, 0.0,-29.70696180731777,0.0
2024-10-24 01:32:03,0.0,-79.54809028621123,109.24364348346673, 0.0,-29.695553197255503,0.0
2024-10-24 01:32:03,0.0,-79.49917866373791,109.1861643878501, 0.0,-29.686985724112198,0.0
2024-10-24 01:32:03,0.0,-79.42850419815753,109.10304171963406, 0.0,-29.67453752147655,0.0
2024-10-24 01:32:03,0.0,-79.38493945064941,109.05176328608661, 0.0,-29.66682383543719,0.0
2024-10-24 01:32:03,0.0,-79.31435834442965,108.9686194804357, 0.0,-29.654261136006056,0.0
2024-10-24 01:32:03,0.0,-79.2926019351536,108.94297434887166, 0.0,-29.650372413718078,0.0
2024-10-24 01:32:04,0.0,-79.38798279569215,109.05534649530374, 0.0,-29.667363699611595,0.0
2024-10-24 01:32:04,0.0,-79.4886590047637,109.173796998321, 0.0,-29.685137993557294,0.0
2024-10-24 01:32:04,0.0,-79.53395736015977,109.22703899779486, 0.0,-29.693081637635082,0.0
2024-10-24 01:32:04,0.0,-79.57927735393834,109.28027303691252, 0.0,-29.700995682974188,0.0
2024-10-24 01:32:04,0.0,-79.64678643678502,109.35950899447815, 0.0,-29.712722557693155,0.0
2024-10-24 01:32:04,0.0,-79.7182905847738,109.44335309638187, 0.0,-29.72506251160806,0.0
2024-10-24 01:32:04,0.0,-79.92286440807236,109.68277155692283, 0.0,-29.75990714885047,0.0
2024-10-24 01:32:04,0.0,-80.13591452087039,109.9313844035652, 0.0,-29.795469882694828,0.0
2024-10-24 01:32:04,0.0,-80.4212701840197,110.26321022191799, 0.0,-29.841940037898294,0.0
2024-10-24 01:32:04,0.0,-80.4660288623146,110.31513697268747, 0.0,-29.84910811037286,0.0
2024-10-24 01:32:04,0.0,-80.48841725121568,110.3410985382848, 0.0,-29.85268128706911,0.0
2024-10-24 01:32:04,0.0,-80.51081168415732,110.36705889935315, 0.0,-29.85624721519584,0.0
2024-10-24 01:32:04,0.0,-80.63404908527316,110.50977269701961, 0.0,-29.87572361174645,0.0
2024-10-24 01:32:04,0.0,-80.706393218529,110.59343409066909, 0.0,-29.887040872140084,0.0
2024-10-24 01:32:04,0.0,-80.77880099534089,110.67708311533737, 0.0,-29.898282119996487,0.0
2024-10-24 01:32:04,0.0,-80.80127379064912,110.70302729782848, 0.0,-29.901753507179386,0.0
2024-10-24 01:32:04,0.0,-80.82476102991151,110.7301337661319, 0.0,-29.905372736220386,0.0
2024-10-24 01:32:04,0.0,-80.89727161919406,110.8137606122087, 0.0,-29.91648899301463,0.0
2024-10-24 01:32:04,0.0,-80.97097319574387,110.89867252532694, 0.0,-29.927699329583078,0.0
2024-10-24 01:32:04,0.0,-81.06615639931874,111.00820141807237, 0.0,-29.94204501875363,0.0
2024-10-24 01:32:04,0.0,-81.16650530201667,111.12351322712904, 0.0,-29.957007925112375,0.0
2024-10-24 01:32:04,0.0,-81.33437129506828,111.31603900347993, 0.0,-29.981667708411663,0.0
2024-10-24 01:32:04,0.0,-81.54161535357738,111.5530871381685, 0.0,-30.011471784591116,0.0
2024-10-24 01:32:04,0.0,-81.91008024255974,111.9727912268925, 0.0,-30.06271098433276,0.0
2024-10-24 01:32:04,0.0,-82.08405079407935,112.17017449079438, 0.0,-30.086123696715042,0.0
2024-10-24 01:32:04,0.0,-82.42596554734989,112.55664336079788, 0.0,-30.130677813447996,0.0
2024-10-24 01:32:04,0.0,-82.7298598109161,112.89850999487128, 0.0,-30.168650183955176,0.0
2024-10-24 01:32:04,0.0,-83.22670067376825,113.45412643136292, 0.0,-30.227425757594684,0.0
2024-10-24 01:32:04,0.0,-84.12321478515838,114.44628572245092, 0.0,-30.323070937292567,0.0
2024-10-24 01:32:04,0.0,-84.69142766030019,115.06816022381349, 0.0,-30.376732563513304,0.0
2024-10-24 01:32:04,0.0,-85.16477029512717,115.58207137315597, 0.0,-30.417301078028803,0.0
2024-10-24 01:32:04,0.0,-85.60057051462151,116.0518941129207, 0.0,-30.45132359829919,0.0
2024-10-24 01:32:04,0.0,-85.7128819302566,116.17245580393983, 0.0,-30.459573873683226,0.0
2024-10-24 01:32:04,0.0,-85.7902445184567,116.25537785671192, 0.0,-30.465133338255228,0.0
2024-10-24 01:32:04,0.0,-85.83734568247897,116.30581446919722, 0.0,-30.468468786718244,0.0
2024-10-24 01:32:04,0.0,-85.91484704244428,116.38872273418863, 0.0,-30.473875691744354,0.0
2024-10-24 01:32:04,0.0,-86.02191077121823,116.50308935451086, 0.0,-30.48117858329264,0.0
2024-10-24 01:32:04,0.0,-86.16339275226382,116.6539256272549, 0.0,-30.490532874991093,0.0
2024-10-24 01:32:04,0.0,-86.32462710294774,116.82540880730095, 0.0,-30.50078170435322,0.0
2024-10-24 01:32:04,0.0,-86.37303419509405,116.87680731578924, 0.0,-30.503773120695197,0.0
2024-10-24 01:32:04,0.0,-86.42147505032983,116.92820210549954, 0.0,-30.506727055169705,0.0
2024-10-24 01:32:04,0.0,-86.49419983161857,117.00528732872085, 0.0,-30.511087497102288,0.0
2024-10-24 01:32:04,0.0,-86.57243707906498,117.08811588615438, 0.0,-30.515678807089408,0.0
2024-10-24 01:32:04,0.0,-86.65076299931887,117.17093483546684, 0.0,-30.52017183614797,0.0
2024-10-24 01:32:04,0.0,-86.92014344418017,117.45497710514437, 0.0,-30.534833660964185,0.0
2024-10-24 01:32:04,0.0,-86.9744382536677,117.51207866351871, 0.0,-30.537640409851026,0.0
2024-10-24 01:32:04,0.0,-87.28784545869735,117.84071367509435, 0.0,-30.55286821639702,0.0
2024-10-24 01:32:04,0.0,-87.67382524162427,118.24316540707565, 0.0,-30.569340165451386,0.0
2024-10-24 01:32:04,0.0,-87.81983114327042,118.39474523662597, 0.0,-30.574914093355556,0.0
2024-10-24 01:32:04,0.0,-87.95357971974975,118.53328320126315, 0.0,-30.579703481513384,0.0
2024-10-24 01:32:04,0.0,-88.06981064506232,118.65343032082278, 0.0,-30.583619675760477,0.0
2024-10-24 01:32:04,0.0,-88.23562338263127,118.82443393788627, 0.0,-30.588810555254998,0.0
2024-10-24 01:32:04,0.0,-88.29098626973388,118.88142632538249, 0.0,-30.59044005564865,0.0
2024-10-24 01:32:04,0.0,-88.40185080695437,118.99539789672454, 0.0,-30.593547089770162,0.0
2024-10-24 01:32:04,0.0,-88.45176317619375,119.04664112673655, 0.0,-30.59487795054281,0.0
2024-10-24 01:32:04,0.0,-88.4767334881164,119.07226140959071, 0.0,-30.595527921474346,0.0
2024-10-24 01:32:05,0.0,-88.52762190051021,119.12444173888211, 0.0,-30.596819838371907,0.0
2024-10-24 01:32:05,0.0,-88.55262028245512,119.15005869306401, 0.0,-30.597438410608888,0.0
2024-10-24 01:32:05,0.0,-88.6026454731675,119.20128994171921, 0.0,-30.59864446855173,0.0
2024-10-24 01:32:05,0.0,-88.65270864869616,119.25251764611596, 0.0,-30.599808997419796,0.0
2024-10-24 01:32:05,0.0,-88.67775451172582,119.2781301699616, 0.0,-30.60037565823579,0.0
2024-10-24 01:32:05,0.0,-88.72879212517338,119.330289609766, 0.0,-30.601497484592628,0.0
2024-10-24 01:32:05,0.0,-88.7789501554421,119.38150713150381, 0.0,-30.602556976061717,0.0
2024-10-24 01:32:05,0.0,-88.86090782304531,119.46510425856424, 0.0,-30.604196435518933,0.0
2024-10-24 01:32:05,0.0,-88.91679384905825,119.5220429429066, 0.0,-30.60524909384833,0.0
2024-10-24 01:32:05,0.0,-88.94193935633403,119.54764482115142, 0.0,-30.605705464817408,0.0
2024-10-24 01:32:05,0.0,-89.14684131131385,119.75586614813687, 0.0,-30.609024836823046,0.0
2024-10-24 01:32:05,0.0,-89.33312714983691,119.94455220430551, 0.0,-30.611425054468587,0.0
2024-10-24 01:32:05,0.0,-89.45181390974057,120.06446141044496, 0.0,-30.6126475007044,0.0
2024-10-24 01:32:05,0.0,-89.68262814380874,120.29696919642984, 0.0,-30.6143410526211,0.0
2024-10-24 01:32:05,0.0,-89.8457188338556,120.46071196413155, 0.0,-30.614993130275955,0.0
2024-10-24 01:32:05,0.0,-90.0909431984375,120.70606799599139, 0.0,-30.615124797553893,0.0
2024-10-24 01:32:05,0.0,-90.1735315715473,120.78847120657504, 0.0,-30.61493963502774,0.0
2024-10-24 01:32:05,0.0,-90.2572353892789,120.87186936616384, 0.0,-30.614633976884924,0.0
2024-10-24 01:32:05,0.0,-90.37250655749486,120.98652517532996, 0.0,-30.61401861783513,0.0
2024-10-24 01:32:05,0.0,-90.58928270261926,121.20153394500598, 0.0,-30.61225124238672,0.0
2024-10-24 01:32:05,0.0,-90.87112542584502,121.47988766707591, 0.0,-30.608762241230895,0.0
2024-10-24 01:32:05,0.0,-91.2036184928157,121.80653369077521, 0.0,-30.602915197959508,0.0
2024-10-24 01:32:05,0.0,-91.44085628732535,122.0384543751544, 0.0,-30.597598087829063,0.0
2024-10-24 01:32:05,0.0,-91.69342007916855,122.28430973503058, 0.0,-30.590889655862032,0.0
2024-10-24 01:32:05,0.0,-91.8103077625716,122.39772702946935, 0.0,-30.58741926689775,0.0
2024-10-24 01:32:05,0.0,-91.92741655684316,122.5111268640479, 0.0,-30.583710307204754,0.0
2024-10-24 01:32:05,0.0,-92.16743601785053,122.74281909937437, 0.0,-30.57538308152383,0.0
2024-10-24 01:32:05,0.0,-92.32401144297181,122.8934368278689, 0.0,-30.569425384897077,0.0
2024-10-24 01:32:05,0.0,-92.57910345985348,123.13793428834028, 0.0,-30.5588308284868,0.0
2024-10-24 01:32:05,0.0,-92.66503465414151,123.22004875421597, 0.0,-30.555014100074477,0.0
2024-10-24 01:32:05,0.0,-92.71840470853648,123.27098546667935, 0.0,-30.552580758142877,0.0
2024-10-24 01:32:05,0.0,-92.77182153364392,123.32191859966093, 0.0,-30.550097066017027,0.0
2024-10-24 01:32:05,0.0,-92.88478893000008,123.42947455667306, 0.0,-30.544685626672976,0.0
2024-10-24 01:32:05,0.0,-92.97115286490754,123.51155595974862, 0.0,-30.5404030948411,0.0
2024-10-24 01:32:05,0.0,-93.05763985099259,123.59362801549453, 0.0,-30.535988164501948,0.0
2024-10-24 01:32:05,0.0,-93.1771628196241,123.70684168008319, 0.0,-30.529678860459107,0.0
2024-10-24 01:32:05,0.0,-93.37582008009926,123.8944786332757, 0.0,-30.51865855317642,0.0
2024-10-24 01:32:05,0.0,-93.56260691494603,124.07029601403303, 0.0,-30.50768909908702,0.0
2024-10-24 01:32:05,0.0,-93.78889882469115,124.28250993885729, 0.0,-30.493611114166136,0.0
2024-10-24 01:32:05,0.0,-94.03640820732134,124.51363276008995, 0.0,-30.47722455276861,0.0
2024-10-24 01:32:05,0.0,-94.24488309005687,124.70750456218818, 0.0,-30.462621472131328,0.0
2024-10-24 01:32:05,0.0,-94.56780604764775,125.00636324865455, 0.0,-30.438557201006805,0.0
2024-10-24 01:32:05,0.0,-95.03439167890195,125.43508165491814, 0.0,-30.4006899760162,0.0
2024-10-24 01:32:05,0.0,-95.45045559438287,125.8142955409855, 0.0,-30.36383994660264,0.0
2024-10-24 01:32:05,0.0,-95.70503988365638,126.04490054919528, 0.0,-30.33986066553891,0.0
2024-10-24 01:32:05,0.0,-95.87118067463743,126.19480729998159, 0.0,-30.32362662534417,0.0
2024-10-24 01:32:05,0.0,-96.05929037577033,126.36397888400225, 0.0,-30.304688508231933,0.0
2024-10-24 01:32:05,0.0,-96.11580015238047,126.4146839236187, 0.0,-30.29888377123823,0.0
2024-10-24 01:32:05,0.0,-96.24166899306164,126.5274315996661, 0.0,-30.285762606604493,0.0
2024-10-24 01:32:05,0.0,-96.3687493385484,126.64099604238221, 0.0,-30.272246703833833,0.0
2024-10-24 01:32:05,0.0,-96.45398719725597,126.71701719321304, 0.0,-30.26302999595709,0.0
2024-10-24 01:32:05,0.0,-96.48326385216637,126.74310021290108, 0.0,-30.25983636073472,0.0
2024-10-24 01:32:05,0.0,-96.57504759122047,126.82477907599817, 0.0,-30.24973148477771,0.0
2024-10-24 01:32:05,0.0,-96.78654345767333,127.01245575185072, 0.0,-30.22591229417738,0.0
2024-10-24 01:32:05,0.0,-96.9977780841825,127.1991569128082, 0.0,-30.201378828625707,0.0
2024-10-24 01:32:05,0.0,-97.2592624384124,127.42924339764656, 0.0,-30.169980959234167,0.0
2024-10-24 01:32:05,0.0,-97.58640259493298,127.71550252148819, 0.0,-30.129099926555213,0.0
2024-10-24 01:32:05,0.0,-97.80062023341509,127.90198864596181, 0.0,-30.101368412546716,0.0
2024-10-24 01:32:06,0.0,-98.22974502410042,128.27327575319944, 0.0,-30.04353072909903,0.0
2024-10-24 01:32:06,0.0,-98.55417897690792,128.55196243963306, 0.0,-29.99778346272516,0.0
2024-10-24 01:32:06,0.0,-98.94077190003682,128.8817777355988, 0.0,-29.941005835561988,0.0
2024-10-24 01:32:06,0.0,-99.16019453610272,129.06788076207536, 0.0,-29.90768622597263,0.0
2024-10-24 01:32:06,0.0,-99.29297566283245,129.1801148872427, 0.0,-29.887139224410248,0.0
2024-10-24 01:32:06,0.0,-99.42607281789671,129.29232587973837, 0.0,-29.866253061841675,0.0
2024-10-24 01:32:06,0.0,-99.60343249404255,129.44140236830913, 0.0,-29.83796987426661,0.0
2024-10-24 01:32:06,0.0,-99.82547819822442,129.62731315254496, 0.0,-29.801834954320533,0.0
2024-10-24 01:32:06,0.0,-100.02011494578227,129.78961269859917, 0.0,-29.76949775281692,0.0
2024-10-24 01:32:06,0.0,-100.2438272602571,129.97539361205037, 0.0,-29.731566351793266,0.0
2024-10-24 01:32:06,0.0,-100.42381368345767,130.1242706528163, 0.0,-29.70045696935865,0.0
2024-10-24 01:32:06,0.0,-100.6724837094705,130.32909295678542, 0.0,-29.656609247314933,0.0
2024-10-24 01:32:06,0.0,-100.89885540762582,130.51467575547247, 0.0,-29.615820347846675,0.0
2024-10-24 01:32:06,0.0,-101.23924264463201,130.79216739930146, 0.0,-29.552924754669448,0.0
2024-10-24 01:32:06,0.0,-101.42251329957803,130.94079810506673, 0.0,-29.518284805488697,0.0
2024-10-24 01:32:06,0.0,-101.56083382797799,131.05261577017205, 0.0,-29.491781942194066,0.0
2024-10-24 01:32:06,0.0,-101.6925158562003,131.15878038517602, 0.0,-29.466264528975735,0.0
2024-10-24 01:32:06,0.0,-101.75497769555163,131.2090407067747, 0.0,-29.454063011223067,0.0
2024-10-24 01:32:06,0.0,-101.89414150588618,131.32079408290338, 0.0,-29.42665257701719,0.0
2024-10-24 01:32:06,0.0,-102.03366047115406,131.43252024555005, 0.0,-29.398859774395987,0.0
2024-10-24 01:32:06,0.0,-102.38213892978924,131.71021635967932, 0.0,-29.328077429890087,0.0
2024-10-24 01:32:06,0.0,-102.56928804999562,131.85854975054562, 0.0,-29.28926170055,0.0
2024-10-24 01:32:06,0.0,-102.6716413508109,131.93943772491005, 0.0,-29.26779637409916,0.0
2024-10-24 01:32:06,0.0,-102.77418772574022,132.02031063912494, 0.0,-29.24612291338473,0.0
2024-10-24 01:32:06,0.0,-102.9870186974911,132.18762435739552, 0.0,-29.20060565990441,0.0
2024-10-24 01:32:06,0.0,-103.17712513431185,132.33646414872118, 0.0,-29.15933901440935,0.0
2024-10-24 01:32:06,0.0,-103.42231007790818,132.52757919215668, 0.0,-29.105269114248518,0.0
2024-10-24 01:32:06,0.0,-103.77981213366427,132.80453627806708, 0.0,-29.024724144402846,0.0
2024-10-24 01:32:06,0.0,-104.02041769256951,132.9897972287645, 0.0,-28.96937953619499,0.0
2024-10-24 01:32:06,0.0,-104.39024626436033,133.27278022749775, 0.0,-28.882533963137433,0.0
2024-10-24 01:32:06,0.0,-104.49685224543055,133.3539535288787, 0.0,-28.85710128344813,0.0
2024-10-24 01:32:06,0.0,-104.52972847848581,133.37895063574337, 0.0,-28.84922215725756,0.0
2024-10-24 01:32:06,0.0,-104.56262483416205,133.40394609571777, 0.0,-28.841321261555745,0.0
2024-10-24 01:32:06,0.0,-104.66881609942394,133.48451721587978, 0.0,-28.815701116455845,0.0
2024-10-24 01:32:06,0.0,-104.8649744199001,133.63288586822776, 0.0,-28.76791144832767,0.0
2024-10-24 01:32:06,0.0,-105.16752878883408,133.86055235213917, 0.0,-28.6930235633051,0.0
2024-10-24 01:32:06,0.0,-105.41345204003036,134.04455551818086, 0.0,-28.63110347815049,0.0
2024-10-24 01:32:06,0.0,-105.59671417616887,134.18106444942185, 0.0,-28.584350273253,0.0
2024-10-24 01:32:06,0.0,-105.63100934252293,134.20655255431748, 0.0,-28.57554321179456,0.0
2024-10-24 01:32:06,0.0,-105.7393292675364,134.28693620411948, 0.0,-28.54760693658309,0.0
2024-10-24 01:32:06,0.0,-105.84786924428464,134.36730121375038, 0.0,-28.519431969465728,0.0
2024-10-24 01:32:06,0.0,-106.12353892706072,134.57059499747368, 0.0,-28.44705607041296,0.0
2024-10-24 01:32:06,0.0,-106.27442145147019,134.6813684269616, 0.0,-28.406946975491383,0.0
2024-10-24 01:32:06,0.0,-106.38478536134163,134.76217276985938, 0.0,-28.377387408517773,0.0
2024-10-24 01:32:06,0.0,-106.46054202932159,134.81753078415687, 0.0,-28.356988754835296,0.0
2024-10-24 01:32:06,0.0,-106.52949454888811,134.86784028162214, 0.0,-28.338345732734012,0.0
2024-10-24 01:32:06,0.0,-106.6746778315925,134.9735316137348, 0.0,-28.298853782142288,0.0
2024-10-24 01:32:06,0.0,-106.78512930481133,135.05372276522897, 0.0,-28.26859346041763,0.0
2024-10-24 01:32:06,0.0,-106.89581054827147,135.1338938374716, 0.0,-28.238083289200112,0.0
2024-10-24 01:32:06,0.0,-107.100223149372,135.2814674573698, 0.0,-28.18124430799784,0.0
2024-10-24 01:32:07,0.0,-107.16926550302568,135.33116818381146, 0.0,-28.161902680785772,0.0
2024-10-24 01:32:07,0.0,-107.2038203502034,135.35601557107813, 0.0,-28.152195220874727,0.0
2024-10-24 01:32:07,0.0,-107.27299754423541,135.40570436912614, 0.0,-28.132706824890747,0.0
2024-10-24 01:32:07,0.0,-107.30834149130573,135.4310632751901, 0.0,-28.122721783884376,0.0
2024-10-24 01:32:07,0.0,-107.34298610069612,135.45590201468806, 0.0,-28.112915913991934,0.0
2024-10-24 01:32:07,0.0,-107.37765332657679,135.4807387438453, 0.0,-28.103085417268538,0.0
2024-10-24 01:32:07,0.0,-107.41234320098253,135.50557345766407, 0.0,-28.09323025668156,0.0
2024-10-24 01:32:07,0.0,-107.48179102376731,135.55523681923563, 0.0,-28.073445795468327,0.0
2024-10-24 01:32:07,0.0,-107.6714207756274,135.69047257721385, 0.0,-28.01905180158644,0.0
2024-10-24 01:32:07,0.0,-107.78396008610132,135.77047378866894, 0.0,-27.986513702567613,0.0
2024-10-24 01:32:07,0.0,-107.85389635592395,135.82009334228204, 0.0,-27.966196986358092,0.0
2024-10-24 01:32:07,0.0,-107.9239249916161,135.8697045549694, 0.0,-27.945779563353273,0.0
2024-10-24 01:32:07,0.0,-107.95897402859437,135.89450702037558, 0.0,-27.935532991781223,0.0
2024-10-24 01:32:07,0.0,-107.99404625546194,135.9193073848133, 0.0,-27.92526112935138,0.0
2024-10-24 01:32:07,0.0,-108.06426041054372,135.96890178963025, 0.0,-27.90464137908654,0.0
2024-10-24 01:32:07,0.0,-108.09940240473223,135.99369581940212, 0.0,-27.89429341466991,0.0
2024-10-24 01:32:07,0.0,-108.03018968778404,135.94484585707835, 0.0,-27.91465616929429,0.0
2024-10-24 01:32:07,0.0,-107.71307416670572,135.7201051589145, 0.0,-28.00703099220876,0.0
2024-10-24 01:32:07,0.0,-106.87368569766441,135.11788282899562, 0.0,-28.244197131331205,0.0
2024-10-24 01:32:07,0.0,-105.9236624387957,134.42331202643882, 0.0,-28.499649587643102,0.0
2024-10-24 01:32:07,0.0,-104.94291046518826,133.69166771752143, 0.0,-28.748757252333164,0.0
2024-10-24 01:32:07,0.0,-103.89034367999746,132.88975646936348, 0.0,-28.999412789366048,0.0
2024-10-24 01:32:07,0.0,-102.98636327812093,132.18711021675418, 0.0,-29.20074693863326,0.0
2024-10-24 01:32:07,0.0,-102.38598490890448,131.71327029864145, 0.0,-29.327285389736975,0.0
2024-10-24 01:32:07,0.0,-101.94718661345176,131.3633092035976, 0.0,-29.416122590145857,0.0
2024-10-24 01:32:07,0.0,-101.52459009747481,131.02334633686868, 0.0,-29.498756239393867,0.0
2024-10-24 01:32:07,0.0,-101.1422495806615,130.71328737282334, 0.0,-29.571037792161846,0.0
2024-10-24 01:32:07,0.0,-100.71982960423271,130.36797656574947, 0.0,-29.64814696151675,0.0
2024-10-24 01:32:07,0.0,-100.3168749336176,130.03587909672498, 0.0,-29.71900416310739,0.0
2024-10-24 01:32:07,0.0,-99.9069769064468,129.69534684890274, 0.0,-29.78836994245593,0.0
2024-10-24 01:32:07,0.0,-99.52288400624082,129.37376264381226, 0.0,-29.85087863757143,0.0
2024-10-24 01:32:07,0.0,-99.02769153686131,128.95559314335307, 0.0,-29.927901606491755,0.0
2024-10-24 01:32:07,0.0,-98.73487936451983,128.70643026410832, 0.0,-29.971550899588507,0.0
2024-10-24 01:32:07,0.0,-98.40416418446117,128.42331659934231, 0.0,-30.01915241488114,0.0
2024-10-24 01:32:07,0.0,-98.20943787688358,128.25577425358188, 0.0,-30.0463363766983,0.0
2024-10-24 01:32:07,0.0,-98.17962327401663,128.23006650856786, 0.0,-30.050443234551242,0.0
2024-10-24 01:32:08,0.0,-98.16093008980974,128.21394075325946, 0.0,-30.053010663449736,0.0
2024-10-24 01:32:08,0.0,-97.81819985636312,127.91725874083778, 0.0,-30.099058884474655,0.0
2024-10-24 01:32:08,0.0,-97.499384129357,127.63953170970831, 0.0,-30.140147580351325,0.0
2024-10-24 01:32:08,0.0,-97.09627170600248,127.2859573296381, 0.0,-30.18968562363562,0.0
2024-10-24 01:32:08,0.0,-96.69671729474643,126.93283710523231, 0.0,-30.236119810485867,0.0
2024-10-24 01:32:08,0.0,-96.30612004371147,126.58506151975516, 0.0,-30.27894147604368,0.0
2024-10-24 01:32:08,0.0,-95.91565250117326,126.23485530302756, 0.0,-30.319202801854303,0.0
2024-10-24 01:32:08,0.0,-95.53413252817131,125.89021074470975, 0.0,-30.356078216538457,0.0
2024-10-24 01:32:08,0.0,-95.12078433108042,125.51406160139749, 0.0,-30.393277270317064,0.0
2024-10-24 01:32:08,0.0,-94.58068267238419,125.01824393097637, 0.0,-30.437561258592186,0.0
2024-10-24 01:32:08,0.0,-93.85773924860096,124.34689638376273, 0.0,-30.48915713516176,0.0
2024-10-24 01:32:08,0.0,-92.96291042789338,123.50372768113913, 0.0,-30.540817253245745,0.0
2024-10-24 01:32:08,0.0,-92.04474932941797,122.62451073085622, 0.0,-30.579761401438258,0.0
2024-10-24 01:32:08,0.0,-92.0820771287101,122.66053337749688, 0.0,-30.57845624878679,0.0
2024-10-24 01:32:08,0.0,-92.25891129405667,122.83086412363195, 0.0,-30.57195282957528,0.0
2024-10-24 01:32:08,0.0,-92.31202124108745,122.88191752018128, 0.0,-30.569896279093847,0.0
2024-10-24 01:32:08,0.0,-92.43128088437845,122.996385234319, 0.0,-30.56510434994056,0.0
2024-10-24 01:32:09,0.0,-92.51715257118562,123.07865755410366, 0.0,-30.56150498291804,0.0
2024-10-24 01:32:09,0.0,-92.49090121399512,123.0535197756977, 0.0,-30.562618561702582,0.0
2024-10-24 01:32:09,0.0,-92.4384322592258,123.00324161581325, 0.0,-30.56480935658746,0.0
2024-10-24 01:32:09,0.0,-92.35162509029207,122.91995674623875, 0.0,-30.568331655946686,0.0
2024-10-24 01:32:09,0.0,-92.26677287443215,122.8384242933607, 0.0,-30.571651418928564,0.0
2024-10-24 01:32:09,0.0,-92.14219271978132,122.71849747484481, 0.0,-30.576304755063507,0.0
2024-10-24 01:32:09,0.0,-92.05665062790365,122.6359984659103, 0.0,-30.57934783800667,0.0
2024-10-24 01:32:09,0.0,-91.9712224061978,122.55348566372037, 0.0,-30.582263257522577,0.0
2024-10-24 01:32:09,0.0,-91.82764749533932,122.4145322402546, 0.0,-30.586884744915267,0.0
2024-10-24 01:32:09,0.0,-91.67281639051151,122.26429378202384, 0.0,-30.591477391512342,0.0
2024-10-24 01:32:09,0.0,-91.3257358950703,121.92603322047046, 0.0,-30.60029732540019,0.0
2024-10-24 01:32:09,0.0,-91.01828556013393,121.6246910305502, 0.0,-30.60640547041627,0.0
2024-10-24 01:32:09,0.0,-90.54768278762894,121.160334963768, 0.0,-30.612652176139044,0.0
2024-10-24 01:32:09,0.0,-90.31287809447473,120.92724315577742, 0.0,-30.614365061302696,0.0
2024-10-24 01:32:09,0.0,-90.07902883070275,120.69417079544075, 0.0,-30.615141964738008,0.0
2024-10-24 01:32:09,0.0,-89.84590925142075,120.4609028794699, 0.0,-30.614993628049152,0.0
2024-10-24 01:32:09,0.0,-89.69582841488445,120.31023901795503, 0.0,-30.61441060307057,0.0
2024-10-24 01:32:09,0.0,-89.36975706911372,119.98158487969991, 0.0,-30.611827810586203,0.0
2024-10-24 01:32:09,0.0,-89.18376122803704,119.79330850007602, 0.0,-30.609547272038984,0.0
2024-10-24 01:32:09,0.0,-89.0651857224444,119.67297303696765, 0.0,-30.60778731452325,0.0
2024-10-24 01:32:09,0.0,-88.95374105189623,119.55965701333747, 0.0,-30.605915961441244,0.0
2024-10-24 01:32:09,0.0,-88.84759077269082,119.45152856225954, 0.0,-30.603937789568715,0.0
2024-10-24 01:32:09,0.0,-88.79803270940108,119.40098157333034, 0.0,-30.60294886392926,0.0
2024-10-24 01:32:09,0.0,-88.68104388757419,119.28149317812047, 0.0,-30.600449290546283,0.0
2024-10-24 01:32:09,0.0,-88.6009216413178,119.19952525527856, 0.0,-30.598603613960773,0.0
2024-10-24 01:32:09,0.0,-88.41708348024257,119.01104120709498, 0.0,-30.593957726852384,0.0
2024-10-24 01:32:09,0.0,-88.09222411932329,118.67657267354956, 0.0,-30.584348554226267,0.0
2024-10-24 01:32:09,0.0,-88.0009404206116,118.58226724464872, 0.0,-30.58132682403713,0.0
2024-10-24 01:32:09,0.0,-87.8549972943606,118.4311999857294, 0.0,-30.576202691368827,0.0
2024-10-24 01:32:09,0.0,-87.62952488377849,118.19710251385932, 0.0,-30.567577630080827,0.0
2024-10-24 01:32:09,0.0,-87.22580830053259,117.77579404467271, 0.0,-30.549985744140137,0.0
2024-10-24 01:32:09,0.0,-86.6355861758301,117.15489550888687, 0.0,-30.51930933305678,0.0
2024-10-24 01:32:09,0.0,-86.17337415264699,116.66455422111255, 0.0,-30.491180068465574,0.0
2024-10-24 01:32:09,0.0,-85.30360277189065,115.73208898167375, 0.0,-30.42848620978313,0.0
2024-10-24 01:32:09,0.0,-84.53287391580226,114.89517689636182, 0.0,-30.362302980559576,0.0
2024-10-24 01:32:09,0.0,-83.74172102115944,114.02573235715036, 0.0,-30.284011335990936,0.0
2024-10-24 01:32:09,0.0,-82.8863878014727,113.07399805052337, 0.0,-30.187610249050675,0.0
2024-10-24 01:32:09,0.0,-82.0549294925781,112.1371689813083, 0.0,-30.08223948873022,0.0
2024-10-24 01:32:09,0.0,-81.26605837016204,111.23774679064972, 0.0,-29.971688420487684,0.0
2024-10-24 01:32:09,0.0,-80.42280747849229,110.26499425702023, 0.0,-29.842186778527964,0.0
2024-10-24 01:32:09,0.0,-80.12153308731942,109.91462571907515, 0.0,-29.79309263175574,0.0
2024-10-24 01:32:09,0.0,-80.07753369774794,109.86333225151198, 0.0,-29.785798553764046,0.0
2024-10-24 01:32:09,0.0,-80.00625014699958,109.78016444809477, 0.0,-29.773914301095196,0.0
2024-10-24 01:32:09,0.0,-79.93502672443373,109.69698396786859, 0.0,-29.761957243434882,0.0
2024-10-24 01:32:09,0.0,-79.86817455362049,109.61883330063846, 0.0,-29.75065874701795,0.0
2024-10-24 01:32:09,0.0,-79.84623730426719,109.59317261821958, 0.0,-29.746935313952406,0.0
2024-10-24 01:32:09,0.0,-79.82430571872106,109.56751071893163, 0.0,-29.743205000210565,0.0
2024-10-24 01:32:10,0.0,-79.86883940724859,109.61961087809536, 0.0,-29.75077147084677,0.0
2024-10-24 01:32:10,0.0,-80.07153058018228,109.8563315051955, 0.0,-29.784800925013222,0.0
2024-10-24 01:32:10,0.0,-80.28732863809066,110.10762214308208, 0.0,-29.820293504991447,0.0
2024-10-24 01:32:10,0.0,-80.359519813732,110.19151673666724, 0.0,-29.83199692293522,0.0
2024-10-24 01:32:10,0.0,-80.40433651918607,110.24355609006007, 0.0,-29.839219570874018,0.0
2024-10-24 01:32:10,0.0,-80.47662924437905,110.3274301941756, 0.0,-29.85080094979656,0.0
2024-10-24 01:32:10,0.0,-80.49906617156486,110.35344414038069, 0.0,-29.854377968815832,0.0
2024-10-24 01:32:11,0.0,-80.5610454609374,110.29988524924879, 0.0,-29.738839788311388,0.0
2024-10-24 01:32:11,0.0,-80.80457316257018,110.08473098130393, 0.0,-29.280157818733766,0.0
2024-10-24 01:32:11,0.0,-81.23370134977941,109.68634848447115, 0.0,-28.452647134691734,0.0
2024-10-24 01:32:11,0.0,-81.58358244280741,109.34194630647546, 0.0,-27.758363863668038,0.0
2024-10-24 01:32:11,0.0,-81.95209380251809,108.95842327829634, 0.0,-27.006329475778255,0.0
2024-10-24 01:32:11,0.0,-82.19297239516726,108.69527456477503, 0.0,-26.502302169607788,0.0
2024-10-24 01:32:11,0.0,-82.36724485153914,108.49832625930964, 0.0,-26.131081407770466,0.0
2024-10-24 01:32:11,0.0,-82.49959724222316,108.3448874161159, 0.0,-25.845290173892725,0.0
2024-10-24 01:32:11,0.0,-82.64360198786366,108.17398939056973, 0.0,-25.530387402706083,0.0
2024-10-24 01:32:11,0.0,-82.791466696569,107.99405130215074, 0.0,-25.202584605581748,0.0
2024-10-24 01:32:11,0.0,-82.92551686115979,107.82685467520614, 0.0,-24.901337814046357,0.0
2024-10-24 01:32:11,0.0,-83.06184537313655,107.65267765507016, 0.0,-24.590832281933636,0.0
2024-10-24 01:32:11,0.0,-83.19947628408174,107.47242179730516, 0.0,-24.272945513223426,0.0
2024-10-24 01:32:11,0.0,-83.33669980234754,107.28808703337236, 0.0,-23.951387231024835,0.0
2024-10-24 01:32:11,0.0,-83.46408064951133,107.11266762657836, 0.0,-23.648586977067005,0.0
2024-10-24 01:32:11,0.0,-83.59443276889425,106.92866948774196, 0.0,-23.334236718847713,0.0
2024-10-24 01:32:11,0.0,-83.72998635799992,106.73229123497453, 0.0,-23.002304876974605,0.0
2024-10-24 01:32:11,0.0,-83.85408317416042,106.547792501737, 0.0,-22.693709327576602,0.0
2024-10-24 01:32:11,0.0,-83.97634156666952,106.36140478200988, 0.0,-22.38506321534038,0.0
2024-10-24 01:32:11,0.0,-84.10978666541024,106.15246685175173, 0.0,-22.0426801863415,0.0
2024-10-24 01:32:11,0.0,-84.22292468675727,105.97060828778815, 0.0,-21.74768360103087,0.0
2024-10-24 01:32:11,0.0,-84.35630582938624,105.7503585250196, 0.0,-21.394052695633384,0.0
2024-10-24 01:32:11,0.0,-84.4849682656178,105.53157475024054, 0.0,-21.04660648462276,0.0
2024-10-24 01:32:11,0.0,-84.61056572049385,105.31166293881229, 0.0,-20.701097218318427,0.0
2024-10-24 01:32:11,0.0,-84.7460999477983,105.06689867369579, 0.0,-20.32079872589749,0.0
2024-10-24 01:32:11,0.0,-84.91022209417183,104.75942731405193, 0.0,-19.84920521988011,0.0
2024-10-24 01:32:11,0.0,-85.09882879951282,104.3898276626075, 0.0,-19.29099886309469,0.0
2024-10-24 01:32:11,0.0,-85.33054540894582,103.90934366203857, 0.0,-18.578798253092742,0.0
2024-10-24 01:32:11,0.0,-85.57457258343295,103.36758316130826, 0.0,-17.79301057787532,0.0
2024-10-24 01:32:11,0.0,-85.77633295447151,102.8877661184531, 0.0,-17.111433163981587,0.0
2024-10-24 01:32:11,0.0,-85.8314869930483,102.7509832484314, 0.0,-16.91949625538311,0.0
2024-10-24 01:32:12,0.0,-85.79239177351751,102.84820192228722, 0.0,-17.055810148769734,0.0
2024-10-24 01:32:12,0.0,-85.56289192758825,103.39443265036445, 0.0,-17.831540722776214,0.0
2024-10-24 01:32:12,0.0,-85.37121011674206,103.82175029404068, 0.0,-18.45054017729861,0.0
2024-10-24 01:32:12,0.0,-85.25578704044015,104.06775020008564, 0.0,-18.811963159645504,0.0
2024-10-24 01:32:12,0.0,-85.16683524075953,104.2519721185947, 0.0,-19.085136877835165,0.0
2024-10-24 01:32:12,0.0,-85.03080505281439,104.52523340377975, 0.0,-19.49442835096537,0.0
2024-10-24 01:32:12,0.0,-85.0754528357916,104.43663470140288, 0.0,-19.36118186561127,0.0
2024-10-24 01:32:12,0.0,-85.32913767498155,103.91235769067285, 0.0,-18.5832200156913,0.0
2024-10-24 01:32:12,0.0,-85.55280554146354,103.41753973539932, 0.0,-17.864734193935767,0.0
2024-10-24 01:32:12,0.0,-85.77980919343428,102.87921971035995, 0.0,-17.099410516925698,0.0
2024-10-24 01:32:12,0.0,-85.97572177793752,102.38071499336058, 0.0,-16.40499321542305,0.0
2024-10-24 01:32:12,0.0,-86.18038707119653,101.82059959625091, 0.0,-15.640212525054373,0.0
2024-10-24 01:32:12,0.0,-86.37205062846441,101.2529707689399, 0.0,-14.88092014047551,0.0
2024-10-24 01:32:12,0.0,-86.54274295075506,100.70546900884773, 0.0,-14.16272605809266,0.0
2024-10-24 01:32:12,0.0,-86.73447054619382,100.03290662287102, 0.0,-13.298436076677229,0.0
2024-10-24 01:32:12,0.0,-86.82993903369952,99.67066855981594, 0.0,-12.840729526116425,0.0
2024-10-24 01:32:13,0.0,-86.81844892279604,99.71535086474901, 0.0,-12.89690194195298,0.0
2024-10-24 01:32:13,0.0,-86.7393296047935,100.0149470765056, 0.0,-13.275617471712106,0.0
2024-10-24 01:32:13,0.0,-86.64652993622491,100.34979340051326, 0.0,-13.703263464288346,0.0
2024-10-24 01:32:13,0.0,-86.55047229056191,100.6796145652129, 0.0,-14.129142274650995,0.0
2024-10-24 01:32:13,0.0,-86.37263336249795,101.25117326997889, 0.0,-14.87853990748096,0.0
2024-10-24 01:32:13,0.0,-86.18449025756408,101.80891152697852, 0.0,-15.62442126941445,0.0
2024-10-24 01:32:13,0.0,-85.98253115574443,102.36276099750563, 0.0,-16.380229841761203,0.0
2024-10-24 01:32:13,0.0,-85.7745637499179,102.89211193896108, 0.0,-17.117548189043184,0.0
2024-10-24 01:32:13,0.0,-85.60265643449196,103.30262889152675, 0.0,-17.699972457034765,0.0
2024-10-24 01:32:13,0.0,-85.48244747765688,103.57675887788633, 0.0,-18.09431140022946,0.0
2024-10-24 01:32:13,0.0,-85.34994005369141,103.86769472910534, 0.0,-18.517754675413933,0.0
2024-10-24 01:32:13,0.0,-85.2301891941386,104.12122935762518, 0.0,-18.89104016348657,0.0
2024-10-24 01:32:13,0.0,-85.10287775858026,104.38169048885644, 0.0,-19.278812730276172,0.0
2024-10-24 01:32:13,0.0,-84.97604692367975,104.63248843803072, 0.0,-19.656441514350966,0.0
2024-10-24 01:32:13,0.0,-84.85164759391776,104.87061064583914, 0.0,-20.018963051921393,0.0
2024-10-24 01:32:13,0.0,-84.7319666924172,105.09279769806578, 0.0,-20.360831005648578,0.0
2024-10-24 01:32:13,0.0,-84.61495855424444,105.3038535866225, 0.0,-20.68889503237806,0.0
2024-10-24 01:32:13,0.0,-84.49709669258782,105.51061771507268, 0.0,-21.01352102248486,0.0
2024-10-24 01:32:13,0.0,-84.36957047188608,105.72809593316491, 0.0,-21.358525461278848,0.0
2024-10-24 01:32:13,0.0,-84.24174391108374,105.93992319007216, 0.0,-21.69817927898843,0.0
2024-10-24 01:32:13,0.0,-84.12611442009454,106.12649410330101, 0.0,-22.000379683206496,0.0
2024-10-24 01:32:13,0.0,-83.99810749302863,106.32772418862228, 0.0,-22.32961669559365,0.0
2024-10-24 01:32:13,0.0,-83.86424077793318,106.53248452070821, 0.0,-22.668243742775044,0.0
2024-10-24 01:32:13,0.0,-83.74724227779825,106.70691126896672, 0.0,-22.95966899116846,0.0
2024-10-24 01:32:13,0.0,-83.61682628680413,106.89658826516313, 0.0,-23.27976197835902,0.0
2024-10-24 01:32:13,0.0,-83.48870264458068,107.07826624356954, 0.0,-23.589563598988857,0.0
2024-10-24 01:32:13,0.0,-83.34269723057666,107.27992230979856, 0.0,-23.937225079221896,0.0
2024-10-24 01:32:13,0.0,-83.21185426612128,107.45598626768208, 0.0,-24.244132001560782,0.0
2024-10-24 01:32:13,0.0,-83.0719167187494,107.63963988682174, 0.0,-24.567723168072316,0.0
2024-10-24 01:32:13,0.0,-82.9355100211055,107.81423096506748, 0.0,-24.87872094396199,0.0
2024-10-24 01:32:13,0.0,-82.79470086585896,107.99006366199946, 0.0,-25.195362796140508,0.0
2024-10-24 01:32:13,0.0,-82.6495372182458,108.16685503774828, 0.0,-25.51731781950247,0.0
2024-10-24 01:32:13,0.0,-82.51033726045111,108.33228563872116, 0.0,-25.821948378270047,0.0
2024-10-24 01:32:13,0.0,-82.36068844693291,108.50583917440781, 0.0,-26.14515072747491,0.0
2024-10-24 01:32:13,0.0,-82.21449581370389,108.67125573860366, 0.0,-26.45675992489977,0.0
2024-10-24 01:32:13,0.0,-82.06283395079475,108.83871776789405, 0.0,-26.77588381709929,0.0
2024-10-24 01:32:13,0.0,-81.91375437790006,108.99937367719636, 0.0,-27.085619299296287,0.0
2024-10-24 01:32:13,0.0,-81.7702350419038,109.150470526312, 0.0,-27.380235484408203,0.0
2024-10-24 01:32:13,0.0,-81.67723021730218,109.24657614334608, 0.0,-27.569345926043905,0.0
2024-10-24 01:32:13,0.0,-81.67231965605313,109.25161164236332, 0.0,-27.579291986310185,0.0
2024-10-24 01:32:14,0.0,-81.62239128223325,109.30259210803322, 0.0,-27.680200825799975,0.0
2024-10-24 01:32:14,0.0,-81.48327454090852,109.44257632482804, 0.0,-27.95930178391953,0.0
2024-10-24 01:32:14,0.0,-81.32694156674506,109.59635602052414, 0.0,-28.269414453779063,0.0
2024-10-24 01:32:14,0.0,-81.1607827107551,109.75585081437762, 0.0,-28.595068103622534,0.0
2024-10-24 01:32:14,0.0,-81.00293568205538,109.90373041043746, 0.0,-28.900794728382092,0.0
2024-10-24 01:32:14,0.0,-80.83114411660503,110.06079077546933, 0.0,-29.229646658864297,0.0
2024-10-24 01:32:14,0.0,-80.66602212215952,110.20807112326375, 0.0,-29.542049001104225,0.0
2024-10-24 01:32:14,0.0,-80.47968336467855,110.37009595105755, 0.0,-29.890412586378993,0.0
2024-10-24 01:32:14,0.0,-80.29489307921624,110.52655384963559, 0.0,-30.231660770419378,0.0
2024-10-24 01:32:14,0.0,-80.06414586397051,110.71625177415372, 0.0,-30.652105910183238,0.0
2024-10-24 01:32:14,0.0,-79.80583769468315,110.92145245296201, 0.0,-31.11561475827886,0.0
2024-10-24 01:32:14,0.0,-79.44106668122728,111.1990168990199, 0.0,-31.75795021779261,0.0
2024-10-24 01:32:15,0.0,-78.9689263873164,111.53838680799254, 0.0,-32.56946042067615,0.0
2024-10-24 01:32:15,0.0,-78.53390166319659,111.83258971064431, 0.0,-33.29868804744773,0.0
2024-10-24 01:32:15,0.0,-78.21507987318013,112.03766903504216, 0.0,-33.82258916186202,0.0
2024-10-24 01:32:15,0.0,-78.22872854861141,112.02906529507759, 0.0,-33.80033674646618,0.0
2024-10-24 01:32:15,0.0,-78.14837293138724,112.0794975689955, 0.0,-33.931124637608264,0.0
2024-10-24 01:32:15,0.0,-77.81745837066772,112.28166679191771, 0.0,-34.46420842125001,0.0
2024-10-24 01:32:15,0.0,-77.54898763375061,112.43937632023218, 0.0,-34.89038868648158,0.0
2024-10-24 01:32:15,0.0,-77.12387182905843,112.67809210132926, 0.0,-35.55422027227083,0.0
2024-10-24 01:32:15,0.0,-76.93735284033102,112.77873692902824, 0.0,-35.841384088697225,0.0
2024-10-24 01:32:15,0.0,-76.89010341240223,112.80384799945399, 0.0,-35.91374458705178,0.0
2024-10-24 01:32:15,0.0,-76.90502587664047,112.79593397259441, 0.0,-35.89090809595397,0.0
2024-10-24 01:32:15,0.0,-77.24032780418527,112.61400532531937, 0.0,-35.37367752113409,0.0
2024-10-24 01:32:15,0.0,-77.744795894646,112.32489846563249, 0.0,-34.5801025709865,0.0
2024-10-24 01:32:15,0.0,-78.20345642358069,112.04498394986999, 0.0,-33.841527526289326,0.0
2024-10-24 01:32:15,0.0,-78.66263060638565,111.74730116863107, 0.0,-33.084670562245435,0.0
2024-10-24 01:32:15,0.0,-78.96302340099538,111.54249448381307, 0.0,-32.579471082817705,0.0
2024-10-24 01:32:15,0.0,-79.17821985948827,111.39061901306722, 0.0,-32.21239915357895,0.0
2024-10-24 01:32:15,0.0,-79.36783619689936,111.25308769953396, 0.0,-31.885251502634596,0.0
2024-10-24 01:32:15,0.0,-79.54252876931375,111.12320203460796, 0.0,-31.580673265294212,0.0
2024-10-24 01:32:15,0.0,-79.7205472037958,110.98760629115421, 0.0,-31.267059087358422,0.0
2024-10-24 01:32:15,0.0,-79.89749231095419,110.84948546351809, 0.0,-30.9519931525639,0.0
2024-10-24 01:32:15,0.0,-80.0734634828784,110.7087105752991, 0.0,-30.63524709242069,0.0
2024-10-24 01:32:15,0.0,-80.22845263354591,110.58180981126162, 0.0,-30.353357177715708,0.0
2024-10-24 01:32:15,0.0,-80.34435561900264,110.48507814269678, 0.0,-30.140722523694155,0.0
2024-10-24 01:32:15,0.0,-80.50292533956235,110.35012318693376, 0.0,-29.847197847371415,0.0
2024-10-24 01:32:15,0.0,-80.65250215753039,110.21997426017776, 0.0,-29.567472102647365,0.0
2024-10-24 01:32:15,0.0,-80.79619803431,110.09225762475495, 0.0,-29.296059590444955,0.0
2024-10-24 01:32:15,0.0,-80.96775630239854,109.93621811217996, 0.0,-28.96846180978144,0.0
2024-10-24 01:32:15,0.0,-81.13427537227834,109.78092835065547, 0.0,-28.646652978377137,0.0
2024-10-24 01:32:15,0.0,-81.30165232347377,109.62089000812443, 0.0,-28.319237684650673,0.0
2024-10-24 01:32:15,0.0,-81.4574831693952,109.46820034200988, 0.0,-28.010717172614672,0.0
2024-10-24 01:32:15,0.0,-81.60876581553329,109.31643605217577, 0.0,-27.707670236642493,0.0
2024-10-24 01:32:15,0.0,-81.76036925326852,109.16073187196632, 0.0,-27.40036261869782,0.0
2024-10-24 01:32:15,0.0,-81.92347361225652,108.98901625615018, 0.0,-27.065542643893668,0.0
2024-10-24 01:32:16,0.0,-82.07245632945731,108.82821513517891, 0.0,-26.755758805721594,0.0
2024-10-24 01:32:16,0.0,-82.22533679263509,108.65912570864981, 0.0,-26.43378891601472,0.0
2024-10-24 01:32:16,0.0,-82.3880703704441,108.47440794116675, 0.0,-26.08633757072264,0.0
2024-10-24 01:32:16,0.0,-82.53158762420031,108.30728390784358, 0.0,-25.775696283643242,0.0
2024-10-24 01:32:16,0.0,-82.7005689269153,108.10521113833633, 0.0,-25.404642211421052,0.0
2024-10-24 01:32:16,0.0,-82.86794177757938,107.89915103442956, 0.0,-25.031209256850204,0.0
2024-10-24 01:32:16,0.0,-83.0201838629856,107.70635874846465, 0.0,-24.686174885479048,0.0
2024-10-24 01:32:16,0.0,-83.21984400133367,107.44535750149669, 0.0,-24.225513500163025,0.0
2024-10-24 01:32:16,0.0,-83.44014282792652,107.14595792980293, 0.0,-23.705815101876397,0.0
2024-10-24 01:32:16,0.0,-83.71721830482888,106.75101423453226, 0.0,-23.033795929703384,0.0
2024-10-24 01:32:16,0.0,-83.99543784523962,106.3318634409665, 0.0,-22.33642559572689,0.0
2024-10-24 01:32:16,0.0,-84.27578466588467,105.88409666226991, 0.0,-21.608311996385247,0.0
2024-10-24 01:32:16,0.0,-84.46282352751703,105.56968878293688, 0.0,-21.10686525541985,0.0
2024-10-24 01:32:18,0.0,-84.43531947385658,105.61675866736124, 0.0,-21.181439193504666,0.0
2024-10-24 01:32:18,0.0,-84.33952972586334,105.77842001165057, 0.0,-21.438890285787224,0.0
2024-10-24 01:32:18,0.0,-84.18955270316181,106.02471352149163, 0.0,-21.83516081832984,0.0
2024-10-24 01:32:18,0.0,-83.89864739197913,106.48039523927244, 0.0,-22.581747847293308,0.0
2024-10-24 01:32:18,0.0,-83.75574214428806,106.69437742738795, 0.0,-22.938635283099867,0.0
2024-10-24 01:32:18,0.0,-83.56595159548526,106.96926976121179, 0.0,-23.403318165726546,0.0
2024-10-24 01:32:18,0.0,-83.45528903549771,107.12491182226064, 0.0,-23.669622786762922,0.0
2024-10-24 01:32:18,0.0,-83.34509807691241,107.27665128534036, 0.0,-23.931553208427953,0.0
2024-10-24 01:32:18,0.0,-83.23066762756854,107.43093373396077, 0.0,-24.200266106392238,0.0
2024-10-24 01:32:18,0.0,-83.18166442867421,107.49600673536659, 0.0,-24.314342306692406,0.0
2024-10-24 01:32:18,0.0,-83.14796062829909,107.54042371154847, 0.0,-24.392463083249385,0.0
2024-10-24 01:32:18,0.0,-83.12694571807599,107.56797999238677, 0.0,-24.441034274310784,0.0
2024-10-24 01:32:18,0.0,-83.06941186904223,107.6428847394616, 0.0,-24.57347287041939,0.0
2024-10-24 01:32:18,0.0,-83.03518911874822,107.68707087509063, 0.0,-24.651881756342398,0.0
2024-10-24 01:32:18,0.0,-82.97159609520733,107.76845809002374, 0.0,-24.796861994816414,0.0
2024-10-24 01:32:18,0.0,-82.8728363276792,107.89303362300382, 0.0,-25.020197295324635,0.0
2024-10-24 01:32:18,0.0,-82.77279514432907,108.01702877495693, 0.0,-25.24423363062786,0.0
2024-10-24 01:32:18,0.0,-82.429485283709,108.4265942464046, 0.0,-25.997108962695602,0.0
2024-10-24 01:32:18,0.0,-82.15940172948353,108.73256885489809, 0.0,-26.573167125414574,0.0
2024-10-24 01:32:18,0.0,-81.86574611283436,109.050299766778, 0.0,-27.184553653943645,0.0
2024-10-24 01:32:19,0.0,-81.43681238627619,109.48866396175596, 0.0,-28.051851575479777,0.0
2024-10-24 01:32:19,0.0,-81.11823284582687,109.79605729206835, 0.0,-28.677824446241498,0.0
2024-10-24 01:32:19,0.0,-80.73390367840433,110.14795295617584, 0.0,-29.414049277771525,0.0
2024-10-24 01:32:19,0.0,-80.29900959346531,110.5231131478826, 0.0,-30.22410355441729,0.0
2024-10-24 01:32:19,0.0,-79.89220365879498,110.85366306043815, 0.0,-30.961459401643168,0.0
2024-10-24 01:32:19,0.0,-79.46422963671883,111.18180148415294, 0.0,-31.717571847434122,0.0
2024-10-24 01:32:19,0.0,-79.01431409205736,111.50669414678167, 0.0,-32.49238005472431,0.0
2024-10-24 01:32:19,0.0,-78.56103699912474,111.8147324165579, 0.0,-33.25369541743317,0.0
2024-10-24 01:32:19,0.0,-78.37573413851784,111.93540925127886, 0.0,-33.559675112761035,0.0
2024-10-24 01:32:19,0.0,-78.25242663611449,112.01408990095207, 0.0,-33.76166326483759,0.0
2024-10-24 01:32:19,0.0,-78.11571962719495,112.09983940433597, 0.0,-33.98411977714104,0.0
2024-10-24 01:32:19,0.0,-78.01535053134913,112.1618222705052, 0.0,-34.14647173915606,0.0
2024-10-24 01:32:19,0.0,-77.88892743267317,112.23874256595951, 0.0,-34.349815133286334,0.0
2024-10-24 01:32:19,0.0,-77.80837077351073,112.28709609163714, 0.0,-34.478725318126415,0.0
2024-10-24 01:32:19,0.0,-77.65047518084621,112.38040751529415, 0.0,-34.72993233444794,0.0
2024-10-24 01:32:19,0.0,-77.36049990373598,112.54684862240683, 0.0,-35.18634871867086,0.0
2024-10-24 01:32:19,0.0,-77.18941626796118,112.64214174321573, 0.0,-35.452725475254574,0.0
2024-10-24 01:32:19,0.0,-76.83660122661169,112.8320968634543, 0.0,-35.995495636842605,0.0
2024-10-24 01:32:19,0.0,-76.56414636380093,112.97294807496716, 0.0,-36.408801711166234,0.0
2024-10-24 01:32:19,0.0,-76.1460077071948,113.17965194726925, 0.0,-37.03364424007446,0.0
2024-10-24 01:32:19,0.0,-75.93690665257341,113.27888053444636, 0.0,-37.34197388187296,0.0
2024-10-24 01:32:19,0.0,-75.78872909531036,113.34757927828103, 0.0,-37.55885018297067,0.0
2024-10-24 01:32:19,0.0,-75.72555136829527,113.37646854104102, 0.0,-37.650917172745764,0.0
2024-10-24 01:32:19,0.0,-75.60926298447419,113.4290242562708, 0.0,-37.81976127179661,0.0
2024-10-24 01:32:19,0.0,-75.52622524671614,113.4660663038379, 0.0,-37.9398410571218,0.0
2024-10-24 01:32:19,0.0,-75.4872132891989,113.48333042670984, 0.0,-37.996117137510936,0.0
2024-10-24 01:32:19,0.0,-75.42297305737374,113.51156722005116, 0.0,-38.088594162677424,0.0
2024-10-24 01:32:19,0.0,-75.35901508865881,113.53944448162129, 0.0,-38.18042939296249,0.0
2024-10-24 01:32:19,0.0,-75.2494533758635,113.58665793056002, 0.0,-38.337204554696534,0.0
2024-10-24 01:32:19,0.0,-75.2299229338312,113.59500295588121, 0.0,-38.36508002205003,0.0
2024-10-24 01:32:19,0.0,-75.20985687407868,113.60355451894254, 0.0,-38.393697644863856,0.0
2024-10-24 01:32:19,0.0,-75.23022679856564,113.59487328391718, 0.0,-38.36464648535155,0.0
2024-10-24 01:32:19,0.0,-75.34080591393533,113.54733855847977, 0.0,-38.20653264454446,0.0
2024-10-24 01:32:19,0.0,-75.45945833683267,113.4955593080061, 0.0,-38.03610097117343,0.0
2024-10-24 01:32:19,0.0,-75.57735016787952,113.44330780407167, 0.0,-37.865957636192164,0.0
2024-10-24 01:32:19,0.0,-75.7567407170522,113.36223638001036, 0.0,-37.60549566295817,0.0
2024-10-24 01:32:19,0.0,-76.08681608884419,113.20801581231878, 0.0,-37.1211997234746,0.0
2024-10-24 01:32:19,0.0,-76.52612651298402,112.99221022895694, 0.0,-36.466083715972914,0.0
2024-10-24 01:32:19,0.0,-76.88689309421164,112.80554856729496, 0.0,-35.91865547308334,0.0
2024-10-24 01:32:19,0.0,-77.37320858115788,112.53968497119014, 0.0,-35.16647639003229,0.0
2024-10-24 01:32:19,0.0,-77.86021958238794,112.25603270992951, 0.0,-34.3958131275416,0.0
2024-10-24 01:32:19,0.0,-78.32746557014292,111.9663612505101, 0.0,-33.63889568036719,0.0
2024-10-24 01:32:19,0.0,-78.7946034608549,111.65833377513867, 0.0,-32.86373031428377,0.0
2024-10-24 01:32:19,0.0,-79.22348230818493,111.35810992717414, 0.0,-32.13462761898923,0.0
2024-10-24 01:32:19,0.0,-79.62323858701507,111.0621368547761, 0.0,-31.438898267761044,0.0
2024-10-24 01:32:19,0.0,-79.95361546161426,110.80496275546851, 0.0,-30.85134729385425,0.0
2024-10-24 01:32:19,0.0,-80.173052648092,110.62748840778607, 0.0,-30.454435759694086,0.0
2024-10-24 01:32:19,0.0,-80.41522854352313,110.42513777565054, 0.0,-30.009909232127427,0.0
2024-10-24 01:32:19,0.0,-80.73702014628658,110.14517863238302, 0.0,-29.408158486096458,0.0
2024-10-24 01:32:19,0.0,-80.89809420140917,110.00005395150403, 0.0,-29.101959750094863,0.0
2024-10-24 01:32:19,0.0,-81.14520048036204,109.77060459944569, 0.0,-28.625404119083658,0.0
2024-10-24 01:32:19,0.0,-81.29080158820425,109.63138789874034, 0.0,-28.340586310536096,0.0
2024-10-24 01:32:19,0.0,-81.43113991690127,109.49426826365568, 0.0,-28.0631283467544,0.0
2024-10-24 01:32:19,0.0,-81.54788180678639,109.37794027451348, 0.0,-27.83005846772706,0.0
2024-10-24 01:32:19,0.0,-81.66319987056377,109.26095322823127, 0.0,-27.597753357667504,0.0
2024-10-24 01:32:19,0.0,-81.76521759329194,109.15569113382524, 0.0,-27.390473540533307,0.0
2024-10-24 01:32:20,0.0,-81.75289080134424,109.1684995619277, 0.0,-27.415608760583474,0.0
2024-10-24 01:32:20,0.0,-81.6572742316158,109.26701586601895, 0.0,-27.60974163440316,0.0
2024-10-24 01:32:20,0.0,-81.27227548682097,109.64927177555847, 0.0,-28.376996288737494,0.0
2024-10-24 01:32:20,0.0,-80.89359733188405,110.00415224037235, 0.0,-29.110554908488318,0.0
2024-10-24 01:32:20,0.0,-80.48404936291728,110.36634915268736, 0.0,-29.882299789770084,0.0
2024-10-24 01:32:20,0.0,-80.17615013219326,110.6249438772591, 0.0,-30.448793745065863,0.0
2024-10-24 01:32:20,0.0,-79.75834928955523,110.95838211645264, 0.0,-31.200032826897402,0.0
2024-10-24 01:32:20,0.0,-79.33214663821488,111.27924488088267, 0.0,-31.947098242667806,0.0
2024-10-24 01:32:20,0.0,-78.88148910395296,111.59889992835089, 0.0,-32.71741082439794,0.0
2024-10-24 01:32:20,0.0,-78.41427936273365,111.9105501864192, 0.0,-33.496270823685556,0.0
2024-10-24 01:32:20,0.0,-78.29129733447239,111.98942508218352, 0.0,-33.69812774771114,0.0
2024-10-24 01:32:20,0.0,-78.15448677926732,112.07567914632388, 0.0,-33.92119236705656,0.0
2024-10-24 01:32:20,0.0,-78.12086778053842,112.09663808409137, 0.0,-33.97577030355297,0.0
2024-10-24 01:32:21,0.002812954717262566,-78.14444939846317,112.12508987314037, 0.005032904888104455,-33.98064057712486,-0.0041734179499937464
2024-10-24 01:32:21,-0.009014154456391959,-78.24477825837442,112.16482030872221, -0.01615337321371571,-33.920043104778394,0.013404345828884345
2024-10-24 01:32:21,-0.058521342168791624,-78.64931337084279,112.31801257901515, -0.10555982701940061,-33.66874407422705,0.0878529013469593
2024-10-24 01:32:21,-0.08557758339094312,-78.92616496555432,112.44532726202459, -0.1549709943057925,-33.51925878336526,0.1291994532110886
2024-10-24 01:32:21,-0.12863718079938974,-79.2514803184969,112.55584758468177, -0.23427397024480992,-33.304587063614086,0.19579793988877928
2024-10-24 01:32:21,-0.1869678623438005,-79.93337599605483,112.89291482475292, -0.343658554168893,-32.960009299244554,0.2883479069221105
2024-10-24 01:32:21,-0.2118339374365065,-80.26242335643256,113.0650943565251, -0.39101547312985585,-32.80327857052842,0.328663924646335
2024-10-24 01:32:21,-0.2227786716630797,-80.65193138030155,113.329642128045, -0.4126145850186333,-32.67838595086597,0.34730543774127076
2024-10-24 01:32:21,-0.22149973504868994,-81.52812824616467,114.00396470663216, -0.41251427168811544,-32.4765091368449,0.34800358481097193
2024-10-24 01:32:21,-0.1768436410577596,-82.23849828959519,114.68613506261123, -0.3296045205576185,-32.448066024971034,0.27814692567950483
2024-10-24 01:32:21,-0.1431872149843052,-82.6183743800441,115.07884612477017, -0.2667817699170253,-32.46075301771032,0.2251000659947908
2024-10-24 01:32:21,-0.09406406624811582,-83.03146007764073,115.54295919016519, -0.1750126649464298,-32.51162026000662,0.1475852428308909
2024-10-24 01:32:21,-0.042190903811117474,-83.3703168962864,115.95783348294154, -0.07833621642585342,-32.58754088824519,0.06600372131131754
2024-10-24 01:32:21,0.03492729195958464,-83.71881209390664,116.45719040532944, 0.06458400845107459,-32.738394869507246,-0.05432475300945766
2024-10-24 01:32:21,0.13672546348839715,-84.17454472436646,117.10630509299052, 0.25149896703472785,-32.93201222916747,-0.21108757100209907
2024-10-24 01:32:21,0.22547790988383712,-84.49986906727462,117.61547157242777, 0.41270870663525433,-33.116282674193414,-0.34567152836711595
2024-10-24 01:32:21,0.29932652963551487,-84.73001566427146,118.00738740495285, 0.5455152165285828,-33.27856303636291,-0.45606180759918263
2024-10-24 01:32:21,0.3661877177062159,-84.91546470231809,118.34403487597861, 0.6646910404378131,-33.43034288226716,-0.5547295959090608
2024-10-24 01:32:21,0.43226578011670824,-85.12057381751657,118.68967391780363, 0.7817220390703367,-33.571557142747345,-0.651339919679995
2024-10-24 01:32:21,0.4633054109410572,-85.15218579828023,118.80713320214558, 0.8359634203073407,-33.65776080670545,-0.6958401322914699
2024-10-24 01:32:21,0.4980061709687834,-85.21103280867312,118.95417136164282, 0.8964975265255246,-33.74637833440683,-0.7454607054113893
2024-10-24 01:32:21,0.5395843996946211,-85.25241816644464,119.11011191570248, 0.9684399343769027,-33.86148064371166,-0.8042037691501702
2024-10-24 01:32:21,0.591054883113496,-85.27638463902467,119.2841628285785, 1.056683499845883,-34.01229632405628,-0.8759345644059144
2024-10-24 01:32:21,0.7184517196644055,-85.36598697720687,119.7331478729112, 1.2725932041267962,-34.37374694623174,-1.050418212711755
2024-10-24 01:32:21,0.7665117729432845,-85.4109598481632,119.90911946347276, 1.3531821264049686,-34.5056195150498,-1.1151841844113835
2024-10-24 01:32:21,0.8477658868263149,-85.42649446533323,120.16521693980228, 1.4875134471562264,-34.747765990002186,-1.2223331363223944
2024-10-24 01:32:21,0.9078807349931549,-85.3976805592941,120.32725417037388, 1.5853544357117337,-34.939871540242166,-1.2997086763939625
2024-10-24 01:32:22,0.9840148119337749,-85.28836221008606,120.48363512564907, 1.7069401862810056,-35.20725141548088,-1.3948300774896483
2024-10-24 01:32:22,1.0533710299677599,-85.20349135186088,120.635411617849, 1.8165822958527456,-35.44552685903305,-1.4800768691236976
2024-10-24 01:32:22,1.2190783140484662,-84.8980636360141,120.92863832673034, 2.071907210476316,-36.048400654492944,-1.675431641184646
2024-10-24 01:32:22,1.2859118876959383,-84.71536715116058,121.00706941387695, 2.171852475755405,-36.311347037359006,-1.7503966052926665
2024-10-24 01:32:22,1.3527183156071794,-84.5313198432715,121.08420805598386, 2.2705538491663857,-36.57442023640868,-1.823783434027105
2024-10-24 01:32:22,1.4044245222632121,-84.34566860784399,121.11513944313413, 2.345353444748928,-36.79249750372019,-1.8785583284919525
2024-10-24 01:32:22,1.4564728142791525,-84.06115766825087,121.08134451850744, 2.418087331631559,-37.04472674607031,-1.9304497102046796
2024-10-24 01:32:22,1.5087074630370014,-83.4673158271757,120.84108616461151, 2.48448147832763,-37.399766259203076,-1.9741709369513096
2024-10-24 01:32:22,1.5388346577832277,-83.09040419532168,120.67789080067868, 2.5217722442406614,-37.61432274954728,-1.9980698686466667
2024-10-24 01:32:22,1.557213296349401,-82.57452540042362,120.38371360596793, 2.5391375335912736,-37.836450198554125,-2.0058157753304435
2024-10-24 01:32:22,1.564397706543234,-82.2264085999994,120.16772274721983, 2.543300750830133,-37.9686976469561,-2.0055019660952755
2024-10-24 01:32:22,1.547060732849504,-81.77496167464207,119.80455513467791, 2.510186574309663,-38.056288725902505,-1.9770153583876033
2024-10-24 01:32:22,1.5171506292784245,-81.21308713704255,119.3223147697756, 2.4573341588315145,-38.13482764379846,-1.9332922152631113
2024-10-24 01:32:22,1.4951729089343773,-80.87164658331325,119.01480231524523, 2.419938849457177,-38.167989387614725,-1.9029934685706538
2024-10-24 01:32:22,1.418042335123869,-79.97188930812307,118.13392476795242, 2.2942262612592725,-38.18435865124391,-1.803689108544774
2024-10-24 01:32:22,1.3393768402341333,-79.1752407909423,117.30689370811825, 2.1684940815228204,-38.15159044648546,-1.705569169600324
2024-10-24 01:32:22,1.2977695089616959,-78.79865680516778,116.89688823922704, 2.102729890019449,-38.11697229038959,-1.6546103836994657
2024-10-24 01:32:22,1.2137122423915478,-78.49054436204915,116.39896967936689, 1.974952142652592,-37.92492987044345,-1.5581083773758435
2024-10-24 01:32:22,1.1336454297112497,-78.43889866221743,116.10320675097338, 1.8548840091104137,-37.67883452659521,-1.4682384186462045
2024-10-24 01:32:22,1.046546627070574,-78.49992366938626,115.86852142906547, 1.7239703127045733,-37.381111106079615,-1.3700447277381453
2024-10-24 01:32:22,0.9110168455624758,-78.63149888471753,115.52926523999751, 1.5171507197585505,-36.907412217665794,-1.213226550050963
2024-10-24 01:32:22,0.7713849239533208,-78.86611214167061,115.25299822411952, 1.300158585689172,-36.39393191329953,-1.0466345280342917
2024-10-24 01:32:22,0.5864559942164742,-79.27207181370488,114.9571288596662, 1.0052918556562311,-35.689235932623035,-0.81651966620804
2024-10-24 01:32:22,0.4435015665362638,-79.60886012835648,114.74419396932457, 0.7705929040091256,-35.137772854307414,-0.6301807008790279
2024-10-24 01:32:22,0.3196997566385861,-79.94241229208079,114.59052613971366, 0.5623100420685099,-34.649404432969554,-0.4625871483395781
2024-10-24 01:32:22,0.22952328770057198,-80.18223214992732,114.47555662343306, 0.4073633475345709,-34.29399857142213,-0.33654801023325615
2024-10-24 01:32:22,0.13930273325723488,-80.41951662783579,114.35797794800025, 0.2495102819586543,-33.93871296278107,-0.2070029317231989
2024-10-24 01:32:22,0.04796175351998047,-80.81145827539031,114.3536632626244, 0.08680053115942091,-33.542235267488365,-0.07234641408785253
2024-10-24 01:32:22,-0.05814147248774587,-81.3150248014126,114.38404976323666, -0.10655462717088213,-33.06907026795197,0.0892942354541531
2024-10-24 01:32:22,-0.12329824547137033,-81.71492380138429,114.47024689797706, -0.22788502303696764,-32.755529306950514,0.19164859270315587
2024-10-24 01:32:22,-0.1770525441554893,-82.07319857680318,114.56184560091705, -0.3296228773660745,-32.48907661137932,0.278035760201158
2024-10-24 01:32:22,-0.23185023218061068,-82.50114761791552,114.70109947283788, -0.43508664379111894,-32.200696760633285,0.3681665347162542
2024-10-24 01:32:22,-0.2726592888810031,-82.96024004143148,114.90795137035876, -0.5152726402876743,-31.948751665663004,0.4372233400353077
2024-10-24 01:32:22,-0.31049464134969446,-83.43727551110122,115.1358398459975, -0.5908963296148683,-31.699926577222453,0.502746481132726
2024-10-24 01:32:22,-0.3460847010057671,-84.23067420511684,115.59885761691449, -0.6648409754489918,-31.369897867514045,0.5676643563387475
2024-10-24 01:32:22,-0.36534454750606843,-84.64387393989213,115.83488550961452, -0.7054182408396825,-31.192935509993482,0.6034427822395555
2024-10-24 01:32:22,-0.362790516306418,-85.11225214112432,116.17850335986451, -0.7030171682143598,-31.06815771183947,0.6021802274213386
2024-10-24 01:32:22,-0.3340751949477647,-85.45022611319442,116.51035808390343, -0.6474908899215452,-31.061749003503667,0.55465457989716
2024-10-24 01:32:22,-0.3019060872058764,-85.72677925779703,116.80766308897933, -0.5847937864960351,-31.08220336454895,0.500838106343721
2024-10-24 01:32:22,-0.238687513655353,-86.05731218087406,117.23879728296109, -0.4610014073630945,-31.182306618931808,0.39440013725046935
2024-10-24 01:32:22,-0.12783711752130053,-86.41253611987969,117.83246027996708, -0.24522343320975118,-31.42015761540158,0.20926604179226263
2024-10-24 01:32:22,-0.0034530904872055734,-86.77272510914544,118.46502164896765, -0.006572842478236807,-31.692296708352423,0.005592711718724164
2024-10-24 01:32:22,0.10581743019746474,-87.06491798988301,118.99853875014954, 0.20005641058968215,-31.933777540652024,-0.16978006849405083
2024-10-24 01:32:22,0.1902420884540716,-87.2824529517334,119.40175258134734, 0.3578071783458936,-32.1198027336006,-0.3030416838324321
2024-10-24 01:32:22,0.25294099286585825,-87.44820111097957,119.7020356858958, 0.47395644829294764,-32.254719320432486,-0.40081992552624207
2024-10-24 01:32:22,0.37732599334939243,-87.62038874669842,120.19092709683439, 0.7008848744328908,-32.57248326755458,-0.5906519664584646
2024-10-24 01:32:22,0.45632071652005907,-87.69891354565151,120.47930367873138, 0.842778326363123,-32.783211775934504,-0.7085600372517713
2024-10-24 01:32:22,0.5266811007130375,-87.74540284340675,120.71985099564266, 0.9676277105727986,-32.978179147758915,-0.8117443959322903
2024-10-24 01:32:22,0.5895908981048731,-87.75618773340608,120.91433661682667, 1.0778684254513893,-33.162791679491676,-0.9023367748131927
2024-10-24 01:32:22,0.7506723875473523,-87.69530661160488,121.35309737510383, 1.3542638611607372,-33.6651752700521,-1.1272064034922618
2024-10-24 01:32:22,0.84000163310925,-87.66267160261192,121.59576425524789, 1.5045360081440686,-33.9422433743477,-1.2482537787196077
2024-10-24 01:32:22,0.9505238656577745,-87.53613103468753,121.84014160016866, 1.6862381097396648,-34.31556508032441,-1.3928680257725436
2024-10-24 01:32:22,1.036042040785601,-87.36217793601003,121.98043700249896, 1.823260342844046,-34.63182540673856,-1.5003801307602616
2024-10-24 01:32:22,1.1058231232289017,-87.18036811302628,122.0693392506759, 1.932804390278527,-34.904271008358535,-1.5853075759673405
2024-10-24 01:32:22,1.2821551703280623,-86.31885203015035,122.03694487382448, 2.195523699990639,-35.73803835245388,-1.7823952394543159
2024-10-24 01:32:22,1.3340300610394495,-85.82432083747668,121.87183863155022, 2.266227719826196,-36.06884970007777,-1.832145876574661
2024-10-24 01:32:22,1.3510863211706547,-85.16900847160647,121.49768009362735, 2.279855053277592,-36.35032828031905,-1.8365538558632961
2024-10-24 01:32:22,1.2743154236597845,-84.29919515983386,120.69652908756146, 2.1468973671906784,-36.416551746535276,-1.7279412229240083
2024-10-24 01:32:22,1.1453388747118873,-83.49617119202016,119.76661603617505, 1.9355320618147442,-36.286042344282414,-1.5603869915450141
2024-10-24 01:32:23,1.0216420990869324,-82.82843739020463,118.92855905488702, 1.733608124330355,-36.11261022746248,-1.4006614449418453
2024-10-24 01:32:23,0.8982136445257263,-82.24674100285114,118.13791980744121, 1.531900719319169,-35.90090675758312,-1.2409908263337384
2024-10-24 01:32:23,0.8000880218187572,-81.81808227287705,117.52490169979676, 1.3706913702073893,-35.7145907501391,-1.1129845056037673
2024-10-24 01:32:23,0.7090290320054166,-81.4485041115617,116.97015345958121, 1.220215449231685,-35.527794352110895,-0.9931031769831221
2024-10-24 01:32:23,0.6173484330975242,-81.1250589318488,116.4416007008209, 1.0678223099721857,-35.32123590269652,-0.8712948850194875
2024-10-24 01:32:23,0.524663254754211,-80.81697082108191,115.91622186717677, 0.9124148407525424,-35.10266895312154,-0.7464883699423104
2024-10-24 01:32:23,0.4032510261419675,-80.48250213409665,115.27262623351326, 0.7067245132101712,-34.79216653809638,-0.5803909970677761
2024-10-24 01:32:23,0.23225545764940067,-80.10419728698334,114.42516154956157, 0.41192103655361867,-34.32165378951575,-0.3402013766492751
2024-10-24 01:32:23,0.05104106301473357,-79.83054054482238,113.6128937894703, 0.09179387254841698,-33.78238722776658,-0.0762949963206222
2024-10-24 01:32:23,-0.146448802300368,-79.82835532579149,112.94779264139109, -0.2680303308401113,-33.11972420836458,0.22448411146022162
2024-10-24 01:32:23,-0.3585205714150436,-80.03750601182732,112.39298520994141, -0.6698965519608687,-32.35724970017679,0.5658874178794121
2024-10-24 01:32:23,-0.48957278793891706,-80.47316461625502,112.28879369580675, -0.9285913182944721,-31.819000276334602,0.789059867572726
2024-10-24 01:32:23,-0.5147007314761021,-81.12656761061248,112.71286414162303, -0.98259187311959,-31.590056154844408,0.8370118230623624
2024-10-24 01:32:23,-0.49714983822205444,-81.49226791390048,113.05454443877782, -0.9497382898392381,-31.565787431500524,0.8092350044196364
2024-10-24 01:32:23,-0.4673677046945897,-82.08668482559774,113.60885137591745, -0.8938691106484337,-31.525274305312433,0.7619595086275688
2024-10-24 01:32:23,-0.42076478500065656,-82.49965866830526,114.0760981235067, -0.8035067621417146,-31.578953017796117,0.6845352703411489
2024-10-24 01:32:23,-0.3712261461653581,-82.8391766648757,114.4940825564417, -0.7073383413070251,-31.65685645319538,0.6020994521918843
2024-10-24 01:32:23,-0.2953948269327201,-83.11691625127581,114.94928043606119, -0.5600454990033612,-31.833590739707162,0.4758096920745892
2024-10-24 01:32:23,-0.18505213245830926,-83.49128740105407,115.58361174698952, -0.34830733991885576,-32.092800872467556,0.29508306302278764
2024-10-24 01:32:23,-0.0632467057126171,-83.87771817304053,116.25654102487444, -0.118104402236138,-32.3788779027327,0.09974220814107393
2024-10-24 01:32:23,0.09049772821699013,-84.23847954975386,117.00492111548654, 0.16721157750568488,-32.76655260778397,-0.1406054383014362
2024-10-24 01:32:23,0.22572380228670458,-84.4905171265634,117.60969927215844, 0.4131192034392058,-33.119863705871936,-0.34600124377542085
2024-10-24 01:32:23,0.4130462177459495,-84.65700393709379,118.3114098363641, 0.7452965262635025,-33.65664208125782,-0.620376016057925
2024-10-24 01:32:23,0.5125973332048426,-84.60045792653534,118.58143651042406, 0.9170711281396916,-33.98438032801189,-0.760446485174456
2024-10-24 01:32:23,0.6039937858793561,-84.50656887877354,118.79953029965186, 1.0719193473611484,-34.29762924722591,-0.8855685429823377
2024-10-24 01:32:23,0.6981158853633072,-84.31003073974496,118.95489504904687, 1.2278947187633769,-34.6510186126544,-1.0101535275643407
2024-10-24 01:32:23,0.7650932267053021,-84.13359055992869,119.04000628774996, 1.3368567676762335,-34.91373577296417,-1.0963073528546337
2024-10-24 01:32:23,0.8589502737990683,-83.83901009111536,119.12628860140069, 1.4866832589598284,-35.29637499484139,-1.2134833580340223
2024-10-24 01:32:23,0.9267700192445384,-83.56276536683768,119.14464463681132, 1.5924843802514932,-35.59235408162521,-1.2950869148613662
2024-10-24 01:32:23,0.9830640865653351,-83.32008216575815,119.1502928085745, 1.679029528610228,-35.84188914358858,-1.361215263606164
2024-10-24 01:32:23,1.0300699867709069,-83.01145028940398,119.08143786437932, 1.7491645295097424,-36.082697027069436,-1.413770747730821
2024-10-24 01:32:23,1.0563454991158825,-82.7174830629535,118.95830593736052, 1.786464331018495,-36.254105496910924,-1.4407720871268752
2024-10-24 01:32:23,1.0705833508428018,-82.28829206232366,118.70259434462236, 1.8030977050082562,-36.42785905541893,-1.4509506010080226
2024-10-24 01:32:23,1.0552782830133642,-82.02818868307754,118.47233540743737, 1.7760782744007417,-36.4573043757596,-1.4286611185786824
2024-10-24 01:32:23,1.0320472293578595,-81.79097780578995,118.2323607868093, 1.7371084972013873,-36.45396907060475,-1.3973673965272926
2024-10-24 01:32:23,0.9567438688526977,-81.51397616437684,117.79959515308643, 1.616359208729759,-36.296497413509606,-1.3028491990002729
2024-10-24 01:32:23,0.8015752400150726,-81.19461165222883,117.07985502820155, 1.3673234012080866,-35.89299258987889,-1.1077592159916294
2024-10-24 01:32:23,0.7342544806510354,-81.11516107522431,116.807980904421, 1.2583595886895977,-35.699368363624046,-1.0219571356326445
2024-10-24 01:32:23,0.708579462747076,-81.11716560470383,116.72757298276497, 1.2168036413136811,-35.61652453420897,-0.9892300728526957
2024-10-24 01:32:23,0.6896067600519897,-81.16891446987583,116.7048080409255, 1.186383772197214,-35.54170350174899,-0.9653983512278481
2024-10-24 01:32:23,0.6382182640173572,-81.27256341774535,116.61635743633734, 1.1031745071126864,-35.34880581486747,-0.8998360573898829
2024-10-24 01:32:23,0.6147798526190384,-81.45245071767101,116.67271926317476, 1.065909076447507,-35.22494032147269,-0.8707680470217105
2024-10-24 01:32:23,0.6056704320942573,-81.58577036093827,116.7406960491253, 1.0518169716090555,-35.15947104428253,-0.8599475655755421
2024-10-24 01:32:23,0.5838903199599741,-82.19513893872745,117.11215527477603, 1.0200203188019017,-34.92127816189941,-0.8363837407579964
2024-10-24 01:32:23,0.5879454282195764,-82.80797089868653,117.56313441396122, 1.0312799078696384,-34.759510850567075,-0.8472801308267452
2024-10-24 01:32:23,0.6223213227009856,-83.47135074342012,118.13880870174296, 1.0939812078643827,-34.67234442767463,-0.899746014210911
2024-10-24 01:32:23,0.6929045996630607,-84.38707896227932,118.99165360307899, 1.2199720231957822,-34.6106465375568,-1.004123552237392
2024-10-24 01:32:23,0.7720607283627822,-85.18066734192011,119.7717373034372, 1.3597701169653165,-34.598612022637795,-1.1193626945817545
2024-10-24 01:32:23,0.8690268115975148,-86.02153813928135,120.6222986695873, 1.5301218454067147,-34.61031229333723,-1.2594391220204526
2024-10-24 01:32:23,0.9842909178086604,-86.90983502334285,121.54061667726356, 1.7316777200251778,-34.643021060508396,-1.4248083500377429
2024-10-24 01:32:23,1.0948175261170705,-87.73727567174072,122.38765187389681, 1.9250822657672726,-34.66550696996175,-1.5835471365043563
2024-10-24 01:32:23,1.2071557337829124,-88.54623915031766,123.21158677964482, 2.1216952630738306,-34.683731665214815,-1.7449402260017353
2024-10-24 01:32:23,1.3102985646508032,-89.26797539165565,123.9410578487335, 2.3024031759016688,-34.69473499134092,-1.8933576166659458
2024-10-24 01:32:23,1.4077602391007764,-89.95354342500926,124.62037783594747, 2.47390950632741,-34.69183242737539,-2.034520189250741
2024-10-24 01:32:23,1.5140611411934106,-90.68953166608563,125.34124695148182, 2.6615550317706442,-34.680645717750124,-2.189202998113644
2024-10-24 01:32:23,1.635413439900482,-91.54051651491214,126.15379910881883, 2.8774344866158725,-34.647082464796256,-2.3678207201718147
2024-10-24 01:32:23,1.760968889137827,-92.43963999450725,126.98614675625198, 3.103294521452867,-34.58579034761138,-2.555676516092645
2024-10-24 01:32:23,1.8785908428188358,-93.26642101359721,127.74035539501821, 3.3163630792263543,-34.51875879169752,-2.7334664057469813
2024-10-24 01:32:23,1.9161465920116083,-93.67110796042553,128.05156206488638, 3.390600978341015,-34.427250644053586,-2.7977626950615018
2024-10-24 01:32:23,1.939108457982471,-93.89220170662193,128.22661245357057, 3.435192135137137,-34.38241740271303,-2.836102103398157
2024-10-24 01:32:23,1.9687851222416775,-94.16252870996287,128.44346350850208, 3.492439453533484,-34.3305202108406,-2.8851855304557383
2024-10-24 01:32:24,1.9865481656779038,-94.34292917090534,128.5820992718983, 3.5276591463693623,-34.289732683283745,-2.9157182498517673
2024-10-24 01:32:24,1.9883657258319323,-94.42324814886264,128.62795971964832, 3.5339967116735114,-34.25543211754718,-2.9221504567677368
2024-10-24 01:32:24,2.0114360317858777,-94.62933306157028,128.79242459281343, 3.57874370015444,-34.215076056750135,-2.9605967884106397
2024-10-24 01:32:24,2.015801671742635,-94.6566332043333,128.81750111557372, 3.5867017524505997,-34.21308251758109,-2.9672557709432636
2024-10-24 01:32:24,2.001870120286154,-94.56946705523103,128.73738923243957, 3.5613128317925113,-34.21940447294047,-2.9460138567990137
2024-10-24 01:32:24,1.944702350816257,-94.21035694550272,128.40594364852922, 3.457330403232251,-34.24412230459601,-2.859091827779523
2024-10-24 01:32:24,1.880827298101534,-93.80636189335372,128.03037899176599, 3.3415170702859798,-34.26937042910333,-2.7624204312600384
2024-10-24 01:32:24,1.8139163408550547,-93.47834716426117,127.683003950697, 3.2244146588003177,-34.246873213302614,-2.6662582301677187
2024-10-24 01:32:24,1.675049183538645,-92.58272525064736,126.83506018123228, 2.974247408617661,-34.28827390610351,-2.4580641901594538
2024-10-24 01:32:24,1.577061411948862,-91.94178373090013,126.21960436542889, 2.7986286557199245,-34.309649353160694,-2.3122608178416657
2024-10-24 01:32:24,1.4713137349859542,-91.24142797123494,125.53884843579407, 2.6098462573110415,-34.32510517805127,-2.1558188913937886
2024-10-24 01:32:24,1.3441503900672218,-90.38687295031433,124.69652990094578, 2.3837219377250456,-34.332753943208225,-1.968781647850292
2024-10-24 01:32:24,1.2065775740628024,-89.51277751127745,123.79445847367484, 2.1414443578141245,-34.30031274023715,-1.7692985299979411
2024-10-24 01:32:24,1.0867646683223,-88.7049952240256,122.96365783642729, 1.9300518319747257,-34.273791680894796,-1.5951011817801135
2024-10-24 01:32:24,0.970285567113676,-87.89529513545791,122.12430785683202, 1.7245895427919042,-34.24108649459078,-1.4258153315727786
2024-10-24 01:32:24,0.8541828269404919,-87.07093094739315,121.25961046031065, 1.5198708170836035,-34.19805125631879,-1.257177830158133
2024-10-24 01:32:24,0.7359481608695486,-86.21229824687249,120.34830352898449, 1.3113213986825671,-34.14297616586327,-1.0853611853765948
2024-10-24 01:32:24,0.6637256183814612,-85.66262865532339,119.76542248547125, 1.1836727219495258,-34.10847085727133,-0.9800981511427801
2024-10-24 01:32:24,0.6160622080063414,-85.29872393258819,119.37576772979642, 1.0994153916601153,-34.081939538406715,-0.9106116163425675
2024-10-24 01:32:24,0.5684033971999225,-84.9332638504434,118.98168912212685, 1.015126410154862,-34.05259737260839,-0.8410840709971455
2024-10-24 01:32:24,0.5220795133975842,-84.56884595755169,118.58904858285545, 0.9330860164518887,-34.023726173190745,-0.7733686373279641
2024-10-24 01:32:24,0.47374386338647845,-84.1795581690099,118.16948295318959, 0.8473706562649443,-33.99282942925699,-0.7025774192503752
2024-10-24 01:32:24,0.43275614797539164,-83.84283104031343,117.80607504939903, 0.7745986389269435,-33.965670238362,-0.6424430063890413
2024-10-24 01:32:24,0.38759349889799893,-83.46911429118848,117.40046925224746, 0.694340665752505,-33.93330356322511,-0.5760948727329183
2024-10-24 01:32:24,0.3390045153341014,-83.06382927988675,116.95789751914151, 0.607890564146156,-33.89556101485279,-0.5045887906994756
2024-10-24 01:32:24,0.2839228010742975,-82.60026403207489,116.44824046018788, 0.5097344673713633,-33.84902534715953,-0.4233421042369512
2024-10-24 01:32:24,0.2232116818607349,-82.0841143815436,115.87645705927052, 0.4013221140651376,-33.79299234324565,-0.3335214341981148
2024-10-24 01:32:24,0.14033233484832186,-81.3704008595271,115.07834947828259, 0.2528682159182557,-33.70820622644867,-0.21035507814128424
2024-10-24 01:32:24,0.051312244999846185,-80.59105147283178,114.19721680967307, 0.0927081469996005,-33.60619991160416,-0.07721305347582441
2024-10-24 01:32:24,-0.05832877140186128,-79.78285010203658,113.20921748517735, -0.10588572189757534,-33.42641236559439,0.08837162002823079
2024-10-24 01:32:24,-0.06396193882395051,-80.38902976393365,113.65900277730567, -0.1165943465572446,-33.27002742630755,0.09748392677093233
2024-10-24 01:32:24,-0.012125469218769974,-81.0383475736049,114.3269154228196, -0.022092257213910643,-33.2885698033252,0.018467290817053977
2024-10-24 01:32:24,0.05417873423112915,-81.87410245740601,115.17202915270606, 0.09868748586770172,-33.29796569442555,-0.08248567543464107
2024-10-24 01:32:24,0.13676594533035438,-82.69735046041511,116.04579391077412, 0.248786715240446,-33.34869148798568,-0.20782201016275836
2024-10-24 01:32:24,0.22892771864068925,-83.5267686228373,116.93877663020992, 0.41573150243885154,-33.41270128430049,-0.34702366287981773
2024-10-24 01:32:24,0.2960413287097407,-84.08350108485965,117.5454441848925, 0.536895965363655,-33.46310024690692,-0.44790467135584033
2024-10-24 01:32:24,0.33611714014055916,-84.39898480823462,117.89220310169463, 0.6090703509287387,-33.494708161139,-0.5079320033807138
2024-10-24 01:32:24,0.38136985802206735,-84.74482328766413,118.27352359546859, 0.6904206387406754,-33.53061576333005,-0.5755367770004829
2024-10-24 01:32:24,0.42603317014697845,-85.07340746058617,118.6381227350464, 0.7705406068965402,-33.567102373150945,-0.6420561987296267
2024-10-24 01:32:24,0.4751512960132842,-85.42870541765241,119.03170617065466, 0.8585045787501843,-33.60596567913616,-0.7150336204809404
2024-10-24 01:32:24,0.5178152096278799,-85.7324616841304,119.36760293891322, 0.9347918575499194,-33.63865821668481,-0.7782799735369634
2024-10-24 01:32:24,0.5631692716642784,-86.05333328349151,119.72063644672872, 1.0157996274619636,-33.67145808946866,-0.8454065718718689
2024-10-24 01:32:24,0.6127849899901537,-86.40190655127056,120.10209878753842, 1.1043264677276328,-33.70510534690569,-0.9187293872766705
2024-10-24 01:32:24,0.6610927864179433,-86.73887887268718,120.46883346218446, 1.1904405348373286,-33.73566636792643,-0.9900244906411317
2024-10-24 01:32:24,0.7114045223167411,-87.08734829970706,120.84597632852172, 1.2800585818468562,-33.765235015353234,-1.0641953667960315
2024-10-24 01:32:24,0.7609710620898685,-87.42822763870022,121.21283135748702, 1.368295338046616,-33.792155932040245,-1.1372032440794524
2024-10-24 01:32:24,0.8112956368772769,-87.76831658350905,121.57834031971868, 1.4577912089401663,-33.81859949963613,-1.2112194889409424
2024-10-24 01:32:24,0.8656972945933016,-88.12929083635049,121.96581180635009, 1.554438957839909,-33.84627546259074,-1.2911140636212648
2024-10-24 01:32:24,0.9263041777655197,-88.51860155964147,122.38540349758804, 1.6619141349327806,-33.87795706749719,-1.3798858880615394
2024-10-24 01:32:24,0.9853766477229319,-88.89028654531923,122.78564012184817, 1.7665424851660818,-33.90796299068275,-1.4662595917163421
2024-10-24 01:32:24,1.052971555287428,-89.31212869909498,123.23688039564996, 1.886226157276202,-33.93913408280087,-1.5650481763520336
2024-10-24 01:32:24,1.1389416687026575,-89.83483056007279,123.79552646029256, 2.038242228130027,-33.977499288833606,-1.690449549678266
2024-10-24 01:32:24,1.257233707336578,-90.51278234386818,124.52782759407272, 2.24663433869004,-34.035477390296855,-1.8620649293549052
2024-10-24 01:32:25,1.4051058004513484,-91.29183438868168,125.38602819021732, 2.5055371890918026,-34.11963717691612,-2.0746704037508485
2024-10-24 01:32:25,1.5704517907655107,-92.00526797287237,126.23699610014947, 2.7902009118407496,-34.2633453137853,-2.306563427960436
2024-10-24 01:32:25,1.530327419848209,-91.6536171856912,125.93224551328623, 2.7157252132427288,-34.30859851389575,-2.243759962414626
2024-10-24 01:32:25,1.4751557886547355,-91.09251400506939,125.46471594960997, 2.6116666220546856,-34.39995355103938,-2.1553989420710016
2024-10-24 01:32:25,1.4168218818095557,-90.70239644919113,125.0807608600249, 2.5080881095710352,-34.403959489165935,-2.069781396814945
2024-10-24 01:32:25,1.2890206136961944,-89.83750053724555,124.21997481588093, 2.2817835901114756,-34.403658235637906,-1.8829658683530819
2024-10-24 01:32:25,1.2095959097129438,-89.29270445104157,123.67100807935994, 2.1415081457128937,-34.39696106486977,-1.7673140472968565
2024-10-24 01:32:25,1.1132315612758026,-88.62392946727466,122.98997170906759, 1.9716134381204187,-34.38185326632131,-1.6273623809351283
2024-10-24 01:32:25,1.01176579633796,-87.91020043630246,122.2544797332273, 1.792989452562238,-34.35735065042885,-1.480327308996365
2024-10-24 01:32:25,0.9195929672466733,-87.15557697985219,121.5071258504617, 1.6294070730569876,-34.36234450493508,-1.3451659994383875
2024-10-24 01:32:25,0.893866884403339,-86.97059771738044,121.31259103944629, 1.5842260260984111,-34.35219711980286,-1.3080186953705892
2024-10-24 01:32:25,0.8776240914353683,-86.85345376549137,121.18908531623204, 1.5557008943203192,-34.34547028150751,-1.2845661854117985
2024-10-24 01:32:25,0.8707687170782588,-86.80392994419817,121.13679961743226, 1.543661776178635,-34.342556322144866,-1.2746680429564594
2024-10-24 01:32:25,0.8639231684904002,-86.75442806409217,121.08449411076728, 1.5316399177003472,-34.33960201402976,-1.2647841056897648
2024-10-24 01:32:25,0.8570874247568289,-86.70494805161253,121.03216878150035, 1.519635245973043,-34.33660741010438,-1.2549142992851965
2024-10-24 01:32:25,0.8409690681421444,-86.58808179877784,120.90841184575045, 1.4913284686679795,-34.32936937604262,-1.2316414114777097
2024-10-24 01:32:25,0.8361083213378186,-86.49209905010504,120.83150336514242, 1.4819890251445869,-34.348333082992106,-1.2236505366007568
2024-10-24 01:32:25,0.8108438887307451,-86.30822119640906,120.63598700727793, 1.43764853324434,-34.33616686379639,-1.187206633619421
2024-10-24 01:32:25,0.7806835173254152,-86.00505715106468,120.34631238118509, 1.3837109805960544,-34.34903906628251,-1.1424841806464567
2024-10-24 01:32:25,0.7433600792515564,-85.73090434064481,120.05224651231661, 1.3182443340657584,-34.32840487272818,-1.0886920695705729
2024-10-24 01:32:25,0.7063300381015732,-85.4573877627516,119.75755366382366, 1.2532697753319724,-34.30654760715911,-1.0352957577433717
2024-10-24 01:32:25,0.6818212486887438,-85.27551411949342,119.5608756343753, 1.2102501415682316,-34.29131136929967,-0.999936192424253
2024-10-24 01:32:25,0.6421389212343684,-84.88940074249237,119.17838889791004, 1.1397202914870275,-34.29426492983118,-0.9416246985884732
2024-10-24 01:32:25,0.6174096462121921,-84.53111043521677,118.85775808771459, 1.0947814113006105,-34.33151897494476,-0.9040925316847688
2024-10-24 01:32:25,0.590555572938009,-83.93948748437357,118.36633333530627, 1.044498732084667,-34.4312859707562,-0.8615381604685275
2024-10-24 01:32:25,0.5711623067141801,-83.62777008979468,118.0885780895098, 1.0093308022790926,-34.46495603281182,-0.8321930236896842
2024-10-24 01:32:25,0.5662224698549895,-83.44737936091123,117.9466692364654, 0.9996246923463966,-34.50336061034805,-0.8238104964228287
2024-10-24 01:32:25,0.5586527953981469,-83.32217307408844,117.83488174171674, 0.9859269001496382,-34.51666930784875,-0.8123914214062498
2024-10-24 01:32:25,0.5550799140414352,-83.234609414651,117.76193006902653, 0.979259115413499,-34.53122866379161,-0.8067558905498015
2024-10-24 01:32:25,0.5546707354161451,-83.17109290254308,117.71578758009902, 0.9781063681471708,-34.5485943951598,-0.8056380819916743
2024-10-24 01:32:25,0.5483603905726775,-83.12311753835948,117.662028585015, 0.9671219333843084,-34.54272336557315,-0.7966461535080899
2024-10-24 01:32:25,0.5381483014218092,-83.04537545859168,117.57482960104593, 0.9493411540650631,-34.533127095646876,-0.782088882053351
2024-10-24 01:32:25,0.5275229530088348,-82.89662048850344,117.43567925653056, 0.9303727389604173,-34.54258685438248,-0.7663742972832401
2024-10-24 01:32:25,0.5088372007659963,-82.75377379934699,117.27480930397245, 0.8978314034165931,-34.52432029972647,-0.7397298954547606
2024-10-24 01:32:25,0.4881817887262657,-82.51297441924402,117.03686576208823, 0.8613268094958381,-34.526914557842645,-0.7096299035944511
2024-10-24 01:32:25,0.459696387068946,-82.29359591389695,116.78819600893567, 0.8116763443964238,-34.49728374456727,-0.6689598808664409
2024-10-24 01:32:25,0.43138762719553975,-82.07455429212366,116.53907899490511, 0.7622786360489401,-34.46689067428196,-0.6284750573480579
2024-10-24 01:32:25,0.37240144646514095,-81.6148086728825,116.0135194358585, 0.6591579626300151,-34.40047830744597,-0.5438846825679391
2024-10-24 01:32:25,0.3491027152861755,-81.43195330265978,115.80347742700481, 0.618349558669409,-34.37307900688287,-0.51037897134894
2024-10-24 01:32:25,0.3044907748772179,-81.07979256703801,115.39734188632623, 0.5400779304716535,-34.318734596864154,-0.4460621169274689
2024-10-24 01:32:25,0.29780543734447,-81.02678666656394,115.33602796107348, 0.5283327834105154,-34.31037545002826,-0.43640481960916644
2024-10-24 01:32:25,0.23105136398177584,-80.49412750723006,114.71721561316885, 0.4108140666883282,-34.22377301156522,-0.33968233696926864
2024-10-24 01:32:25,0.19906112137972715,-80.23664527715253,114.41635343463165, 0.3543303268305065,-34.18021736518015,-0.29312965764120025
2024-10-24 01:32:25,0.16160558735463626,-79.93330840343646,114.06046530044361, 0.28804920818827573,-34.12749317102362,-0.23844523741709217
2024-10-24 01:32:25,0.12717677408704722,-79.56232512486966,113.65998474447959, 0.2268554147855522,-34.097868106393406,-0.18785501139415506
2024-10-24 01:32:25,0.0958655868875509,-79.23725336508029,113.30265277442918, 0.17114576928611122,-34.06551801785352,-0.1417768752389707
2024-10-24 01:32:25,0.07893561496381692,-79.0977456420936,113.13679364450019, 0.14101725583297495,-34.03912849707881,-0.116854797813916
2024-10-24 01:32:25,0.07250980178736662,-78.96902938731408,113.01432783556243, 0.12951675234638574,-34.04536635493241,-0.10731693217536703
2024-10-24 01:32:25,0.05352810078421098,-78.73620662630668,112.76712877080955, 0.09564727845670029,-34.030959171448444,-0.0792662988324883
2024-10-24 01:32:25,0.03326201275686799,-78.49207682856135,112.5054274779347, 0.0594616252608621,-34.013364956045564,-0.049288169563627963
2024-10-24 01:32:25,0.03322131800021962,-78.43085031263014,112.45672749418702, 0.0593696439006924,-34.02589144651616,-0.049204663585294725
2024-10-24 01:32:25,0.03606289661858481,-78.52370610640988,112.54000180361527, 0.06446377898199468,-34.01631251289298,-0.05343263670398277
2024-10-24 01:32:25,0.05635276250344378,-78.86759175315508,112.88012999028669, 0.10074242142356482,-34.01257930338702,-0.08350690918179172
2024-10-24 01:32:25,0.09572011026586036,-79.38274203545477,113.41542524940424, 0.17103051262998648,-34.03280160838514,-0.14173607667353913
2024-10-24 01:32:25,0.12153355633509061,-79.77630701179463,113.8063920345623, 0.21716770119216008,-34.03027590228054,-0.17997625872749848
2024-10-24 01:32:26,0.18350296793398307,-80.66551932431929,114.6903390528296, 0.32794378095795146,-34.02525497729403,-0.2717977866287003
2024-10-24 01:32:26,0.23955043612777902,-81.45639135242283,115.4660905062928, 0.4282730843737315,-34.01044130181899,-0.35501289796848434
2024-10-24 01:32:26,0.3209087421858262,-82.31326770251208,116.35853866230312, 0.5731940123501964,-34.0466010297262,-0.4749434847859239
2024-10-24 01:32:26,0.4013235515809058,-83.13283773659246,117.20492906421877, 0.7163222368768102,-34.07416938574966,-0.593348726861453
2024-10-24 01:32:26,0.4950767549244618,-84.00026417914769,118.11119163143496, 0.8827614608282739,-34.114085163071906,-0.730876253541875
2024-10-24 01:32:26,0.568506588188523,-84.6583522092627,118.79408878022046, 1.013027834416537,-34.13989650936241,-0.8384800088360215
2024-10-24 01:32:26,0.6444118319337748,-85.3310922210442,119.48419029808191, 1.147748036034171,-34.158439439084866,-0.9497878625017265
2024-10-24 01:32:26,0.7309732960643951,-86.07288176902347,120.24140873346822, 1.3013702701420609,-34.17539553725889,-1.076710509032926
2024-10-24 01:32:26,0.8389668654350156,-86.99383736325255,121.1649216350201, 1.4934800197847158,-34.18013112122149,-1.2356076594522618
2024-10-24 01:32:26,0.9324178243812121,-87.7980432638214,121.95255245181208, 1.6604827481043578,-34.165690312773954,-1.3740329812623824
2024-10-24 01:32:26,1.033749746802692,-88.64180648126685,122.77229938619723, 1.841994801102062,-34.1442482167928,-1.5246503075582305
2024-10-24 01:32:26,1.1375245577356592,-89.48385497271906,123.5813853254712, 2.0285264923100934,-34.114205909238244,-1.6796810202107963
2024-10-24 01:32:26,1.1429694345148647,-89.58357480282972,123.65669612785922, 2.039513173751458,-34.08997231492595,-1.6892641645140647
2024-10-24 01:32:26,1.1632365580427684,-89.7243299751249,123.79830590049208, 2.0756105568775296,-34.0914290996984,-1.7191410621622483
2024-10-24 01:32:26,1.179845471261744,-89.83939592331947,123.91381224503785, 2.1052044525117597,-34.09237102248065,-1.7436399344942006
2024-10-24 01:32:26,1.1891761519132213,-89.97316950381112,124.01957634424487, 2.1233763236422942,-34.0646657910118,-1.7592701752455553
2024-10-24 01:32:26,1.2012819809834534,-90.05677284511823,124.10315773123428, 2.1449797467948613,-34.06501739347796,-1.7771669998125956
2024-10-24 01:32:26,1.2161339494406638,-90.22103755158413,124.24181116407394, 2.172918072062242,-34.03988796337004,-1.8008548635006243
2024-10-24 01:32:26,1.2199089115756567,-90.24702881974862,124.26769576623906, 2.1796645005362616,-34.039900189175896,-1.806447545453486
2024-10-24 01:32:26,1.2320985486964662,-90.33086880974291,124.35111094955425, 2.2014537664864298,-34.03986187038745,-1.82451226951502
2024-10-24 01:32:26,1.277741610029566,-90.81920848664727,124.76307328491758, 2.2874628838100817,-33.96502535454165,-1.897487747831235
2024-10-24 01:32:26,1.3711085071532783,-91.45323533102054,125.38447951623809, 2.4552786416549988,-33.955620626185386,-2.036970006027026
2024-10-24 01:32:26,1.4662399711290888,-92.09159282293054,126.00302066015578, 2.6268228819368598,-33.939323598147844,-2.1797651586074123
2024-10-24 01:32:26,1.6075764636462078,-92.92179140356136,126.83926152010297, 2.879300877518733,-33.95099258733362,-2.389051991861512
2024-10-24 01:32:26,1.746017299009567,-93.7923416619112,127.67074002630135, 3.1301031593023807,-33.917997883685466,-2.598280120514674
2024-10-24 01:32:26,1.9007119163249007,-94.69146566652722,128.53964982447928, 3.409665994056659,-33.895159751558936,-2.831264317468637
2024-10-24 01:32:26,1.9888288545033557,-95.20854011712399,129.0276251717743, 3.5701597674287773,-33.870570189769936,-2.965490426960463
2024-10-24 01:32:26,1.993210766254561,-95.23602416934501,129.05260119681307, 3.5782448816724264,-33.868293996505294,-2.9722907120210857
2024-10-24 01:32:27,1.951483293949585,-95.05784605122449,128.8562864626123, 3.5051175655257745,-33.848050177152814,-2.912188589126188
2024-10-24 01:32:27,1.8102228458128247,-94.4178001058923,128.16489660664436, 3.256136880640019,-33.789871286895746,-2.7070203956550856
2024-10-24 01:32:27,1.6652190455814895,-93.56794423173744,127.33929927905696, 2.9937605898667146,-33.80752198180258,-2.488250708103841
2024-10-24 01:32:27,1.517436032610429,-92.69221430108918,126.47290658782828, 2.727700790902545,-33.81071684478971,-2.26692328600965
2024-10-24 01:32:27,1.390259488741732,-91.78221572221629,125.62298161086147, 2.49539633443789,-33.86591338283003,-2.072444077709364
2024-10-24 01:32:27,1.3118465391361434,-91.18645844640102,125.06911978878551, 2.3522025899358834,-33.9050176976946,-1.9525834113734866
2024-10-24 01:32:27,1.2524662331538357,-90.71759779846771,124.63384069676107, 2.2438517877994286,-33.936595983958945,-1.86192143403081
2024-10-24 01:32:27,1.2013424041480443,-90.29068737740245,124.24131963773304, 2.1504042548522357,-33.969333906666144,-1.7836706974740093
2024-10-24 01:32:27,1.1524038434537114,-89.87289293965864,123.85626157924627, 2.061110041309713,-34.000556824953335,-1.7089569463937646
2024-10-24 01:32:27,1.1123219060055956,-89.5219899906796,123.532709498744, 1.9880560611856555,-34.02671664222072,-1.6478616597957805
2024-10-24 01:32:27,1.0704756182552457,-89.15514923253662,123.19166968167961, 1.912028173596954,-34.05132246453468,-1.5843692081380811
2024-10-24 01:32:27,1.0248874308263538,-88.75274767727439,122.8149887766587, 1.8294249364124011,-34.07579634831211,-1.515469009962305
2024-10-24 01:32:27,0.9780191088204679,-88.33599094502085,122.42202014475383, 1.7447307110062165,-34.09836221452562,-1.4449106070076072
2024-10-24 01:32:27,0.9330761420417899,-87.93338727244621,122.03963992308866, 1.6637194772983446,-34.117469884405594,-1.3774974288879631
2024-10-24 01:32:27,0.8819282430230515,-87.47159075534611,121.59770113510245, 1.5717487333690507,-34.13612424513797,-1.3010497101483658
2024-10-24 01:32:27,0.8271542338674847,-86.97270025995383,121.11625093277515, 1.4735010130648807,-34.15235368818256,-1.2194771117862495
2024-10-24 01:32:27,0.7583515683494592,-86.33948350626069,120.4991638556936, 1.35040744770552,-34.167075475337946,-1.117397013926906
2024-10-24 01:32:27,0.6688793397754399,-85.50476638833958,119.67543562429556, 1.1907800589301833,-34.176420076207144,-0.9851911854461548
2024-10-24 01:32:27,0.5827136778419193,-84.68838636006582,118.85849693731997, 1.0374221995906856,-34.1744753757903,-0.8583210302571814
2024-10-24 01:32:27,0.4953104921211352,-83.8472046811849,118.00504488134324, 0.8821123203560091,-34.160995326702206,-0.7299335140284898
2024-10-24 01:32:27,0.46626614648842496,-83.5646648438916,117.715721599332, 0.8305364492830253,-34.15385343348895,-0.6873115032876329
2024-10-24 01:32:27,0.4631338184743342,-83.5405675667961,117.68890192362099, 0.8250153014826752,-34.15109386923364,-0.6827645764588718
2024-10-24 01:32:27,0.4659187625134197,-83.50112504965203,117.66984889845722, 0.8295407500283232,-34.171514508853775,-0.6863438979033739
2024-10-24 01:32:27,0.46278875120505586,-83.4770412387831,117.64301699684835, 0.8240266956566397,-34.168729334830424,-0.681803986702747
2024-10-24 01:32:27,0.4596608837436072,-83.45296174194952,117.61617986400374, 0.8185158715446499,-34.16593488606625,-0.67726652419952
2024-10-24 01:32:27,0.4696331560258056,-83.78805940377698,117.88326319781558, 0.8377374415365736,-34.09804696854402,-0.6937286916882024
2024-10-24 01:32:27,0.5122938428395656,-84.31236352307488,118.3816403970933, 0.914438891741244,-34.07266332029028,-0.7574752772330433
2024-10-24 01:32:27,0.6042245721887485,-85.22977661785463,119.29296806343608, 1.0786790396323007,-34.0679033180147,-0.893583089689261
2024-10-24 01:32:27,0.6738565691580657,-85.79827690507167,119.88666553376135, 1.2021826993936673,-34.09424343850307,-0.9955934260408468
2024-10-24 01:32:27,0.7138454396397363,-86.11081910385228,120.21483963798053, 1.272995540648946,-34.110586920324366,-1.0540397629517115
2024-10-24 01:32:27,0.7169401351117508,-86.1340220434666,120.23948540190133, 1.2784655086189303,-34.11208643704329,-1.0585506050141757
2024-10-24 01:32:28,0.7185310475251154,-86.14485429573494,120.25142686580267, 1.281265199455877,-34.1132247946759,-1.0608546766255273
2024-10-24 01:32:28,0.743533359466331,-86.31416621862705,120.43807267291336, 1.3252461672642706,-34.13102499217691,-1.097042892675707
2024-10-24 01:32:28,0.7954450701658744,-86.6626282925175,120.82113003299122, 1.4164853030273803,-34.16663827053391,-1.1720861826140927
2024-10-24 01:32:28,0.834738841806767,-86.92643652977671,121.10892542903056, 1.485520510601431,-34.19144097214927,-1.2288568260891612
2024-10-24 01:32:28,0.8838740547117562,-87.25393392473137,121.46464253615889, 1.5717943294208776,-34.22073480617801,-1.2997838636077277
2024-10-24 01:32:28,0.9374648755337988,-87.60853121512461,121.84768231601785, 1.665843788597448,-34.25041772655113,-1.3770854621193043
2024-10-24 01:32:28,0.9870451263326764,-87.93430427929752,122.19761152078888, 1.752824604935556,-34.27578557407126,-1.4485660518360468
2024-10-24 01:32:28,1.037799086984481,-88.26555532045789,122.55148375409748, 1.841847006495405,-34.29971107109372,-1.52171833979774
2024-10-24 01:32:28,1.0891816952328714,-88.59864943606475,122.90534895164441, 1.9319664669661596,-34.321868600048774,-1.5957707952167477
2024-10-24 01:32:28,1.1422474934298872,-88.94031293312872,123.26625711637257, 2.0250452216437935,-34.34261497683557,-1.6722587482141251
2024-10-24 01:32:28,1.1962082464901045,-89.2853443071073,123.62860286445694, 2.1197147106092524,-34.361529352289686,-1.7500632332610517
2024-10-24 01:32:28,1.2479669907691484,-89.61406982214285,123.97184101341075, 2.210553282827944,-34.377646033539285,-1.824733078265068
2024-10-24 01:32:28,1.3074608209854404,-89.9892812355712,124.36125008227157, 2.3150215522835196,-34.3937716130321,-1.9106293988662042
2024-10-24 01:32:28,1.3668985520595804,-90.36137450032021,124.74492908813515, 2.4194656686789706,-34.407373695871655,-1.9965367018783065
2024-10-24 01:32:28,1.4264830995804856,-90.73601427089085,125.12678770304426, 2.5243775491774865,-34.416706583245926,-2.082912506028746
2024-10-24 01:32:28,1.4939407243661689,-91.16263559904374,125.55603719104666, 2.643464408323217,-34.4218416182817,-2.1810830812654287
2024-10-24 01:32:28,1.5586035540427485,-91.5685800755279,125.96135619628073, 2.75780867367199,-34.423730967768805,-2.2754210487993
2024-10-24 01:32:28,1.6367354135151897,-92.06241007505093,126.4472128479635, 2.896487433583822,-34.418947488991684,-2.3900399000784036
2024-10-24 01:32:28,1.7216138627621145,-92.59402174006017,126.96527850445811, 3.0475576282276116,-34.40905181449668,-2.5150660601952244
2024-10-24 01:32:28,1.8459696606100078,-93.36351052536547,127.70627673419176, 3.2697475564719185,-34.38626121204054,-2.699290035190472
2024-10-24 01:32:28,1.987618602423821,-94.2272746916683,128.5254144514746, 3.524242617054911,-34.34864511967983,-2.910851779730742
2024-10-24 01:32:28,2.1410574994694564,-95.1478981069394,129.38395309470147, 3.8018055916807887,-34.29478849771687,-3.1423233468335545
2024-10-24 01:32:28,2.255389870313172,-95.82414172061692,130.00507337151203, 4.010034529734757,-34.24623393617658,-3.31651572115834
2024-10-24 01:32:28,2.2482397730933745,-95.84215990389004,129.99600184356905, 4.000126390515697,-34.21879717967198,-3.3093884477894346
2024-10-24 01:32:29,2.233738586093124,-95.75371366042779,129.9165457823286, 3.973466285577297,-34.22693131722356,-3.286992834287342
2024-10-24 01:32:29,2.177778557717822,-95.31374269570695,129.55924397076728, 3.8659422358786966,-34.30624340203561,-3.1949502593419163
2024-10-24 01:32:29,2.0913497451613394,-94.57142992549888,128.96745021045274, 3.6985947353860222,-34.45172598122771,-3.0512284469343736
2024-10-24 01:32:29,1.9807790076692418,-93.54633163734599,128.1543418596566, 3.48462715757129,-34.65759142410316,-2.86747580026425
2024-10-24 01:32:29,1.8757472528705277,-92.62341153144955,127.38967059840255, 3.287022699298313,-34.810463488654726,-2.699758319940357
2024-10-24 01:32:29,1.7952522976720264,-91.96037988659135,126.81583270823563, 3.1391383223178706,-34.89581276863596,-2.575544572090122
2024-10-24 01:32:29,1.7308549565287359,-91.46206201119178,126.36769963494845, 3.022884649228594,-34.943085640436166,-2.478677471314783
2024-10-24 01:32:29,1.6742009607014217,-91.02061366480515,125.96703518961745, 2.921083586955275,-34.98140636165226,-2.3940367498026447
2024-10-24 01:32:29,1.6188143953466347,-90.603693677659,125.57938119915654, 2.8224947378259726,-35.00836143460766,-2.3124315339426174
2024-10-24 01:32:29,1.5704832545267513,-90.22993660540486,125.23202080405986, 2.7365149625025746,-35.03280695465106,-2.2412841669784047
2024-10-24 01:32:29,1.5237082247109803,-89.86511821574264,124.89093301212634, 2.6535234875704536,-35.054710017591844,-2.1726972065471184
2024-10-24 01:32:29,1.478054321563929,-89.49375446231149,124.54600290700682, 2.5723997199273185,-35.07941208493465,-2.1056066491818197
2024-10-24 01:32:29,1.4317866810887128,-89.10479101589921,124.1856835721221, 2.490172881397687,-35.10635575205575,-2.037599620860507
2024-10-24 01:32:29,1.3886654246118213,-88.7429565171662,123.84718242357765, 2.4138386648210512,-35.128158250557775,-1.9745857739933688
2024-10-24 01:32:29,1.3469926694217966,-88.38553841184,123.51249893325725, 2.340136721174863,-35.14945952617392,-1.9137725700852928
2024-10-24 01:32:29,1.3042148668031774,-88.01636010841547,123.16451808022234, 2.2646817449392262,-35.16923448461348,-1.8515936884366337
2024-10-24 01:32:29,1.2597103888631256,-87.62790561226448,122.79647876229119, 2.186348526627389,-35.18822132488605,-1.7871105940853778
2024-10-24 01:32:29,1.2186699886408807,-87.26727447055791,122.45252858731422, 2.1142901908786302,-35.20363187474266,-1.7278647896644754
2024-10-24 01:32:29,1.1786296862457293,-86.91315987867283,122.11266328912026, 2.044143300058627,-35.21668460121224,-1.670253703742246
2024-10-24 01:32:29,1.1378939219499693,-86.55137913547345,121.76298688193667, 1.9729412904968726,-35.227614920878246,-1.6118425348457965
2024-10-24 01:32:29,1.0940237597168068,-86.1590796060688,121.3813188351586, 1.8964164721095471,-35.23703035456871,-1.5491285034164441
2024-10-24 01:32:29,1.0498218854775743,-85.762477693673,120.99232215476589, 1.8194887678347678,-35.24346091380035,-1.4861563075593391
2024-10-24 01:32:29,1.0058388986587476,-85.3649451427702,120.59974716698662, 1.7430787147946334,-35.24729934332189,-1.4236641951743025
2024-10-24 01:32:29,0.9613319757404832,-84.95380085176961,120.1928622149021, 1.6658044410314519,-35.250475552036164,-1.3604848272239327
2024-10-24 01:32:29,0.9110682632580464,-84.4864937712228,119.7266735859783, 1.57869365331832,-35.25043136165593,-1.2893286569729918
2024-10-24 01:32:29,0.8527697662917422,-83.94039722358353,119.17687478532434, 1.4778403744083195,-35.24546050456848,-1.2070225688809375
2024-10-24 01:32:29,0.7760533227015598,-83.21637118131184,118.43913201488962, 1.3453816705976693,-35.230204183540216,-1.0990300028248525
2024-10-24 01:32:29,0.6903414027338678,-82.4085816365559,117.60133747064215, 1.197708693058895,-35.198652487542894,-0.9787651504678814
2024-10-24 01:32:29,0.6054878004633824,-81.57347976954823,116.73117448977256, 1.0514277215184509,-35.162236869471904,-0.8596000723015689
2024-10-24 01:32:29,0.5190529016915058,-80.7330576101154,115.83584149183149, 0.9025800779327696,-35.106128647665166,-0.7384103185688328
2024-10-24 01:32:29,0.4756943540109575,-80.3337931356123,115.39722927341802, 0.8280003893917435,-35.066249566518074,-0.6777241917004749
2024-10-24 01:32:29,0.47228489958993736,-80.2405162874326,115.31611989971651, 0.8218177859001364,-35.07837560565178,-0.6725635225711549
2024-10-24 01:32:29,0.46248670209704706,-80.16458704329688,115.22706113799893, 0.805032274234238,-35.065133563485205,-0.6589328062265435
2024-10-24 01:32:29,0.45645341924742705,-80.11776999888329,115.17209933704966, 0.794692234027702,-35.056920658188325,-0.6505343772327798
2024-10-24 01:32:29,0.4463292177266476,-79.97220069855673,115.02911606696802, 0.777017334474871,-35.05939277782675,-0.6360458715669255
2024-10-24 01:32:29,0.4328685401455958,-79.86737323528193,114.90564866126397, 0.7539349464785969,-35.04060727610803,-0.6172924593591907
2024-10-24 01:32:29,0.4105824455390142,-79.69327952481275,114.70018328704339, 0.7156805214873123,-35.00900413679058,-0.5861966788182115
2024-10-24 01:32:29,0.4021667190244111,-79.56766246574449,114.57670304193864, 0.7009748571082127,-35.011055572807116,-0.5741368251045418
2024-10-24 01:32:29,0.3910921843555268,-79.48075838352482,114.4737545318416, 0.6819458644729935,-34.99490283727257,-0.5586608207337187
2024-10-24 01:32:29,0.3694090675433219,-79.23591961578896,114.21418755818327, 0.6443759239072457,-34.97997000532338,-0.5279783468762577
2024-10-24 01:32:29,0.35881526832719196,-79.07810927297069,114.05741193303984, 0.6258815576632003,-34.980908440826916,-0.5128184527097576
2024-10-24 01:32:29,0.3456409729031767,-78.97387280011824,113.93303384618632, 0.6032058773918016,-34.96065219368787,-0.4943608125981106
2024-10-24 01:32:29,0.34539173559291836,-78.9121922305064,113.88443217368652, 0.6025742257134169,-34.9737282175996,-0.4937643159712613
2024-10-24 01:32:29,0.34246149818559446,-78.88896955086403,113.85667149680268, 0.597530006636221,-34.969165322288596,-0.48965813212270304
2024-10-24 01:32:29,0.3454361477870912,-78.91254411235111,113.88485274720266, 0.6026506710325156,-34.97379728822712,-0.49382654227008693
2024-10-24 01:32:30,0.35503945022030775,-78.98856678326516,113.97566671083196, 0.6191753269161503,-34.98867163621783,-0.5072754359332774
2024-10-24 01:32:30,0.36412501568494693,-79.31369930881857,114.25648943618019, 0.6357219473347345,-34.94444602872116,-0.5211132537586355
2024-10-24 01:32:30,0.3993273484660428,-79.87311708240114,114.79989056869566, 0.6974564619288506,-34.92876621425798,-0.5718290650138227
2024-10-24 01:32:30,0.46562047194232015,-80.69127708862919,115.63164823890234, 0.8129566514254465,-34.943079033807294,-0.6664126873436386
2024-10-24 01:32:30,0.5484835128790464,-81.47703303207669,116.47860745329224, 0.9561547377956384,-35.00532327705352,-0.7832090760117502
2024-10-24 01:32:30,0.6506523338708172,-82.28111292699728,117.38516272890281, 1.1313467344692756,-35.1093052297489,-0.9255451359150547
2024-10-24 01:32:30,0.748631074635718,-83.06829938138343,118.25022471807375, 1.2991643260612886,-35.188862489275536,-1.0618114815488782
2024-10-24 01:32:30,0.8603618039940334,-83.91488848351167,119.18268308658784, 1.4898412670474463,-35.276927588500406,-1.2163534745033373
2024-10-24 01:32:30,0.9631198803931185,-84.67298881411428,120.01021684383602, 1.6648683061208647,-35.348643167580896,-1.3580722729458266
2024-10-24 01:32:30,1.0763728408258182,-85.48758304666697,120.89131739303065, 1.8575152768260617,-35.417956343346006,-1.5139531596982896
2024-10-24 01:32:30,1.1926667465842815,-86.3071997043061,121.76734598154216, 2.0552530435946896,-35.477570296690836,-1.6739222944877796
2024-10-24 01:32:30,1.3161668968552374,-87.18288198865787,122.68186532305677, 2.265779590105338,-35.52017113815655,-1.844467489817144
2024-10-24 01:32:30,1.4302530327199634,-87.97473941080472,123.4988238722579, 2.460515754487008,-35.54908007593989,-2.0023353684725973
2024-10-24 01:32:30,1.5452147294307286,-88.79135510984689,124.31699453678264, 2.6580067158831273,-35.55481133915076,-2.1629714664596476
2024-10-24 01:32:30,1.6641007929466995,-89.64688955336086,125.15206576374516, 2.8637221495751777,-35.539032963859434,-2.3309227983955507
2024-10-24 01:32:30,1.7856236945212673,-90.52518463236022,125.98937123362158, 3.075671366035249,-35.50322489374817,-2.5046624068421206
2024-10-24 01:32:30,1.9156537149351933,-91.43468499944994,126.84813143442634, 3.3034252377567324,-35.458457736412726,-2.6917632890479255
2024-10-24 01:32:30,2.0440076536136567,-92.28652542572698,127.65165044850761, 3.5285808089089024,-35.41645707535826,-2.8768780319327014
2024-10-24 01:32:30,2.172720547177511,-93.1759103906567,128.45796826734508, 3.758027887815645,-35.34023102951077,-3.0670130815825067
2024-10-24 01:32:30,2.3128124744474903,-94.07781385162151,129.28095926824577, 4.007607827488521,-35.269247405219986,-3.2737810052787806
2024-10-24 01:32:30,2.378293182172278,-94.47454541428782,129.6464633048528, 4.1239900668673934,-35.24189281902765,-3.3700950851691878
2024-10-24 01:32:30,2.3950789030104764,-94.57511770861002,129.73896419525576, 4.1538564499026265,-35.234832835825884,-3.3948248367732137
2024-10-24 01:32:30,2.4456044240192596,-94.87677314894859,130.0153414151135, 4.243921452399997,-35.21264724023615,-3.469466991748615
2024-10-24 01:32:30,2.5181176421201097,-95.30693514820233,130.4066865106001, 4.373629114399341,-35.17839629063288,-3.577143702049738
2024-10-24 01:32:30,2.533165800750958,-95.39580054130317,130.487127519269, 4.400614343696446,-35.170938419786864,-3.599572653106181
2024-10-24 01:32:30,2.5644352877346765,-95.58002153040985,130.6534428232722, 4.456764856622793,-35.15506210806163,-3.6462729229642137
2024-10-24 01:32:30,2.579607638392049,-95.6691961742515,130.73373607788542, 4.4840472998163845,-35.1471756471443,-3.6689785949844866
2024-10-24 01:32:30,2.5867651798213243,-95.77936260735528,130.80420807729908, 4.500880343373918,-35.10806216349234,-3.6845349000149863
2024-10-24 01:32:30,2.5962170733339445,-95.83481119388551,130.85395862980704, 4.517919211010694,-35.10299034313962,-3.6987319342804628
2024-10-24 01:32:30,2.6056847563232988,-95.89029920945059,130.90369064655246, 4.5349963299145895,-35.09786423304917,-3.7129647058434974
2024-10-24 01:32:30,2.6079542140368943,-95.9645064266403,130.94464212885418, 4.5426838034952475,-35.06485991080095,-3.7207681816622804
2024-10-24 01:32:30,2.6174477952142685,-96.02008511378247,130.99433081473148, 4.559840707358011,-35.05960574205357,-3.7350800899117833
2024-10-24 01:32:30,2.632784366219072,-96.10975839951922,131.07438696399936, 4.587578310934479,-35.05102139622482,-3.7582265084070383
2024-10-24 01:32:30,2.6375499632020216,-96.13759479342147,131.09920940262043, 4.596202688172591,-35.04832978154369,-3.765425463169538
2024-10-24 01:32:30,2.628164839465163,-96.08276248680077,131.05030106236168, 4.579220707268121,-35.053619588549005,-3.751251187618052
2024-10-24 01:32:30,2.5598072955267046,-95.58549219467496,130.64467427832474, 4.450312485840915,-35.140571755076465,-3.641633544752254
2024-10-24 01:32:30,2.4668579358820457,-94.6594467879359,129.96094208963217, 4.2635671195878375,-35.37641333680898,-3.4785192222325296
2024-10-24 01:32:30,2.3616115150301367,-93.67091304255939,129.19785478720203, 4.059632238398053,-35.59504089367569,-3.3029661191676842
2024-10-24 01:32:30,2.2545157030952834,-92.67414673339766,128.40638472163562, 3.8566435562851042,-35.7938389041245,-3.1298427654003587
2024-10-24 01:32:30,2.188939424706419,-92.08355788715924,127.9224815073246, 3.7350470630626336,-35.89676884866392,-3.0271406127913854
2024-10-24 01:32:30,2.1455253799785106,-91.71167477980647,127.60850996813237, 3.656001643286367,-35.95229240595124,-2.960940367617602
2024-10-24 01:32:30,2.0969206402524083,-91.32494393608695,127.26973014870978, 3.569205943303956,-35.997667979804014,-2.8889240365569453
2024-10-24 01:32:30,2.048911872087698,-90.95041638768328,126.93597197184872, 3.484213104038103,-36.035969900692486,-2.8187033625425824
2024-10-24 01:32:30,1.9986001140246807,-90.5639657619771,126.58618498685082, 3.3958052192003785,-36.070125280217745,-2.7459332808607684
2024-10-24 01:32:31,1.9548478146788542,-90.2295423409481,126.28014653663864, 3.319320063335399,-36.09638942926924,-2.6831417808923885
2024-10-24 01:32:31,1.9333746855807274,-90.06679965355463,126.12979003509024, 3.2819387154761364,-36.10775558969455,-2.6525186293612024
2024-10-24 01:32:31,1.9260340048643918,-90.01140444213765,126.07838466052746, 3.2691835439589796,-36.11139985952166,-2.642079485127443
2024-10-24 01:32:31,1.9247100765234113,-90.0014661576436,126.06913572071412, 3.266885685738815,-36.112027076210595,-2.6401999553215996
2024-10-24 01:32:31,1.87594572466529,-89.64900232086332,125.73467676919195, 3.1828584930620574,-36.12778628694643,-2.5717269757658006
2024-10-24 01:32:31,1.8337047255803702,-89.33112869604437,125.43524380228148, 3.109912029730935,-36.14432570987635,-2.512217154978119
2024-10-24 01:32:31,1.785833244036777,-88.9708301997058,125.0929736234403, 3.0275197236533247,-36.160257861046205,-2.445119978221674
2024-10-24 01:32:31,1.7372829501338554,-88.60278937960274,124.7411302675142, 2.944170024387555,-36.174390759614106,-2.3773340987623004
2024-10-24 01:32:31,1.6913064647234326,-88.25541158863766,124.40565157299966, 2.8655261139183312,-36.18439303609873,-2.3134989094829708
2024-10-24 01:32:31,1.641356250923551,-87.87496438872004,124.03604560725726, 2.780266084251975,-36.19323487488852,-2.24437236416644
2024-10-24 01:32:31,1.5912041309897225,-87.49461603828492,123.66244519474998, 2.6949635497147937,-36.19804126102703,-2.1753424344016
2024-10-24 01:32:31,1.5377381405909643,-87.08479548780237,123.25760437172708, 2.6041836638585325,-36.20102043525504,-2.1019502695572796
2024-10-24 01:32:31,1.4857170901003893,-86.68849004310863,122.8613236000601, 2.5161587792491447,-36.199169294957926,-2.0309171114777045
2024-10-24 01:32:31,1.426424899898833,-86.23317671075436,122.40266902970568, 2.416015183625667,-36.19377165333184,-1.9501864562499758
2024-10-24 01:32:31,1.3564252803503465,-85.69055944461181,121.85136513649441, 2.2980139393846977,-36.18276825525429,-1.8551607908465495
2024-10-24 01:32:31,1.2623252144921218,-84.95218515676699,121.09295647187636, 2.139715501003137,-36.15980708348623,-1.727831171732842
2024-10-24 01:32:31,1.1635931315823154,-84.16603411308036,120.2750765260388, 1.9739445925018042,-36.12523635293948,-1.5946340944416524
2024-10-24 01:32:31,1.0585588764545255,-83.3162953582223,119.37900110029912, 1.79783462443431,-36.076131381625174,-1.453238710132623
2024-10-24 01:32:31,0.9737261407359508,-82.61946686991358,118.63485782569867, 1.6556880845248256,-36.02677102505693,-1.3391538732727049
2024-10-24 01:32:31,0.9622006779359006,-82.47103024625675,118.49510204667958, 1.6357569065515563,-36.035180568552924,-1.322888898940085
2024-10-24 01:32:31,0.9491207796710966,-82.31128599752438,118.34209496396903, 1.613267890277239,-36.04161514298409,-1.3045913984797899
2024-10-24 01:32:31,0.9509590035036297,-82.20007093498864,118.26934622720675, 1.6149019129366584,-36.08010806875026,-1.3052745362675817
2024-10-24 01:32:31,0.9360970929100976,-81.94035135164036,118.03899988563998, 1.5885549227700504,-36.109134112579724,-1.2835012896412825
2024-10-24 01:32:31,0.9231538486888932,-81.78129129359853,117.88527653491056, 1.5663974774556388,-36.11418090703632,-1.265514370050281
2024-10-24 01:32:31,0.9077984152893335,-81.60458940115153,117.71081688963456, 1.5402681984331144,-36.11608602901554,-1.244370418605084
2024-10-24 01:32:31,0.9103992109886969,-81.56486955029595,117.69053243073303, 1.5439619817790877,-36.135570923027615,-1.247045612925288
2024-10-24 01:32:31,0.9038979359726994,-81.51778973498556,117.63633140889857, 1.533200763416973,-36.12831128104364,-1.2384669367698073
2024-10-24 01:32:32,0.9006506019093207,-81.4942557910376,117.60922323368777, 1.5278248624457271,-36.12466825961975,-1.2341810114939724
2024-10-24 01:32:32,0.8974054671870794,-81.47072581197227,117.5821099452793, 1.5224520915044324,-36.12101644447314,-1.2298973527137333
2024-10-24 01:32:32,0.9000055119636715,-81.43104730140536,117.56177992143174, 1.5261556784149317,-36.140413952995694,-1.2325851675525474
2024-10-24 01:32:32,0.8935223763758917,-81.38401771557648,117.50752462699857, 1.5154271405513102,-36.133051814439455,-1.2240337602787381
2024-10-24 01:32:32,0.8896472913695049,-81.29736647593631,117.43287327207412, 1.508424296662024,-36.144964940221854,-1.218191619890521
2024-10-24 01:32:32,0.8849971996721182,-81.20508064206199,117.35156986796437, 1.5001486746025368,-36.155845002812434,-1.2113392183443592
2024-10-24 01:32:32,0.878542437000155,-81.15813663945637,117.29722381164576, 1.4894738300459274,-36.14830949153746,-1.2028336837166367
2024-10-24 01:32:32,0.8680963846826862,-81.08206322414236,117.20907361914722, 1.4721935623492113,-36.13601872046532,-1.1890629691834116
2024-10-24 01:32:32,0.8536852086016901,-80.976906539674,117.08705698111692, 1.4483443671763612,-36.118867577630006,-1.1700531107702214
2024-10-24 01:32:32,0.8361197485759518,-80.84840648690486,116.93769273183815, 1.4192594882636635,-36.09765478277481,-1.1468629525386635
2024-10-24 01:32:32,0.8170749529992941,-80.7086755646409,116.77494792142737, 1.3877050096019081,-36.07427079454933,-1.1216947043917587
2024-10-24 01:32:32,0.793399889860927,-80.53437439501971,116.57146335400536, 1.3484484185699872,-36.0446387210958,-1.090369545909541
2024-10-24 01:32:32,0.7863012012132264,-80.48198211548896,116.51019586860916, 1.3366709950748454,-36.03563145014109,-1.0809686068634503
2024-10-24 01:32:32,0.7760556752551409,-80.40625793985949,116.42155992602001, 1.3196669765709343,-36.022531080184216,-1.0673931768535596
2024-10-24 01:32:32,0.7702061328317967,-80.42244900384613,116.41475547204894, 1.31044557023939,-35.999433015845284,-1.0602442260509561
2024-10-24 01:32:32,0.7707614992021953,-80.48606283463226,116.4634415265919, 1.3118607143319374,-35.98451943093127,-1.0615899530711885
2024-10-24 01:32:32,0.780607695531886,-80.94745869530003,116.83330095353331, 1.3315463946006987,-35.89319124766243,-1.0787675527913698
2024-10-24 01:32:32,0.8451300969386292,-81.75546418871025,117.62185323890984, 1.4422548243852547,-35.8750091397464,-1.1687399907700013
2024-10-24 01:32:32,0.9373409670712829,-82.57571749497014,118.49144136571853, 1.597664833146974,-35.92630812983,-1.2938601885948569
2024-10-24 01:32:32,1.0297755406483526,-83.26810685263995,119.25774254393203, 1.7520375457993786,-36.00237537156395,-1.417538104182602
2024-10-24 01:32:32,1.0911899086491266,-83.6699807055684,119.72043025355013, 1.8537738262686874,-36.064721903453716,-1.4986839406506067
2024-10-24 01:32:32,1.1422540034553679,-83.9874190722525,120.09043091044867, 1.9380420517476902,-36.11862084175129,-1.5657546434293106
2024-10-24 01:32:32,1.152066024317869,-84.04812582668444,120.16099973735012, 1.9542206962703164,-36.12874643286484,-1.5786254407596387
2024-10-24 01:32:32,1.1547385174396778,-84.06387578003444,120.17967371001936, 1.958614778283111,-36.1317424528758,-1.582115588967167
2024-10-24 01:32:32,1.162713261163231,-84.11061202841307,120.23517709786658, 1.9717210787222303,-36.140725339725236,-1.5925231706749337
2024-10-24 01:32:32,1.185170094585615,-84.24170673416101,120.39077941623063, 2.008607048229091,-36.16584800902388,-1.621804331737182
2024-10-24 01:32:32,1.234660653664808,-84.52867556179572,120.73059714667484, 2.089799785417624,-36.22009161811625,-1.6862136148796505
2024-10-24 01:32:33,1.2867346267852884,-84.82833602509102,121.0839883739225, 2.175103449716332,-36.275348214057615,-1.7538261540984674
2024-10-24 01:32:33,1.334464808693371,-85.10095963244864,121.40420799996573, 2.2531848071659977,-36.324395249392,-1.815665611158315
2024-10-24 01:32:33,1.3937854903797875,-85.43653717969406,121.79698560147759, 2.350084813646108,-36.38346837132483,-1.8923443335459305
2024-10-24 01:32:33,1.4487251401485588,-85.74454784134736,122.15595850279156, 2.439705024238947,-36.43623426645051,-1.963205934124721
2024-10-24 01:32:33,1.5063284533720658,-86.06485752771984,122.52760378478403, 2.5335579367661256,-36.48953215314853,-2.0373627237427945
2024-10-24 01:32:33,1.5656911251148444,-86.39217618471548,122.90563090362235, 2.630168738403674,-36.542339065882395,-2.1136487565654623
2024-10-24 01:32:33,1.6231309887965397,-86.70603923418551,123.26657048931393, 2.7235510457529344,-36.59151964545994,-2.187339977347141
2024-10-24 01:32:33,1.6775291586161074,-87.00128146801423,123.60442826592882, 2.811921021364221,-36.63619477083581,-2.257044887972908
2024-10-24 01:32:33,1.7390293700516333,-87.3327706733299,123.98183294447921, 2.911761613183943,-36.68451725703209,-2.335767151052345
2024-10-24 01:32:33,1.8033939670094745,-87.67713771484912,124.3717293159619, 3.016190494874439,-36.73265510779985,-2.4180791012372738
2024-10-24 01:32:33,1.8673899369474898,-88.01698875574716,124.7543391581611, 3.119973057273033,-36.778098318241355,-2.499859976458377
2024-10-24 01:32:33,1.9303390832642942,-88.34885692702188,125.12587304758203, 3.222024740732806,-36.82049309517722,-2.580262387094923
2024-10-24 01:32:33,2.004151755533423,-88.7350012750962,125.55556629389241, 3.341663659888213,-36.86735420717145,-2.6745111206654357
2024-10-24 01:32:33,2.078039051127886,-89.11836857094242,125.97939200455554, 3.4614163039928694,-36.91124986181804,-2.7688479366025773
2024-10-24 01:32:33,2.162687556933487,-89.55377014710315,126.45737912399872, 3.598626400664834,-36.95792348773031,-2.8769474052241595
2024-10-24 01:32:33,2.258391608794521,-90.04127693925444,126.98831145338954, 3.7538117937929414,-37.00616520785785,-2.9992382769711012
2024-10-24 01:32:33,2.39715548527124,-90.73944231412506,127.7408149292053, 3.978999775849292,-37.06785494780185,-3.176786923007921
2024-10-24 01:32:33,2.563408467203713,-91.56291747734346,128.61646039129636, 4.249221689029258,-37.12941314719218,-3.390057938705095
2024-10-24 01:32:33,2.718960419089436,-92.32113441208533,129.4112728656962, 4.502622295814207,-37.17537177720925,-3.5903401076800647
2024-10-24 01:32:33,2.8598909599936,-92.99830482416955,130.11183516506472, 4.732802272656902,-37.20773684804821,-3.7725675778681333
2024-10-24 01:32:33,2.839048990450709,-92.88007487489338,129.99991213456715, 4.6977293109857685,-37.212656226256065,-3.744321158003095
2024-10-24 01:32:33,2.7692565746239564,-92.48233764693998,129.62153405475567, 4.580525459527005,-37.22745151948564,-3.650042487161495
2024-10-24 01:32:33,2.603209065598877,-91.52444242934052,128.6984926017486, 4.303107122369013,-37.25195149114469,-3.427553120028659
2024-10-24 01:32:33,2.4812651215247503,-90.73868240130352,127.96053387859236, 4.097489896239265,-37.292509952161346,-3.26180935505237
2024-10-24 01:32:33,2.347044044728063,-89.85426158312495,127.11958273765488, 3.8724269091735164,-37.32844909970411,-3.080971520222457
2024-10-24 01:32:33,2.209514362813814,-88.99636288856382,126.26540921064506, 3.6456032642514,-37.32499076113747,-2.9004552731825406
2024-10-24 01:32:33,2.093271729168478,-88.23541866322007,125.50737829664952, 3.4538798466502456,-37.322171078724814,-2.747882789904698
2024-10-24 01:32:33,2.025918192542695,-87.7813979778764,125.05354321851556, 3.342895113109224,-37.31917917020576,-2.6596149716984137
2024-10-24 01:32:33,1.9735690858013049,-87.4263521201227,124.69587948804319, 3.2568301037944725,-37.314167708065554,-2.5912590652700844
2024-10-24 01:32:33,1.919938456610674,-87.05802989922068,124.32333448481715, 3.168749626837826,-37.30755957565939,-2.521346949119483
2024-10-24 01:32:33,1.8770648641458518,-86.7516719314231,124.01572128697114, 3.0981665083769374,-37.30444111327798,-2.4652460118267325
2024-10-24 01:32:33,1.8662683083515816,-86.67333820445407,123.93715869759997, 3.080384321389307,-37.30374951777171,-2.451108998719673
2024-10-24 01:32:33,1.863090289711286,-86.6501175848971,123.91390432407331, 3.075147574387733,-37.303580013951255,-2.446944606661735
2024-10-24 01:32:33,1.8608945463057698,-86.63408671939555,123.89783749146119, 3.0715302885888303,-37.30345040799498,-2.444068454876505
2024-10-24 01:32:33,1.8584694921411706,-86.61637613536026,123.88008192476254, 3.067535578816334,-37.30330214275443,-2.4408923716133093
2024-10-24 01:32:33,1.8557631600775548,-86.59660444928285,123.86025351416224, 3.0630779550496388,-37.303130323784956,-2.437348440035202
2024-10-24 01:32:33,1.8527041177012378,-86.5742472140413,123.83782386656604, 3.058039917590593,-37.30292802986601,-2.433343319289097
2024-10-24 01:32:33,1.8497050250282157,-86.55232686993551,123.81582099751868, 3.0531013741491035,-37.30271839216157,-2.4294176522996964
2024-10-24 01:32:33,1.8462694959261898,-86.52720562958237,123.79059480492562, 3.0474448286719134,-37.30246809590808,-2.4249215600133156
2024-10-24 01:32:34,1.8428428134621198,-86.50214625612927,123.76541625868009, 3.04180379380939,-37.302204241549695,-2.420438241695254
2024-10-24 01:32:34,1.8388957069216485,-86.47308963284914,123.73627614307652, 3.0353022099456575,-37.3019543500846,-2.4152692292125955
2024-10-24 01:32:34,1.8341709843427572,-86.43828795661467,123.70135497753763, 3.0275210121231177,-37.301636173934625,-2.4090834698421046
2024-10-24 01:32:34,1.8283111707369641,-86.3950940581786,123.65798323225994, 3.0178723120460433,-37.30121265466723,-2.401414013390689
2024-10-24 01:32:34,1.8206574996310338,-86.33862495750643,123.6012322729314, 3.0052729970637624,-37.300611162281314,-2.391400687730858
2024-10-24 01:32:34,1.8098101485155107,-86.25849093527883,123.52060227967418, 2.9874223204742645,-37.29966459750109,-2.377216684507299
2024-10-24 01:32:34,1.792040682228497,-86.12696106800234,123.3880142123168, 2.958195414961107,-37.297874370216945,-2.354000331637979
2024-10-24 01:32:34,1.7523545214416716,-85.83203062319411,123.0896081282989, 2.892985404723713,-37.29279112456548,-2.3022317636614056
2024-10-24 01:32:34,1.7084343693379778,-85.50372070049717,122.75563537807324, 2.8209181214447994,-37.28539292266041,-2.2450668323776988
2024-10-24 01:32:34,1.6676319245201014,-85.19688386361909,122.44179802151501, 2.754054600410317,-37.27682115425742,-2.1920715319745496
2024-10-24 01:32:34,1.6186855544817658,-84.82627152902501,122.06059280372929, 2.673945589147715,-37.26439505448707,-2.1286257859066193
2024-10-24 01:32:34,1.5781284422756874,-84.51651028141858,121.74039209159089, 2.6076320021616413,-37.25247882685982,-2.076137143432937
2024-10-24 01:32:34,1.5307393596135401,-84.15440419850543,121.36311973360817, 2.530274341607803,-37.23563628254193,-2.0149668410338353
2024-10-24 01:32:34,1.489242160754766,-83.82319520305933,121.02066674549937, 2.462370452926829,-37.22296335338208,-1.961196654413018
2024-10-24 01:32:34,1.4507917492299975,-83.29762013587397,120.55391443749366, 2.3956073385302386,-37.2804357231308,-1.9065452427315532
2024-10-24 01:32:34,1.5276617938160775,-82.56959721521811,120.29148140945456, 2.495888137253097,-37.7482043155404,-1.973988482025093
2024-10-24 01:32:34,1.7384072039746439,-82.98863338277836,121.20365853721712, 2.808773060493504,-38.24850548468773,-2.2064996523979965
2024-10-24 01:32:34,1.9015981971816944,-83.60003429771083,122.08797667859565, 3.0537404115438465,-38.52761020908396,-2.3898435619050282
2024-10-24 01:32:34,1.9934955479358338,-84.084754583482,122.66976959823803, 3.194344938296136,-38.628456072217716,-2.49646359284153
2024-10-24 01:32:34,2.0012752965255713,-84.13315121631948,122.72342795018317, 3.2064269405307826,-38.63404908098233,-2.5057184206442495
2024-10-24 01:32:34,1.9974420680973959,-84.10931136210986,122.69700154820258, 3.200473856724958,-38.63129914205332,-2.5011583228011367
2024-10-24 01:32:34,1.985031951873512,-84.03204853088924,122.61128470915753, 3.181201391319499,-38.62231826545483,-2.4863958723929196
2024-10-24 01:32:34,1.9424541131571647,-83.76601937057661,122.31531470128165, 3.1150863607296193,-38.59059427601856,-2.4357562517707683
2024-10-24 01:32:34,1.9198613041445658,-83.62425590760795,122.15706984997335, 3.080007317579432,-38.57318208319316,-2.408889745028951
2024-10-24 01:32:34,1.8908155820143204,-83.44138172541436,121.95239494134636, 3.0349108578612296,-38.55020032272768,-2.374351970809063
2024-10-24 01:32:34,1.840746102007549,-83.12448056946523,121.59627739000265, 2.957173437413137,-38.50898921408531,-2.314815846043235
2024-10-24 01:32:34,1.8066387762794192,-82.90738742805232,121.3512681221564, 2.9042157172988694,-38.47974405775629,-2.274255863319565
2024-10-24 01:32:34,1.7319537652607087,-82.42849444518338,120.8077795971406, 2.788231473033985,-38.41232231272348,-2.1854120502944436
2024-10-24 01:32:34,1.698545156807263,-82.21267845497994,120.56150026490953, 2.736332941492635,-38.38063196430845,-2.1456493633601523
2024-10-24 01:32:34,1.671622529010635,-82.03803161602652,120.36158725047508, 2.694500494826467,-38.354393702574974,-2.1135937969774967
2024-10-24 01:32:34,1.6501627977023294,-81.89835123028678,120.20130449526842, 2.6611492151442016,-38.33302716067226,-2.0880334157132543
2024-10-24 01:32:34,1.623741543954551,-81.78994916246151,120.0470396863217, 2.621231180520959,-38.28625739391535,-2.058020976046642
2024-10-24 01:32:34,1.6068857416578501,-81.67953212217303,119.91987985309605, 2.595004087853469,-38.268929583549145,-2.0379041772200535
2024-10-24 01:32:34,1.5997709929013473,-81.63284639327111,119.86604931504066, 2.5839322458773504,-38.26153959196829,-2.029411004777596
2024-10-24 01:32:34,1.5962172994894106,-81.60951000054673,119.83912686828062, 2.578401702623558,-38.25783146257155,-2.025168357388115
2024-10-24 01:32:34,1.5795332750934208,-81.55713360524062,119.75221582543229, 2.5534253517456325,-38.22274456609994,-2.0065083431211512
2024-10-24 01:32:34,1.5620264751661095,-81.49909527732876,119.6587261831032, 2.5271324388917336,-38.18671812866803,-1.9868190039491875
2024-10-24 01:32:34,1.546205034743338,-81.39455301734058,119.5378035793516, 2.5024652613053915,-38.169807651634514,-1.967872599331581
2024-10-24 01:32:34,1.5280624736331418,-81.33863511744984,119.44346763752073, 2.475236335318745,-38.1308060744763,-1.947490519921587
2024-10-24 01:32:34,1.5021121282359762,-81.23049571980617,119.28851793980338, 2.435767412830049,-38.083163616270376,-1.9176716814158803
2024-10-24 01:32:34,1.4840710418047385,-81.17456694260731,119.19404335975435, 2.4086019201021993,-38.044051742057746,-1.897287925491764
2024-10-24 01:32:34,1.4617512958205094,-81.0897240917755,119.06591586522322, 2.374696178917423,-38.00007082451941,-1.8716904764157125
2024-10-24 01:32:34,1.439498970047259,-81.00489046297204,118.9376917636717, 2.3408402557090184,-37.955995258447864,-1.8461021038456078
2024-10-24 01:32:34,1.4173137661483937,-80.92006558521724,118.80937072348891, 2.3070335311474843,-37.91182512161579,-1.8205223129712247
2024-10-24 01:32:34,1.4001781423522897,-80.86204228202085,118.71536267698362, 2.280998891295163,-37.87532777717462,-1.800861675952962
2024-10-24 01:32:34,1.376406712301414,-80.82332781355623,118.61439047942339, 2.2454358143883293,-37.81237708321768,-1.774286393178394
2024-10-24 01:32:34,1.35864113619543,-80.76731364074324,118.51953077185493, 2.2184098602917977,-37.773014121274635,-1.7538566564074183
2024-10-24 01:32:34,1.3443226221149045,-80.73450301465957,118.45175612398951, 2.1967746699578314,-37.73763985233468,-1.7375758158507004
2024-10-24 01:32:34,1.2969928020115822,-80.62492780173706,118.22635002398418, 2.1250315628588514,-37.620478527647485,-1.6834645640581773
2024-10-24 01:32:34,1.2364311073826049,-80.42292077600924,117.89207627170703, 2.0319496972513833,-37.48655704918948,-1.6125946143285672
2024-10-24 01:32:34,1.2025361391909968,-80.32454675183254,117.71474003150868, 1.9798338335890542,-37.406701096378555,-1.5728992794186891
2024-10-24 01:32:34,1.175371805640141,-80.20717630350897,117.54423291999443, 1.9374827219349273,-37.3528575591125,-1.540348425288031
2024-10-24 01:32:34,1.1539242762780753,-80.12220331000222,117.41483638043114, 1.9040796634619614,-37.30788724293764,-1.5146908424493275
2024-10-24 01:32:34,1.1259617988137822,-80.05606233084784,117.27829797703095, 1.8609613204395794,-37.236796696997885,-1.4817792456690455
2024-10-24 01:32:34,1.0907363775299328,-79.93793132624974,117.08032145797563, 1.8060791576883806,-37.15609411711832,-1.439606353362899
2024-10-24 01:32:35,1.0574332825524966,-79.83925766381508,116.90208645508878, 1.7541724081791246,-37.07574607611922,-1.399706449478125
2024-10-24 01:32:35,1.0124275730862822,-79.6698568340979,116.63367593581175, 1.683392275589062,-36.975703041758706,-1.3449863384265008
2024-10-24 01:32:35,0.979441781538988,-79.57101730294198,116.45494114009881, 1.631588172978303,-36.89507846220089,-1.3049672985194185
2024-10-24 01:32:35,0.9309022679652851,-79.29309528689478,116.09193561729424, 1.5538304782106565,-36.80894811617443,-1.2441649149553038
2024-10-24 01:32:35,0.8101189228572903,-78.62718308829584,115.19753086070348, 1.3595303692166796,-36.57806701373578,-1.0918377169219504
2024-10-24 01:32:35,0.742671125483996,-78.2199159464746,114.66446136190869, 1.2500660998206443,-36.45106277074931,-1.005565256538653
2024-10-24 01:32:35,0.7130394016713708,-77.99797358232769,114.3953308066272, 1.2015395962005428,-36.403375291653184,-0.9671196928463095
2024-10-24 01:32:35,0.6536926915611011,-77.55005091106577,113.8496135140134, 1.1041087458221868,-36.3046387676151,-0.8898181516027882
2024-10-24 01:32:35,0.6225350208786989,-77.23385362431101,113.4970325938986, 1.0524000551525141,-36.26778892754345,-0.8485424907010044
2024-10-24 01:32:35,0.567235830300825,-76.80986492785667,112.97502690618661, 0.9611707039150033,-36.16900311681325,-0.775958959477607
2024-10-24 01:32:35,0.5425284020813504,-76.53978311797435,112.67558209879323, 0.9199542093475892,-36.13931658382005,-0.742963779633466
2024-10-24 01:32:35,0.5156032126756682,-76.33084153352468,112.41625473872836, 0.8753568962774959,-36.088596209745944,-0.7074012519881092
2024-10-24 01:32:35,0.498210293444874,-76.19532654117955,112.24766945987906, 0.8465016273965286,-36.05531841491838,-0.6843707425096448
2024-10-24 01:32:35,0.48518679282976157,-76.09357298898775,112.12088262946794, 0.8248707182079348,-36.03013420638711,-0.667095281922591
2024-10-24 01:32:35,0.4790219353682419,-75.98004764426986,112.007682934615, 0.8143843505355897,-36.030388503412986,-0.6586121487937686
2024-10-24 01:32:35,0.4696483798133936,-75.90656107526084,111.91586456458548, 0.7988011579218524,-36.01195179101768,-0.6461602281090916
2024-10-24 01:32:35,0.463876131236658,-75.8612446660159,111.85919874546606, 0.7891993317704963,-36.00053876158259,-0.6384852601346502
2024-10-24 01:32:35,0.4599781247263474,-75.77238680231328,111.77336247734534, 0.7825113422217838,-36.00351682062586,-0.633050341768288
2024-10-24 01:32:35,0.447079656811619,-75.6708551571368,111.64612069399993, 0.7610403140976815,-35.977668436987344,-0.615881351059834
2024-10-24 01:32:35,0.44386692940589706,-75.58023378417144,111.56085102009247, 0.7554746750438948,-35.982985261389395,-0.6113359225570081
2024-10-24 01:32:35,0.437103973896901,-75.46157240762295,111.44017952827551, 0.7440007261149756,-35.98090370704446,-0.6020666314924318
2024-10-24 01:32:35,0.43036028109147895,-75.3429929376518,111.31936705953653, 0.7325623419466317,-35.97860057561909,-0.592827312672748
2024-10-24 01:32:35,0.4300654913308856,-75.28246091309532,111.26845186319446, 0.7318913855065676,-35.98821357003157,-0.5922121747792102
2024-10-24 01:32:35,0.4377350007595883,-75.16865352406269,111.20098303655362, 0.7441140980636425,-36.03462819798499,-0.6017482074768263
2024-10-24 01:32:35,0.4456934557516035,-75.11534493077299,111.18441614697738, 0.7569747075151264,-36.07145103404394,-0.6118624049271715
2024-10-24 01:32:35,0.4536464502420154,-75.06202258745564,111.16779806691527, 0.7698043805291457,-36.10823766773912,-0.6219419309551852
2024-10-24 01:32:35,0.46159398954231123,-75.00868655044763,111.15112880950002, 0.7826032574581873,-36.1449880478494,-0.6319869370713468
2024-10-24 01:32:35,0.4816432119736815,-74.9207308803848,111.14758876816627, 0.8149496094377828,-36.22962106591861,-0.6573985566466292
2024-10-24 01:32:35,0.4841783831267878,-74.88278963446741,111.12491900589897, 0.8189409114607952,-36.24492015294701,-0.6604891325223322
2024-10-24 01:32:35,0.4949723322531461,-74.85187901087191,111.13660821475027, 0.8363481977466335,-36.287641255911694,-0.6741602218066564
2024-10-24 01:32:35,0.5003690628840238,-74.8364102502312,111.14243739252153, 0.8450383897327043,-36.30900072106108,-0.6809790527873052
2024-10-24 01:32:35,0.5165582779880955,-74.78995021041986,111.15986320737879, 0.8710553746177115,-36.37307470358408,-0.701368903860656
2024-10-24 01:32:35,0.5302707234186127,-74.7817255938392,111.20040042434292, 0.893144184050289,-36.42200068599148,-0.7187031664388377
2024-10-24 01:32:35,0.5356681449580198,-74.76619788895219,111.2061689143139, 0.9017800050600185,-36.443362288410555,-0.7254530652244259
2024-10-24 01:32:35,0.5410654030736631,-74.750661236867,111.21192711129102, 0.9104069892816752,-36.464723127921225,-0.7321919503310673
2024-10-24 01:32:35,0.5493898112653917,-74.75789548851687,111.2466435693028, 0.9238127695517371,-36.492308953972945,-0.7427097511470535
2024-10-24 01:32:35,0.5631193612699271,-74.74953838799223,111.2870751916683, 0.9458083565327766,-36.541271212758716,-0.7599135649259187
2024-10-24 01:32:35,0.5797963856998616,-74.76389148941138,111.35641847822392, 0.9725564215620937,-36.59647792101244,-0.7808475887169166
2024-10-24 01:32:35,0.5964936047614864,-74.77817487200922,111.4257049084544, 0.9992695847495944,-36.651703417310785,-0.8017220868782182
2024-10-24 01:32:35,0.6132110523173775,-74.7923884623509,111.4949345164353, 1.0259480802685053,-36.70694779540409,-0.8225372342107042
2024-10-24 01:32:35,0.6385172852282529,-74.85840898676278,111.63625399693376, 1.0664024228335285,-36.782604464064875,-0.8541311410114377
2024-10-24 01:32:35,0.6571463565121318,-74.93688040726748,111.7646376853726, 1.0962336205899117,-36.83278933668915,-0.8774511826592019
2024-10-24 01:32:35,0.6601240534783228,-74.95963472204512,111.79351865420936, 1.101042975963122,-36.838960562556295,-0.881229953286665
2024-10-24 01:32:35,0.6660851513425531,-75.00514971367349,111.85126283938214, 1.1106677107411438,-36.85127955190385,-0.8887907080894281
2024-10-24 01:32:35,0.6664928991965487,-75.15126160296147,111.97232117128297, 1.1119963268300606,-36.826237036880265,-0.8901453737632312
2024-10-24 01:32:35,0.6731611120715537,-75.58824214777954,112.35099171950519, 1.124648930972364,-36.768042368846785,-0.9009587589310442
2024-10-24 01:32:35,0.6687462158735994,-75.84155518759076,112.54106088363778, 1.1189276540725996,-36.704741342494714,-0.8971143415051379
2024-10-24 01:32:35,0.6666175157163614,-76.03431833858949,112.68928435471315, 1.116531060777803,-36.66017683448504,-0.8957113930005143
2024-10-24 01:32:35,0.6477953088673875,-76.2363935193665,112.7880934575421, 1.0876456860667811,-36.556639232160535,-0.8737087065437315
2024-10-24 01:32:35,0.6330384050507849,-76.38425262253762,112.85683051421785, 1.0648566999066078,-36.477308366280724,-0.8562779949035766
2024-10-24 01:32:35,0.5975639142738172,-76.67631161268372,112.97071199411243, 1.0094424980379026,-36.298643100273104,-0.8135819106531503
2024-10-24 01:32:35,0.5584711491777858,-76.91148097545108,113.02645356926868, 0.9474564651923263,-36.118702806032665,-0.7653772149128103
2024-10-24 01:32:35,0.5192669423548649,-77.14627281874674,113.08113577119065, 0.8847686643163621,-35.938109235593515,-0.7163738428624935
2024-10-24 01:32:35,0.45609860991558304,-77.41229439928671,113.07953194327715, 0.7821953171672504,-35.66976685672643,-0.6354621168643297
2024-10-24 01:32:35,0.38221621338564443,-77.71004660964427,113.06649349843987, 0.660498451330626,-35.358243648473014,-0.5386773383376577
2024-10-24 01:32:35,0.28793311999978766,-78.05378379213504,113.02044231746689, 0.502405051893569,-34.967693036817515,-0.41171201283957537
2024-10-24 01:32:35,0.24887821662273715,-78.20250688581042,113.00613877148386, 0.4360370866483256,-34.80440949482309,-0.35803460789905306
2024-10-24 01:32:36,0.18121711638642213,-78.43134769303569,112.95832759811, 0.319720676745884,-34.52739645859188,-0.2634044404001058
2024-10-24 01:32:36,0.09188874532951129,-78.76604370270212,112.9202926415, 0.1636709075214012,-34.15435754749094,-0.13544238693419453
2024-10-24 01:32:36,-0.03508429875825832,-79.24216573744847,112.86535389219912, -0.06336008136033228,-33.623204308116364,0.05275975965200613
2024-10-24 01:32:36,-0.12568597256864666,-79.73196039204427,112.94264539619168, -0.22947066341124442,-33.21089558153119,0.19198927258978454
2024-10-24 01:32:36,-0.23206905267271732,-80.39015664854193,113.09602539136102, -0.42949211182574887,-32.70660064284501,0.36139748635675334
2024-10-24 01:32:36,-0.326435763430506,-81.00202139049532,113.2513503529195, -0.6117392627132014,-32.250802791306945,0.5173659382817792
2024-10-24 01:32:36,-0.42391953976458,-81.83385419776006,113.56170268596279, -0.8060682595717933,-31.73038483443977,0.6855996208634437
2024-10-24 01:32:36,-0.4713994995639653,-82.24940507794349,113.71883328504349, -0.9029344767487738,-31.472596348231665,0.7701211356691665
2024-10-24 01:32:36,-0.49625392166549304,-82.56139296784676,113.87183907965095, -0.9548669715344716,-31.31397909691829,0.8157938592205053
2024-10-24 01:32:36,-0.5061619833958024,-82.68529484702039,113.932228840579, -0.9757073054766473,-31.250618647856367,0.834159993188812
2024-10-24 01:32:36,-0.4690452455936497,-82.59661061630331,113.98879056759014, -0.9004094759039316,-31.395326046071318,0.7686006627463866
2024-10-24 01:32:36,-0.41285188851106547,-82.50012946872019,114.1026941642036, -0.7878131361438409,-31.604982139195904,0.6709773822803526
2024-10-24 01:32:36,-0.3566264229793609,-82.40267631220595,114.21576745196757, -0.6764952624715455,-31.814880222581184,0.5748632030982177
2024-10-24 01:32:36,-0.282566123802098,-82.22180961876974,114.3249939091244, -0.5316824011171705,-32.10429487556556,0.4503822885679417
2024-10-24 01:32:36,-0.21852477246298363,-82.06395845862548,114.41810615995158, -0.40833738664473285,-32.35480550985806,0.34494481022091134
2024-10-24 01:32:36,-0.12663198956003008,-81.92066229060542,114.61369060790058, -0.23444287793822602,-32.69324635003107,0.19730145873836183
2024-10-24 01:32:36,-0.09593679837531584,-81.88275230572857,114.68633718765471, -0.17708291601007964,-32.80370949511755,0.1488439134284764
2024-10-24 01:32:36,-0.0548381189193345,-81.85374196067819,114.79974001993973, -0.1008334040521694,-32.94603855332362,0.08461771843115985
2024-10-24 01:32:36,-0.030046923218368878,-81.85812605984664,114.88439557873778, -0.055129580152823356,-33.026281638653536,0.046221782838695456
2024-10-24 01:32:36,0.012027491048202808,-81.92785922624572,115.07420184737703, 0.02199697284498183,-33.146344554231504,-0.018417553540325905
2024-10-24 01:32:36,0.06065332333479677,-82.00375382417455,115.2893810048911, 0.1105171629441771,-33.28567608078762,-0.09238625905383588
2024-10-24 01:32:36,0.12137925532858151,-82.1535102290813,115.59761308443096, 0.22023903309759021,-33.44429751371474,-0.1837725730300124
2024-10-24 01:32:36,0.16373735157085428,-82.3355900330821,115.86859455508417, 0.29639975701872806,-33.53335755415117,-0.24706894146467798
2024-10-24 01:32:36,0.25272809007806624,-82.70530127484216,116.42433980530409, 0.45526017207670444,-33.719873680533944,-0.3786703932530976
2024-10-24 01:32:36,0.35850558304011154,-83.21440286362979,117.12739623587497, 0.6425413539222524,-33.91466163487017,-0.5332324532348816
2024-10-24 01:32:36,0.4986250092528551,-83.89122808244164,118.04617655762007, 0.8880806395440894,-34.158146315263345,-0.734897242518525
2024-10-24 01:32:36,0.6394544725334175,-84.579336579661,118.95871385767913, 1.1323388676343384,-34.38459233694393,-0.9345188867801938
2024-10-24 01:32:36,0.7804299693892192,-85.2959876551708,119.87442965313116, 1.3749456834833522,-34.5861520753678,-1.1320264799181006
2024-10-24 01:32:36,0.8755204923836496,-85.81826552550054,120.50809286387415, 1.5380894556977451,-34.699490199987714,-1.2646373103381883
2024-10-24 01:32:36,0.9326788164049638,-86.14333425052274,120.89216428951165, 1.6360358452941208,-34.75977146743603,-1.3442035259999894
2024-10-24 01:32:36,0.987108242237242,-86.46403335820011,121.26214328918816, 1.7293315282475978,-34.81034295802682,-1.4200015365445984
2024-10-24 01:32:36,1.0444132923740197,-86.80394780434555,121.6498679849165, 1.8274883286069623,-34.859590136230004,-1.499721173244036
2024-10-24 01:32:36,1.1019490034276473,-87.14432249202302,122.03520729006387, 1.9259443008361328,-34.90607659653733,-1.579644748032652
2024-10-24 01:32:36,1.1506374825159196,-87.43170910076367,122.35826971708946, 2.0092020648646973,-34.94310225737957,-1.6472070637719771
2024-10-24 01:32:36,1.2067286143385887,-87.76096205462687,122.7263655530869, 2.1050470933064207,-34.98357051350366,-1.7249548721310517
2024-10-24 01:32:36,1.26207026696549,-88.08355073749469,123.08509269794314, 2.1995425716142583,-35.02138635455731,-1.8015801827398226
2024-10-24 01:32:36,1.3204155606947225,-88.42125891473869,123.45859486090896, 2.2991068432435537,-35.05902812764069,-1.8822917743231342
2024-10-24 01:32:36,1.377087017999919,-88.74697657824728,123.81685667450466, 2.39576945710202,-35.09344514881661,-1.9606332963066329
2024-10-24 01:32:36,1.433499710894908,-89.06899717703712,124.16913838960451, 2.4919592915205118,-35.125647140606496,-2.0385796350724656
2024-10-24 01:32:36,1.4904600426897727,-89.39194920382485,124.52052491488908, 2.5890637024519862,-35.156119004169696,-2.11726026284355
2024-10-24 01:32:36,1.5532235463765751,-89.74529974227282,124.90278685500266, 2.696053567846359,-35.18736590474712,-2.203949072703296
2024-10-24 01:32:36,1.6175799872859908,-90.10494678060643,125.28949663735516, 2.80576675777471,-35.21692230118308,-2.292849547811013
2024-10-24 01:32:36,1.6748921059175415,-90.42299596398252,125.62948866855484, 2.903491171381298,-35.24117039737831,-2.3720456137920554
2024-10-24 01:32:36,1.7413870962198283,-90.78942320644038,126.01887810184323, 3.016913101707606,-35.26690736950993,-2.463981610373346
2024-10-24 01:32:36,1.8173299291532008,-91.20459350789109,126.4570618963037, 3.1465236306486015,-35.29322206381167,-2.56907312112986
2024-10-24 01:32:36,1.8954311261631998,-91.62795591911848,126.90060241440759, 3.2799244852913816,-35.316942931067565,-2.677286097922586
2024-10-24 01:32:36,1.9800735117510857,-92.08274791863745,127.3733657255242, 3.4246504072959163,-35.338923862997355,-2.7947539227590035
2024-10-24 01:32:36,2.0941525179108984,-92.68926381347504,127.99787097097389, 3.6200149351112483,-35.36259936596926,-2.95345876705003
2024-10-24 01:32:36,2.232677099811034,-93.41614036617331,128.73729847359692, 3.8578164295374635,-35.38249459707855,-3.146889657710814
2024-10-24 01:32:36,2.3950947802420868,-94.25551683601759,129.57894159280846, 4.137599007508988,-35.39399449355198,-3.374890101141253
2024-10-24 01:32:36,2.565927925064457,-95.12406854303885,130.43604158852673, 4.433207405361979,-35.392990891584205,-3.6163639747650125
2024-10-24 01:32:36,2.640714108860517,-95.4998565833565,130.80252768604691, 4.563100614965928,-35.38850402109287,-3.7226782079894485
2024-10-24 01:32:37,2.6256057451316486,-95.41167603690604,130.72288920068087, 4.536115434988439,-35.396041167447414,-3.700287297482762
2024-10-24 01:32:37,2.6047741893879346,-95.2898702456688,130.61265764328877, 4.498947000844489,-35.40624062330028,-3.669462594782644
2024-10-24 01:32:37,2.5445958248717115,-95.01890679087295,130.33177626384068, 4.3963513488976576,-35.39254471460768,-3.5862789182887784
2024-10-24 01:32:37,2.4388872385548725,-94.57205967689937,129.8474524126642, 4.218045482000981,-35.34869390532994,-3.442513169915252
2024-10-24 01:32:37,2.318332766562463,-93.95345724876356,129.23182119138448, 4.009718952996716,-35.34459709347338,-3.272464745091966
2024-10-24 01:32:37,2.21103270421036,-93.30222252735851,128.62256691811007, 3.820567753925572,-35.3805002378486,-3.1165518070101332
2024-10-24 01:32:37,2.0953020165121288,-92.59116423932937,127.94876423146594, 3.6176438407261853,-35.41155370117476,-2.9497349385244793
2024-10-24 01:32:37,1.9850745116721147,-91.6854371878086,127.17050315756104, 3.4169611208164077,-35.53326883834968,-2.78176192448075
2024-10-24 01:32:37,1.8836590532613477,-90.80369634936376,126.41148964767508, 3.232959860515957,-35.651003779849745,-2.6279929158501893
2024-10-24 01:32:37,1.7753764375105507,-89.86194212236978,125.58240118194306, 3.039027793446162,-35.75868816084224,-2.4669163960633824
2024-10-24 01:32:37,1.6823068090275806,-89.01927485843775,124.83472490140774, 2.8732868295047393,-35.84965828451778,-2.3296310618289944
2024-10-24 01:32:37,1.5991578412415284,-88.2681871065597,124.15477492271353, 2.726735842218806,-35.917418865110875,-2.208857095821276
2024-10-24 01:32:37,1.5391622497699589,-87.69294389951574,123.63611198720815, 2.620961629641056,-35.971670804553966,-2.1216744360901214
2024-10-24 01:32:37,1.4984529149541512,-87.28905078284538,123.27173778046549, 2.5492792474774806,-36.00966333618508,-2.062627850176159
2024-10-24 01:32:37,1.4600564972787864,-86.91259709482722,122.92768637805307, 2.482080272658715,-36.040670919271115,-2.0074436233832884
2024-10-24 01:32:37,1.4225218933383865,-86.55390986802306,122.59428417916891, 2.4168568352772697,-36.06463550613209,-1.9540760202712175
2024-10-24 01:32:37,1.3834942286084284,-86.18739930635259,122.24873785195476, 2.3494183984539987,-36.08426955763864,-1.8990554286099695
2024-10-24 01:32:37,1.3426359035247912,-85.80038187509491,121.88165891408255, 2.278994468042971,-36.102858249562075,-1.84167464984632
2024-10-24 01:32:37,1.3083510202078883,-85.47569854568926,121.57111772945755, 2.2200865918800234,-36.115901987890034,-1.793756224537105
2024-10-24 01:32:37,1.2696444455615443,-85.10402902806972,121.2143527333842, 2.15368041551941,-36.1296022924212,-1.7397809620534126
2024-10-24 01:32:37,1.2326351182484985,-84.74633446545135,120.8688218166431, 2.090331172969386,-36.140650588776495,-1.6883527150252218
2024-10-24 01:32:37,1.1957178437560456,-84.387227245231,120.51977376153941, 2.0272733806120433,-36.14963203289594,-1.6372187908065623
2024-10-24 01:32:37,1.158821974704882,-84.02646602936493,120.166799105324, 1.9643856094080083,-36.15637611361211,-1.5862804244924558
2024-10-24 01:32:37,1.121500956699417,-83.65913204366485,119.80515478086376, 1.9008931098419581,-36.16104613451674,-1.5349042714988272
2024-10-24 01:32:37,1.0859936125721321,-83.30837541235391,119.45740810438338, 1.840604930840151,-36.1631184828517,-1.4861725685763416
2024-10-24 01:32:37,1.0502873339624574,-82.95390610024941,119.10372021326121, 1.780080465659675,-36.162988671907414,-1.437294118592044
2024-10-24 01:32:37,1.0135985665153335,-82.58784412988328,118.73607413405976, 1.7179881868019855,-36.16050107683667,-1.387192167724898
2024-10-24 01:32:37,0.9770580164941248,-82.22077902729855,118.36516507647063, 1.6562291024672975,-36.15579006258567,-1.3373951771275618
2024-10-24 01:32:37,0.9398719633615329,-81.84463867355407,117.98274311061881, 1.5934550078095295,-36.148659468981464,-1.286813151876612
2024-10-24 01:32:37,0.9035768580981401,-81.47494206720815,117.60456251714396, 1.5322505176561962,-36.13937915617316,-1.2375247382373118
2024-10-24 01:32:37,0.8602775165942661,-81.03051479900489,117.14690639085543, 1.4593077878865282,-36.12524183701099,-1.1788156103647918
2024-10-24 01:32:37,0.8129003769932587,-80.5399163778262,116.6378656589619, 1.3795701581437823,-36.105857017103034,-1.1146704310582052
2024-10-24 01:32:37,0.7612706281236092,-80.0000140477461,116.0730151612045, 1.2927413933100942,-36.07994270139371,-1.0448500299023968
2024-10-24 01:32:37,0.6959490448810326,-79.30882433108357,115.3427795540655, 1.1829445155479117,-36.03976506699721,-0.9565864611169506
2024-10-24 01:32:37,0.620813983627814,-78.5021897597009,114.4805041339442, 1.0566639537243163,-35.98294699329681,-0.8550773782169
2024-10-24 01:32:37,0.5405653444335845,-77.6320571394519,113.53648598154197, 0.9217300765145386,-35.90795080920148,-0.7465868877257232
2024-10-24 01:32:37,0.484181914021886,-77.01159859800222,112.85566734160022, 0.8268020303832682,-35.846900616488206,-0.6702090450220923
2024-10-24 01:32:38,0.4812552888728884,-76.98876447188566,112.8275682978909, 0.8219094365358967,-35.841602110976496,-0.6662874072916956
2024-10-24 01:32:38,0.4754076482816515,-76.94310382056602,112.77135325672462, 0.8121305748210776,-35.83098119401072,-0.6584478630202236
2024-10-24 01:32:38,0.472486629286946,-76.92027728066235,112.7432372517363, 0.807244296481831,-35.82565878908901,-0.6545299463327119
2024-10-24 01:32:38,0.4695674754614033,-76.89745325480094,112.71511558544614, 0.8023601128477337,-35.82032842421519,-0.6506132598545303
2024-10-24 01:32:38,0.46373475623696325,-76.85181271583699,112.65885525382693, 0.7925980088025508,-35.80964382758207,-0.6427835572878957
2024-10-24 01:32:38,0.4608211873033975,-76.82899618806066,112.63071658091835, 0.7877200779572663,-35.804289602287504,-0.6388705310930054
2024-10-24 01:32:38,0.4579094764692897,-76.806182144977,112.60257223154625, 0.7828442209480863,-35.798927429969616,-0.6349587148940422
2024-10-24 01:32:38,0.4549996219726676,-76.78337057925562,112.57442220190369, 0.7779704325692104,-35.79355731383938,-0.6310481036498803
2024-10-24 01:32:38,0.4553203861742645,-76.84533802660576,112.62516885266565, 0.7787303532157756,-35.782341087370334,-0.6317536788028564
2024-10-24 01:32:38,0.4500486344819566,-76.92296855195794,112.66945232030757, 0.7703370093612765,-35.748939251517506,-0.6252066647469968
2024-10-24 01:32:38,0.4480303449351445,-77.0999819179493,112.80401023809834, 0.7676730074656869,-35.70646563649714,-0.6233767536151996
2024-10-24 01:32:38,0.4573025704361419,-77.41459231433494,113.08540676713083, 0.7841917010945937,-35.67335680084356,-0.6370554144040257
2024-10-24 01:32:38,0.4821247972990023,-77.8789898826581,113.53498609903495, 0.8270515360548137,-35.65882358224856,-0.6719974565142584
2024-10-24 01:32:38,0.5155429187973659,-78.3217704291909,113.99225142085749, 0.8840607260381855,-35.67371215153652,-0.7181871527638968
2024-10-24 01:32:38,0.5916921132423463,-79.11072132851781,114.85135453806048, 1.0128989986313395,-35.74487835039977,-0.8221245964564966
2024-10-24 01:32:38,0.6926496405329221,-80.00206652314478,115.85304838873036, 1.1825332216276296,-35.85677555533704,-0.9584706827045237
2024-10-24 01:32:38,0.7678349821194436,-80.64537864078355,116.5713020083924, 1.3084995415931155,-35.93302339062762,-1.0595601449878151
2024-10-24 01:32:38,0.840759409956806,-81.25629996885641,117.24872447070973, 1.4304511247907312,-36.00091627658171,-1.1573288970622428
2024-10-24 01:32:38,0.8971824464796738,-81.72673519500114,117.76487741500641, 1.5247456086344673,-36.04779563242754,-1.232897834835213
2024-10-24 01:32:38,0.9460701388488176,-82.14055599841791,118.21205008152778, 1.6065172135840575,-36.08221490830468,-1.2984614303074653
2024-10-24 01:32:38,0.9901344078908698,-82.50854161147528,118.60799896454408, 1.6801902504013542,-36.11118790424942,-1.3575185415005793
2024-10-24 01:32:38,1.034166760874646,-82.86163879609882,118.99018794728823, 1.7536601836839891,-36.14133241513575,-1.416347772469361
2024-10-24 01:32:38,1.0790220643159352,-83.19848603340954,119.36059882491021, 1.8282235055367615,-36.176011689982445,-1.4759302548552191
2024-10-24 01:32:38,1.12289517422497,-83.51847098996006,119.71359463761918, 1.901027122928812,-36.21015735782725,-1.5340508031225015
2024-10-24 01:32:38,1.1706727914207518,-83.85413557790413,120.08631266009026, 1.9801238554875893,-36.24849489073737,-1.5971132345357328
2024-10-24 01:32:38,1.216923694228664,-84.1767931278807,120.44273516911146, 2.056659305651087,-36.28355259349045,-1.658118716316949
2024-10-24 01:32:38,1.2641920837567535,-84.50431972073449,120.80265571178235, 2.134854599262023,-36.31731831670284,-1.720436836069881
2024-10-24 01:32:38,1.3133735216755087,-84.84557366998347,121.17442282452346, 2.2162500261499125,-36.34931389270094,-1.78532139817056
2024-10-24 01:32:38,1.3583970345649372,-85.15586435547473,121.51068086617525, 2.290763038619663,-36.376687192367285,-1.8447196162557007
2024-10-24 01:32:38,1.4091737846708756,-85.50615539328952,121.88707757429191, 2.3748608619373663,-36.404435485378315,-1.9117872263462588
2024-10-24 01:32:38,1.4611264864004112,-85.86202618188881,122.26723325859513, 2.4609336109441013,-36.430463059705936,-1.9804428690447469
2024-10-24 01:32:38,1.5089461360081335,-86.18736517284835,122.61279878460054, 2.540193246276038,-36.45234928232624,-2.0436802673006063
2024-10-24 01:32:38,1.5592437382634134,-86.52730908655138,122.97185978484019, 2.6236054877930024,-36.4732698513618,-2.1102521672416703
2024-10-24 01:32:38,1.610362936281479,-86.87048238880546,123.33223854864517, 2.70843814277485,-36.49236922792162,-2.1779847690129506
2024-10-24 01:32:38,1.665659835010888,-87.23911519901466,123.71700820033564, 2.800281191901254,-36.51062430515173,-2.2513507451164365
2024-10-24 01:32:38,1.717229378951979,-87.58052458023387,124.071194508706, 2.886016807086005,-36.52544214894925,-2.319876721919716
2024-10-24 01:32:38,1.772165821027049,-87.94175167036074,124.44366848095402, 2.9774499139088904,-36.53893308409665,-2.393002870577738
2024-10-24 01:32:38,1.8309300236525718,-88.32538030509536,124.8366824520612, 3.0753808513880614,-36.550799113855014,-2.4713846410796103
2024-10-24 01:32:38,1.892361263140354,-88.72342538119705,125.24167779670162, 3.1779117296741597,-36.56043197127199,-2.5535197737312476
2024-10-24 01:32:38,1.962157830428402,-89.17204169967059,125.69472301264568, 3.294616691025365,-36.5680203716745,-2.6471070479571495
2024-10-24 01:32:38,2.0376614474067654,-89.65309364171931,126.17651475903143, 3.421142840904073,-36.57231285463916,-2.74869791536313
2024-10-24 01:32:38,2.1353973669074113,-90.26942074270086,126.78772614948758, 3.585398252782514,-36.57200620788551,-2.8807988901528665
2024-10-24 01:32:38,2.2688533640624864,-91.09978556534307,127.60043244759943, 3.810643168967756,-36.561302897935995,-3.062386184008344
2024-10-24 01:32:38,2.410146093023118,-91.96537356673699,128.43446787619234, 4.05046116052365,-36.537611590766495,-3.2563304171076246
2024-10-24 01:32:38,2.5463793240047106,-92.78735934625243,129.2140887340872, 4.283147973428199,-36.50332116583528,-3.4451598313376346
2024-10-24 01:32:38,2.6012817543838347,-93.1152455511263,129.52171070247533, 4.377357179181736,-36.486450684929224,-3.5218055563718895
2024-10-24 01:32:39,2.596756310250454,-93.08882984037695,129.4967697571387, 4.36960909043398,-36.48764341342367,-3.515509285783138
2024-10-24 01:32:39,2.592234476551909,-93.06242274744865,129.47182443316856, 4.361868836047515,-36.48882391563827,-3.5092201139044805
2024-10-24 01:32:39,2.5709072813671257,-92.93770549770556,129.35384179194784, 4.325384116215552,-36.49423926651093,-3.479585075907475
2024-10-24 01:32:39,2.544089306739539,-92.78048269995828,129.20471097478782, 4.279557509256376,-36.50068947322095,-3.442384756530439
2024-10-24 01:32:39,2.468635393276521,-92.26268355319417,128.74212248971094, 4.147528776870285,-36.55129164942359,-3.333873781761839
2024-10-24 01:32:39,2.3631808761607966,-91.52657702856109,128.078347548093, 3.963987026630699,-36.61744775566458,-3.1834443411840483
2024-10-24 01:32:39,2.2381519013398425,-90.64956290896906,127.27242031067017, 3.7484095350732156,-36.681622114192386,-3.0076323789702486
2024-10-24 01:32:39,2.109389218422075,-89.791053830727,126.44854544646576, 3.5302598823022877,-36.70962824923142,-2.8314015770660768
2024-10-24 01:32:39,1.9770686386699685,-88.9440694734668,125.60319778426557, 3.309009502899207,-36.70493040490465,-2.6539667790703128
2024-10-24 01:32:39,1.8540151040576003,-88.06840803575349,124.74783056056123, 3.101849909507843,-36.71967390972324,-2.48721942214336
2024-10-24 01:32:39,1.739913052030541,-87.24060213747732,123.92804619877585, 2.9106240314314773,-36.72288551267707,-2.333690036576586
2024-10-24 01:32:39,1.616794462638137,-86.36808146398258,123.03739064079998, 2.706016514612713,-36.69993458665813,-2.1701961474249805
2024-10-24 01:32:39,1.503046311449083,-85.52034387181088,122.17058382231534, 2.5169241853512276,-36.67672761455239,-2.0190825693176757
2024-10-24 01:32:39,1.3945384799694076,-84.7457077662151,121.3492777305139, 2.337914487941653,-36.626411253435464,-1.8766465031119557
2024-10-24 01:32:39,1.282289092424915,-83.94641191718149,120.48462791546518, 2.153154345492145,-36.557575205897564,-1.7298288798652457
2024-10-24 01:32:39,1.1733215525618224,-83.11810383600222,119.59328563904843, 1.9732075290304827,-36.49142859512082,-1.586573789494624
2024-10-24 01:32:39,1.0642036372427985,-82.30888297043732,118.69729997345215, 1.7934553097910693,-36.40182538770865,-1.443673181939077
2024-10-24 01:32:39,0.9579707684488407,-81.43398449866127,117.74614829960636, 1.6174113432917419,-36.32305955714802,-1.3032535200784026
2024-10-24 01:32:39,0.879267300149486,-80.73989058693193,116.9956755987247, 1.4865611833617074,-36.2649831681269,-1.1986934417432846
2024-10-24 01:32:39,0.7856455556333799,-79.9045379924445,116.08047834868033, 1.3308448844210645,-36.183305699273056,-1.0742353068291035
2024-10-24 01:32:39,0.6936525643555312,-79.06912180715275,115.15354981475292, 1.1776165815882615,-36.090188902224334,-0.9516675794981159
2024-10-24 01:32:39,0.6117884810896087,-78.2913061030295,114.2877853035589, 1.0408498219637357,-36.000975109032325,-0.8420867866930042
2024-10-24 01:32:39,0.5360322585203572,-77.46611710896771,113.39061416000628, 0.9135596419491682,-35.92795764735214,-0.7397814572248378
2024-10-24 01:32:39,0.4676462490280581,-76.76716111275078,112.6042952460476, 0.7987015356034431,-35.8397765630044,-0.6474877902149088
2024-10-24 01:32:39,0.4582093720312815,-76.69324069123064,112.51298570555173, 0.7829144559402154,-35.8222835006436,-0.6348289599775543
2024-10-24 01:32:39,0.4578919912615747,-76.63224678318242,112.46290049204065, 0.7821659200306995,-35.83318766321328,-0.6341348530630779
2024-10-24 01:32:39,0.45208481419440266,-76.58668371068714,112.40652375842826, 0.7724488612421557,-35.82231112103867,-0.6263423229077352
2024-10-24 01:32:39,0.4361969222655157,-76.46177984938363,112.25179765579327, 0.7458421819639703,-35.792320777238494,-0.6049957659762778
2024-10-24 01:32:39,0.43041730822411084,-76.41625264054811,112.19533537205623, 0.7361553529349667,-35.78132598213369,-0.5972205236674698
2024-10-24 01:32:39,0.4265349110004044,-76.32710750340583,112.10999058127014, 0.7294485216557149,-35.785085735664424,-0.591751285823624
2024-10-24 01:32:39,0.4207711063565831,-76.28161501492526,112.05346582195932, 0.7197843845367979,-35.773995209728874,-0.5839926090847389
2024-10-24 01:32:39,0.41501460168031024,-76.23613181095418,111.99691805416111, 0.7101281265242697,-35.76287322409357,-0.5762383566743506
2024-10-24 01:32:39,0.4121390825336897,-76.21339367251583,111.96863553222575, 0.7053029394504685,-35.75730044144108,-0.5723628772947545
2024-10-24 01:32:39,0.4092653832278635,-76.19065783344044,111.94034724633397, 0.7004797068830293,-35.751719802909896,-0.5684884892493012
2024-10-24 01:32:39,0.40639350205012076,-76.16792428647837,111.91205319252728, 0.6956584237402869,-35.74613131149837,-0.5646151876309737
2024-10-24 01:32:39,0.4035234372900494,-76.14519302438353,111.88375336684126, 0.6908390849449805,-35.740534970196265,-0.5607429675373564
2024-10-24 01:32:39,0.39778875019136506,-76.09973732582587,111.82713638394125, 0.6812062201071746,-35.729318749836764,-0.5530017523355414
2024-10-24 01:32:40,0.3920613082906613,-76.0542906798591,111.77049626579566, 0.6715810718324687,-35.71807116558328,-0.5452648045104918
2024-10-24 01:32:40,0.38279126955391024,-75.98063111284274,111.67862138066883, 0.6559929569289084,-35.699769865104734,-0.5327305379460159
2024-10-24 01:32:40,0.37993611160242347,-75.95791840797376,111.65027382888925, 0.6511894514003573,-35.69410893447018,-0.528867046060684
2024-10-24 01:32:40,0.3857348326160215,-76.00403440899557,111.70782187789905, 0.6609440132939502,-35.70559415419587,-0.5367121944831169
2024-10-24 01:32:40,0.3924905924847344,-76.13138329108402,111.83474268463928, 0.6725260826706956,-35.70522994539222,-0.5461200709593662
2024-10-24 01:32:40,0.4122211197835434,-76.54344889057606,112.23604772431942, 0.7065164344681021,-35.694662990345215,-0.5737986593584097
2024-10-24 01:32:40,0.4833225977338634,-77.38077476981616,113.14617376263234, 0.8269070294886256,-35.768229000459456,-0.670958404303935
2024-10-24 01:32:40,0.5841787396860574,-78.1793326865794,114.10948171135009, 0.9954697910268188,-35.93425831138348,-0.806050754759337
2024-10-24 01:32:40,0.6705846063903345,-78.93249647268789,114.97406863646533, 1.139630501325553,-36.04696476055534,-0.9214731342565324
2024-10-24 01:32:40,0.7694460438629971,-79.69897596693217,115.87477183866034, 1.3034144353325474,-36.18286067606175,-1.0520972013015595
2024-10-24 01:32:40,0.8670306625388382,-80.49729653919677,116.77931323857449, 1.4649648555648453,-36.29095207092764,-1.1808836969763283
2024-10-24 01:32:40,0.9757329248973127,-81.30855950055904,117.71194815251363, 1.6438324963332445,-36.41465451165315,-1.3229889445756111
2024-10-24 01:32:40,1.0833987837560004,-82.08239567394375,118.59768579572892, 1.8203285116218382,-36.529122252459835,-1.4629073940667179
2024-10-24 01:32:40,1.1880743613321674,-82.86891446467082,119.46701947347304, 1.9922326442129714,-36.61468831709349,-1.599323873110008
2024-10-24 01:32:40,1.2979868666428798,-83.64630420112519,120.3299983484219, 2.172068344574677,-36.703425233379825,-1.741731896878123
2024-10-24 01:32:40,1.4138356332905078,-84.4463982391058,121.20956988446332, 2.361405432175616,-36.78651320161836,-1.891568325865417
2024-10-24 01:32:40,1.534997247695168,-85.29954041917554,122.12183496517042, 2.5600747006001856,-36.84974745108003,-2.0490901893923947
2024-10-24 01:32:40,1.6458416623086956,-86.09912331602133,122.95190598291683, 2.74282041921997,-36.884306810295186,-2.194446125989505
2024-10-24 01:32:40,1.7480697179730975,-86.95867790659092,123.77830577561227, 2.915249944257397,-36.855230638254646,-2.3333718386273032
2024-10-24 01:32:40,1.8324428166633298,-87.88559052023189,124.57835627548872, 3.0648466672338768,-36.73206732067373,-2.45713192809819
2024-10-24 01:32:40,1.9325119851738042,-88.80258679549397,125.39852593491588, 3.239330126626404,-36.63980209106223,-2.6002349037135297
2024-10-24 01:32:40,2.041797059060657,-89.65326718437635,126.18780396827486, 3.4271800941351342,-36.58360716231255,-2.7531504780154705
2024-10-24 01:32:40,2.168333919254782,-90.54142857251884,127.02723058475227, 3.643388849555383,-36.54123651654882,-2.928601369126307
2024-10-24 01:32:40,2.302832706905448,-91.4271805373217,127.8672632334058, 3.8731199966379535,-36.50270567317083,-3.115003449864859
2024-10-24 01:32:40,2.3670574592475147,-91.83813856012942,128.25517955358904, 3.983080354761789,-36.483258079026186,-3.2043426067839422
2024-10-24 01:32:40,2.3714721665484118,-91.86455167017635,128.28071221398605, 3.9905763775387513,-36.482626762928845,-3.210406060805498
2024-10-24 01:32:40,2.3758903877455424,-91.89097305884367,128.3062403234515, 3.9980797343596737,-36.48198332015225,-3.2164760604429947
2024-10-24 01:32:40,2.380312126983554,-91.91740273860383,128.33176388280478, 4.005590440177238,-36.48132774080692,-3.2225526212759226
2024-10-24 01:32:40,2.3694338408220563,-91.78644390616734,128.2337689590532, 3.984225958473861,-36.513601795677836,-3.2040121315181946
2024-10-24 01:32:40,2.3494594751483104,-91.4195067521633,127.98495832088743, 3.9397529289835123,-36.63033667764908,-3.163432328724303
2024-10-24 01:32:40,2.3127818784530763,-90.92403437555313,127.62004237151963, 3.866539113539647,-36.758586743909405,-3.099416685054318
2024-10-24 01:32:40,2.2345888555017694,-89.9658543685023,126.88263245398124, 3.7169218265848585,-36.97473349678522,-2.970958947323194
2024-10-24 01:32:40,2.150252417388566,-89.00386976528871,126.10938545488546, 3.5613220149535314,-37.15881613038548,-2.8395801605590028
2024-10-24 01:32:41,2.0762072584504976,-88.21494865604741,125.4485438772361, 3.428776632528938,-37.28306051570888,-2.729310145048478
2024-10-24 01:32:41,2.0245335268492455,-87.69272377796406,124.99688565293992, 3.338168573575704,-37.35107721060424,-2.654725439609339
2024-10-24 01:32:41,1.9855499585830938,-87.2861863877677,124.64484993756894, 3.2699074381472713,-37.40370177507681,-2.5985745561944134
2024-10-24 01:32:41,1.9474198025177332,-86.90148244427603,124.3051250862944, 3.2039095373867204,-37.44689829992688,-2.544619105555615
2024-10-24 01:32:41,1.903354668870604,-86.46710270665828,123.91495880871648, 3.128355499402607,-37.48911151238484,-2.483166890036688
2024-10-24 01:32:41,1.8686228734484267,-86.13175040433329,123.60897796894805, 3.069289761322718,-37.51694972766419,-2.435342150988705
2024-10-24 01:32:41,1.8317239368184954,-85.77794233387864,123.28280227222692, 3.0068649768191658,-37.54299157502522,-2.3849449825495905
2024-10-24 01:32:41,1.7925577551256637,-85.40587330602177,122.93581813312167, 2.940969131203168,-37.56643096842769,-2.3319113710102424
2024-10-24 01:32:41,1.7538259524138446,-85.03926123965978,122.59055241956133, 2.8760990975249947,-37.58619148132665,-2.2798386301637508
2024-10-24 01:32:41,1.7128502198453748,-84.65702016949975,122.22568658977163, 2.807865695566176,-37.60193483705268,-2.2252481324650417
2024-10-24 01:32:41,1.6750927310196992,-84.30669206019417,121.8878272467882, 2.745254839900415,-37.61293936649851,-2.1752785668373185
2024-10-24 01:32:41,1.6358056064953113,-83.94330612487971,121.53410124722656, 2.6803418380362882,-37.62111498170612,-2.1235813719764147
2024-10-24 01:32:41,1.596154610961744,-83.57680081303215,121.17423685411757, 2.615036069613622,-37.626297494575844,-2.071669499845642
2024-10-24 01:32:41,1.5559117675865093,-83.2072666174879,120.80752143391044, 2.548997466450007,-37.6276770300035,-2.0192892546819796
2024-10-24 01:32:41,1.5151629459296407,-82.83327310708424,120.433137316992, 2.482315114408923,-37.62586974118798,-1.966487000243574
2024-10-24 01:32:41,1.4775507287080318,-82.48695069010806,120.08395259333844, 2.4208978859876273,-37.621735325762245,-1.9179170808742532
2024-10-24 01:32:41,1.4321335256992997,-82.06728372399395,119.65759866835602, 2.3468922875089846,-37.61355729564726,-1.8594668936947307
2024-10-24 01:32:41,1.38680248065157,-81.64230890593461,119.22372477397442, 2.273114420296291,-37.603217563866444,-1.8012389346191424
2024-10-24 01:32:41,1.3451585386106406,-81.25361851199386,118.82268022202737, 2.2055159773990365,-37.58958321796029,-1.7479733004483515
2024-10-24 01:32:41,1.3000342675113554,-80.83313308263395,118.38464788997211, 2.13242231393263,-37.570695090794935,-1.6904514992573616
2024-10-24 01:32:41,1.2481821859670628,-80.34792239084757,117.87473875370468, 2.0485646496005767,-37.54451327760641,-1.624523276298404
2024-10-24 01:32:41,1.1853311902590005,-79.75660068118079,117.24693329198567, 1.947075704949436,-37.5063135985573,-1.5448088080745703
2024-10-24 01:32:41,1.1062034222294481,-79.00674919760417,116.4408209905462, 1.8194823585944127,-37.4480190688644,-1.444676221304463
2024-10-24 01:32:41,1.0226728681832562,-78.20611792409797,115.56856205625847, 1.6848945127151842,-37.37439583508191,-1.339104239703918
2024-10-24 01:32:41,0.9404153970216798,-77.40504730117468,114.6849785975372, 1.5523437373347888,-37.290068160217615,-1.235122244088277
2024-10-24 01:32:41,0.8911449114608639,-76.86359649579316,114.10014020509635, 1.4725007616820536,-37.245660654198794,-1.172275589408938
2024-10-24 01:32:41,0.8880590892899727,-76.8409716183366,114.07215391236119, 1.4675838696319718,-37.24023797490335,-1.1684446078589459
2024-10-24 01:32:41,0.8818934093142768,-76.7957298139386,114.01616501785416, 1.457757119447962,-37.22936906918239,-1.1607869079286761
2024-10-24 01:32:41,0.8788135477038639,-76.77311287221467,113.98816240884636, 1.452847251015855,-37.22392284956016,-1.1569601796588431
2024-10-24 01:32:41,0.8757356691450934,-76.7504985609583,113.9601543538347, 1.4479397134999334,-37.21846878995096,-1.1531348592685018
2024-10-24 01:32:41,0.8726597717411095,-76.72788687278732,113.93214084918631, 1.4430345017641477,-37.21300689373497,-1.1493109418267298
2024-10-24 01:32:41,0.8796066557053368,-76.77893819630486,113.99537572265157, 1.4541116910197385,-37.225326413463264,-1.1579457172794643
2024-10-24 01:32:41,0.8996646190944322,-76.92600011322232,114.17728639821169, 1.4860716626296744,-37.260573404093805,-1.1828472228733833
2024-10-24 01:32:41,0.9009690904228695,-77.0650055507838,114.29036016146047, 1.4891118001437484,-37.23467743003797,-1.1856747151797349
2024-10-24 01:32:41,0.9062087991325856,-77.23977457386565,114.44398102761068, 1.4984972264186447,-37.213645239551155,-1.193481599943531
2024-10-24 01:32:41,0.9145545037276155,-77.43033678903649,114.61955909558853, 1.5128145084034754,-37.198840943363756,-1.205122875690773
2024-10-24 01:32:41,0.9222641288852307,-77.55137512721319,114.73865174874092, 1.5256318617525164,-37.19705877848863,-1.215363744966765
2024-10-24 01:32:41,0.9229376033026008,-77.62114692446457,114.79479909752288, 1.5272240891186606,-37.18345345820671,-1.2168515425534128
2024-10-24 01:32:41,0.923612092745424,-77.69094901268133,114.85089929587964, 1.5288218043942348,-37.16977077326871,-1.2183453500290071
2024-10-24 01:32:41,0.9401188152746374,-77.88968706506212,115.05791755453203, 1.5558398390500394,-37.17840203571317,-1.2397387446181471
2024-10-24 01:32:41,0.9561035692106694,-78.31302407068499,115.43374547185027, 1.584017238392519,-37.13125986444136,-1.2629824401366874
2024-10-24 01:32:41,0.9775338252381264,-78.54665759662221,115.68067921289114, 1.619013511877117,-37.14503241216991,-1.2906564257839066
2024-10-24 01:32:41,0.9919347233800923,-78.80123178420432,115.91947917176886, 1.6434536168425098,-37.12959142777285,-1.3104109523909657
2024-10-24 01:32:41,1.0226007097806837,-79.19293228740587,116.3118195518907, 1.6942179910161124,-37.1309431586586,-1.3508723719408984
2024-10-24 01:32:41,1.062339429038571,-79.56904951945047,116.7183646112523, 1.7587970733802358,-37.16231167132892,-1.4017943060205282
2024-10-24 01:32:41,1.148755291393646,-80.35731384994453,117.56945722502176, 1.8990565707555471,-37.227305346701776,-1.5123106888456213
2024-10-24 01:32:41,1.2554098372683622,-81.14854142881673,118.47068754392251, 2.070052866889097,-37.34018146671085,-1.6460554833107242
2024-10-24 01:32:41,1.3288055108722157,-81.66580473875037,119.06223112445777, 2.1872889931007973,-37.416577391184205,-1.7375414792383355
2024-10-24 01:32:41,1.3774901868008254,-81.98570943648916,119.43451997246399, 2.264670145861447,-37.470423765662176,-1.7977414718974856
2024-10-24 01:32:41,1.4261732199000317,-82.30531608781412,119.80373209608967, 2.342008851663785,-37.5215419638836,-1.8578881475298115
2024-10-24 01:32:41,1.4751343449203995,-82.6287417611119,120.17353830825198, 2.419802630733164,-37.56949566148292,-1.9183942989009144
2024-10-24 01:32:42,1.5267102098753604,-82.98324452235913,120.56929193321304, 2.5020007072538974,-37.61246386097756,-1.9824464015919137
2024-10-24 01:32:42,1.569923446788771,-83.2884341390415,120.90374885279196, 2.5710568108593232,-37.643217696797045,-2.0363475609052566
2024-10-24 01:32:42,1.6168292685537602,-83.63274741239128,121.27267027873111, 2.6463339546590516,-37.669491179348974,-2.0952594065566816
2024-10-24 01:32:42,1.6604997232331549,-83.97337607025014,121.62661360386704, 2.716927586955671,-37.68440903893774,-2.150751366595376
2024-10-24 01:32:42,1.7052068455000167,-84.32956220344013,121.9908646941438, 2.7894983192203235,-37.69416479344345,-2.2079424932751697
2024-10-24 01:32:42,1.74511314392551,-84.65047547330444,122.31532469757146, 2.854484427657426,-37.699262526511326,-2.259256538010143
2024-10-24 01:32:42,1.790386203542983,-85.01818621630719,122.68275281937242, 2.9284765874047998,-37.70078810092898,-2.3178095774582697
2024-10-24 01:32:42,1.8341414415370245,-85.37311949545419,123.03452444627207, 3.0001787678065592,-37.699421927377834,-2.374641938664957
2024-10-24 01:32:42,1.8787151995292155,-85.73468895569363,123.38980949482878, 3.0734392850384697,-37.69501579249085,-2.4328131457681152
2024-10-24 01:32:42,1.928288462722325,-86.13283340750586,123.7788633267024, 3.1550836317810163,-37.688070928188644,-2.497721403342568
2024-10-24 01:32:42,1.9683349683453564,-86.45413997425659,124.09022668534445, 3.2212457449833938,-37.67990671990276,-2.5504197792262686
2024-10-24 01:32:42,2.013381419642419,-86.8159147206763,124.43778842842097, 3.2959231251034757,-37.667744600579795,-2.6100208994699776
2024-10-24 01:32:42,2.0603262633922212,-87.18599908749054,124.7925787960561, 3.3738281728016823,-37.654639719128305,-2.6722370490427263
2024-10-24 01:32:42,2.108299225039915,-87.56500845609672,125.15231696270739, 3.4537716986012996,-37.637666089077435,-2.736237065138236
2024-10-24 01:32:42,2.155169641325393,-87.93290007463041,125.49914553515609, 3.5321160913466745,-37.6189053459883,-2.7990684008710627
2024-10-24 01:32:42,2.204809418456179,-88.31998301891299,125.86156228645417, 3.615355564907964,-37.59674013549731,-2.8659495172601273
2024-10-24 01:32:42,2.2595094097266197,-88.74299328026852,126.25487886029138, 3.707388977681022,-37.569877335627005,-2.9400395303552505
2024-10-24 01:32:42,2.3122955753990597,-89.15210754947343,126.63103323017997, 3.796680330887948,-37.53972869019511,-3.0121417436353792
2024-10-24 01:32:42,2.3720405027893765,-89.61032827415478,127.04944587924494, 3.8981133421072514,-37.503192498924136,-3.094217683017065
2024-10-24 01:32:42,2.43662805135393,-90.10090887726635,127.49373250730736, 4.0082566129749475,-37.46054524363815,-3.1835635344791853
2024-10-24 01:32:42,2.519641399990272,-90.73453559621102,128.05839561296705, 4.151035227282741,-37.39645064364662,-3.2999277039462624
2024-10-24 01:32:42,2.615748150069145,-91.45989543534662,128.69649607613323, 4.317594854951073,-37.31507565545382,-3.4362324409261777
2024-10-24 01:32:42,2.7427048715618763,-92.40234554886258,129.51330821825636, 4.539666159522636,-37.19762402471923,-3.6188597829277716
2024-10-24 01:32:42,2.86612619277622,-93.30496360864845,130.28167852004333, 4.758051304680248,-37.071802121420994,-3.7995289165863766
2024-10-24 01:32:42,2.9788788759979687,-94.1814239920231,130.99326739964766, 4.963547253127308,-36.91516434488794,-3.9720655729119354
2024-10-24 01:32:42,2.981446383728336,-94.25538359707038,131.0355863549469, 4.971462317366126,-36.883820568126545,-3.9800401744491025
2024-10-24 01:32:42,2.9840182748593835,-94.32939244977385,131.0778638784859, 4.97940821507049,-36.852387494945695,-3.9880481815101687
2024-10-24 01:32:42,2.9888805054256937,-94.3566372386133,131.10297163254128, 4.9877434330630495,-36.8505969862156,-3.9948293011370173
2024-10-24 01:32:42,2.9914620149867583,-94.43072123456139,131.1451958967841, 4.995739945837256,-36.81903811620866,-4.002891399677101
2024-10-24 01:32:42,2.98917525226093,-94.4775580989729,131.1622944326355, 4.995393178714859,-36.789253093517935,-4.00416511320982
2024-10-24 01:32:42,2.9940479411818353,-94.5048546277675,131.18737861591666, 5.003767719873757,-36.78738970957122,-4.010987355183569
2024-10-24 01:32:42,2.9989246751592473,-94.53216087135829,131.21245835912222, 5.012151386934355,-36.7855131153197,-4.017817997435608
2024-10-24 01:32:42,2.996638295344371,-94.57903746789515,131.22951974009825, 5.0118269247922,-36.75565167511152,-4.019117345630492
2024-10-24 01:32:42,3.0015202824349476,-94.60636968515287,131.2545876735819, 5.020230437374322,-36.753738529230446,-4.02596874720855
2024-10-24 01:32:42,3.01129643507646,-94.66106341008451,131.30471021365375, 5.037065047398163,-36.74987247715477,-4.039696973207488
2024-10-24 01:32:42,3.0041203398826735,-94.68062804453493,131.29667532841373, 5.028341184298864,-36.7218741668405,-4.034153813015702
2024-10-24 01:32:42,3.009011656563377,-94.70799607325975,131.321726992487, 5.036773869505634,-36.71991113425416,-4.041034590769862
2024-10-24 01:32:42,3.004193314709032,-94.68103645058268,131.29704926652516, 5.028466977354323,-36.7218449654835,-4.034256448544408
2024-10-24 01:32:42,3.000086594498064,-94.45319688059423,131.17711366162962, 5.008994815929685,-36.82904708495931,-4.013008190411904
2024-10-24 01:32:42,2.973581102249524,-94.0504285985791,130.91628632887335, 4.9485479039876905,-36.96861042762664,-3.9572728961155588
2024-10-24 01:32:42,2.9276698846456437,-93.2934843934077,130.42873190177218, 4.84221974015494,-37.233888626564315,-3.858601458982025
2024-10-24 01:32:42,2.842426792332057,-92.30536083351271,129.71495017220545, 4.672282015045459,-37.50165976309436,-3.7097337181583567
2024-10-24 01:32:42,2.7608799681455163,-91.42577670546653,129.05034959924004, 4.516562654016696,-37.71077154498391,-3.575860846881766
2024-10-24 01:32:42,2.711980144167904,-90.86163819728435,128.62523866735086, 4.42291367540585,-37.84636080173806,-3.4952047149053405
2024-10-24 01:32:42,2.6776075762050033,-90.48472980175089,128.3335453399698, 4.358661376367993,-37.92924664148879,-3.440489386674533
2024-10-24 01:32:43,2.642410043569903,-90.07516516156439,128.0191535571489, 4.292365637456298,-38.022053539067315,-3.3838133699080064
2024-10-24 01:32:43,2.614918006318861,-89.68156046753988,127.73069835661171, 4.237878272544709,-38.12530057045737,-3.3360974476972456
2024-10-24 01:32:43,2.5928296805287077,-89.27453532418897,127.44631044600267, 4.190750349671974,-38.24632903556034,-3.2934829321467354
2024-10-24 01:32:43,2.57091223472885,-88.84107468047463,127.14474922490953, 4.143322646066518,-38.37662885975708,-3.250326993171313
2024-10-24 01:32:43,2.5483491772130242,-88.38761867008854,126.82701842360474, 4.094809317702546,-38.51073286423513,-3.206269000608612
2024-10-24 01:32:43,2.524673031758546,-87.90862899690318,126.48822080117074, 4.0444292897643335,-38.649256621990965,-3.160680631459738
2024-10-24 01:32:43,2.502020988806704,-87.44728127643049,126.1588030493352, 3.9967255748417116,-38.77962145240382,-3.1176732839033776
2024-10-24 01:32:43,2.47322635223638,-86.85641602668076,125.73244319244537, 3.9367762180167847,-38.942180228490855,-3.063852251156479
2024-10-24 01:32:43,2.4443920369467462,-86.25969894088426,125.29674846402932, 3.877504983995637,-39.10130050460434,-3.0108959133783455
2024-10-24 01:32:43,2.402752387884043,-85.38888320130305,124.65164317620803, 3.793225929819219,-39.32434551126197,-2.936051555811446
2024-10-24 01:32:43,2.358871333464525,-84.45924885318593,123.950729939327, 3.7060499926400583,-39.55035881018433,-2.8592224050361477
2024-10-24 01:32:43,2.314876702224678,-83.51451782444813,123.2253910420689, 3.620290915774805,-39.767136962663706,-2.7842541721616167
2024-10-24 01:32:43,2.271303489128337,-82.61452211813116,122.5156644448138, 3.5381585877899444,-39.9549452427492,-2.713596295046525
2024-10-24 01:32:43,2.2604948790639057,-82.48108654420399,122.3966669658515, 3.520288172767819,-39.96884558350176,-2.6993282861328094
2024-10-24 01:32:43,2.233555596911215,-82.2572086667728,122.17061429781903, 3.4785537791556274,-39.96541364048128,-2.6674277693535524
2024-10-24 01:32:43,2.2105236235562846,-82.1182453958627,122.01129981859577, 3.4441937701071836,-39.94403281172771,-2.6418780905190555
2024-10-24 01:32:43,2.182755924376318,-81.88164901344419,121.772310008587, 3.4011589192886658,-39.94037171735877,-2.6089753318789826
2024-10-24 01:32:43,2.1476653148895117,-81.66835572997049,121.52615328206876, 3.3488480053729286,-39.905979855220686,-2.5700994105235053
2024-10-24 01:32:43,2.103634526873309,-81.30414546048502,121.14985095133117, 3.281107858916052,-39.891953387818255,-2.518579251864494
2024-10-24 01:32:43,2.0254942680570056,-80.74767422979203,120.53623365091346, 3.1631526200637836,-39.83152416197263,-2.430096296375656
2024-10-24 01:32:43,2.00528754382007,-80.55397828272673,120.34172034906354, 3.131687195190476,-39.829855517568255,-2.405961465267498
2024-10-24 01:32:43,1.9778138983824605,-80.38302991968517,120.14032588409685, 3.0907993307396633,-39.79830822697918,-2.3756124911027667
2024-10-24 01:32:43,1.9504806971313768,-80.21230849784239,119.93867146820773, 3.0501088407014687,-39.766293865639334,-2.3454028132270164
2024-10-24 01:32:43,1.9192160990217213,-79.96121468632198,119.66768090828816, 3.0025240108244393,-39.74515519411536,-2.3094924193087754
2024-10-24 01:32:43,1.8975677058423002,-79.82493844216343,119.50570987311654, 2.970293689380865,-39.718627442421024,-2.2855615632779323
2024-10-24 01:32:43,1.857308906141442,-79.57039604495834,119.2022796196225, 2.910329703003769,-39.668214053964014,-2.241022540029693
2024-10-24 01:32:43,1.8296825654521651,-79.39487625060926,118.99237214832561, 2.8691597114242904,-39.632797192352456,-2.210429894360411
2024-10-24 01:32:43,1.754900036202023,-78.99880800063443,118.47695190784071, 2.758944074171861,-39.51075769672552,-2.129205521048613
2024-10-24 01:32:44,1.7084866185462384,-78.77508018310273,118.17055585659041, 2.6907494776678633,-39.42647881166143,-2.0790592911063146
2024-10-24 01:32:44,1.6847053094597124,-78.69006578140745,118.03451541229339, 2.656204983922402,-39.374650778114585,-2.05387653505338
2024-10-24 01:32:44,1.6573886747117765,-78.57479901167896,117.86492925238106, 2.6161944783395032,-39.3194168567631,-2.0245196217462285
2024-10-24 01:32:44,1.6208793346047332,-78.45462291109926,117.66238804710186, 2.563110638675089,-39.23585842039696,-1.9857840840140673
2024-10-24 01:32:44,1.6038695152510944,-78.39894096936949,117.56800161747404, 2.5383337363275116,-39.196605549302625,-1.9676768447209372
2024-10-24 01:32:44,1.6004326756755525,-78.37632499033695,117.54052776776581, 2.5331620469567873,-39.191634545203094,-1.963804559138759
2024-10-24 01:32:44,1.5877270876403258,-78.34872653039297,117.48022344179148, 2.5148277484716512,-39.15852648503428,-1.9505012797885553
2024-10-24 01:32:44,1.5642575547676214,-78.31269682528546,117.37973020737155, 2.4811104112458193,-39.093330388173456,-1.9261176094973138
2024-10-24 01:32:44,1.5350091186950339,-78.29410483496977,117.2737610849394, 2.4393328497362665,-39.00505840034846,-1.896035854189067
2024-10-24 01:32:44,1.495874095454583,-78.29721380402532,117.15246715720978, 2.383579679092495,-38.879484511171476,-1.855962151284064
2024-10-24 01:32:44,1.440379176781491,-78.34113512280211,117.00944554721342, 2.3045463141059126,-38.69092815256224,-1.799145217255924
2024-10-24 01:32:44,1.311235153565687,-78.42107934216992,116.65854893230127, 2.1179830511032027,-38.256505858169255,-1.6634294945857147
2024-10-24 01:32:44,1.2144588845457696,-78.41623245914192,116.34561593069137, 1.9752395097152295,-37.94589587383717,-1.5578909593378782
2024-10-24 01:32:44,1.0025943288559405,-78.4182845697842,115.66458491656078, 1.6562241259988426,-37.25783581659323,-1.3183551779445202
2024-10-24 01:32:44,0.8877229417066184,-78.50260202824313,115.35560616704976, 1.4799094314171073,-36.862178011749585,-1.1841419297273512
2024-10-24 01:32:44,0.8354709448308648,-78.65126654191072,115.2985472408208, 1.3995341831268295,-36.65546758728362,-1.122841748247183
2024-10-24 01:32:44,0.8014857768092871,-78.74748966719959,115.26096596509736, 1.3468478443882743,-36.521047601855436,-1.0824491184995342
2024-10-24 01:32:44,0.7322599810557825,-78.98611167980552,115.21653847967788, 1.2388214334211334,-36.23681251830979,-0.9992638447240328
2024-10-24 01:32:44,0.6818108886602401,-79.26161152629837,115.26095020863177, 1.1598806829502992,-36.00492197623395,-0.9383489080880062
2024-10-24 01:32:44,0.6374783928471259,-79.4681716881945,115.27269873922518, 1.0895797307793962,-35.809442987514885,-0.8836501055971037
2024-10-24 01:32:44,0.606405465141875,-79.67297035449292,115.32607972025576, 1.0402916611456625,-35.65758263767886,-0.8452844677570054
2024-10-24 01:32:44,0.546316328899319,-80.14184216603373,115.48312140920456, 0.9443991501025928,-35.344951999077075,-0.7703545992063826
2024-10-24 01:32:44,0.5053356599416722,-80.53725621635326,115.64570905166526, 0.8786060765733397,-35.11162249143706,-0.7187474548786357
2024-10-24 01:32:44,0.4686168929674318,-80.96756573182371,115.84662612475034, 0.8194431882935912,-34.88180950019696,-0.6722316736422871
2024-10-24 01:32:44,0.451425609061869,-81.23904584615101,115.99178943806216, 0.7918905489582792,-34.755306729727934,-0.6506260987791131
2024-10-24 01:32:44,0.426185166713002,-81.51642909196157,116.11460656487397, 0.7505379866788972,-34.600475218313875,-0.6178029722435273
2024-10-24 01:32:44,0.3861045407786663,-82.08549445376082,116.40196203668913, 0.6848475050357766,-34.318373458722164,-0.5656361302327533
2024-10-24 01:32:44,0.3748467075012915,-82.54248531950306,116.69726136868552, 0.6676430436967636,-34.15658333899621,-0.5524866828032575
2024-10-24 01:32:44,0.36373162246803087,-82.88127544570078,116.90569378618105, 0.650028399679212,-34.026128402325604,-0.5387393861953336
2024-10-24 01:32:44,0.35109443307904914,-83.05819042549842,116.99228616953042, 0.6289147956442742,-33.9356944754637,-0.5217949090620185
2024-10-24 01:32:44,0.34814550600641847,-83.25758651265657,117.12533707942548, 0.6247081240533192,-33.869326492081015,-0.5187082592882429
2024-10-24 01:32:44,0.3388187810366877,-83.54582062033774,117.30074227133245, 0.6097633909527022,-33.756420642648536,-0.506967674015799
2024-10-24 01:32:44,0.33268411674295656,-83.70616952702746,117.39490906284, 0.599760506449044,-33.69018835809896,-0.49903581265642816
2024-10-24 01:32:44,0.3399255619355671,-83.8402066788578,117.512385098071, 0.6130804806297403,-33.673691946403515,-0.5102169561958446
2024-10-24 01:32:44,0.344299192651222,-84.0216674199234,117.6538321428133, 0.6216199396862623,-33.63371979959211,-0.5175641406325556
2024-10-24 01:32:44,0.3416695106135576,-84.13353212847255,117.72404802248211, 0.6175473364546268,-33.592049723812956,-0.5144218065828952
2024-10-24 01:32:44,0.3530836013354132,-84.37019869416424,117.92525217397304, 0.6387718119387183,-33.55669370134573,-0.532320378393648
2024-10-24 01:32:44,0.36142503251732966,-84.59031469487378,118.1043954739096, 0.6545674246868363,-33.51580208375787,-0.5457420725941625
2024-10-24 01:32:44,0.36588285251679387,-84.77274369560229,118.24460319771573, 0.6633786511028017,-33.47362635550602,-0.5533580534143904
2024-10-24 01:32:44,0.3860775338413348,-85.08497920454268,118.52231872889679, 0.7006294620719461,-33.4393093736794,-0.5846631121001846
2024-10-24 01:32:44,0.40967079478778967,-85.44550281775639,118.84151916048063, 0.7442548043395362,-33.39823777807259,-0.6213627227871096
2024-10-24 01:32:44,0.4577521652446479,-85.93071634991384,119.31717227340677, 0.8318073268770286,-33.38923038398307,-0.6945334027617678
2024-10-24 01:32:44,0.5211671255465257,-86.41446477939415,119.83315462338534, 0.9462210496852249,-33.42228183108398,-0.7897697796253608
2024-10-24 01:32:44,0.604222066336143,-87.04097181230209,120.49537281484945, 1.0959553516242437,-33.4592224470341,-0.9143658027697847
2024-10-24 01:32:44,0.6896444906195736,-87.47934636151206,121.03401836129969, 1.2475634831094766,-33.56092911261573,-1.0396428811949276
2024-10-24 01:32:44,0.8661921212287155,-88.07658062026128,121.93414149843835, 1.554476168318591,-33.86731877627428,-1.290826988050898
2024-10-24 01:32:44,1.0604638340020824,-88.64226479953928,122.84952675001037, 1.885848758187315,-34.22169555892564,-1.5595254847255593
2024-10-24 01:32:44,1.1921551263184955,-88.86954185607297,123.36570765456594, 2.1043325677107605,-34.5142095027276,-1.734190229506078
2024-10-24 01:32:44,1.3026872341282056,-88.99893253875784,123.75807092631688, 2.284086950707978,-34.78047165878858,-1.8763437540282428
2024-10-24 01:32:44,1.4028901283007547,-89.09539506549848,124.09881305358508, 2.4446602113942983,-35.027934485478134,-2.0022647434140666
2024-10-24 01:32:44,1.478260493584282,-89.13082306526114,124.33160079881502, 2.5633079873441935,-35.22779978559708,-2.0943416971978794
2024-10-24 01:32:44,1.5243345997207596,-89.16895234151166,124.48317629785333, 2.6357438562931086,-35.3428356316377,-2.1504978439992137
2024-10-24 01:32:44,1.5619482902466595,-89.15005131823617,124.57700502555461, 2.6932549394812,-35.45686933576744,-2.1943410636776868
2024-10-24 01:32:44,1.628863583934946,-89.01270029985537,124.68224250034142, 2.7919506354310366,-35.70178507788528,-2.267857487586248
2024-10-24 01:32:44,1.6912963495489879,-88.8457023570259,124.75717280061146, 2.8819459407590813,-35.94592334803457,-2.3338190446572953
2024-10-24 01:32:44,1.8335174217575076,-88.39015402287068,124.8823167095136, 3.081109309576944,-36.53179895655932,-2.476598988084256
2024-10-24 01:32:44,1.9174877443903093,-88.0530177625555,124.91492826396819, 3.194287351022373,-36.90467868581561,-2.555220244216148
2024-10-24 01:32:44,2.082900074352501,-87.23555286271895,124.88504090365973, 3.407434788785767,-37.698530317586325,-2.697284717220749
2024-10-24 01:32:44,2.1882859475782226,-86.63215809890947,124.81378873766583, 3.537241271900079,-38.23473150062979,-2.7797911066071332
2024-10-24 01:32:44,2.2726846322588794,-85.93342020415577,124.62340719039598, 3.6327097018861703,-38.74622680543556,-2.8347310045580865
2024-10-24 01:32:45,2.349581790654855,-85.20864857756516,124.3920975454675, 3.7157058565006156,-39.24250751290646,-2.879337426242499
2024-10-24 01:32:45,2.3763219642787066,-84.70086754713559,124.15126536119428, 3.736663917910843,-39.5102364851163,-2.884531738249471
2024-10-24 01:32:45,2.3684577527563526,-83.99260717268677,123.6830918937125, 3.7055346179910225,-39.74942381923784,-2.850618265852208
2024-10-24 01:32:45,2.307113129233973,-83.37371023047372,123.11255196603432, 3.6060548758266346,-39.794673585765366,-2.7721860310413864
2024-10-24 01:32:45,2.2723530390321542,-83.08341629271828,122.82491298981347, 3.551609691582758,-39.79565490842108,-2.730247677491764
2024-10-24 01:32:45,2.235511870685365,-82.93164998200149,122.61988612747459, 3.4980159133281363,-39.740752777815636,-2.6911480754789765
2024-10-24 01:32:45,2.195607598589151,-82.88552847580311,122.47437513989627, 3.4428495606172813,-39.63968538771198,-2.6525393921428266
2024-10-24 01:32:45,2.1208737611177844,-82.7091979068231,122.14149023814441, 3.3368343611826945,-39.479995704710554,-2.57670160541983
2024-10-24 01:32:45,2.0690727185139157,-82.65597122596972,121.95521394428214, 3.264647674321071,-39.34486096658922,-2.525794196199326
2024-10-24 01:32:45,2.0061937245840262,-82.62274010621901,121.74910635567281, 3.177261364056619,-39.16952024257235,-2.4642765214639955
2024-10-24 01:32:45,1.9336634562521113,-82.60971763700717,121.52729479205985, 3.0763025824141335,-38.95796837947256,-2.393064532655191
2024-10-24 01:32:45,1.8280811948924545,-82.61290948152339,121.21766578513267, 2.9283202635674557,-38.641264795587475,-2.288002492714517
2024-10-24 01:32:45,1.740356240826832,-82.6990805503001,121.01529575866823, 2.805640158626871,-38.34964905535288,-2.2009695424593407
2024-10-24 01:32:45,1.65674564201363,-82.8909080289663,120.89552654417828, 2.6894964565468813,-38.03525918324052,-2.118923451269367
2024-10-24 01:32:45,1.5837107414307547,-83.05052316893206,120.7851201158579, 2.5866433136070297,-37.762870126503365,-2.0453971576007364
2024-10-24 01:32:45,1.4918471021917052,-83.31256915079699,120.68689855973868, 2.456706741490437,-37.39974723576687,-1.9520915706550597
2024-10-24 01:32:45,1.4122494085722594,-83.63841871171356,120.66757693753989, 2.3442329517962457,-37.05222347477517,-1.8712800331527304
2024-10-24 01:32:45,1.3430231138549942,-84.03429472835896,120.72536365203386, 2.246995901657143,-36.71218690281201,-1.8016309365826286
2024-10-24 01:32:45,1.2734662135405352,-84.42887574058992,120.78025748165409, 2.147802706041086,-36.37060620910066,-1.7296915827292485
2024-10-24 01:32:45,1.2263149821083563,-84.92749989550121,120.96960370503182, 2.0836234752046967,-36.06013435884948,-1.6846577579337954
2024-10-24 01:32:45,1.2048530062893432,-85.26397790217318,121.12692082220534, 2.0560157090449858,-35.880462875814175,-1.6661149544701823
2024-10-24 01:32:45,1.183901359839429,-86.29071456513621,121.73102070382902, 2.0411483028733644,-35.45748763212441,-1.6628462104160997
2024-10-24 01:32:45,1.1882457516226708,-87.26089866635076,122.36020416818347, 2.065931645630977,-35.116833083783916,-1.6901346592563118
2024-10-24 01:32:45,1.2111513164388006,-88.26451872861838,123.05036033308319, 2.1222701810725235,-34.80426460732559,-1.742869958081068
2024-10-24 01:32:45,1.2431088167984055,-89.21580882097922,123.71977667557304, 2.193780712621939,-34.52358075272487,-1.807724286824982
2024-10-24 01:32:45,1.2927649366039455,-90.1136922446412,124.39332230545533, 2.2944229125392606,-34.301019461730256,-1.8957176031990886
2024-10-24 01:32:45,1.3538273246646635,-91.04246172471836,125.10240800875015, 2.4163063281337664,-34.08359752823068,-2.001607742671835
2024-10-24 01:32:45,1.4237214680795058,-92.03207607963047,125.85436499739163, 2.5566316288674265,-33.84867942346046,-2.12374925400362
2024-10-24 01:32:45,1.498736212862465,-92.9751994026262,126.57730345582938, 2.706727266162759,-33.63159180639657,-2.2541786462078814
2024-10-24 01:32:45,1.589304059057289,-93.59765311163703,127.15438961298292, 2.8735285735334597,-33.58995093829808,-2.3943161095726513
2024-10-24 01:32:45,1.6536948563948595,-93.6304877700151,127.34215597108204, 2.97769992471101,-33.7474170080561,-2.476629498516857
2024-10-24 01:32:45,1.7265487012144698,-93.63262112668703,127.5352260278523, 3.0933062797285933,-33.941291467926476,-2.5670154410958688
2024-10-24 01:32:45,1.8610982568836862,-93.68098423671218,127.91324441183357, 3.3058218678253852,-34.27665392547382,-2.732654088122782
2024-10-24 01:32:45,1.9903792385974146,-93.68679305740629,128.25261347376346, 3.505219686704884,-34.61596188308822,-2.885880542612849
2024-10-24 01:32:45,2.15160888596705,-93.63641926934658,128.64288264212868, 3.747024412256346,-35.06409757072233,-3.0684194934892397
2024-10-24 01:32:45,2.2863450434235513,-93.5683022162297,128.95331915373555, 3.9441738061540037,-35.44918337904832,-3.214750461600983
2024-10-24 01:32:45,2.366096938826403,-93.47208282550542,129.10748393803792, 4.056613958449274,-35.70348648975687,-3.29604001953939
2024-10-24 01:32:45,2.435507667238416,-93.34060920647893,129.21676777895033, 4.151132856211511,-35.94765773536248,-3.3625911123049805
2024-10-24 01:32:45,2.5261977895146783,-93.09761904987523,129.32252701248126, 4.269613009806762,-36.30084919036499,-3.443196935775725
2024-10-24 01:32:45,2.5962762914859168,-92.85072766422444,129.37346375183273, 4.357020756222313,-36.602077497791704,-3.5001954012888086
2024-10-24 01:32:45,2.6528683857383486,-92.53817507507776,129.355906487309, 4.421193233032849,-36.899681490212174,-3.538105145463838
2024-10-24 01:32:45,2.6774373511883516,-92.33124602189939,129.3111938269317, 4.4453065844775175,-37.06293126243732,-3.549824785230539
2024-10-24 01:32:45,2.7014760890769645,-91.86218981059997,129.12803830216933, 4.455762945510269,-37.349457206368704,-3.5447376893166753
2024-10-24 01:32:45,2.7028675303842813,-91.33790487647917,128.855503585161, 4.432599805684265,-37.60053615613413,-3.5144863287377777
2024-10-24 01:32:45,2.671739489282812,-90.33755224722205,128.23853226416503, 4.344063551663832,-37.980909315923604,-3.4265448490817945
2024-10-24 01:32:45,2.6365675078586506,-89.57302257252286,127.72742673084414, 4.262921772453233,-38.23153997785805,-3.350961454446065
2024-10-24 01:32:45,2.5804119151918825,-89.07055445310753,127.29920890556991, 4.1654839242909505,-38.30234622092369,-3.2710804759395824
2024-10-24 01:32:45,2.497237829829132,-88.30965083565559,126.64560757018873, 4.021972608466859,-38.40471388979125,-3.153786164862621
2024-10-24 01:32:45,2.4164242459876855,-87.63672916025169,126.03773597588834, 3.886506569718288,-38.46523979119422,-3.044885189217624
2024-10-24 01:32:45,2.321409164159664,-86.98702788047146,125.39461594737962, 3.733418427416759,-38.466858938441995,-2.9247486569308476
2024-10-24 01:32:45,2.221164434709169,-86.46916942833518,124.80637000084377, 3.5779939856669203,-38.391603618377204,-2.8057822851601797
2024-10-24 01:32:45,2.066063317351871,-85.93102109201024,124.04305400177896, 3.345117440137399,-38.15948977242486,-2.6313864986337197
2024-10-24 01:32:45,1.86578876424257,-85.3556770634523,123.11425124989223, 3.045210458738991,-37.79777619923438,-2.407111860749315
2024-10-24 01:32:45,1.6822553904087292,-84.84519919276387,122.25816461242378, 2.7675328685568545,-37.44523744593865,-2.197872448733072
2024-10-24 01:32:45,1.5217685863887802,-84.50723151511805,121.56853514406312, 2.52400791782035,-37.08805240805364,-2.013899240233346
2024-10-24 01:32:45,1.3931313264230576,-84.30915912655219,121.0574349445004, 2.3276586099737013,-36.770951248177056,-1.864903527162843
2024-10-24 01:32:45,1.2479643783612264,-84.16958861564036,120.53109407153268, 2.1043124394500117,-36.37996104121991,-1.6944526658323185
2024-10-24 01:32:45,1.1394790317739842,-84.1173090397252,120.16959794083107, 1.9356848254740313,-36.06785108166225,-1.5648597865241605
2024-10-24 01:32:45,1.0512514975102023,-84.10504914374816,119.89442326647504, 1.7972154796983428,-35.80274865194254,-1.4577696148656611
2024-10-24 01:32:45,1.0000815758098123,-84.09486454081005,119.73215788192918, 1.7160910804452552,-35.64946571831367,-1.394633635072585
2024-10-24 01:32:46,0.8150575815947131,-84.13511076762072,119.19450941564783, 1.418715206506272,-35.06765878683826,-1.161260067112561
2024-10-24 01:32:46,0.7276343403579482,-84.26871578252297,119.01742726191037, 1.2764575221391161,-34.755371341426496,-1.048785587225545
2024-10-24 01:32:46,0.6499745821101781,-84.47213078729321,118.9177204781748, 1.1490249024354526,-34.45096440420802,-0.9475388035341425
2024-10-24 01:32:46,0.5841097070078776,-84.64312731216464,118.83180797926285, 1.0394111169746119,-34.19306334605626,-0.859777255995142
2024-10-24 01:32:46,0.5247205245558427,-84.98275297380023,118.88090936012624, 0.9407759105466933,-33.90173207097336,-0.7808615318199036
2024-10-24 01:32:46,0.4910842308085124,-85.33686517210177,119.01838369037827, 0.8854640709812671,-33.68467621490089,-0.7368148978291871
2024-10-24 01:32:46,0.4538482432052653,-86.1322982337409,119.44039485360769, 0.8264295037734128,-33.31083209457859,-0.6906645160531675
2024-10-24 01:32:46,0.44402989705081697,-86.75080672101248,119.82187420395091, 0.8136817437467578,-33.07370963745073,-0.6818538981468368
2024-10-24 01:32:46,0.4680857456282003,-87.33673710404592,120.27925016538879, 0.8607268794465511,-32.945463696800914,-0.7223282521211014
2024-10-24 01:32:46,0.5734537610190041,-88.24319005692718,121.17776035891275, 1.054677634101129,-32.939000096685,-0.8851677010984279
2024-10-24 01:32:46,0.6763473752097057,-89.02387144620678,121.97170376631459, 1.243433421217563,-32.95399109903736,-1.0434229596587545
2024-10-24 01:32:46,0.7811931622874064,-89.59668973272981,122.6294573951545, 1.43286015864496,-33.04095700045933,-1.2012139244024407
2024-10-24 01:32:46,0.8930148233657939,-89.99191707007594,123.19046091501444, 1.6306439910233024,-33.20917761587999,-1.3644321558594554
2024-10-24 01:32:46,1.0047362284632162,-90.30658178429653,123.69660460119033, 1.8252494194210198,-33.40338548942441,-1.523902428472681
2024-10-24 01:32:46,1.1179769290275172,-90.50564733146757,124.13376144287149, 2.0181581988089956,-33.64450924841994,-1.6803120120399904
2024-10-24 01:32:46,1.1598339653245542,-90.54495806625842,124.27430453477778, 2.088133342083902,-33.74692452223281,-1.7365189191150205
2024-10-24 01:32:46,1.2859637566098925,-90.59450736272042,124.65550974244925, 2.2952123972738803,-34.08234179820451,-1.9012901485291258
2024-10-24 01:32:46,1.3385999823636292,-90.5893495525362,124.79882205822126, 2.3799815065451533,-34.232465405163396,-1.9680362890425265
2024-10-24 01:32:46,1.4162874464257447,-90.43557449856651,124.92506954673159, 2.5000688908947932,-34.51496475136423,-2.060422069546985
2024-10-24 01:32:46,1.4709247685506637,-90.33538746894716,125.01823038481751, 2.583768901011287,-34.7101173249672,-2.124437270255299
2024-10-24 01:32:46,1.5308818330309475,-90.18014839537105,125.09399116727758, 2.6734529864409833,-34.94313212692353,-2.192007129716578
2024-10-24 01:32:46,1.5915708380130549,-89.92453785767667,125.11330197698854, 2.7604121536623403,-35.22009947291903,-2.255678706650041
2024-10-24 01:32:46,1.635945300088439,-89.6661167637069,125.08552056678177, 2.8212354496522023,-35.45222885314295,-2.298801586563008
2024-10-24 01:32:46,1.691635229799822,-89.26130951196716,125.00290030714552, 2.894365531071066,-35.77627332467296,-2.3488987855177568
2024-10-24 01:32:46,1.7479540115171233,-88.59147843646541,124.76409636902021, 2.959813332113973,-36.20906603778843,-2.3889166054361124
2024-10-24 01:32:46,1.7497244352588968,-88.17990872939691,124.52377721383978, 2.950779867389316,-36.38016244075831,-2.3764094966205986
2024-10-24 01:32:46,1.7335288762350778,-87.83575422373058,124.27157108727756, 2.917150117553557,-36.471322975557406,-2.3465555437402896
2024-10-24 01:32:46,1.7147152165481465,-87.5617545466811,124.05270594829857, 2.8817769452234043,-36.52562157116184,-2.3164611753551165
2024-10-24 01:32:46,1.6832654397666673,-87.35815389594859,123.83978770958477, 2.8295990643853104,-36.51505581199729,-2.2748049003165285
2024-10-24 01:32:46,1.6691999434643343,-87.32624643387555,123.78045014812535, 2.807794484906148,-36.48710265651602,-2.258079757709261
2024-10-24 01:32:46,1.6377553063008103,-87.25459205422177,123.64733956798572, 2.7589554025769156,-36.42449029529424,-2.220571014586108
2024-10-24 01:32:46,1.6154375501625653,-87.24109549437748,123.57564029232668, 2.7251474355531733,-36.36549445512835,-2.1950095565032908
2024-10-24 01:32:46,1.558600551103455,-87.19959895616816,123.38821185210625, 2.63848827829892,-36.21757805470401,-2.129202461054672
2024-10-24 01:32:46,1.5245849216972194,-87.17448839699149,123.27555725344092, 2.5863533138251706,-36.12887299089542,-2.08947238083945
2024-10-24 01:32:46,1.4691649311980142,-87.15978062512083,123.10778862745256, 2.5015772733947377,-35.97397351873862,-2.0249301302506417
2024-10-24 01:32:46,1.4407014756744783,-87.16281952204503,123.0280132645056, 2.4580470907637118,-35.8902392961656,-1.991785876413628
2024-10-24 01:32:46,1.4178414437853541,-87.18960323074982,122.97901193846052, 2.423506039164004,-35.813733688586325,-1.965679516246182
2024-10-24 01:32:46,1.4013820890334068,-87.1991251515561,122.9376232635778, 2.3983473238454702,-35.76230633639503,-1.9465235085414536
2024-10-24 01:32:46,1.3886084142674202,-87.23335931484276,122.92220050921965, 2.37936615625468,-35.71226027421603,-1.932325314824427
2024-10-24 01:32:46,1.375833736880815,-87.26754402184375,122.90673284405464, 2.3603386477193458,-35.662221206254216,-1.9180686278891799
2024-10-24 01:32:46,1.3694460225647216,-87.2846178218321,122.89898217618976, 2.350807450695112,-35.63720431425034,-1.9109182860934018
2024-10-24 01:32:47,1.3699875701928568,-87.31150353306437,122.92716365067226, 2.351662225425128,-35.63851704799273,-1.9115820014711116
2024-10-24 01:32:47,1.3745978332924724,-87.53982165751546,123.16596700094264, 2.3589681887334146,-35.64914742991147,-1.9172681225874912
2024-10-24 01:32:47,1.3900936106249506,-88.29998116571821,123.95434301154202, 2.3839044746063096,-35.67786084683929,-1.9368470360408767
2024-10-24 01:32:47,1.4047321785651972,-89.00813928751266,124.67951633557361, 2.4079935109451682,-35.69535837272839,-1.9559976802286911
2024-10-24 01:32:47,1.4150936567779713,-89.50375251205955,125.18171395188234, 2.4253534102874665,-35.70229182543454,-1.9699335664251059
2024-10-24 01:32:47,1.4233919772311623,-89.89740849626939,125.57747467019382, 2.439440083993441,-35.70468074249382,-1.9813204920177279
2024-10-24 01:32:47,1.4307355834974207,-90.24340176228097,125.92303294707048, 2.4520415018428237,-35.704500701121624,-1.991564139805707
2024-10-24 01:32:47,1.4392786531621233,-90.64316134707683,126.31962827497075, 2.466860503750218,-35.70163715326136,-2.0036771863885017
2024-10-24 01:32:47,1.4460924183597021,-90.95992387700582,126.63185739256701, 2.478802259948387,-35.69734677953241,-2.0134890891915362
2024-10-24 01:32:47,1.4542912841077154,-91.33868251509146,127.00284432056507, 2.4933151508778786,-35.68987130628846,-2.025472399281133
2024-10-24 01:32:47,1.461779146470456,-91.6823518495836,127.33724699853063, 2.5067062273127405,-35.680878844763015,-2.03658485410012
2024-10-24 01:32:47,1.4703139261377884,-92.07151106834357,127.71337004353018, 2.522128462706678,-35.66815948507682,-2.0494465231816044
2024-10-24 01:32:47,1.4778918200760027,-92.41479679749638,128.04291565177002, 2.5359632757873123,-35.65470451377925,-2.061040445033649
2024-10-24 01:32:47,1.4860765224913521,-92.78324808389921,128.39428440484298, 2.551055453456598,-35.63793407294399,-2.073746598974889
2024-10-24 01:32:47,1.4951151623976588,-93.1873924637035,128.77691348056666, 2.567902581083886,-35.61676842624492,-2.088000003198661
2024-10-24 01:32:47,1.5027136721429346,-93.52495565757998,129.09428064413584, 2.582211877971645,-35.59687044241053,-2.1001622000041693
2024-10-24 01:32:47,1.511888397617092,-93.92993103291002,129.47235722561004, 2.599667781404073,-35.57033656045203,-2.1150660709536
2024-10-24 01:32:47,1.5210102436834403,-94.32979665809984,129.8428100882779, 2.6172166436354605,-35.54129212577284,-2.1301213162676835
2024-10-24 01:32:47,1.5304738098610178,-94.74177835687281,130.22152688704514, 2.6356272022906575,-35.50841523022989,-2.14599071321027
2024-10-24 01:32:47,1.5406633615654959,-95.18217451313261,130.62304639819794, 2.655683172744351,-35.46996312294155,-2.163362585898939
2024-10-24 01:32:47,1.551790789736688,-95.65941314844305,131.05429354244617, 2.6778619874407616,-35.42444335968448,-2.1826715753961476
2024-10-24 01:32:47,1.5659052509344444,-96.25935733206138,131.59073538707034, 2.706411878046521,-35.36155173915973,-2.2076729066654783
2024-10-24 01:32:47,1.583346029481772,-96.99259548010959,132.237790056225, 2.7423385023361364,-35.27614233103427,-2.2393553844397434
2024-10-24 01:32:47,1.604704207977612,-97.87879046885186,133.00729390301893, 2.7873192548474535,-35.16042901773743,-2.279348964558899
2024-10-24 01:32:47,1.6272803741573139,-98.80205987729416,133.79448736094352, 2.8360571210657577,-35.0254233668734,-2.323064755857972
2024-10-24 01:32:47,1.65035439321077,-99.732026469997,134.57253045039613, 2.8871539446098065,-34.87463387473558,-2.369291247447702
2024-10-24 01:32:47,1.655329832438409,-99.93080429934936,134.73691103017325, 2.8983441208130167,-34.840486582412474,-2.3794657700434927
2024-10-24 01:32:48,1.6537994857543892,-99.8697291596785,134.68647646056692, 2.8948956955020333,-34.85105006303064,-2.3763284398894893
2024-10-24 01:32:48,1.648462619737563,-99.65628599256495,134.5097185149017, 2.8829153028785144,-34.88746788753846,-2.3654419851915764
2024-10-24 01:32:48,1.6386614708599905,-99.26244671787452,134.18152065066047, 2.8610967445687927,-34.95262401746288,-2.345669116131548
2024-10-24 01:32:48,1.6142300589771794,-98.27000916835006,133.34265438361948, 2.807733511672596,-35.105017743132755,-2.2976130573110085
2024-10-24 01:32:48,1.5922842347371313,-97.36500341189527,132.56282713126225, 2.76103003884008,-35.229176638374454,-2.2559317722089607
2024-10-24 01:32:48,1.5678848901150482,-96.34302942061599,131.66504881225632, 2.7104536310418488,-35.35227985030174,-2.211225115471275
2024-10-24 01:32:48,1.5491000576826843,-95.54436026642317,130.9506953707488, 2.672472366788055,-35.435783218843596,-2.1779700563234696
2024-10-24 01:32:48,1.5327742439640626,-94.84149052214649,130.31273680067423, 2.6401339765202687,-35.50000820776676,-2.1498868097920454
2024-10-24 01:32:48,1.5217142469733762,-94.36054400220968,129.87117849213027, 2.6185790549197234,-35.53894184263358,-2.131293082273948
2024-10-24 01:32:48,1.5123124775356815,-93.94858190791624,129.48969921155413, 2.6004793584742063,-35.56904467274363,-2.115760753766856
2024-10-24 01:32:48,1.5033952952984369,-93.55514031796746,129.12256080638653, 2.5835020298575895,-35.59499286471914,-2.101261232254201
2024-10-24 01:32:48,1.4941264572627022,-93.14332325400166,128.73533145552892, 2.5660505144315513,-35.61921710579659,-2.086429551560735
2024-10-24 01:32:48,1.485875080349665,-92.77420835269233,128.38569269888242, 2.5506821412336733,-35.638374365450176,-2.0734315849938874
2024-10-24 01:32:48,1.477642422973591,-92.40353201291222,128.03213505763063, 2.535505837467841,-35.65517926158783,-2.060656270296522
2024-10-24 01:32:48,1.4688861871596985,-92.00659836590653,127.65081941582969, 2.5195367792091283,-35.6704682422465,-2.0472804709683325
2024-10-24 01:32:48,1.4598767128763284,-91.59523678056728,127.25268022380816, 2.5032916151042066,-35.68335714305909,-2.0337463171014094
2024-10-24 01:32:48,1.4505868585393356,-91.16787209062464,126.83585568252663, 2.486738509164199,-35.69355873140586,-2.020034190682241
2024-10-24 01:32:48,1.4420814253569545,-90.7736793654742,126.44849533190535, 2.4717594868161887,-35.70008581817847,-2.007697035260117
2024-10-24 01:32:48,1.4323832270389134,-90.32072879749273,125.9999705029534, 2.4548862218062895,-35.704168871643894,-1.9938838947240296
2024-10-24 01:32:48,1.4222445511415833,-89.84314760352085,125.5230880853381, 2.437482603524852,-35.70451550934095,-1.979734067024163
2024-10-24 01:32:48,1.4112343602470714,-89.31968935241537,124.99571733005715, 2.418857637299037,-35.700227603028544,-1.964706222306738
2024-10-24 01:32:48,1.4000820940074528,-88.7842098598083,124.45117385353196, 2.400285750562662,-35.69079073569673,-1.949845797251259
2024-10-24 01:32:48,1.3865488302038824,-88.12705996508514,123.7759080940231, 2.3781487253602345,-35.67223222447368,-1.9323050131086101
2024-10-24 01:32:48,1.3697623423054346,-87.30032355095518,122.91544640923043, 2.351306639797467,-35.63797272863822,-1.911305856777144
2024-10-24 01:32:48,1.352942893320232,-86.45849523484463,122.02677806044876, 2.3251071357556623,-35.59061368554902,-1.8911196420119063
2024-10-24 01:32:48,1.3360519293091144,-85.59886472287077,121.10633300957345, 2.299510571779226,-35.52929411437231,-1.871723581429135
2024-10-24 01:32:48,1.3206068979997485,-84.79974775957902,120.23895065210743, 2.2767459030012724,-35.460580966659,-1.8547718442729682
2024-10-24 01:32:48,1.3120694422286052,-84.35244759576328,119.74851962312692, 2.264430679140306,-35.417208313000174,-1.8457290275450797
2024-10-24 01:32:48,1.3063358931413946,-84.04975646809983,119.41464320479471, 2.2562690947009196,-35.38586291482133,-1.8397889383699346
2024-10-24 01:32:48,1.3043688374394502,-83.94547790499391,119.2992481365035, 2.2534894138421167,-35.37469189975898,-1.8377758311440502
2024-10-24 01:32:48,1.3024088935030385,-83.8413547882287,119.183834527101, 2.2507302010908568,-35.363347307190345,-1.8357826750031025
2024-10-24 01:32:48,1.3009765215310753,-83.7651185882681,119.09921104094583, 2.24872030489152,-35.354920617813946,-1.8343340556114103
2024-10-24 01:32:48,1.2974153757171278,-83.57506273440512,118.88780188237232, 2.243747587326099,-35.333469840391885,-1.8307620014864037
2024-10-24 01:32:48,1.2954583531502715,-83.47030079729889,118.77099893835793, 2.2410296390403177,-35.32137556540946,-1.8288169633948876
2024-10-24 01:32:48,1.2928935983390375,-83.33266290627779,118.61724919784122, 2.2374836427895697,-35.30519422562839,-1.826287315301922
2024-10-24 01:32:48,1.2903166981931804,-83.19397819924548,118.46199474671728, 2.2339392016721167,-35.28855502703193,-1.8237679480917428
2024-10-24 01:32:48,1.286407992607806,-82.98285492411362,118.22500127526332, 2.2285982314241077,-35.26258017778407,-1.8199893381907222
2024-10-24 01:32:48,1.2793567019544538,-82.5996306953737,117.79283007758345, 2.2190718814520247,-35.21344653848592,-1.8133044307766486
2024-10-24 01:32:48,1.2737889872867347,-82.29485443878382,117.44729971897134, 2.211649930310994,-35.17254696854863,-1.8081470405734428
2024-10-24 01:32:48,1.269999680900298,-82.0863080455326,117.20993610993442, 2.206649799566246,-35.14363172089458,-1.8046987553788627
2024-10-24 01:32:48,1.2681401937528827,-81.98363445971884,117.09279751398724, 2.2042114224792613,-35.12911889219913,-1.8030250541838517
2024-10-24 01:32:48,1.2658797112001157,-81.85851926105171,116.94980846024077, 2.201260852721594,-35.11118716145658,-1.8010068644452137
2024-10-24 01:32:48,1.2640560572214987,-81.75734041428937,116.83397685312383, 2.1988914292209296,-35.0964879134569,-1.799391887751366
2024-10-24 01:32:48,1.2631275078141573,-81.70573985677157,116.77483520510171, 2.1976887671738004,-35.088923222761984,-1.7985741386023026
2024-10-24 01:32:48,1.2618153238562355,-81.63272396919479,116.69106975296839, 2.1959935796801346,-35.078140387908775,-1.7974237811017706
2024-10-24 01:32:48,1.2614112975408267,-81.61021932723708,116.66523332588541, 2.1954726556684956,-35.0747983777001,-1.7970708219584546
2024-10-24 01:32:49,1.2640430851939737,-81.75661993195001,116.83315139432256, 2.1988746102040717,-35.09638260697053,-1.7993804424604725
2024-10-24 01:32:49,1.2674924123154026,-81.94781424308584,117.05188778400908, 2.203364351190974,-35.1240127649656,-1.8024448583249206
2024-10-24 01:32:49,1.2714758865219788,-82.16766053519882,117.302619874276, 2.208592752060232,-35.15500109247603,-1.806036128479497
2024-10-24 01:32:49,1.277650232254126,-82.50642515360104,117.68733288829083, 2.216787652244537,-35.20111012532729,-1.8117123060300848
2024-10-24 01:32:49,1.2890441948426268,-83.12534706175023,118.38503928538195, 2.232195728455784,-35.280196540537105,-1.8225321171775146
2024-10-24 01:32:49,1.2955113358217785,-83.47314000586695,118.7741670115869, 2.24110308355842,-35.32170586942126,-1.8288694531139404
2024-10-24 01:32:49,1.3102795311458404,-84.25815290405507,119.6446828726423, 2.2618733159505053,-35.4076160758662,-1.843863115085581
2024-10-24 01:32:49,1.3165211716851104,-84.58619064274068,120.00524111369883, 2.270828180005919,-35.440312327791474,-1.8504148962706775
2024-10-24 01:32:49,1.3321560968456323,-85.3984982129175,120.88991029243464, 2.2937101278073344,-35.513123706342235,-1.8673764241932753
2024-10-24 01:32:49,1.3488503830925949,-86.25154968864119,121.8063898323812, 2.3188390498494122,-35.57704715772905,-1.8863389437562095
2024-10-24 01:32:49,1.3645669132322913,-87.04175610706505,122.64383282708883, 2.343138886900229,-35.62476454304939,-1.9049785259292145
2024-10-24 01:32:49,1.3798168663963983,-87.79708326266416,123.4339307118978, 2.367301634803896,-35.66001534087839,-1.9237822099841617
2024-10-24 01:32:49,1.3858307778052479,-88.09196252595017,123.73962646038761, 2.376986505184541,-35.671024843334436,-1.931389504640235
2024-10-24 01:32:49,1.387490168652368,-88.17303579566696,123.82340193079833, 2.379674239698438,-35.67378067298597,-1.9335075330408291
2024-10-24 01:32:49,1.3864755355778842,-88.12347849790562,123.77220679359907, 2.378030035484406,-35.67211002309391,-1.9322114929727923
2024-10-24 01:32:49,1.3848104244586588,-88.04204857590905,123.6879905809199, 2.375337136112993,-35.669270017349014,-1.9300912073469558
2024-10-24 01:32:49,1.3817770423198477,-87.89337908468221,123.53392917142911, 2.370448676311677,-35.66378065957567,-1.9262498683199767
2024-10-24 01:32:49,1.379383691060234,-87.77577905291731,123.41178502023743, 2.3666074377507575,-35.659160037251354,-1.9232384381310292
2024-10-24 01:32:49,1.3763519321338964,-87.62642834111143,123.25630816263741, 2.3617616118744347,-35.65293745870923,-1.9194483641482558
2024-10-24 01:32:49,1.3758539806501664,-87.60185720144463,123.23069108970378, 2.3609678537142385,-35.65187573769889,-1.9188285000056844
2024-10-24 01:32:55,1.3758539806501664,-87.62584239022246,123.21672501290753, 2.3631499502248037,-35.61395671775097,-1.921513277489031
2024-10-24 01:32:55,1.3758539806501664,-87.76569039755631,123.1345002152577, 2.3760207486598013,-35.392073801256984,-1.9373233894047661
2024-10-24 01:32:55,1.3758539806501664,-87.98746528230797,123.00127496337859, 2.3969645529996373,-35.03738155743247,-1.9629583813926388
2024-10-24 01:32:55,1.3758539806501664,-88.45049175019604,122.71147882341435, 2.442937559244776,-34.285230246042104,-2.018849484667218
2024-10-24 01:32:55,1.3758539806501664,-88.87792713641309,122.42918514889195, 2.488322910873881,-33.57615817468006,-2.0735484724393305
2024-10-24 01:32:55,1.3758539806501664,-89.38030355427092,122.07791111529619, 2.5457231331940835,-32.723331172549045,-2.1421050844645313
2024-10-24 01:32:55,1.3758539806501664,-89.87387812750775,121.71062673809566, 2.6069510166181233,-31.863342206258594,-2.2145343056424776
2024-10-24 01:32:55,1.3758539806501664,-90.32761605374174,121.35191738344707, 2.668062563584731,-31.05175543877567,-2.2861733136435003
2024-10-24 01:32:55,1.3758539806501664,-90.7599486585334,120.9897048255707, 2.7312044092529906,-30.258091932482255,-2.359570651607717
2024-10-24 01:32:55,1.3758539806501664,-91.22906055533208,120.57206039529893, 2.8059488593453366,-29.372370416935926,-2.4457155852071075
2024-10-24 01:32:55,1.3758539806501664,-91.66955926794205,120.15430494610165, 2.882963996916106,-28.5151734481755,-2.5337208576482246
2024-10-24 01:32:55,1.3758539806501664,-92.07064317326045,119.75020403486674, 2.9597777153397877,-27.711034821119835,-2.6208072056503613
2024-10-24 01:32:55,1.3758539806501664,-92.45148189795137,119.34347260130372, 3.0395683615160842,-26.92454354062785,-2.7106114009385545
2024-10-24 01:32:55,1.3758539806501664,-92.46865167414884,119.32457146858866, 3.043339733458407,-26.88852344089285,-2.714840600780377
2024-10-24 01:32:55,1.3758539806501664,-92.48581112423615,119.30563135481891, 3.047124682450575,-26.852474852957844,-2.719083672492596
2024-10-24 01:32:55,1.3758539806501664,-92.50197477583276,119.28774413711857, 3.0507045703234534,-26.818472182969764,-2.7230956210014607
2024-10-24 01:32:56,1.3758539806501664,-92.46724958508614,119.32611682728222, 3.04303116891757,-26.891466732170095,-2.7144946285140743
2024-10-24 01:32:56,1.3758539806501664,-92.10169287055206,119.71791259833748, 2.966019327708223,-27.64777836065513,-2.6278554089127373
2024-10-24 01:32:56,1.3758539806501664,-91.68658989108454,120.13762191887344, 2.88608892379075,-28.48150251352067,-2.5372766344751656
2024-10-24 01:32:56,1.3758539806501664,-91.26488459117148,120.53904498746692, 2.811951092870616,-29.303613684120418,-2.4526008961057606
2024-10-24 01:32:56,1.3758539806501664,-91.00418343868063,120.77561013649267, 2.769250416160521,-29.800290338098815,-2.4035149770321413
2024-10-24 01:32:56,1.3758539806501664,-90.81898268477542,120.93860323746627, 2.740235177318488,-30.148081837804366,-2.370019928937908
2024-10-24 01:32:56,1.3758539806501664,-90.63139280397358,121.09959406099244, 2.7118890966371128,-30.496268081876337,-2.3371817194996445
2024-10-24 01:32:56,1.3758539806501664,-90.44319088437604,121.25711013414376, 2.6844457444664687,-30.841602817359558,-2.305275774064708
2024-10-24 01:32:56,1.3758539806501664,-90.24449519983112,121.4192195138991, 2.656492410556518,-31.202016068428076,-2.27265717995322
2024-10-24 01:32:56,1.3758539806501664,-90.0583832956502,121.56729766249971, 2.631207114078236,-31.53585040606062,-2.243043445268759
2024-10-24 01:32:56,1.3758539806501664,-89.86172090052715,121.71995226264275, 2.6053800876059703,-31.884802737803685,-2.212684436194208
2024-10-24 01:32:56,1.3758539806501664,-89.66019517483585,121.87245218552292, 2.5798135452179496,-32.2384660248977,-2.1825167695966248
2024-10-24 01:32:56,1.3758539806501664,-89.46099830436492,122.0194151940261, 2.5553885880332947,-32.5842783905732,-2.1535849736430768
2024-10-24 01:32:56,1.3758539806501664,-89.2569355664182,122.16620912849541, 2.5311926547550416,-32.93478947183403,-2.1248129311059563
2024-10-24 01:32:56,1.3758539806501664,-89.05289076719029,122.30931314816527, 2.5077904906068116,-33.28160271986029,-2.096874866566549
2024-10-24 01:32:56,1.3758539806501664,-88.84139934409836,122.45388813405371, 2.4843259566456566,-33.63733130981768,-2.0687493796524037
2024-10-24 01:32:56,1.3758539806501664,-88.63249028136738,122.5930713320261, 2.4618982226858774,-33.98509935956418,-2.041756612520425
2024-10-24 01:32:56,1.3758539806501664,-88.43149187169082,122.72369043240245, 2.440988146697019,-34.3164133901658,-2.0164896788635405
2024-10-24 01:32:56,1.3758539806501664,-88.20099490559097,122.86963065199501, 2.417775199415238,-34.69251225352493,-1.988321583716613
2024-10-24 01:32:56,1.3758539806501664,-87.98221495747994,123.00446976330181, 2.396460965392698,-35.045819294650435,-1.9623433015744658
2024-10-24 01:32:56,1.3758539806501664,-87.76364742406655,123.13571123138534, 2.375830886084252,-35.39532499353974,-1.9370904839128733
2024-10-24 01:32:56,1.3758539806501664,-87.54403427766034,123.264197881454, 2.3557373346670087,-35.74312809754008,-1.91238784045064
2024-10-24 01:32:56,1.3758539806501664,-87.31117213188669,123.3968459178821, 2.3350930389303417,-36.10833208925654,-1.8868942053808497
2024-10-24 01:32:56,1.3758539806501664,-87.0867221434404,123.52131062299723, 2.3158077318965655,-36.45695944790856,-1.8629703288916009
2024-10-24 01:32:56,1.3758539806501664,-86.85990239743715,123.64380880380513, 2.2969009904129676,-36.80599441210305,-1.839410336442134
2024-10-24 01:32:56,1.3758539806501664,-86.62367046313722,123.7679874738213, 2.2778024815431612,-37.16611785896074,-1.8155009147190502
2024-10-24 01:32:56,1.3758539806501664,-86.38205322297078,123.89151151005447, 2.258864597336153,-37.53097302586404,-1.7916785916413402
2024-10-24 01:32:56,1.3758539806501664,-86.15070982623894,124.00657607947105, 2.2412703514181023,-37.87711391371368,-1.7694407225825146
2024-10-24 01:32:56,1.3758539806501664,-85.90818480503728,124.12393028361633, 2.223365001390869,-38.236720034632796,-1.7467009592407718
2024-10-24 01:32:56,1.3758539806501664,-85.66717225100514,124.23732801232006, 2.2060933420441837,-38.59086558389146,-1.7246580632970367
2024-10-24 01:32:56,1.3758539806501664,-85.43042047805693,124.34567794572635, 2.189610942305492,-38.93571342291877,-1.7035198118161823
2024-10-24 01:32:56,1.3758539806501664,-85.16906183498696,124.46188426320867, 2.1719472400080546,-39.31300493400314,-1.680750924631412
2024-10-24 01:32:56,1.3758539806501664,-84.92571297549074,124.56695841832926, 2.1559801000362313,-39.66117948014339,-1.6600619752847439
2024-10-24 01:32:56,1.3758539806501664,-84.65472322774194,124.68052073771024, 2.1387185179855064,-40.04546150971096,-1.6375769341055861
2024-10-24 01:32:56,1.3758539806501664,-84.30525375580939,124.82177186829968, 2.1172255404801787,-40.53584371674356,-1.6093998002876797
2024-10-24 01:32:56,1.3758539806501664,-83.78247463573878,125.02256287505271, 2.0865856081502625,-41.25892704591637,-1.568865342263629
2024-10-24 01:32:56,1.3758539806501664,-83.14287241981138,125.2519319564018, 2.0513651457007596,-42.12733191411191,-1.5216996750017426
2024-10-24 01:32:56,1.3758539806501664,-83.0751876752069,125.27519662995927, 2.0477744618870464,-42.218223148315204,-1.5168547579267224
2024-10-24 01:32:57,1.3758539806501664,-83.13603203201299,125.25429172588369, 2.0510011164338615,-42.13652617641032,-1.5212088063050226
2024-10-24 01:32:57,1.3758539806501664,-83.27084755324734,125.20742557972827, 2.0582236737790827,-41.95496131015112,-1.5309346983390304
2024-10-24 01:32:57,1.3758539806501664,-83.9077407278861,124.97556898642888, 2.093769185559579,-41.086781675888176,-1.5784087361656545
2024-10-24 01:32:57,1.3758539806501664,-84.51982583114815,124.73572872411391, 2.1303220353748924,-40.235434985958946,-1.626593495075334
2024-10-24 01:32:57,1.3758539806501664,-85.13659002378989,124.47607738863627, 2.1697903774908265,-39.35963637944645,-1.677962257899561
2024-10-24 01:32:57,1.3758539806501664,-85.7320048633448,124.20713479535523, 2.2106896331983314,-38.495910331734365,-1.730534645486247
2024-10-24 01:32:57,1.3758539806501664,-86.2595222036033,123.95284043459233, 2.249481786892275,-37.71469069503603,-1.779832318666434
2024-10-24 01:32:57,1.3758539806501664,-86.68555306434503,123.73578789162411, 2.2827486138339936,-37.07211017426662,-1.821703872116827
2024-10-24 01:32:57,1.3758539806501664,-87.145984497982,123.48876546836465, 2.3208428853767358,-36.36522708229088,-1.8692268944399126
2024-10-24 01:32:57,1.3758539806501664,-87.60470741914504,123.22903353973426, 2.36122677338082,-35.6473717969771,-1.9191471326066254
2024-10-24 01:32:57,1.3758539806501664,-88.08311394265858,122.94272142077942, 2.4062062587244464,-34.88331479408599,-1.9742349489680064
2024-10-24 01:32:57,1.3758539806501664,-88.60497818402705,122.61113859748133, 2.4589981405415724,-34.03063670250977,-2.038258157583026
2024-10-24 01:32:57,1.3758539806501664,-89.10609017005667,122.27234995947424, 2.513818054703038,-33.19152668616845,-2.1040812944492733
2024-10-24 01:32:57,1.3758539806501664,-89.60192325793764,121.91582641541368, 2.572583424605188,-32.34000944103333,-2.1739640831144214
2024-10-24 01:32:57,1.3758539806501664,-90.04661778213844,121.57653937626831, 2.6296367097896347,-31.556835498929903,-2.241200717693451
2024-10-24 01:32:57,1.3758539806501664,-90.19344553376294,121.46019350825203, 2.649472453493374,-31.29394109761879,-2.2644460359023184
2024-10-24 01:32:57,1.3758539806501664,-90.2873178394443,121.38463778497227, 2.6624313168780254,-31.12469506783341,-2.279597622760184
2024-10-24 01:32:57,1.3758539806501664,-90.35482758679113,121.32972489294612, 2.671888618816701,-31.002405047074696,-2.290638185521589
2024-10-24 01:32:57,1.3758539806501664,-90.42219687078058,121.27443907309527, 2.6814437514543137,-30.879883762329467,-2.3017786457722043
2024-10-24 01:32:57,1.3758539806501664,-90.44296646229088,121.25729563106384, 2.684413591955168,-30.84201228653587,-2.3052383258536264
2024-10-24 01:32:57,1.3758539806501664,-90.4637038614994,121.24013183208643, 2.6873902589679903,-30.804152725239895,-2.30870459027302
2024-10-24 01:32:58,1.3758539806501664,-90.42281732487378,121.27392762350418, 2.6815323047601747,-30.878753098031392,-2.3018818246633415
2024-10-24 01:32:58,1.3758539806501664,-90.1969653293187,121.45737714647255, 2.6499543952241793,-31.28761171468762,-2.2650100122486743
2024-10-24 01:32:58,1.3758539806501664,-90.08263081350592,121.54820709415216, 2.6344539191302316,-31.49255806696571,-2.246851966594198
2024-10-24 01:32:58,1.3758539806501664,-89.67093487950571,121.86442323213684, 2.5811538979732593,-32.21971639894391,-2.1841012560524695
2024-10-24 01:32:58,1.3758539806501664,-89.44901869138768,122.02813667062475, 2.5539455021493835,-32.60495890634686,-2.1518721181785514
2024-10-24 01:32:58,1.3758539806501664,-89.28468793363483,122.14646410085854, 2.5344358161765284,-32.88733847829186,-2.128676067912494
2024-10-24 01:32:58,1.3758539806501664,-89.15180795161943,122.24039034016343, 2.5190392309005816,-33.11392419157875,-2.1103176493609515
2024-10-24 01:32:58,1.3758539806501664,-89.0682628597755,122.29865746910463, 2.5095268984713903,-33.25559989275081,-2.0989516408580666
2024-10-24 01:32:58,1.3758539806501664,-88.70768803536888,122.54337941743405, 2.46988775078144,-33.86032533712204,-2.0513849672900557
2024-10-24 01:32:58,1.3758539806501664,-88.26823790500036,122.82747251026399, 2.4244650368002527,-34.58320877167131,-1.9964525411131813
2024-10-24 01:32:58,1.3758539806501664,-87.9135058276483,123.04609526295218, 2.3899057814453655,-35.15605769106913,-1.954331007204275
2024-10-24 01:32:58,1.3758539806501664,-87.3666297975231,123.36558407740061, 2.339949640341096,-36.02168474235886,-1.8929022497019667
2024-10-24 01:32:58,1.3758539806501664,-86.84637704370333,123.65101133059457, 2.2957914632936647,-36.82670564715092,-1.838024398415039
2024-10-24 01:32:58,1.3758539806501664,-86.30840306763872,123.92847932407662, 2.2532073708318863,-37.64150525483856,-1.7845395637272325
2024-10-24 01:32:58,1.3758539806501664,-85.79635582688633,124.17694061296343, 2.2152877653881444,-38.401435698560725,-1.736405857363306
2024-10-24 01:32:58,1.3758539806501664,-85.38704162316382,124.36520992675659, 2.186641262128256,-38.998578387460874,-1.699700320930385
2024-10-24 01:32:58,1.3758539806501664,-84.78713791818525,124.62547790692656, 2.14708629969645,-39.85813508143552,-1.6484925810665583
2024-10-24 01:32:58,1.3758539806501664,-84.40588293851533,124.78168836029545, 2.1233284152596914,-40.39522736285323,-1.617421485873306
2024-10-24 01:32:58,1.3758539806501664,-83.813198589518,125.01110090225335, 2.0883385413574387,-41.216769114395326,-1.5711964334449675
2024-10-24 01:32:58,1.3758539806501664,-83.46422905953641,125.13886953127434, 2.068763421008029,-41.693193610063155,-1.545078255230014
2024-10-24 01:32:58,1.3758539806501664,-83.08071279377461,125.27330460135545, 2.0480666272822186,-42.21081073856053,-1.5172492378517286
2024-10-24 01:32:58,1.3758539806501664,-82.80433289224042,125.36642328562837, 2.0336537073757204,-42.580074950233566,-1.4977330971063472
2024-10-24 01:32:58,1.3758539806501664,-82.5556255854824,125.44759968741833, 2.021026790251719,-42.90975217451101,-1.480539250261076
2024-10-24 01:32:58,1.3758539806501664,-82.3730277681792,125.5056526185563, 2.011955687132818,-43.15025389891152,-1.4681300479255979
2024-10-24 01:32:58,1.3758539806501664,-82.27352681208548,125.5367444710333, 2.0070818641248414,-43.28076639508211,-1.4614424359838878
2024-10-24 01:32:58,1.3758539806501664,-82.135573862699,125.57922665003825, 2.0004036265460807,-43.46109119602557,-1.452255455398017
2024-10-24 01:32:58,1.3758539806501664,-82.03523867292219,125.60967280334303, 1.9956031963506133,-43.59179302979985,-1.4456346937097666
2024-10-24 01:32:58,1.3758539806501664,-81.90334493063224,125.64912263162691, 1.9893642687155093,-43.76303300588706,-1.4370083381018497
2024-10-24 01:32:58,1.3758539806501664,-81.87243599200957,125.65827422847734, 1.9879137709413597,-43.80306941400534,-1.4349992409790324
2024-10-24 01:32:58,1.3758539806501664,-81.84114932343722,125.667501760531, 1.9864499819764934,-43.8435592497882,-1.432970367189371
2024-10-24 01:32:58,1.3758539806501664,-82.28173690923946,125.53419336007043, 2.007482194374408,-43.2700117902213,-1.4619922893559256
2024-10-24 01:32:58,1.3758539806501664,-82.93134440900847,125.32401502867086, 2.0402264375382764,-42.41076222926009,-1.5066473022821434
2024-10-24 01:32:58,1.3758539806501664,-83.571571635887,125.10012913678347, 2.074707341527936,-41.547206126214505,-1.5530293014259973
2024-10-24 01:32:58,1.3758539806501664,-84.14036507032648,124.88643923541392, 2.1073714849357366,-40.765243788462136,-1.596411694743349
2024-10-24 01:32:58,1.3758539806501664,-84.57035211552163,124.7151520806686, 2.1334520034479465,-40.16438127230764,-1.6306913996366317
2024-10-24 01:32:58,1.3758539806501664,-84.88223087652172,124.58542234203752, 2.153174144424114,-39.723081709204486,-1.6564154495098982
2024-10-24 01:32:58,1.3758539806501664,-85.14086740087411,124.47421084586378, 2.1700740236962197,-39.35349686524688,-1.6783290981495247
2024-10-24 01:32:58,1.3758539806501664,-85.39196425610689,124.36299837736874, 2.1869774910924984,-38.99144940075826,-1.7001329362805833
2024-10-24 01:32:58,1.3758539806501664,-85.63738345678907,124.25112504815719, 2.2039935528523023,-38.63441914010636,-1.7219707900980004
2024-10-24 01:32:58,1.3758539806501664,-85.88416600625088,124.13537396066167, 2.2216207980515046,-38.272155834507686,-1.7444798053304402
2024-10-24 01:32:58,1.3758539806501664,-86.12248915151092,124.02040201845072, 2.23915895393856,-37.91912839232786,-1.766765033792215
2024-10-24 01:32:58,1.3758539806501664,-86.3584938256623,123.90337130093886, 2.257049185857859,-37.56636471370004,-1.7893888223826833
2024-10-24 01:32:58,1.3758539806501664,-86.59652423172938,123.78203948954081, 2.2756452532243268,-37.20728358486146,-1.812793109044954
2024-10-24 01:32:58,1.3758539806501664,-86.8323824549363,123.6584517721199, 2.2946455252888738,-36.8481234809935,-1.8365925845148758
2024-10-24 01:32:58,1.3758539806501664,-87.06080046622598,123.53547517665477, 2.313617916129745,-36.497012970704574,-1.8602470018186585
2024-10-24 01:32:58,1.3758539806501664,-87.29190530498586,123.40765912945298, 2.3334143985455587,-36.13838716804332,-1.884816036196915
2024-10-24 01:32:58,1.3758539806501664,-87.52182169379924,123.27700875946228, 2.3537392373458683,-35.77812198555942,-1.9099255091210867
2024-10-24 01:32:58,1.3758539806501664,-87.75096807157406,123.14322063019394, 2.3746537686609863,-35.41549639930137,-1.935646297590986
2024-10-24 01:32:58,1.3758539806501664,-87.97998089425298,123.00582857470567, 2.39624680011163,-35.049409027286906,-1.9620817017292378
2024-10-24 01:32:58,1.3758539806501664,-88.20974246501603,122.8641655787547, 2.4186417128854445,-34.67831227761109,-1.9893753659157305
2024-10-24 01:32:58,1.3758539806501664,-88.44053029675273,122.71788474601794, 2.441914804671936,-34.30158275311843,-2.0176115275197994
2024-10-24 01:32:58,1.3758539806501664,-88.67776289291987,122.56320891259072, 2.466697207215859,-33.910033812778,-2.0475416640540387
2024-10-24 01:32:58,1.3758539806501664,-88.92485815663541,122.39728396351424, 2.4934919930107973,-33.497400455069844,-2.0797498959484155
2024-10-24 01:32:59,1.3758539806501664,-89.18952274202731,122.21388883688061, 2.523375501230229,-33.04977005869169,-2.1154928643402378
2024-10-24 01:32:59,1.3758539806501664,-89.48099826310039,122.00482545973152, 2.5578042418693916,-32.549723126480345,-2.1564513251414352
2024-10-24 01:32:59,1.3758539806501664,-89.81982579165451,121.75197830616227, 2.5999918039014553,-31.95864763635281,-2.2063361031779896
2024-10-24 01:32:59,1.3758539806501664,-90.23341363207338,121.42813708221652, 2.6549630496166072,-31.221993724948685,-2.2708689885229445
2024-10-24 01:32:59,1.3758539806501664,-90.70642344819859,121.03568821253764, 2.723104630688575,-30.35748783036792,-2.350188602853076
2024-10-24 01:32:59,1.3758539806501664,-91.13804835036441,120.65520241132052, 2.7908956337246558,-29.54631695772607,-2.428427054551955
2024-10-24 01:32:59,1.3758539806501664,-91.56892782533343,120.252054061305, 2.8647320987055873,-28.71330451482579,-2.5129524114881123
2024-10-24 01:32:59,1.3758539806501664,-91.97125289655634,119.85257166209465, 2.9400941322482277,-27.912525375906963,-2.5985529547309385
2024-10-24 01:32:59,1.3758539806501664,-92.11881302283759,119.7000435689556, 2.9694799947553205,-27.61283610522996,-2.6317615369273764
2024-10-24 01:32:59,1.3758539806501664,-92.19847951807932,119.61628563539631, 2.9857659915380084,-27.449632314043868,-2.6501272716222237
2024-10-24 01:32:59,1.3758539806501664,-92.32952833923868,119.47629277371252, 3.0132279945169964,-27.17896195072888,-2.6810353650484315
2024-10-24 01:32:59,1.3758539806501664,-92.4334584121483,119.36325955897266, 3.035626412863044,-26.96230085958312,-2.7061894714741253
2024-10-24 01:32:59,1.3758539806501664,-92.56123780019198,119.22177493533752, 3.0639525984483673,-26.693418202767436,-2.7379321558498146
2024-10-24 01:32:59,1.3758539806501664,-92.67574350017384,119.09256094266392, 3.0901100332011726,-26.45004988091131,-2.7671786967085037
2024-10-24 01:32:59,1.3758539806501664,-92.70972192293334,119.05376578802405, 3.0980181451794175,-26.377382387712284,-2.776008602527956
2024-10-24 01:32:59,1.3758539806501664,-92.74358045857494,119.01489827363203, 3.105966602020402,-26.304762896468354,-2.7848779775434807
2024-10-24 01:32:59,1.3758539806501664,-92.76046481441215,118.99543742341153, 3.1099560495930856,-26.268471148863597,-2.789327556313871
2024-10-24 01:32:59,1.3758539806501664,-92.72717150535259,119.0337609471245, 3.10210595058548,-26.33998277472841,-2.7805707213315425
2024-10-24 01:32:59,1.3758539806501664,-92.47432707769003,119.31831270101102, 3.0445898281165387,-26.876606107912355,-2.7162421540548918
2024-10-24 01:32:59,1.3758539806501664,-92.14469314890151,119.67294421497296, 2.9747375200464936,-27.559927888173153,-2.637693437684543
2024-10-24 01:32:59,1.3758539806501664,-91.98013128456338,119.84348853854881, 2.94183437759602,-27.894587520920663,-2.6005221448262366
2024-10-24 01:32:59,1.3758539806501664,-91.74522331739216,120.0798706293957, 2.8969365803163245,-28.365265973409997,-2.5496111581933167
2024-10-24 01:32:59,1.3758539806501664,-91.54252156272648,120.27747180701094, 2.860012798180237,-28.76506386587152,-2.507570105770326
2024-10-24 01:32:59,1.3758539806501664,-91.35987579203241,120.45069760352624, 2.8280825642247103,-29.120497118272336,-2.471082898860824
2024-10-24 01:32:59,1.3758539806501664,-91.0013486188821,120.77813614039735, 2.7687982655130035,-29.80564490250905,-2.4029939098953066
2024-10-24 01:32:59,1.3758539806501664,-90.7464493058451,121.00133329188519, 2.729153743858352,-30.283191229512905,-2.3571962453689945
2024-10-24 01:32:59,1.3758539806501664,-90.56161504552159,121.15845426379298, 2.7016009839131776,-30.624762525290663,-2.3252339847504575
2024-10-24 01:32:59,1.3758539806501664,-90.3744891581684,121.31364042104033, 2.6746650265764274,-30.96669790487092,-2.29387671082963
2024-10-24 01:32:59,1.3758539806501664,-90.18496633112998,121.46697284513112, 2.648312707444167,-31.309183333324132,-2.2630887261936468
2024-10-24 01:32:59,1.3758539806501664,-89.9819752211046,121.62706628220013, 2.621066582162552,-31.67188408445542,-2.2311371106575497
2024-10-24 01:32:59,1.3758539806501664,-89.85557623912207,121.72466017886464, 2.6045873494955156,-31.89564410059687,-2.2117507726313277
2024-10-24 01:32:59,1.3758539806501664,-89.71752847247248,121.82946329529557, 2.5869974202625228,-32.13824579760248,-2.191005319799913
2024-10-24 01:32:59,1.3758539806501664,-89.55674338522596,121.94923678612373, 2.56702649623314,-32.41852064931076,-2.1673841142107024
2024-10-24 01:32:59,1.3758539806501664,-89.34499104264818,122.103324194999, 2.5415338617075416,-32.783996932063324,-2.1371238134762227
2024-10-24 01:32:59,1.3758539806501664,-89.24601332593299,122.17396132834057, 2.5299202942724,-32.95344570116547,-2.1232967747853775
2024-10-24 01:32:59,1.3758539806501664,-89.08039939916897,122.29023033307438, 2.510900842860141,-33.23505594961393,-2.1005944648025565
2024-10-24 01:32:59,1.3758539806501664,-88.9463849195033,122.38258966546049, 2.495875820263315,-33.461213722125756,-2.082607910219885
2024-10-24 01:32:59,1.3758539806501664,-88.76021330624883,122.5083989803136, 2.475523690554813,-33.77290110665071,-2.0581685267559284
2024-10-24 01:32:59,1.3758539806501664,-88.62358698683391,122.59892475588593, 2.4609583772727968,-33.999842462818044,-2.040623054587319
2024-10-24 01:32:59,1.3758539806501664,-88.45146226797807,122.71085429941034, 2.4430372856763327,-34.28363665394047,-2.0189701821153894
2024-10-24 01:32:59,1.3758539806501664,-88.2715733133006,122.82537249601195, 2.4247986061711564,-34.577778215261674,-1.9968576879126871
2024-10-24 01:32:59,1.3758539806501664,-88.05457026036049,122.96026515300518, 2.4034348535365577,-34.92936161959713,-1.970855551868497
2024-10-24 01:32:59,1.3758539806501664,-87.69130611733893,123.17840456916878, 2.3691432135667894,-35.51026103328919,-1.928880662003669
2024-10-24 01:32:59,1.3758539806501664,-87.37624828706694,123.36014129023182, 2.340795730540699,-36.00663602872735,-1.8939482625504371
2024-10-24 01:32:59,1.3758539806501664,-87.13652630958588,123.49397479942478, 2.320036582091654,-36.379882574600074,-1.8682254968349337
2024-10-24 01:32:59,1.3758539806501664,-86.90613882136982,123.61910086539079, 2.3007089231881808,-36.73510714345892,-1.8441640766592058
2024-10-24 01:32:59,1.3758539806501664,-86.66038034134486,123.74891411526673, 2.2807318136633916,-37.11037875498917,-1.8191755275113226
2024-10-24 01:32:59,1.3758539806501664,-86.57757277252826,123.79182325618048, 2.2741437261839694,-37.23599616401136,-1.81090748284605
2024-10-24 01:32:59,1.3758539806501664,-86.49444396932559,123.8344847972931, 2.2676006280668313,-37.36168772143455,-1.802682201185495
2024-10-24 01:32:59,1.3758539806501664,-86.46871347104528,123.84760623271485, 2.2655895109900075,-37.40050925829218,-1.800151268474437
2024-10-24 01:32:59,1.3758539806501664,-86.44295038415432,123.86070500384804, 2.263582483045301,-37.439340765576716,-1.7976241728369062
2024-10-24 01:33:00,1.3758539806501664,-86.46914608567324,123.84738594248637, 2.2656232696644305,-37.399856863807884,-1.8001937636098682
2024-10-24 01:33:00,1.3758539806501664,-86.66089036780525,123.74864854579893, 2.280772610660515,-37.10960377347219,-1.8192266849850425
2024-10-24 01:33:00,1.3758539806501664,-87.03256373339484,123.55085592048555, 2.3112411765768006,-36.54059492816551,-1.8572896135658021
2024-10-24 01:33:00,1.3758539806501664,-87.51705946790693,123.2797509548193, 2.353311663052175,-35.78562007659067,-1.9093984522446525
2024-10-24 01:33:00,1.3758539806501664,-87.78823827723213,123.12111496505187, 2.3781198896941897,-35.356171591514354,-1.9398977926061725
2024-10-24 01:33:00,1.3758539806501664,-88.19542359837365,122.8731083618332, 2.41722390103571,-34.70155321689781,-1.9876510459736647
2024-10-24 01:33:00,1.3758539806501664,-88.73523297280718,122.52506315039119, 2.472837591596869,-33.81450678819871,-2.054936334923587
2024-10-24 01:33:00,1.3758539806501664,-89.19721714224204,122.20846689050784, 2.524263421115455,-33.03666643494088,-2.116552106581053
2024-10-24 01:33:00,1.3758539806501664,-89.57120959869019,121.93855977065265, 2.5688011772946564,-32.39340266877879,-2.169486138991833
2024-10-24 01:33:00,1.3758539806501664,-89.80579365263888,121.76266673521208, 2.5981957931592983,-31.983342774055686,-2.2042189555877116
2024-10-24 01:33:00,1.3758539806501664,-90.010358688006,121.60493255624638, 2.62481754153798,-31.621419817130594,-2.235543264753068
2024-10-24 01:33:00,1.3758539806501664,-90.24319539105399,121.4202661642567, 2.656312865757763,-31.204360006128034,-2.2724472683894166
2024-10-24 01:33:00,1.3758539806501664,-90.31033437813294,121.36597049410305, 2.665642560305294,-31.08305628823422,-2.283348058016224
2024-10-24 01:33:00,1.3758539806501664,-90.43256648988516,121.26588574712912, 2.6829250740523585,-30.860981547835387,-2.3035044655822934
2024-10-24 01:33:00,1.3758539806501664,-90.49877253509266,121.21099919106877, 2.69245024042036,-30.74002215098213,-2.3145937036510618
2024-10-24 01:33:00,1.3758539806501664,-90.58957355005136,121.13493583589032, 2.7057069585033937,-30.573342893398543,-2.330004210789172
2024-10-24 01:33:00,1.3758539806501664,-90.67522677022636,121.06233729311113, 2.7184218961479307,-30.415268381681784,-2.344760189179674
2024-10-24 01:33:00,1.3758539806501664,-90.76481334191944,120.98550916361822, 2.7319447025936214,-30.249041881835236,-2.3604276668763386
2024-10-24 01:33:00,1.3758539806501664,-90.80489478778617,120.95083512037439, 2.7380706982704974,-30.174371546086615,-2.3675165268811322
2024-10-24 01:33:00,1.3758539806501664,-90.84485081635214,120.91608239396099, 2.744225022927622,-30.099748273693972,-2.374632776016683
2024-10-24 01:33:00,1.3758539806501664,-90.86478183836877,120.89867657040934, 2.747312863432265,-30.06245429354283,-2.378201226740707
2024-10-24 01:33:00,1.3758539806501664,-90.82548481598963,120.93294987713494, 2.741236167186585,-30.135940250546323,-2.371177432409259
2024-10-24 01:33:00,1.3758539806501664,-90.52332711373622,121.19052031032325, 2.6960129179030248,-30.695038470990184,-2.318737816343193
2024-10-24 01:33:00,1.3758539806501664,-90.26034141473261,121.40644532027657, 2.6586846802244146,-31.173426441993673,-2.2752198135116597
2024-10-24 01:33:00,1.3758539806501664,-89.90418089800077,121.68731897015572, 2.610881164118269,-31.809787235188047,-2.219160423292279
2024-10-24 01:33:00,1.3758539806501664,-89.58706563631291,121.92683459003841, 2.5707513301495837,-32.36584918731429,-2.1717953282020543
2024-10-24 01:33:00,1.3758539806501664,-89.18588323655223,122.21645165427233, 2.522955894147354,-33.0559663684303,-2.114992240058659
2024-10-24 01:33:00,1.3758539806501664,-88.93716414280809,122.38888857827642, 2.4948537389699195,-33.47671869504734,-2.081382664368495
2024-10-24 01:33:00,1.3758539806501664,-88.59947571507183,122.61474484735466, 2.458419583930325,-34.03973703582614,-2.0375600028856753
2024-10-24 01:33:00,1.3758539806501664,-88.34685809126078,122.77774755934321, 2.4323719348653743,-34.45497889610252,-2.0060490143712726
2024-10-24 01:33:00,1.3758539806501664,-88.04363014449375,122.96697340750173, 2.4023756918157004,-34.946994471845414,-1.9695635295680567
2024-10-24 01:33:00,1.3758539806501664,-87.82462276436509,123.0994401176755, 2.381521423386863,-35.29816233218494,-1.9440670356640566
2024-10-24 01:33:00,1.3758539806501664,-87.68106729152366,123.18441766585973, 2.3682021893708116,-35.5264990697777,-1.9277245120627384
2024-10-24 01:33:00,1.3758539806501664,-87.53636147663784,123.26862688784736, 2.3550464408608276,-35.75521968050135,-1.911536548212917
2024-10-24 01:33:00,1.3758539806501664,-87.45732164404184,123.31401878790955, 2.3479720941021345,-35.87954663108497,-1.9028123380393263
2024-10-24 01:33:00,1.3758539806501664,-87.25560897968926,123.42796350928973, 2.3302640196267532,-36.194941004405436,-1.8809136904819366
2024-10-24 01:33:00,1.3758539806501664,-87.10765761385296,123.5098392817287, 2.3175818990688617,-36.42457912363426,-1.8651757114948608
2024-10-24 01:33:00,1.3758539806501664,-86.99577820980527,123.57081716214803, 2.308158308179673,-36.59729559162371,-1.8534510971922646
2024-10-24 01:33:00,1.3758539806501664,-86.80838943001554,123.6711797907116, 2.292685781122354,-36.88481510456021,-1.8341430143575015
2024-10-24 01:33:01,1.3758539806501664,-86.59998107135526,123.78025255305162, 2.275919536433825,-37.20204394467701,-1.8131374779775045
2024-10-24 01:33:01,1.3758539806501664,-86.48529251024972,123.83915614409827, 2.2668845813016962,-37.37549970649363,-1.8017812271994762
2024-10-24 01:33:01,1.3758539806501664,-86.29322134913708,123.93606036077483, 2.2520477884869448,-37.66425041977355,-1.7830749383166096
2024-10-24 01:33:01,1.3758539806501664,-86.1768702177798,123.9937190078635, 2.243234281882477,-37.838126324827314,-1.7719281643050855
2024-10-24 01:33:01,1.3758539806501664,-86.05989761086148,124.05090590941953, 2.2345024958565887,-38.01215288846364,-1.7608586718303494
2024-10-24 01:33:01,1.3758539806501664,-85.87687285848472,124.13884245283437, 2.221092201301985,-38.28290938748619,-1.7438064502708863
2024-10-24 01:33:01,1.3758539806501664,-85.71886678776757,124.2132716820683, 2.209755287089664,-38.51517095444672,-1.729340666139562
2024-10-24 01:33:01,1.3758539806501664,-85.66570078203833,124.23801066009706, 2.205989441504152,-38.593018104139986,-1.7245251315558452
2024-10-24 01:33:01,1.3758539806501664,-85.61250606470898,124.26261085113083, 2.20224574897846,-38.67075545639352,-1.7197327347722027
2024-10-24 01:33:01,1.3758539806501664,-85.53229491504239,124.29941924249614, 2.196645927073657,-38.78768878788373,-1.7125545050272122
2024-10-24 01:33:01,1.3758539806501664,-85.55950199337607,124.28697243158365, 2.198539296460569,-38.748064062936656,-1.7149828692802542
2024-10-24 01:33:01,1.3758539806501664,-85.73291322800563,124.20671014628829, 2.2107542889471246,-38.49457831014837,-1.7306172557682409
2024-10-24 01:33:01,1.3758539806501664,-89.42671761496709,122.04433761207491, 2.5512667136128853,-32.64342272065606,-2.148691508639213
2024-10-24 01:33:01,1.3758539806501664,-89.89322811232324,121.69575388019278, 2.609458237499791,-31.829154816216008,-2.2174858276945075
2024-10-24 01:33:01,1.3758539806501664,-90.27093472127889,121.39789093466091, 2.660153747663617,-31.154299372115926,-2.276936633877315
2024-10-24 01:33:01,1.3758539806501664,-90.49888608594875,121.21090464116529, 2.692466678186255,-30.739814279951865,-2.314612828532279
2024-10-24 01:33:01,1.3758539806501664,-90.68396634086463,121.05488293008901, 2.7197309270785457,-30.399092680192155,-2.3462779937442804
2024-10-24 01:33:01,1.3758539806501664,-90.81265549345721,120.94409972940186, 2.7392623301233927,-30.159892006052495,-2.3688948319185426
2024-10-24 01:33:01,1.3758539806501664,-90.96431798086694,120.81104306204035, 2.762915185064986,-29.87550098993121,-2.3962115844852643
2024-10-24 01:33:01,1.3758539806501664,-91.09030177570864,120.69840360259684, 2.7831085906633435,-29.637157150304354,-2.4194719675013037
2024-10-24 01:33:01,1.3758539806501664,-91.11002367404218,120.68059365157472, 2.7863159896306935,-29.599669620943413,-2.423161448050334
2024-10-24 01:33:01,1.3758539806501664,-91.12951253082896,120.66294653325966, 2.7894980142768953,-29.562577599019015,-2.4268203874167926
2024-10-24 01:33:01,1.3758539806501664,-91.0908878989698,120.69787499828458, 2.7832037296199466,-29.63604373760221,-2.419581425889274
2024-10-24 01:33:01,1.3758539806501664,-90.975263246558,120.80133397455907, 2.764649580595313,-29.854870661557875,-2.3982115804956425
2024-10-24 01:33:01,1.3758539806501664,-90.8585500020669,120.90412390108963, 2.7463460990374333,-30.07412004162833,-2.3770841339069277
2024-10-24 01:33:01,1.3758539806501664,-90.56254746211913,121.15767133218094, 2.701737570270437,-30.623049083686983,-2.325392708358856
2024-10-24 01:33:01,1.3758539806501664,-90.33629519552134,121.34484766833563, 2.6692808166738624,-31.03602366179274,-2.287595223248928
2024-10-24 01:33:01,1.3758539806501664,-90.1470680446972,121.49718236429592, 2.643150707582145,-31.377218539101555,-2.2570447041989614
2024-10-24 01:33:01,1.3758539806501664,-90.02294173903604,121.59509425586236, 2.626486446107891,-31.599022004542245,-2.237502915989021
2024-10-24 01:33:01,1.3758539806501664,-89.74019620223442,121.81238046659087, 2.589857148496261,-32.09853579614119,-2.1943818162169793
2024-10-24 01:33:01,1.3758539806501664,-89.63916210221271,121.88814484026724, 2.5771956172471224,-32.275154568144195,-2.179421064172661
2024-10-24 01:33:01,1.3758539806501664,-89.51065557919702,121.98312325097739, 2.561401210414108,-32.49841484272008,-2.1607173529817985
2024-10-24 01:33:01,1.3758539806501664,-89.38090445526747,122.07747769888573, 2.5457946318594304,-32.7222978759444,-2.1421900708421355
2024-10-24 01:33:02,1.3758539806501664,-89.28278979397975,122.14781674681691, 2.5342135296388237,-32.89058608434723,-2.128411354258613
2024-10-24 01:33:02,1.3758539806501664,-88.76711698617828,122.50378463087681, 2.476267871969243,-33.761393829551594,-2.0590637251834734
2024-10-24 01:33:02,1.3758539806501664,-88.63123160338098,122.5938992274541, 2.461765276788658,-33.98718400719123,-2.041596276946394
2024-10-24 01:33:02,1.3758539806501664,-88.47682398305369,122.69450815862433, 2.4456485401364576,-34.241966747122504,-2.022129732138829
2024-10-24 01:33:02,1.3758539806501664,-88.40183294737609,122.74269693900584, 2.437956228715562,-34.3650347177696,-2.012817731778957
2024-10-24 01:33:02,1.3758539806501664,-88.3265979651289,122.79060650400667, 2.4303254873516833,-34.488068152083315,-2.0035666895604884
2024-10-24 01:33:02,1.3758539806501664,-88.25103766109183,122.83828864992257, 2.4227474832916087,-34.61120009436997,-1.9943660148516298
2024-10-24 01:33:02,1.3758539806501664,-88.22768648041858,122.85293702072967, 2.420422713991859,-34.64916571162806,-1.9915407057869774
2024-10-24 01:33:02,1.3758539806501664,-88.18083255701387,122.88220535192998, 2.415782215636394,-34.725220183232345,-1.9858971943229495
2024-10-24 01:33:02,1.3758539806501664,-88.15738733776581,122.89678933267044, 2.4134721594992556,-34.76321561737045,-1.9830858964246463
2024-10-24 01:33:08,1.376544675193384,-88.19168677368481,122.93219504768032, 2.414615630514634,-34.764344821294316,-1.9839986997031975
2024-10-24 01:33:08,1.3814474178524372,-88.43450910841027,123.18225529542028, 2.422767898069055,-34.77174629994817,-1.9905213361146217
2024-10-24 01:33:08,1.389171913372486,-88.81482125600547,123.57181108394178, 2.435738261474346,-34.7812506404059,-2.0009515022542095
2024-10-24 01:33:08,1.406697358568781,-89.66767218230379,124.43609982090682, 2.4657330397125317,-34.79329363257641,-2.025306454683296
2024-10-24 01:33:08,1.4248885853642992,-90.53877784391335,125.30561598231989, 2.497692195929761,-34.792352687610794,-2.0515912481746548
2024-10-24 01:33:08,1.4432207252678986,-91.40271628448396,126.15473148295824, 2.5307407276936686,-34.77820469393579,-2.0791048338426807
2024-10-24 01:33:08,1.4567536206768519,-92.03188814793229,126.76481189697452, 2.555676000981137,-34.75962548620184,-2.100071228597978
2024-10-24 01:33:08,1.4665452085967359,-92.48272193131,127.19766957340707, 2.574001887841676,-34.74202752429282,-2.115587018405343
2024-10-24 01:33:08,1.4753795973326633,-92.88639688471558,127.58220815026347, 2.5907407022788385,-34.723237805067086,-2.1298345425370377
2024-10-24 01:33:08,1.484488304072691,-93.29960792006761,127.97285828175245, 2.6082021445630112,-34.70103981939785,-2.144770934283994
2024-10-24 01:33:08,1.4924313449298814,-93.65750464950838,128.30878651288896, 2.623597079259211,-34.67939239457267,-2.1579999297199026
2024-10-24 01:33:08,1.5010357341500802,-94.04269185846847,128.6678151730147, 2.6404505569348444,-34.653586533385905,-2.1725447856015654
2024-10-24 01:33:08,1.5097792621444879,-94.43148714218253,129.02756624829146, 2.657764995031975,-34.624905966027036,-2.1875532207950417
2024-10-24 01:33:08,1.518673574044552,-94.82433067640267,129.38837253515248, 2.675573150878031,-34.59324411597047,-2.203056749689502
2024-10-24 01:33:08,1.5276199934411776,-95.21682653214229,129.746162816678, 2.6936845120044413,-34.55892177723654,-2.2188916639620015
2024-10-24 01:33:08,1.5366719594588587,-95.611302586825,130.10304697514903, 2.712213000340957,-34.521723455041226,-2.2351592125913884
2024-10-24 01:33:08,1.5459412570403799,-96.01254215980973,130.4632669912473, 2.731399004644857,-34.481113051790054,-2.2520739621778163
2024-10-24 01:33:08,1.5554605458893291,-96.42180889774544,130.82780785883182, 2.751327148209109,-34.43681389893759,-2.269715699208895
2024-10-24 01:33:08,1.564638183099132,-96.81375961899612,131.174199067654, 2.7707564399956284,-34.39167212483299,-2.2869846833072183
2024-10-24 01:33:08,1.5748419067746775,-97.2465653513112,131.55360516320627, 2.7926084349892046,-34.338744320429875,-2.30648536867964
2024-10-24 01:33:08,1.586559491730759,-97.73981430584139,131.9820520032422, 2.818029446258888,-34.27449376436011,-2.329271533205054
2024-10-24 01:33:08,1.5986858039006167,-98.24612450807228,132.41748683005542, 2.8447075196700222,-34.20420028955105,-2.3532959853368665
2024-10-24 01:33:08,1.613878648152705,-98.8746793206489,132.951935482094, 2.8786677771495786,-34.110839387389426,-2.384035922141124
2024-10-24 01:33:08,1.6336066193545247,-99.68154397468588,133.62811118623338, 2.923663800056836,-33.981145607547504,-2.425022316285867
2024-10-24 01:33:08,1.6571565015454663,-100.63145737188682,134.41001137842358, 2.978725047700721,-33.81436202676773,-2.4755493120094316
2024-10-24 01:33:08,1.6827624919796889,-101.64862667681729,135.23043691714093, 3.040289278651849,-33.61900828626009,-2.532491599227664
2024-10-24 01:33:08,1.7043115127047304,-102.49252122838774,135.89800494385452, 3.093496595877016,-33.443895760219924,-2.5820554208705686
2024-10-24 01:33:08,1.7067223375005611,-102.58626467704951,135.97143299224163, 3.099529875811832,-33.423718747688476,-2.587694968171227
2024-10-24 01:33:08,1.7092287027135145,-102.68358278689468,136.0475075168214, 3.1058196046337847,-33.402619589454844,-2.5935783121530567
2024-10-24 01:33:09,1.7067596774998441,-102.58771557740369,135.97256832330925, 3.099623450716471,-33.42340532592911,-2.5877824666572846
2024-10-24 01:33:09,1.6912143882931832,-101.98090934570085,135.49470266370213, 3.0610043168707546,-33.55146262478808,-2.55175091841366
2024-10-24 01:33:09,1.666693999911639,-101.01219352438797,134.71913499105608, 3.0014475875625988,-33.743260677325786,-2.4965129739261247
2024-10-24 01:33:09,1.64099229423726,-99.9809809802389,133.87623310087076, 2.9407730154124763,-33.93021121119891,-2.4406800909799857
2024-10-24 01:33:09,1.6176151938449412,-99.02830018133378,133.08152906945537, 2.887111911114031,-34.086998202389296,-2.391705745832865
2024-10-24 01:33:09,1.5967344142595559,-98.1649284074898,132.34795346359238, 2.8403888934902373,-34.21576861355307,-2.3493993798420503
2024-10-24 01:33:09,1.5773946307715014,-97.35436192551285,131.6475980726813, 2.798116659689778,-34.325059924633464,-2.31141364430408
2024-10-24 01:33:09,1.5599458801541157,-96.61368375607157,130.99771245672585, 2.76079612244981,-34.4150470157761,-2.2781234889056337
2024-10-24 01:33:09,1.542323044459289,-95.85624328118708,130.3232802442704, 2.7238842214414594,-34.4972647304227,-2.2454404676045736
2024-10-24 01:33:09,1.5225345754477584,-94.99404268080539,129.5434086435978, 2.683364972260833,-34.57873291558298,-2.2098610090370205
2024-10-24 01:33:09,1.5021468450830824,-94.09224465181804,128.71381365774766, 2.6426403038863593,-34.65007814095789,-2.1744392599861593
2024-10-24 01:33:09,1.4808832250024078,-93.13642554813728,127.81894458970363, 2.6012665653790714,-34.71016419130872,-2.1388294494336533
2024-10-24 01:33:09,1.4629663433355973,-92.31836158626369,127.04027798797799, 2.567276065220109,-34.748857333348354,-2.109882326280969
2024-10-24 01:33:09,1.4439085658488577,-91.4348686742656,126.18607771300482, 2.5319971058532236,-34.77742428151945,-2.08015709434989
2024-10-24 01:33:09,1.4254499358943842,-90.56543662250805,125.33201458816929, 2.4986916724988277,-34.79211286218014,-2.0524185157313726
2024-10-24 01:33:09,1.4074571977953898,-89.70434163120403,124.47297280324325, 2.46705120714803,-34.7935238380128,-2.026383955468456
2024-10-24 01:33:09,1.3919620729142035,-88.95152145518905,123.71120960212836, 2.4404610384801972,-34.78404403106114,-2.0047649412999666
2024-10-24 01:33:09,1.3867610910691013,-88.69642030656435,123.45080622211428, 2.4316736869050835,-34.77856496905758,-1.9976761393302853
2024-10-24 01:33:09,1.3803531424034228,-88.38040955911971,123.1266333078487, 2.4209429383394436,-34.77018722674785,-1.989058933422054
2024-10-24 01:33:09,1.37509232267936,-88.1195377517052,122.8576948619327, 2.4122126443304963,-34.76194548629028,-1.9820810598003191
2024-10-24 01:33:09,1.3700579912344328,-87.8686693659225,122.59793622505359, 2.403925648482062,-34.75288925340671,-1.9754856406613892
2024-10-24 01:33:09,1.3589991278447464,-87.3132909747134,122.01892741360928, 2.3859549208141675,-34.72889962348688,-1.9612811367119984
2024-10-24 01:33:09,1.349143564527436,-86.81324351808382,121.49295376274449, 2.3702122244866293,-34.70265951885336,-1.948953497856861
2024-10-24 01:33:09,1.338172964150515,-86.25079891521256,120.8960899033647, 2.352994504834665,-34.66789767253142,-1.9356026346110466
2024-10-24 01:33:09,1.3347353571010716,-86.07326690932003,120.7065392480293, 2.3476664296943404,-34.65577314732522,-1.9315004858402534
2024-10-24 01:33:09,1.3190401973604138,-85.254644845585,119.82534433258573, 2.3237522643003508,-34.592725775914424,-1.9132705803734489
2024-10-24 01:33:09,1.3037098034989343,-84.44184398492277,118.93881126572319, 2.301058889018685,-34.51854405229819,-1.896268283136647
2024-10-24 01:33:09,1.2885532451033308,-83.62483023237594,118.03607298348537, 2.2792864073529575,-34.4323885768853,-1.880258801741077
2024-10-24 01:33:09,1.27391927803152,-82.82272279732406,117.13852918186517, 2.2589093607481328,-34.33654876255878,-1.8655762502852462
2024-10-24 01:33:09,1.25867731276709,-81.97277229407372,116.17531740843327, 2.2383815763863617,-34.22288043041571,-1.8511171725343356
2024-10-24 01:33:09,1.2454595892624838,-81.22314705589756,115.31549383327959, 2.221175145670047,-34.11233992957515,-1.839288538358753
2024-10-24 01:33:09,1.2334087245999097,-80.52907994814105,114.5108307889531, 2.205986926612579,-34.00144080494376,-1.8290976157898333
2024-10-24 01:33:09,1.2278174114371174,-80.20349052852005,114.13053563830225, 2.1991064653860244,-33.94659724536266,-1.8245666032951646
2024-10-24 01:33:09,1.2205801809744812,-79.77861290931084,113.63156748691885, 2.1903612777625114,-33.872330992555845,-1.8188917146756112
2024-10-24 01:33:09,1.2169094402282192,-79.56160047434597,113.37553491437191, 2.1859962003715774,-33.83322288684626,-1.8160965803122178
2024-10-24 01:33:09,1.2124693873537038,-79.29772133578476,113.06313905436804, 2.180780761840087,-33.78460080409635,-1.8127915763320566
2024-10-24 01:33:09,1.207058322239009,-78.97405060304106,112.67835916988855, 2.174521614446156,-33.72336479604921,-1.8088777114996157
2024-10-24 01:33:09,1.1998994479618998,-78.54224553898011,112.1622945939801, 2.16640748572407,-33.6389400708324,-1.803895359564966
2024-10-24 01:33:09,1.188475233422712,-77.84446122194925,111.32177277972575, 2.153863750656789,-33.49594512977763,-1.7964182578637844
2024-10-24 01:33:09,1.17740589119372,-77.1577735678591,110.48673311657738, 2.1422025308866064,-33.3473510026138,-1.7897480218669477
2024-10-24 01:33:09,1.1714849785374346,-76.7860450748258,110.03145332999196, 2.136171726551912,-33.263673186420014,-1.7864202581798636
2024-10-24 01:33:09,1.162052571129785,-76.18727641443361,109.29334164348838, 2.1268728810934383,-33.124132935837494,-1.7814761492432118
2024-10-24 01:33:09,1.157951538428979,-75.92435889202955,108.9673913369565, 2.1229515527850906,-33.06101607565569,-1.7794669666936354
2024-10-24 01:33:09,1.1501854719509872,-75.42206696940566,108.34155989056576, 2.1157342725734893,-32.937320142003635,-1.7759021878690722
2024-10-24 01:33:09,1.1448843809648854,-75.07581637110415,107.90777519775436, 2.110968683050074,-32.84968140682178,-1.7736536484492145
2024-10-24 01:33:09,1.14177855868223,-74.87164975948049,107.65109026089961, 2.1082388185389416,-32.797102581495,-1.7724075475777796
2024-10-24 01:33:09,1.1386692832829728,-74.6662763283981,107.39221367231455, 2.105552830728443,-32.74353945768663,-1.771213720320621
2024-10-24 01:33:09,1.1347942467076642,-74.40893225010163,107.06687509034472, 2.102272134102742,-32.675471065605706,-1.7698021753554647
2024-10-24 01:33:09,1.1318410878414213,-74.21176081903523,106.81689316572741, 2.099822529329903,-32.62260489624906,-1.768784160150659
2024-10-24 01:33:09,1.129462896727128,-74.05230949586671,106.61428208943207, 2.0978821753110175,-32.57940070831215,-1.7680011645041318
2024-10-24 01:33:09,1.1258112650432561,-73.80630259623862,106.30089565733891, 2.094959838469322,-32.51195364832859,-1.7668637524990216
2024-10-24 01:33:09,1.122896686266143,-73.60891669136446,106.04875476052791, 2.092677686416592,-32.45714537131282,-1.766013099667201
2024-10-24 01:33:09,1.1191748975699274,-73.35551084282915,105.72415297254527, 2.0898296399326903,-32.385882185296666,-1.7650019015731797
2024-10-24 01:33:09,1.117938403075118,-73.27098207630287,105.61565056496003, 2.0889000872348698,-32.36188640154737,-1.7646848229090029
2024-10-24 01:33:09,1.1171776847004335,-73.2188933569304,105.54873279895828, 2.0883323772318763,-32.34704378170261,-1.7644944711101942
2024-10-24 01:33:10,1.1175636185799578,-73.2453275220027,105.58269778437972, 2.0886199942529435,-32.35458148341324,-1.764590591187442
2024-10-24 01:33:10,1.1194344683020845,-73.37323391655626,105.74688833480134, 2.090025837730311,-32.39089913474174,-1.765069666555122
2024-10-24 01:33:10,1.1217896801929235,-73.53370324986825,105.95251521715605, 2.0918227558897278,-32.43609917410381,-1.7657034761584354
2024-10-24 01:33:10,1.1248424281557512,-73.74079187566791,106.21728047097896, 2.0941962283654307,-32.493831409489815,-1.766575311749584
2024-10-24 01:33:10,1.1308817422584618,-74.14751140472156,106.73530152440128, 2.0990363107603947,-32.60524470137572,-1.7684643284387604
2024-10-24 01:33:10,1.137763082876827,-74.60623386095637,107.31640162377026, 2.1047789351962565,-32.72775251299166,-1.7708759910191085
2024-10-24 01:33:10,1.1438878796331045,-75.01041547488079,107.82562392531653, 2.1100877482114195,-32.83291155399359,-1.7732480463279463
2024-10-24 01:33:10,1.151847270192965,-75.53004004198252,108.47643364113132, 2.117255333357362,-32.964253978858736,-1.7766381958400197
2024-10-24 01:33:10,1.1622979122358665,-76.2029550239646,109.3127435539096, 2.1271098400215394,-33.12786129878254,-1.7815990779828783
2024-10-24 01:33:10,1.1729353119025747,-76.87739096940727,110.14354090199367, 2.1376353716826104,-33.284445662369826,-1.7872196244094387
2024-10-24 01:33:10,1.1796591558706737,-77.29841991705148,110.65839889281449, 2.144535911224116,-33.37841912709837,-1.7910588690934797
2024-10-24 01:33:10,1.1895272811253914,-77.90917651908012,111.40006676050139, 2.154997629835777,-33.509547201052634,-1.7970819892048875
2024-10-24 01:33:10,1.1965732469378798,-78.34020134370228,111.91975459413635, 2.1627033031638283,-33.598368521496496,-1.8016575685210667
2024-10-24 01:33:10,1.2096325591841346,-79.12832009132957,112.86197426029601, 2.1774859332593675,-33.75277053610277,-1.8107239541832043
2024-10-24 01:33:10,1.222819399349519,-79.91049136065412,113.78676992680758, 2.1930474797062782,-33.895709026112954,-1.8206244207516198
2024-10-24 01:33:10,1.2362147977807316,-80.69162233673198,114.70000951463366, 2.209480111243273,-34.0281469926376,-1.8314190833015487
2024-10-24 01:33:10,1.249274992420877,-81.44076175890366,115.56609073793874, 2.226083960340403,-34.14541986665209,-1.8426339577470632
2024-10-24 01:33:10,1.2642887720972704,-82.2874561174705,116.53338609009535, 2.2458549033791178,-34.266413594128146,-1.8563398126849089
2024-10-24 01:33:10,1.2778235967960536,-83.0380326271091,117.38055105890298, 2.2642828369473027,-34.36336723775272,-1.869417849027906
2024-10-24 01:33:10,1.2926376338810384,-83.84634866741398,118.2819815380212, 2.2850876289803734,-34.45689351373908,-1.8844935686611977
2024-10-24 01:33:10,1.306972976708691,-84.61597724209531,119.12971202413918, 2.3058334079819707,-34.53540608482634,-1.8998198430164077
2024-10-24 01:33:10,1.3232263923746215,-85.47429877199681,120.06294089189929, 2.3300639694470044,-34.61079355169746,-1.9180521775864936
2024-10-24 01:33:10,1.3390219109093602,-86.29454616854458,120.94271375905291, 2.3543152678309154,-34.670800529867634,-1.9366216943563466
2024-10-24 01:33:10,1.3553963082632772,-87.1310575078533,121.82775559173791, 2.3801700236870085,-34.719845838047995,-1.9567382274110188
2024-10-24 01:33:10,1.371973856982715,-87.96428245773174,122.69706861504392, 2.40707155339849,-34.75647153571648,-1.977986112974139
2024-10-24 01:33:10,1.3868483830767242,-88.70071206047734,123.45519668719182, 2.4318205975869613,-34.778666634328985,-1.9977944172025175
2024-10-24 01:33:10,1.396048597214622,-89.15109988567734,123.91413458072486, 2.4474141443021216,-34.78753069314046,-2.0103940493992583
2024-10-24 01:33:10,1.4033405668161207,-89.50537353955951,124.27261493792452, 2.4599272362413362,-34.791989994725995,-2.020567684576992
2024-10-24 01:33:10,1.4065867298194217,-89.66233120008286,124.43072721050733, 2.465541243427561,-34.793258124110196,-2.025149724881269
2024-10-24 01:33:10,1.408266703195305,-89.7433803350964,124.51220206894843, 2.468457147254873,-34.793742855086535,-2.027533849248284
2024-10-24 01:33:10,1.4123386420129675,-89.93932125311656,124.70869250054656, 2.475554437471487,-34.794436127995866,-2.0333486767159985
2024-10-24 01:33:10,1.4156406585460892,-90.09769078383293,124.86701022266891, 2.4813405817464935,-34.79450166418066,-2.0381015617174776
2024-10-24 01:33:10,1.418103387752543,-90.21550457353632,124.98449787747923, 2.4856739686802722,-34.79426349692039,-2.0416682256200307
2024-10-24 01:33:10,1.4216720752692447,-90.38577132169456,125.15385975809856, 2.491980526473376,-34.793486783921686,-2.046869657166397
2024-10-24 01:33:10,1.4231805503337083,-90.45758190097217,125.22513506589526, 2.4946559372427393,-34.79300592648868,-2.049080035865504
2024-10-24 01:33:10,1.4239363806444134,-90.49352727395126,125.26077827224269, 2.495998620780761,-34.79273107884019,-2.050190181554687
2024-10-24 01:33:10,1.4224490576516435,-90.42277125850312,125.19059528299107, 2.493357856570501,-34.79325038139502,-2.0480073035921214
2024-10-24 01:33:10,1.4188862457241274,-90.25290169097543,125.02174016855665, 2.4870546809572422,-34.79413671441042,-2.0428059088820816
2024-10-24 01:33:10,1.4119463156361782,-89.92047368205607,124.68982157306026, 2.4748687941861647,-34.794398875083196,-2.0327861987477824
2024-10-24 01:33:11,1.3949694554366079,-89.09846957065717,123.86069008751214, 2.4455738600317996,-34.78667941394,-2.0089024934386166
2024-10-24 01:33:11,1.3795835885686778,-88.34233033480609,123.08745149102322, 2.4196613849770237,-34.76905891453542,-1.9880327526321275
2024-10-24 01:33:11,1.3627230561346204,-87.50097464749977,122.21520507048066, 2.391970379833133,-34.73761374049881,-1.966020621102366
2024-10-24 01:33:11,1.3451997661959028,-86.61176695022442,121.2797871294807, 2.3639853223036846,-34.69084547005137,-1.9441087246789512
2024-10-24 01:33:11,1.3309692822251293,-85.87805168143498,120.49746945552296, 2.3418662843053744,-34.64180339451246,-1.9270512464344896
2024-10-24 01:33:11,1.3145263106726146,-85.01670591096358,119.56701630265943, 2.3170013958171847,-34.57220289516683,-1.9081810670218824
2024-10-24 01:33:11,1.2994813879170757,-84.21528085840224,118.68964058613531, 2.294917581483327,-34.495814929187276,-1.8917210411025294
2024-10-24 01:33:11,1.2844224026207547,-83.39975950539196,117.78534830759516, 2.2734693962874633,-34.406619488428284,-1.8760361975016204
2024-10-24 01:33:11,1.2788791164344213,-83.09607571079887,117.44565791222689, 2.2657434783680275,-34.37045993107049,-1.8704659305172227
2024-10-24 01:33:11,1.2770358362840566,-82.99466795696496,117.33187091063864, 2.263194921112954,-34.358030215129205,-1.8686382742476946
2024-10-24 01:33:11,1.275204220126183,-82.89368958678884,117.21838891778647, 2.2606726953970964,-34.345476638083596,-1.8668344164380979
2024-10-24 01:33:11,1.271872080492358,-82.70943951492396,117.0108698602163, 2.2561103993428713,-34.322117270489564,-1.8635841958209882
2024-10-24 01:33:11,1.267712267096306,-82.4784233614501,116.7498502825619, 2.2504627111124003,-34.29200191367396,-1.8595839253194357
2024-10-24 01:33:11,1.2586132878331142,-81.9691697752069,116.17120835676795, 2.2382968811019075,-34.2223722159683,-1.851058267881665
2024-10-24 01:33:11,1.2522546959879337,-81.61001297430555,115.76043360906017, 2.229950482412589,-34.17058843349248,-1.8452857687579736
2024-10-24 01:33:11,1.247404842771531,-81.33422240981544,115.4435052561472, 2.2236719292435763,-34.129325723417594,-1.8409871126709179
2024-10-24 01:33:11,1.244311166320844,-81.15744737444774,115.23967740554126, 2.2197069397353753,-34.10219392941533,-1.8382926724459847
2024-10-24 01:33:11,1.2426397618271614,-81.06166339804302,115.12901204060293, 2.217577887083575,-34.08727010078534,-1.8368525202107722
2024-10-24 01:33:12,1.2438733240452844,-81.1323747077156,115.21072448769203, 2.2191483209112524,-34.09830254510688,-1.8379143509471842
2024-10-24 01:33:12,1.2507907604659858,-81.52693557021144,115.66510122447382, 2.228047262432974,-34.1582956024904,-1.8439786554859394
2024-10-24 01:33:12,1.2628618792718922,-82.20763527085116,116.44272179653585, 2.243945189707093,-34.255532263750275,-1.8550005859135998
2024-10-24 01:33:12,1.2773291331694168,-83.01081794412487,117.35000430505985, 2.263599751333997,-34.36002163959213,-1.8689282600559693
2024-10-24 01:33:12,1.2920419846093032,-83.81410614876599,118.24624200820153, 2.284238546946742,-34.453379697822534,-1.8838723120077334
2024-10-24 01:33:12,1.3071894245293207,-84.62750584335713,119.14233205407673, 2.3061511809677264,-34.53650380578797,-1.9000567185943324
2024-10-24 01:33:12,1.320512752078534,-85.33202162570821,119.90913809077527, 2.3259669286965936,-34.59918665730191,-1.9149458414804745
2024-10-24 01:33:12,1.331186800097991,-85.88934738030353,120.50958504822925, 2.3422002271502262,-34.64262991844956,-1.9273069413295594
2024-10-24 01:33:12,1.3393393998466998,-86.31089705026501,120.96013116087792, 2.3548097090565228,-34.67187687981045,-1.9370034113923416
2024-10-24 01:33:12,1.3475088128261592,-86.72982566133668,121.40478247132931, 2.3676260332689005,-34.697854578765885,-1.9469391337383222
2024-10-24 01:33:12,1.3555389180600155,-87.13828312424333,121.83534675494344, 2.3803983515562708,-34.7202159390806,-1.9569172532835444
2024-10-24 01:33:12,1.3633463733425832,-87.53232284677969,122.24792818060486, 2.3929808321005064,-34.73900884121689,-1.966818268316111
2024-10-24 01:33:12,1.370053456967233,-87.86844287025679,122.5977012011124, 2.403918214468891,-34.75288057633188,-1.9754797366491432
2024-10-24 01:33:12,1.3772122943509706,-88.22481890254633,122.96637608734973, 2.4157220778189274,-34.76541591874518,-1.9848824409039296
2024-10-24 01:33:12,1.3845717607499075,-88.58866618970899,123.3404671111978, 2.427995511308906,-34.7759060378995,-1.9947174850908094
2024-10-24 01:33:12,1.3916853304720056,-88.93797861256382,123.6974141721394, 2.439991716225712,-34.78378199249036,-2.004385617738078
2024-10-24 01:33:12,1.3996630849916807,-89.32700128992492,124.09240193299324, 2.4535996889498692,-34.79002143499539,-2.015416279192399
2024-10-24 01:33:12,1.40770827665402,-89.71645304849395,124.48514622311282, 2.4674871002947674,-34.79359466196806,-2.026740393682465
2024-10-24 01:33:12,1.4158725948057767,-90.1087972989998,124.8780964675563, 2.481748040763817,-34.79448966218814,-2.0384366695256557
2024-10-24 01:33:12,1.4254891212927123,-90.5672970654589,125.33385640547652, 2.498761471113179,-34.79209565764375,-2.0524762996394634
2024-10-24 01:33:12,1.4362577174476048,-91.07617512954512,125.83534324474911, 2.518088959077556,-34.785098698244795,-2.068533811322487
2024-10-24 01:33:12,1.4497484737348674,-91.70709712146922,126.45074891174876, 2.5427115674331593,-34.77008687504322,-2.089148880804014
2024-10-24 01:33:12,1.4681061838557445,-92.55425952362529,127.26602526090629, 2.5769454223064394,-34.73890649185528,-2.118087322217481
2024-10-24 01:33:12,1.4875745762100818,-93.43893571588715,128.10390156799363, 2.614165251367693,-34.692879551795706,-2.1498884912733165
2024-10-24 01:33:12,1.5078102610527675,-94.34416004199099,128.94699357910545, 2.6538492842278933,-34.631578042346526,-2.184153306390952
2024-10-24 01:33:12,1.5141265202856358,-94.62382805603359,129.2045590074376, 2.6664444519626236,-34.60974059896918,-2.195101075687535
2024-10-24 01:33:12,1.5123786490489255,-94.54657144947616,129.13354509412392, 2.662949111044118,-34.615909640804965,-2.1920595197031343
2024-10-24 01:33:12,1.5025540664825043,-94.11039505522012,128.73065139225568, 2.643443612782274,-34.64878232173702,-2.1751345144714977
2024-10-24 01:33:12,1.48601921168536,-93.3687623766168,128.03794345349448, 2.611157116044638,-34.697032082283236,-2.1473058492845394
2024-10-24 01:33:12,1.4672845994609578,-92.51661867701085,127.23006987902505, 2.575395404298737,-34.74055989752505,-2.1167704260329154
2024-10-24 01:33:12,1.4475520553243815,-91.60486793718728,126.35151111639185, 2.5386718266454924,-34.77299531919892,-2.0857548807236195
2024-10-24 01:33:12,1.43422800231619,-90.98062143089733,125.74152638172427, 2.514423795503615,-34.78676065094295,-2.0654801488772105
2024-10-24 01:33:12,1.4252431147074611,-90.5556161176539,125.32229138657458, 2.4983233381865038,-34.792202666436225,-2.05211360916991
2024-10-24 01:33:12,1.417171933327942,-90.17097523940073,124.94012065349933, 2.484033193450631,-34.79438229075822,-2.0403170483675948
2024-10-24 01:33:12,1.409634372875417,-89.80927217498572,124.57835444078509, 2.4708362768111436,-34.79405155609655,-2.0294812081654556
2024-10-24 01:33:12,1.4022350703241875,-89.45181536200268,124.21856313027558, 2.4580214762525476,-34.79145785627079,-2.0190146986508655
2024-10-24 01:33:12,1.3948222964169323,-89.0912884979278,123.85339413034589, 2.4453231373850297,-34.78655947576219,-2.0086993759701812
2024-10-24 01:33:12,1.3875365472787402,-88.73453374710043,123.48978489386343, 2.432979451125472,-34.77945645944651,-1.9987276940391951
2024-10-24 01:33:12,1.3805794308842945,-88.39160154780812,123.13814449476186, 2.421320072939093,-34.77051399479497,-1.989361038622511
2024-10-24 01:33:12,1.3730054630819277,-88.0156930293546,122.75030480769045, 2.4087694492313223,-34.75833116334608,-1.9793373312669476
2024-10-24 01:33:12,1.36583250616713,-87.65716794622146,122.37807699854903, 2.3970212466153344,-34.74439332192052,-1.9700120915897132
2024-10-24 01:33:12,1.358604475481511,-87.29336061490139,121.99804798666398, 2.3853195660495614,-34.72793787400041,-1.9607814685971106
2024-10-24 01:33:13,1.3510894346655637,-86.91235976510185,121.59755879406605, 2.373299934810469,-34.70820981936773,-1.9513625481374524
2024-10-24 01:33:13,1.3442931634759197,-86.56533852290463,121.23056360001485, 2.362559787601264,-34.68802199785566,-1.9430021759118803
2024-10-24 01:33:13,1.3368971401971488,-86.18498294037404,120.82588285567265, 2.3510133033656504,-34.663467223389105,-1.9340756239945658
2024-10-24 01:33:13,1.3291528682263314,-85.78362612371652,120.39610248776457, 2.339082720990657,-34.63480672810904,-1.9249221745113363
2024-10-24 01:33:13,1.3211138993094935,-85.36357498514192,119.94327813212837, 2.3268727698741585,-34.60179129870094,-1.915631843597551
2024-10-24 01:33:13,1.311906113835086,-84.8780634154468,119.416036946815, 2.313108988969919,-34.55978892375928,-1.9052585095923231
2024-10-24 01:33:13,1.2998251286357003,-84.23373798522489,118.70997292158162, 2.2954149001408526,-34.49769998172045,-1.8920883782349454
2024-10-24 01:33:13,1.2857951089863557,-83.47466804592138,117.86889264862398, 2.2753968014739,-34.41529344090023,-1.8774326378800097
2024-10-24 01:33:13,1.2711365770899117,-82.66867433287965,116.96487719891827, 2.2551079438476322,-34.316869927586005,-1.8628722596595186
2024-10-24 01:33:13,1.256893286011789,-81.87228687471753,116.06061958063587, 2.236026447946102,-34.208621251943775,-1.8494816282867654
2024-10-24 01:33:13,1.2539477288962098,-81.7059090763379,115.87032850230555, 2.2321601528088335,-34.184631152498035,-1.8468076899067458
2024-10-24 01:33:13,1.2544836321598793,-81.73622288971374,115.90503467746504, 2.2328615070635136,-34.18903745333707,-1.847291714987999
2024-10-24 01:33:13,1.2550544248507258,-81.76848884256349,115.94195852725768, 2.2336095337874173,-34.19371021501322,-1.8478084575602727
2024-10-24 01:33:13,1.2689332921203644,-82.54634915837816,116.82669358476063, 2.2521149348054577,-34.30095217089201,-1.8607514963266585
2024-10-24 01:33:13,1.2831869596190428,-83.33224211286203,117.70996381196662, 2.2717395277852854,-34.398718141631946,-1.874785165601023
2024-10-24 01:33:13,1.2983073423811473,-84.15218809495542,118.62009290903086, 2.293221570998088,-34.489326445537955,-1.8904695101450717
2024-10-24 01:33:13,1.3131397063872718,-84.943384826646,119.48721272924132, 2.3149391251288387,-34.56567954890338,-1.9066315375271432
2024-10-24 01:33:13,1.3292630622070407,-85.7893595724016,120.40226187371611, 2.339251329269498,-34.63523601198356,-1.925051023113958
2024-10-24 01:33:13,1.3394264627986363,-86.31537992539592,120.96490562027319, 2.3549453442668367,-34.672171160695235,-1.9371081451204444
2024-10-24 01:33:13,1.3465190795507167,-86.67925531555217,121.35127084470366, 2.3660637506287077,-34.694882192479305,-1.9457237986437792
2024-10-24 01:33:13,1.353459787691281,-87.03283886297183,121.72447682645137, 2.377074877777667,-34.71472399619198,-1.9543137095218277
2024-10-24 01:33:13,1.3604079936441893,-87.38437731966746,122.09334182389101, 2.388226428852822,-34.73227304002508,-1.9630689810172395
2024-10-24 01:33:13,1.3675215426401504,-87.741814109617,122.4661627838538, 2.3997755005667654,-34.74788802588478,-1.9721931840883395
2024-10-24 01:33:13,1.374834284215595,-88.10670864088245,122.84443805995745, 2.411786281551638,-34.761509250059895,-1.9817410524705128
2024-10-24 01:33:13,1.3823733053258291,-88.48024021554588,123.22923303292374, 2.4243144515659223,-34.77302398519754,-1.9917616481333513
2024-10-24 01:33:13,1.3903466693859976,-88.87242001224338,123.63058702740503, 2.437724281181545,-34.78246779750443,-2.0025541286459183
2024-10-24 01:33:13,1.398861522545341,-89.28804293934995,124.05296671965985, 2.4522250806817336,-34.78951682731547,-2.0142990252925848
2024-10-24 01:33:13,1.4084009104101576,-89.74984978033433,124.51870049171532, 2.4686903975186274,-34.79377655416617,-2.027724684817518
2024-10-24 01:33:13,1.419643705604055,-90.28906092260239,125.05772619079819, 2.4883920699391786,-34.79399067606824,-2.043908473965927
2024-10-24 01:33:13,1.4348883953994283,-91.01172932663533,125.77208655492501, 2.5156151702188794,-34.78623726334965,-2.066472317788046
2024-10-24 01:33:13,1.453193005079949,-91.86703896129234,126.60564046121249, 2.5490710959649148,-34.76516729875451,-2.094500977537978
2024-10-24 01:33:13,1.4724982402974185,-92.75505502831405,127.45740773513252, 2.5852600016976783,-34.72966560886459,-2.12516179753063
2024-10-24 01:33:13,1.490866536329101,-93.58717489573719,128.2429515432401, 2.6205518330606377,-34.68382358517273,-2.1553787375203233
2024-10-24 01:33:14,1.4900263807901928,-93.54937868534859,128.2075349777416, 2.618919329132265,-34.68616915544963,-2.1539744456343373
2024-10-24 01:33:14,1.4792907259337156,-93.06419208429244,127.75066431385916, 2.5982131305149374,-34.71405391329606,-2.1362173446375943
2024-10-24 01:33:14,1.4600371072768563,-92.18347542807766,126.91075499137641, 2.5617947930428606,-34.754107399076275,-2.1052419478260065
2024-10-24 01:33:14,1.441166587855231,-91.3065858855621,126.06090246434846, 2.5269957659474214,-34.78042936652563,-2.075970968139668
2024-10-24 01:33:14,1.4228862539736822,-90.44357946503878,125.21124415716051, 2.494133527593621,-34.79310682638755,-2.048648253792674
2024-10-24 01:33:14,1.404957757926309,-89.58362518714549,124.35149665250282, 2.4627207049825466,-34.792676531908036,-2.022846313010624
2024-10-24 01:33:14,1.3865455334390684,-88.685820812375,123.43996154347609, 2.431310991856424,-34.77831249179109,-1.997384167996525
2024-10-24 01:33:14,1.370523465845448,-87.89191549629429,122.62205283227631, 2.404689088588722,-34.753775012213886,-1.9760920771651873
2024-10-24 01:33:14,1.3538822856885289,-87.05428364689182,121.7470409200131, 2.3777493063183317,-34.715856752624106,-1.9548416420792767
2024-10-24 01:33:14,1.3377364039347053,-86.22828770630038,120.87208536669566, 2.3523160811644215,-34.66639086015357,-1.9350795198490474
2024-10-24 01:33:14,1.3247416178270872,-85.55356665756184,120.14847633411682, 2.3323605528942832,-34.61710665899765,-1.9197974443169024
2024-10-24 01:33:14,1.324128184037204,-85.52149046326835,120.1138771994232, 2.3314300218187025,-34.61456526128098,-1.9190899508841899
2024-10-24 01:33:14,1.32290362861238,-85.45739737691079,120.04468889794867, 2.3295755890039773,-34.60943326739118,-1.9176814078815578
2024-10-24 01:33:14,1.3217226647495086,-85.39550788841402,119.97781108157226, 2.3277911168129455,-34.604409553609145,-1.9163277803337955
2024-10-24 01:33:14,1.319789021784093,-85.29400754679594,119.86798454190425, 2.324877710072563,-34.59602559383995,-1.914121570239442
2024-10-24 01:33:14,1.3148247127724477,-85.03247070259529,119.58416261913288, 2.317445912341682,-34.5735932273456,-1.9085153872149343
2024-10-24 01:33:14,1.3112477378871967,-84.84316567434662,119.37798096835823, 2.31213399580134,-34.55661137392331,-1.9045278435192816
2024-10-24 01:33:14,1.3076971732283211,-84.6545393521592,119.17191576452262, 2.306897145269333,-34.5390687787713,-1.900613020041902
2024-10-24 01:33:14,1.3041727274027177,-84.46658460162972,118.96596642452715, 2.3017343602444784,-34.52097196708143,-1.8967698791261325
2024-10-24 01:33:14,1.2998078782386375,-84.23281189237814,118.70895288089567, 2.295389934391101,-34.49760553970735,-1.8920699338526328
2024-10-24 01:33:14,1.2973415920109588,-84.1002280045988,118.56276481736916, 2.29182945779567,-34.48393089023162,-1.8894436310763512
2024-10-24 01:33:14,1.2961833486527135,-84.03783835179404,118.49386758440174, 2.290163444372316,-34.477390335550226,-1.8882175793690021
2024-10-24 01:33:14,1.295605287817753,-84.00667084575905,118.45942376253508, 2.289333424783409,-34.474097591835985,-1.8876074356792925
2024-10-24 01:33:14,1.294451281367132,-83.94439031493022,118.390545693487, 2.2876793382295793,-34.46746731604403,-1.8863928902600615
2024-10-24 01:33:14,1.293337886210692,-83.88422608365192,118.32394403567652, 2.2860871506905496,-34.46099837735467,-1.8852255263464603
2024-10-24 01:33:14,1.2902323801143123,-83.71602097127794,118.13740745774638, 2.2816654009087376,-34.442579397717545,-1.881992604844608
2024-10-24 01:33:14,1.2889532911378159,-83.64657153736692,118.06024582701772, 2.2798524357361627,-34.4348313184841,-1.8806709637766084
2024-10-24 01:33:14,1.285282364393843,-83.44670115108818,117.83771298841462, 2.274676204460876,-34.41206641191747,-1.876910239171738
2024-10-24 01:33:14,1.2819204957817232,-83.26293137298192,117.63249480378775, 2.269970963313382,-34.3905248614995,-1.8735084112241644
2024-10-24 01:33:14,1.2737625567635202,-82.81405996205658,117.12877483286258, 2.25869463577669,-34.33545299513341,-1.865423207735998
2024-10-24 01:33:14,1.2694820930450097,-82.5768475807512,116.86117004028299, 2.252859043080121,-34.30494495271754,-1.8612780677241305
2024-10-24 01:33:14,1.2652885395651376,-82.34330372227488,116.5967551959215, 2.247196755488044,-34.273961708500345,-1.85728268613531
2024-10-24 01:33:14,1.2611330431442231,-82.11074356962891,116.33252025336049, 2.2416399180693203,-34.24217667909421,-1.8533881850774045
2024-10-24 01:33:14,1.2567493924805193,-81.8641727492937,116.05135024478024, 2.235836932146909,-34.20746227719008,-1.8493502366866659
2024-10-24 01:33:14,1.2550301651216613,-81.76711792964653,115.94039007344576, 2.2335777200779834,-34.193512041958215,-1.847786469777683
2024-10-24 01:33:14,1.2539729524002523,-81.70733630189189,115.87196288131668, 2.232193142993577,-34.18483896165757,-1.8468304470429893
2024-10-24 01:33:14,1.2534452712196553,-81.67746942652396,115.83775371835623, 2.231503406515163,-34.18048296426354,-1.846354869643019
2024-10-24 01:33:14,1.2529522947192542,-81.64954973279536,115.80576099855688, 2.2308598407164366,-34.17639714454956,-1.8459115327264146
2024-10-24 01:33:14,1.2524257960206895,-81.61971322723272,115.77155706100461, 2.23017337572088,-34.17201606440959,-1.8454390771719782
2024-10-24 01:33:14,1.251899910608371,-81.58989259232756,115.73735606783167, 2.2294886013906856,-34.16762208982478,-1.8449682332815778
2024-10-24 01:33:14,1.2508499753612654,-81.53029882632873,115.66896290095104, 2.228124111670715,-34.158795551474896,-1.8440313671161628
2024-10-24 01:33:14,1.2503259233922848,-81.5005256413026,115.63477072040692, 2.2274443897816827,-34.154363034639616,-1.843565338183059
2024-10-24 01:33:14,1.2498024804409857,-81.47076821905884,115.60058147055776, 2.2267663455592186,-34.14991771721775,-1.8431009075975975
2024-10-24 01:33:14,1.24927964544649,-81.44102653276785,115.5663951479723, 2.2260899757819255,-34.14545962252527,-1.8426380720607238
2024-10-24 01:33:15,1.2494147249974468,-81.44871239362162,115.57523104518906, 2.2262646375584785,-34.1466131344893,-1.8427575490131212
2024-10-24 01:33:15,1.2512345538427965,-81.5521360587284,115.69403160471305, 2.22862349444027,-34.16203695559333,-1.8443740377824192
2024-10-24 01:33:15,1.2553071837914922,-81.78276983648843,115.95829541452895, 2.2339411085957916,-34.19577269676859,-1.848037678816412
2024-10-24 01:33:15,1.2704671589581207,-82.63154169971018,116.92295793038409, 2.2541970045414192,-34.312065240464364,-1.8622260212178328
2024-10-24 01:33:15,1.2841352849362027,-83.38407682954463,117.76784533979274, 2.2730669672012564,-34.40479123033665,-1.8757449687071885
2024-10-24 01:33:15,1.2990968599152652,-84.19462541898363,118.66687955728487, 2.29436165769545,-34.49369833594618,-1.8913106050282988
2024-10-24 01:33:15,1.3143183437319268,-85.00571590929515,119.55506063732459, 2.3166917449037068,-34.571231096443015,-1.907948246672128
2024-10-24 01:33:15,1.327649559470649,-85.70534273685782,120.31194576207928, 2.336785841895236,-34.628887805203135,-1.9231684160616256
2024-10-24 01:33:15,1.3374586823111139,-86.21396178708812,120.85680447259989, 2.3518847655628488,-34.66542731280126,-1.9347470625878367
2024-10-24 01:33:15,1.3466295557797492,-86.68490257857177,121.35724879632961, 2.3662380056696684,-34.69521635024231,-1.9458592987787142
2024-10-24 01:33:15,1.3560988251335606,-87.16664212781734,121.86513156430594, 2.3812953228945424,-34.72165963722201,-1.9576207698634627
2024-10-24 01:33:15,1.3656257858247014,-87.64679863452858,122.36727763915582, 2.3966846692802966,-34.7439565446308,-1.969745774198438
2024-10-24 01:33:15,1.376030392143548,-88.16614995943017,122.90583655503559, 2.4137640974738113,-34.763506070571786,-1.9833188936075394
2024-10-24 01:33:15,1.3869901824923623,-88.7076829520723,123.46232721721793, 2.432059284967171,-34.77883107248948,-1.9979866017879868
2024-10-24 01:33:15,1.4012656529894836,-89.404805522886,124.17107823417292, 2.456352863188411,-34.790949093870786,-2.01765599334933
2024-10-24 01:33:15,1.418679719508435,-90.24303844940736,125.01192016170461, 2.4866902843716834,-34.794172547086916,-2.0425055932112888
2024-10-24 01:33:15,1.4369623387158459,-91.109307918067,125.86783612648364, 2.5193637417856736,-34.784484849418575,-2.069596834280419
2024-10-24 01:33:15,1.4556084337901676,-91.97892164048389,126.71372195653089, 2.553548248799762,-34.76145824087496,-2.098275502604178
2024-10-24 01:33:15,1.4609582393611193,-92.22592704558511,126.9515533109766, 2.5635161429739233,-34.75248960420371,-2.1066983720536916
2024-10-24 01:33:15,1.4617687615175645,-92.26325438955877,126.98740066059523, 2.56503253731166,-34.75104089612926,-2.107982030246009
2024-10-24 01:33:15,1.4634488792206635,-92.34055032892867,127.06155375698259, 2.5681810467023976,-34.74796304465127,-2.110649228653489
2024-10-24 01:33:15,1.4650784129047458,-92.41541724476807,127.13327614656797, 2.571241464603344,-34.74488173220018,-2.1132442740336814
2024-10-24 01:33:15,1.4687822794848355,-92.58521590135841,127.29557677272132, 2.5782222157888395,-34.737528041660184,-2.119172546943608
2024-10-24 01:33:15,1.4725109391852458,-92.75563455744845,127.45795906848467, 2.5852841113458074,-34.72963791268971,-2.125182336581816
2024-10-24 01:33:15,1.4764702774172125,-92.93603411147988,127.62929409521874, 2.592820689233528,-34.72072968403915,-2.131609850081061
2024-10-24 01:33:15,1.490481295322435,-93.56984710082956,128.2267178215246, 2.619803054805654,-34.68490202795737,-2.1547345561518187
2024-10-24 01:33:15,1.5015478533134845,-94.0655363972987,128.68902647896692, 2.641459446259354,-34.65197445299172,-2.173417500863297
2024-10-24 01:33:15,1.5128316065348462,-94.56660220950117,129.1519673140819, 2.6638541919948806,-34.614320166772885,-2.1928468495715645
2024-10-24 01:33:15,1.518100381152384,-94.79909365131984,129.36527485531437, 2.674419567604494,-34.59535910090287,-2.202050440362416
2024-10-24 01:33:15,1.5296268683723526,-95.3045123628454,129.82572732693532, 2.6977747142332396,-34.55088720746853,-2.222476932333181
2024-10-24 01:33:15,1.5464372338509873,-96.03393531907068,130.48239437542242, 2.732431677376668,-34.478869345645386,-2.252986356027901
2024-10-24 01:33:15,1.562983525543799,-96.74328218796184,131.11211018072697, 2.7672377524343346,-34.39998489107213,-2.2838522964215615
2024-10-24 01:33:15,1.575417051606776,-97.2708692708963,131.5748144181935, 2.7938480246091695,-34.33567648479233,-2.307594002985518
2024-10-24 01:33:16,1.5881079812083656,-97.80470104063413,132.03810192489027, 2.821415114434485,-34.26573062546128,-2.3323142083065975
2024-10-24 01:33:16,1.6088603534014594,-98.6677654806188,132.7767470803778, 2.867384265688284,-34.1423166494036,-2.3738033097405906
2024-10-24 01:33:16,1.6184861803473614,-99.06405498518335,133.111633819241, 2.8890854714550795,-34.08139168554897,-2.3934998161067815
2024-10-24 01:33:16,1.6233686839503987,-99.26410978966726,133.27967338619567, 2.90018543756915,-34.04962163103136,-2.4036006098376275
2024-10-24 01:33:16,1.6282042988821508,-99.46161792914833,133.44490526083177, 2.911240431243667,-34.01759008640024,-2.4136777145815844
2024-10-24 01:33:16,1.6304285539648733,-99.55225908465394,133.52051198136425, 2.9163460877211254,-34.002668851712926,-2.418337466504948
2024-10-24 01:33:16,1.6315054629552095,-99.59609776437237,133.55702915637258, 2.9188227583816397,-33.99540229912381,-2.420599126789402
2024-10-24 01:33:16,1.632584184031911,-99.63997975230092,133.59354971933251, 2.921306663997028,-33.98809601335888,-2.422868236439197
2024-10-24 01:33:16,1.633741304570124,-99.68701718781762,133.6326600855887, 2.9239745110215556,-33.98022819614015,-2.425306317279597
2024-10-24 01:33:16,1.6348238079971644,-99.73098978710027,133.66918816483866, 2.926473525008739,-33.9728392062066,-2.427590981742584
2024-10-24 01:33:16,1.6359850210640772,-99.77812576158003,133.70830763657312, 2.929157689865545,-33.964882377677405,-2.430045856189901
2024-10-24 01:33:16,1.637071326820007,-99.8221893937534,133.74484321179983, 2.931671936716186,-33.957410245421684,-2.432346207416371
2024-10-24 01:33:16,1.6393267823122237,-99.91357945439277,133.8205148180681, 2.9369021599686076,-33.941808214469674,-2.4371341899071117
2024-10-24 01:33:16,1.6415902165813152,-100.00516085639218,133.89620294073276, 2.942164458566955,-33.92603219090553,-2.4419552087844436
2024-10-24 01:33:16,1.6464757466079718,-100.20238767706726,134.0587206091537, 2.953569376110751,-33.891577572282685,-2.4524162537024163
2024-10-24 01:33:16,1.6487645953684607,-100.29457824405277,134.13446145211026, 2.958934427269767,-33.8752477768534,-2.4573431478274084
2024-10-24 01:33:16,1.6510616009409393,-100.38696389408261,134.2102186258535, 2.9643326809389854,-33.858740095075426,-2.4623042727857127
2024-10-24 01:33:16,1.6522527183235884,-100.43481823332418,134.24940305941112, 2.9671375207744366,-33.85013300106055,-2.464883459133748
2024-10-24 01:33:16,1.6497984805249075,-100.33617765429537,134.16859121891977, 2.961362440678847,-33.86783244873823,-2.4595740881343136
2024-10-24 01:33:16,1.642588080283207,-100.04549384307515,133.92949140240373, 2.9444887344071518,-33.91903949370379,-2.4440857437312813
2024-10-24 01:33:16,1.6190926501982164,-99.08893909207708,133.13257281541433, 2.8904608368499702,-34.077476925733535,-2.3947504255295606
2024-10-24 01:33:16,1.5949636156188132,-98.09115406260801,132.28467766730668, 2.836478426091168,-34.22618174557526,-2.3458735367079466
2024-10-24 01:33:16,1.5735349213304735,-97.1912998593548,131.5053387453747, 2.7897946647779626,-34.34568252022445,-2.3039698130032993
2024-10-24 01:33:16,1.5548076532523778,-96.39382806990534,130.8029775394039, 2.7499530613689314,-34.43993492749878,-2.2684969405438236
2024-10-24 01:33:16,1.5421272301344366,-95.84777279774643,130.3156816342955, 2.7234784656559228,-34.49812794749763,-2.245082599092668
2024-10-24 01:33:16,1.5315576418114654,-95.38874997520583,129.90203655441263, 2.701719313506082,-34.543042555731574,-2.2259377201087713
2024-10-24 01:33:16,1.5232780512268027,-95.02666602478108,129.57315315627292, 2.6848696362085094,-34.5758859194601,-2.211176400475043
2024-10-24 01:33:16,1.5146055060897283,-94.64498151641516,129.22398494109444, 2.6674036411212256,-34.608033293104015,-2.1959361890551143
2024-10-24 01:33:16,1.5060885108206805,-94.26769067464713,128.87632904617521, 2.650433177095056,-34.637311085176705,-2.181189894361457
2024-10-24 01:33:16,1.4976837117717654,-93.89294103049707,128.52854369234026, 2.633863065643744,-34.66392787713305,-2.1668520205794093
2024-10-24 01:33:16,1.4889334300981527,-93.50017248136271,128.16138916057824, 2.616798241808412,-34.689185287127074,-2.1521507968109
2024-10-24 01:33:16,1.4812110776059246,-93.15128505604439,127.83297947773089, 2.6018959665536436,-34.709352658659974,-2.1393681601744907
2024-10-24 01:33:16,1.4730718823055917,-92.78122793408048,127.48230135200829, 2.5863494970862346,-34.72840889933565,-2.1260900856623657
2024-10-24 01:33:16,1.4650045668095222,-92.41202664067647,127.13003008974064, 2.5711026319343464,-34.745023410966596,-2.11312649998393
2024-10-24 01:33:16,1.456633499226743,-92.02633472721942,126.75945755325895, 2.555452662657009,-34.75981996356008,-2.0998826841448204
2024-10-24 01:33:16,1.4492021975184632,-91.68168910887283,126.42610160901597, 2.541705710849051,-34.77082692605938,-2.0883033841035137
2024-10-24 01:33:16,1.4415645490756301,-91.32522296320246,126.07910612182326, 2.527720478373066,-34.780010786046816,-2.0765771101423156
2024-10-24 01:33:16,1.433680238719063,-90.95480553162733,125.7161520445628, 2.513436437349159,-34.78718204972454,-2.064658202476204
2024-10-24 01:33:16,1.4263324761921357,-90.60732240762088,125.37346622203302, 2.500264624127019,-34.791710741121726,-2.053721073817381
2024-10-24 01:33:16,1.4178005648366532,-90.2010317775587,124.97007836468788, 2.4851403000445083,-34.79430594268634,-2.0412286551488252
2024-10-24 01:33:17,1.410941003719431,-89.87214775568,124.64140706765082, 2.473113654174042,-34.79427473143989,-2.0313470497794586
2024-10-24 01:33:17,1.4035231601302884,-89.51421449798222,124.2815325054195, 2.4602423072338007,-34.792072971522515,-2.0208245535651113
2024-10-24 01:33:17,1.3961687689177535,-89.15695749288494,123.92007977656587, 2.4476192600820896,-34.78762241776516,-2.0105603714042615
2024-10-24 01:33:17,1.3886639360743431,-88.78989544229027,123.54635767339973, 2.434880583455761,-34.780705786568056,-2.0002598464825008
2024-10-24 01:33:17,1.3817390367839333,-88.44891694994926,123.19705987954279, 2.4232547637044135,-34.772152817948886,-1.9909116955651813
2024-10-24 01:33:17,1.3745013759892317,-88.09015250428477,122.82732568902168, 2.4112364658494787,-34.76094199729469,-1.9813027036531121
2024-10-24 01:33:17,1.3674114623032005,-87.7363016376971,122.46043015773972, 2.399595768302311,-34.747664276533165,-1.9720507575231263
2024-10-24 01:33:17,1.3605289774512426,-87.39047716039681,122.09972309351593, 2.388421735150956,-34.732558368956084,-1.9632228061932984
2024-10-24 01:33:17,1.3525490835195924,-86.98658358821486,121.67577968909652, 2.3756227488338824,-34.71225318516767,-1.9531777027285606
2024-10-24 01:33:17,1.346284629966165,-86.66726877667587,121.33858054704754, 2.3656940600549214,-34.694171073967105,-1.9454363758461772
2024-10-24 01:33:17,1.3394209845354448,-86.31509786108604,120.96460521977428, 2.354936809084786,-34.67215265481345,-1.937101554223973
2024-10-24 01:33:17,1.332750177344333,-85.97045901942248,120.59651838051057, 2.344604208613925,-34.64849934683551,-1.9291493336071555
2024-10-24 01:33:17,1.325821470297664,-85.60998178636342,120.20928502859108, 2.3340011370940803,-34.621532769720794,-1.9210459382091691
2024-10-24 01:33:17,1.3195415652874363,-85.28100319007619,119.85390038648491, 2.3245056219715385,-34.59493841899338,-1.9138401426006684
2024-10-24 01:33:17,1.3130441012045586,-84.93832540194738,119.48170252270063, 2.3147971332442197,-34.56522595414557,-1.9065249402611402
2024-10-24 01:33:17,1.3066426678846619,-84.59837889553616,119.11044314449953, 2.3053487303009454,-34.533725954716026,-1.8994586715179795
2024-10-24 01:33:17,1.3002518328050288,-84.2566401613321,118.73519366391508, 2.2960327244277856,-34.50003077729989,-1.8925449466974087
2024-10-24 01:33:17,1.2937677510480698,-83.90746337093383,118.34967511817067, 2.2867014400481347,-34.46350433039598,-1.8856757103955009
2024-10-24 01:33:17,1.2876514686332143,-83.57578563347384,117.98151311569332, 2.2780122132612166,-34.426848088294356,-1.879331801042307
2024-10-24 01:33:17,1.2817482823035222,-83.25349882570568,117.62194555567014, 2.269730845601584,-34.389403406924366,-1.8733352441048647
2024-10-24 01:33:17,1.275353497887081,-82.9019273320621,117.22765330621985, 2.260877876483187,-34.346507345299884,-1.8669809743685515
2024-10-24 01:33:17,1.2691582368941914,-82.55885233220837,116.8408295394582, 2.2524198204945165,-34.30259099490607,-1.8609671950113418
2024-10-24 01:33:17,1.2636588098648267,-82.25223234963151,116.49339079282451, 2.2450109938959124,-34.26162532498137,-1.855747615800167
2024-10-24 01:33:17,1.2574710215055709,-81.90485124108713,116.09780876950109, 2.2367880209982918,-34.21326120027629,-1.8500099592450348
2024-10-24 01:33:17,1.2515884709484637,-81.57222331590503,115.7170841569235, 2.229083484959625,-34.165011398997684,-1.8446898909246978
2024-10-24 01:33:17,1.24586519907158,-81.24632940768285,115.3422283041529, 2.22169473404635,-34.11590239894604,-1.8396414968578696
2024-10-24 01:33:17,1.2401594008935208,-80.91915699600744,114.96407542704253, 2.214435419374903,-34.06477720483588,-1.8347355766632616
2024-10-24 01:33:17,1.2344700638605257,-80.5906252459399,114.58251457914838, 2.207305018403658,-34.01160566350785,-1.8299719507004821
2024-10-24 01:33:17,1.2288303391471178,-80.26264506730546,114.19976311380576, 2.200344978495357,-33.956695017427045,-1.825378031259392
2024-10-24 01:33:17,1.2232367183613928,-79.93502746558973,113.81561303682459, 2.193550051389537,-33.9000261355153,-1.8209496420814693
2024-10-24 01:33:17,1.2175530642434078,-79.59972572917826,113.42057285984257, 2.186758100193222,-33.84015094532827,-1.8165825887691047
2024-10-24 01:33:17,1.2121710926324492,-79.27993832276994,113.04204430472569, 2.1804329285491373,-33.78128202999828,-1.8125725424119978
2024-10-24 01:33:17,1.206782851915732,-78.95751101290648,112.65864966944025, 2.1742058491100162,-33.720188473171625,-1.8086818442270578
2024-10-24 01:33:17,1.2012798029269263,-78.62582714049728,112.26242920273278, 2.1679570535432746,-33.65552470152037,-1.8048384898483396
2024-10-24 01:33:17,1.195936129105937,-78.30139685322665,111.87309456621922, 2.1619986172430523,-33.59049854935746,-1.8012345833395325
2024-10-24 01:33:17,1.1902967695306206,-77.95645120286068,111.45721677312152, 2.1558297359500633,-33.519439677288034,-1.7975706795716606
2024-10-24 01:33:17,1.1850465673537312,-77.63289670070621,111.06533289683094, 2.1501988990816514,-33.45099399932655,-1.794290685356683
2024-10-24 01:33:17,1.1790162914940363,-77.25833861233843,110.6095109086156, 2.1438680591770325,-33.36959852333672,-1.7906824054796664
2024-10-24 01:33:17,1.173079127639816,-76.88643853935507,110.15463542662216, 2.1377809914272037,-33.28649567789272,-1.7872994506893116
2024-10-24 01:33:17,1.1669877134925604,-76.50158063499595,109.68152025006819, 2.131690139810711,-33.19810984511355,-1.7840074768533942
2024-10-24 01:33:17,1.1593852164556395,-76.016452894997,109.08169221122664, 2.124313877224786,-33.083252223196936,-1.78015952350353
2024-10-24 01:33:17,1.150386411447231,-75.43513710539499,108.3578963702917, 2.115917512150748,-32.94059048620415,-1.7759904001349325
2024-10-24 01:33:17,1.1392501460818762,-74.70471841936653,107.44072193545715, 2.1060510182332437,-32.753616786711454,-1.7714326339348
2024-10-24 01:33:17,1.12779546608884,-73.94015379684299,106.47152668527228, 2.096539132914376,-32.54877006279176,-1.767471984892288
2024-10-24 01:33:17,1.1163679723273248,-73.16337863625851,105.47736680980448, 2.08773161295479,-32.33117810729728,-1.7642958305071446
2024-10-24 01:33:17,1.1138893129866787,-72.99298002042057,105.25801209181559, 2.0859152386630084,-32.28217817295738,-1.76371338783028
2024-10-24 01:33:18,1.1146552442100917,-73.04570910391068,105.32593901351467, 2.0864728526359375,-32.29738951276479,-1.763889226090729
2024-10-24 01:33:18,1.1190483537894202,-73.34686792242822,105.71306394336527, 2.0897341245185768,-32.38343380585264,-1.7649690163456746
2024-10-24 01:33:18,1.1240229453748856,-73.6853006461196,106.14640068358041, 2.0935542131237654,-32.478427865466465,-1.7663357399637203
2024-10-24 01:33:18,1.1326056813836105,-74.26289772193327,106.88178604569399, 2.1004525061773855,-32.63637523533412,-1.7690428963643814
2024-10-24 01:33:18,1.1442290800509405,-75.03281985720095,107.85377422343788, 2.110388842809757,-32.8386641316297,-1.7733863100129112
2024-10-24 01:33:18,1.1560934906647111,-75.80471363737651,108.81869000405588, 2.1211997457687906,-33.03192224117261,-1.7785852662491661
2024-10-24 01:33:18,1.1644371293229479,-76.33942413655461,109.48145163730028, 2.1291871918324947,-33.160144561412885,-1.7826838885412148
2024-10-24 01:33:18,1.169884309500667,-76.68500967581618,109.90731669547732, 2.1345667223098967,-33.24053810591717,-1.7855500262410475
2024-10-24 01:33:18,1.175128381683257,-77.01515723148968,110.31233025557947, 2.1398653907632506,-33.31551556318064,-1.788447850203189
2024-10-24 01:33:18,1.179765966675303,-77.3050758401042,110.6665146929397, 2.144647037937619,-33.37988132003984,-1.7911216086943706
2024-10-24 01:33:19,1.1800723249754257,-77.32416102837462,110.68978187999515, 2.1449660345444745,-33.38406996502985,-1.7913018617623098
2024-10-24 01:33:19,1.1806997055217838,-77.3632192642831,110.73737993062052, 2.1456204948966744,-33.39262340764117,-1.7916723882599002
2024-10-24 01:33:19,1.181517799067164,-77.4140988519487,110.7993462288666, 2.146476313205729,-33.403727923792054,-1.792158353461005
2024-10-24 01:33:19,1.182940589461988,-77.50244740570541,110.90684444747176, 2.1479711941680675,-33.42290864962546,-1.7930110581731178
2024-10-24 01:33:19,1.1855248779499603,-77.66247110703931,111.10122496375232, 2.150707341566894,-33.45732218831719,-1.7945842077322423
2024-10-24 01:33:19,1.190270839889602,-77.95485899089137,111.45529256375143, 2.1558016583243114,-33.51910710150044,-1.7975541677931541
2024-10-24 01:33:19,1.1950267767155263,-78.2459533650201,111.80638362775731, 2.1609955329900385,-33.57921053776331,-1.8006340257288151
2024-10-24 01:33:19,1.199953098898945,-78.54549704480463,112.16619222959571, 2.1664675787570506,-33.639587427669824,-1.8039318588376327
2024-10-24 01:33:19,1.2053242934426251,-78.86983646867563,112.55409519118854, 2.1725386249088694,-33.70327465954121,-1.8076502693234373
2024-10-24 01:33:19,1.2107440376597263,-79.19476729064132,112.94093811895128, 2.178773358634559,-33.765313280245024,-1.8115299420301454
2024-10-24 01:33:19,1.2161809215955712,-79.51840803917406,113.32448142094333, 2.185135593378743,-33.82534446266531,-1.8155485731465637
2024-10-24 01:33:19,1.2215037706375218,-79.83305354135729,113.69567210372188, 2.1914670902845983,-33.882017233621674,-1.819603862743798
2024-10-24 01:33:19,1.2272820795271737,-80.17219670459174,114.09388905088805, 2.198453342821072,-33.94123138033075,-1.824139455932662
2024-10-24 01:33:19,1.2326529709238063,-80.4852051683664,114.45968910180059, 2.205050677549873,-33.9941551624601,-1.828477785049626
2024-10-24 01:33:19,1.2386063410597812,-80.82970534411236,114.86036732422176, 2.2124782089995954,-34.05048168496319,-1.8334224390520002
2024-10-24 01:33:19,1.2443043849333044,-81.15705914652104,115.23922917723864, 2.2196982829234946,-34.102133756522164,-1.8382868072085334
2024-10-24 01:33:19,1.2501442054956504,-81.49019722140898,115.62290578840536, 2.227208900069149,-34.1528218376334,-1.843403987206653
2024-10-24 01:33:19,1.2560477515761679,-81.82458739581278,116.00611290045208, 2.2349137768771676,-34.20179194817492,-1.848710683374541
2024-10-24 01:33:19,1.2622425998535292,-82.1729508111141,116.40329135924209, 2.2431183484213104,-34.25076988108617,-1.8544217254194924
2024-10-24 01:33:19,1.2688893063982414,-82.54390390389858,116.82392869085565, 2.252055335699113,-34.3006313501303,-1.8607093404441095
2024-10-24 01:33:19,1.275937068247192,-82.93411752910909,117.26384400982849, 2.26168063989742,-34.350523751794995,-1.8675546918036685
2024-10-24 01:33:19,1.2839023624032022,-83.37135061414702,117.75363885471359, 2.272740679773066,-34.40330450167992,-1.875508928164055
2024-10-24 01:33:19,1.2918164547885171,-83.80189263652832,118.23269910377022, 2.283917332127949,-34.452043948247635,-1.8836374135454204
2024-10-24 01:33:19,1.3029244189803635,-84.39984120496737,118.89268481194158, 2.2999143101617276,-34.51439771930767,-1.8954189859707908
2024-10-24 01:33:19,1.31645317960929,-85.11841565005467,119.67756279179488, 2.3198761821381164,-34.581096608732494,-1.9103452026198913
2024-10-24 01:33:19,1.3321817821588608,-85.94098447561495,120.56494169044892, 2.343729421072355,-34.6463798288072,-1.9284785586405064
2024-10-24 01:33:19,1.3476076594088116,-86.73487346574966,121.41012139730066, 2.3677822058803546,-34.69814881010117,-1.9470606868686786
2024-10-24 01:33:20,1.357460734346189,-87.235556834473,121.93745205256164, 2.383480575807417,-34.72510901862926,-1.9593362123435063
2024-10-24 01:33:20,1.358126220990326,-87.26919790967624,121.97272528714613, 2.3845501720699454,-34.7267625233355,-1.9601766235813862
2024-10-24 01:33:20,1.3587490759802627,-87.30066398821644,122.00569995302138, 2.3855523119735533,-34.728291112763365,-1.960964488687613
2024-10-24 01:33:20,1.3600843189783764,-87.36805452791063,122.07626272084862, 2.3877041052800188,-34.73150629910101,-1.9626576750975138
2024-10-24 01:33:20,1.3622441042269957,-87.47687400743388,122.1900356134537, 2.391194652144107,-34.73652942575735,-1.965408560951583
2024-10-24 01:33:20,1.3662277805374543,-87.67698954709628,122.39871538644503, 2.3976651358181145,-34.74522298394164,-1.9705217026707442
2024-10-24 01:33:20,1.3737109587786656,-88.05082253012847,122.78665495498208, 2.4099322058852866,-34.759575103662904,-1.980263347499775
2024-10-24 01:33:20,1.3769390941674913,-88.2112632582963,122.95239363505937, 2.415269162321408,-34.76498002829111,-1.9845206298959364
2024-10-24 01:33:20,1.3820021588793556,-88.4619134691625,123.21041113370465, 2.4236942419027176,-34.772516377544974,-1.9912641390691606
2024-10-24 01:33:20,1.3842566668716834,-88.57313975789731,123.32455130025207, 2.427467156756819,-34.775506041836735,-1.9942929068431943
2024-10-24 01:33:20,1.386521041593566,-88.68461635360858,123.4387290979487, 2.43126978970224,-34.77828367659496,-1.9973510031775061
2024-10-24 01:33:20,1.3885905415586548,-88.78629309063642,123.54267816414811, 2.434756717696322,-34.78062613692793,-2.0001599801809737
2024-10-24 01:33:20,1.3900058963217234,-88.85571824316477,123.61354994599735, 2.4371478117458256,-34.78212088194,-2.00208879451558
2024-10-24 01:33:20,1.392295498084141,-88.96783355405984,123.72782163539613, 2.441026748824999,-34.78435535876985,-2.005222276060107
2024-10-24 01:33:20,1.3930077474615437,-89.00266196054866,123.76327470434406, 2.442236151302314,-34.78500438222196,-2.006200378695488
2024-10-24 01:33:20,1.396358757971257,-89.16621693331521,123.92947643633332, 2.4479436193566126,-34.787766177852276,-2.01082341489628
2024-10-24 01:33:20,1.4016745138041449,-89.42463741790941,124.19111530328654, 2.457056324448282,-34.791168476378814,-2.0182286845384496
2024-10-24 01:33:20,1.4097281777085053,-89.81378855542314,124.58288586812978, 2.4709996287550724,-34.79406991110146,-2.0296149839777753
2024-10-24 01:33:20,1.4277793866775126,-90.67592372512384,125.4412894964519, 2.5028476863493347,-34.790985318732496,-2.0558617524838674
2024-10-24 01:33:20,1.441015618376489,-91.29951412231694,126.05399355490546, 2.526720944536064,-34.78058659347265,-2.0757411497778238
2024-10-24 01:33:20,1.455386030106021,-91.96862930718063,126.70378852891179, 2.5531354021967427,-34.761808647899315,-2.0979272198649257
2024-10-24 01:33:20,1.465608089584315,-92.43973105682007,127.15654748078985, 2.5722376683300925,-34.74385983990729,-2.1140895160913193
2024-10-24 01:33:20,1.47441136914572,-92.8422959104891,127.54033749797043, 2.588896712150859,-34.725429878969486,-2.128261556889715
2024-10-24 01:33:20,1.4819189142373212,-93.18335360037375,127.86325515341103, 2.603255758910305,-34.70758807027207,-2.1405323460725545
2024-10-24 01:33:20,1.5009332301474427,-94.03811828628001,128.66356748048983, 2.640248699394499,-34.65390818142228,-2.17237020078405
2024-10-24 01:33:20,1.513728451795067,-94.60624229459131,129.1884034466068, 2.665647737699895,-34.61115400699416,-2.1944075678845225
2024-10-24 01:33:20,1.5221512645798874,-94.97721608762201,129.52805963098396, 2.682589757262487,-34.580194098346105,-2.209183489094959
2024-10-24 01:33:20,1.5357511043069596,-95.57129286744147,130.0669737280579, 2.710318734193188,-34.525619619934176,-2.2334930098075447
2024-10-24 01:33:20,1.5571976664953529,-96.49619266650151,130.89375028021897, 2.754988352353592,-34.428451140601275,-2.272964694296592
2024-10-24 01:33:20,1.578172146497159,-97.38715702488794,131.67615385858832, 2.7997976683922863,-34.32085703661785,-2.3129186684393415
2024-10-24 01:33:20,1.584038749655464,-97.63403988994878,131.89052738226832, 2.812531147119571,-34.28862402071218,-2.324334177761268
2024-10-24 01:33:20,1.5884905883813467,-97.82072295670017,132.05193068585876, 2.8222526061524005,-34.2635557025086,-2.3330671386712316
2024-10-24 01:33:20,1.590502902620107,-97.90492114698746,132.12453082764154, 2.82666355663773,-34.25205373118782,-2.337034558182297
2024-10-24 01:33:20,1.593604826826408,-98.03448481739238,132.23600931641502, 2.8334832763156586,-34.234117262156595,-2.3431745925035727
2024-10-24 01:33:20,1.5946185011581797,-98.07676575534656,132.27232601140912, 2.8357172474109795,-34.22820177828782,-2.3451875021712763
2024-10-24 01:33:20,1.5956338285142855,-98.11908659512005,132.30864622256098, 2.8379575122734826,-34.22225006817814,-2.347206864284353
2024-10-24 01:33:20,1.5977411599049602,-98.20683178758428,132.38385211458626, 2.842615699247624,-34.20981255474505,-2.351408220670788
2024-10-24 01:33:20,1.5997837143406684,-98.29176103272601,132.45651861072238, 2.8471416262226295,-34.19764879402106,-2.3554934926054214
2024-10-24 01:33:20,1.6008796077896448,-98.33728017445489,132.49541440669196, 2.8495743643453415,-34.191078692767704,-2.3576906705481178
2024-10-24 01:33:20,1.6029324826402445,-98.42245866501928,132.56810339809053, 2.854139825446738,-34.17868918635786,-2.361816494256812
2024-10-24 01:33:20,1.6039614476622208,-98.4651087937424,132.60445312671328, 2.8564322777174853,-34.17243903001715,-2.363889382762266
2024-10-24 01:33:20,1.6049921032849548,-98.50779962985581,132.6408063390096, 2.858731243820377,-34.16615181584207,-2.365968957023286
2024-10-24 01:33:20,1.6060972386658126,-98.55354291107565,132.6797242059567, 2.86119940029428,-34.159380546819946,-2.36820245942418
2024-10-24 01:33:20,1.607131422426203,-98.5963189158777,132.7160851312142, 2.863511964101633,-34.15301622339533,-2.370295988997601
2024-10-24 01:33:20,1.6050955500675552,-98.5120828833259,132.64445200329698, 2.858962142682073,-34.165519290878926,-2.3661778649813026
2024-10-24 01:33:20,1.6017377852368262,-98.372902171641,132.52582837581397, 2.8514815704422243,-34.185912425227166,-2.359413834469546
2024-10-24 01:33:21,1.599719350156205,-98.28908655421762,132.45423218165058, 2.8469988426853425,-34.19803371921024,-2.3553645627976345
2024-10-24 01:33:21,1.597636782773377,-98.20248865963794,132.38013275446045, 2.842384707623999,-34.21043127287249,-2.3511998034562502
2024-10-24 01:33:21,1.5945611292794712,-98.07437351551225,132.27027204604025, 2.8355907386690897,-34.22853729096204,-2.3450734912219
2024-10-24 01:33:21,1.5925657979497378,-97.99111619177324,132.198726447048, 2.8311961706402533,-34.24015312235048,-2.3411146153052265
2024-10-24 01:33:21,1.5915006797226412,-97.94662687429323,132.1604465508048, 2.8288545174041584,-34.24631148137363,-2.3390063589319916
2024-10-24 01:33:21,1.5905071279549805,-97.90509781989756,132.12468303615697, 2.826672829415424,-34.25202946885869,-2.337042901812673
2024-10-24 01:33:21,1.589445576059307,-97.86069543490915,132.0864122835231, 2.8243446237544,-34.25811037858004,-2.3349484138940495
2024-10-24 01:33:21,1.5860937670636062,-97.72028549337821,131.96516859352434, 2.8170123721725298,-34.27711704482419,-2.3283578551747053
2024-10-24 01:33:21,1.5815351251376797,-97.52880248877216,131.79927609529352, 2.807086272084033,-34.3024918895016,-2.3194496228002706
2024-10-24 01:33:21,1.5749849942067944,-97.25261271065985,131.55888345430265, 2.792916747665288,-34.33798192448231,-2.306761085911186
2024-10-24 01:33:21,1.5673991059141943,-96.93117377580597,131.27744701140244, 2.7766430783703813,-34.37763280848996,-2.292229864108646
2024-10-24 01:33:21,1.5497185869734953,-96.17527812386419,130.60856735659613, 2.73927935783471,-34.46384598203098,-2.2590414715361855
2024-10-24 01:33:21,1.5393887244735822,-95.72918441661733,130.2091684292788, 2.7178139608092664,-34.51008235376322,-2.2400898841196777
2024-10-24 01:33:21,1.5309711415634455,-95.36317432476697,129.87888116116184, 2.7005200992511673,-34.5454373495164,-2.2248852658565315
2024-10-24 01:33:21,1.522595847540861,-94.99673195685614,129.54586130950202, 2.6834889240470985,-34.57849892758606,-2.209969351407543
2024-10-24 01:33:21,1.5110879773493269,-94.48945724286177,129.0809787648489, 2.6603729443208377,-34.620403269661644,-2.189819466286889
2024-10-24 01:33:21,1.500659100562041,-94.02588525788853,128.6522042849833, 2.6397089938589544,-34.65476670111013,-2.1719034587205095
2024-10-24 01:33:21,1.4897410916788882,-93.53653865004014,128.19549763482456, 2.61836538313302,-34.686960288203046,-2.1534980779377038
2024-10-24 01:33:21,1.483458299280806,-93.25303299427368,127.9289765717624, 2.6062172934105616,-34.703691715123895,-2.1430694003094803
2024-10-24 01:33:21,1.474198564520275,-92.83259844015933,127.53112586385733, 2.5884917378044654,-34.725907317185225,-2.127916213057967
2024-10-24 01:33:21,1.4651704954567721,-92.4196448786807,127.13732326526397, 2.5714146012902384,-34.74470479437138,-2.113391155725821
2024-10-24 01:33:21,1.4549126591979604,-91.94671644168311,126.68263356371261, 2.5522570965367275,-34.762548470225084,-2.097186422701037
2024-10-24 01:33:21,1.436284267598773,-91.07742393731338,125.83656828553958, 2.5181369704069887,-34.78507591255069,-2.068573838638153
2024-10-24 01:33:21,1.4233699816755008,-90.46659301265876,125.23407257271833, 2.494992314784023,-34.79293916507595,-2.049358103780179
2024-10-24 01:33:21,1.4124276143411771,-89.94359461262948,124.7129702824275, 2.475709982800885,-34.79444370317864,-2.033476302250608
2024-10-24 01:33:21,1.3948553532869536,-89.09290169334774,123.85503321339446, 2.445379453305255,-34.78658649851413,-2.0087449971142903
2024-10-24 01:33:21,1.3829486277829235,-88.50863627195031,123.25838458045374, 2.4252765563885355,-34.77379879953188,-1.9925337047387615
2024-10-24 01:33:21,1.371310074613901,-87.93117567483924,122.6627615033381, 2.40598051854684,-34.755249359762104,-1.977118463871973
2024-10-24 01:33:21,1.361397995841646,-87.43427069900648,122.14551788329122, 2.3898257430604803,-34.73458765977134,-1.9643291025530725
2024-10-24 01:33:21,1.349416584134551,-86.82716184420514,121.50765328266851, 2.370644841589096,-34.70344933014941,-1.949290763370826
2024-10-24 01:33:21,1.3459053971606465,-86.64787403468463,121.31804173950118, 2.3650963815664925,-34.69301511066259,-1.9449718359580066
2024-10-24 01:33:21,1.337715575657164,-86.22721344664696,120.87093962124744, 2.3522837265323657,-34.66631873129079,-1.9350545777486963
2024-10-24 01:33:21,1.3220840551967759,-85.41445503084948,119.99829249989342, 2.3283367767968697,-34.60595464933014,-1.9167415098782634
2024-10-24 01:33:21,1.3142796013529026,-85.00366830132947,119.5528328778369, 2.316634073177109,-34.57104980229481,-1.9079048905926437
2024-10-24 01:33:21,1.303330023043534,-84.42153760682167,118.91651512556714, 2.300505195269745,-34.516543328689686,-1.8958573302696855
2024-10-24 01:33:21,1.2969604678829916,-84.07970725407212,118.54011111873542, 2.291280819299439,-34.481787083130186,-1.889039675650743
2024-10-24 01:33:21,1.2906754169529417,-83.74005298607662,118.16408865757003, 2.2822944810442745,-34.44524103342685,-1.8824517331516573
2024-10-24 01:33:21,1.2864400844274648,-83.50982436075864,117.90806837895637, 2.2763043426216782,-34.419330820044834,-1.8780910911847664
2024-10-24 01:33:21,1.2797355125613772,-83.14311762197852,117.49838197507691, 2.266931042693971,-34.37616559730395,-1.8713192570255741
2024-10-24 01:33:21,1.2771073522376335,-82.99860638408903,117.33629343873211, 2.263293608722586,-34.358516270512176,-1.8687089540262594
2024-10-24 01:33:21,1.2737699272800544,-82.814467405592,117.12923364318435, 2.2587047324949197,-34.33550456193674,-1.865430403230612
2024-10-24 01:33:21,1.2704958704195066,-82.63313491680881,116.92475701217164, 2.254236046590862,-34.312271878865566,-1.8622537046277716
2024-10-24 01:33:21,1.2672017010596808,-82.44999180224708,116.71766251733733, 2.249773210187419,-34.288232038069644,-1.8590973481418078
2024-10-24 01:33:21,1.2611743880360475,-82.11306303227022,116.33516022370655, 2.2416949386621905,-34.242498278719616,-1.853426614459626
2024-10-24 01:33:21,1.2566774867290607,-81.86011747730565,116.04671719875816, 2.235742252966495,-34.206882622514975,-1.8492846077949536
2024-10-24 01:33:21,1.2517815833987924,-81.58318017549236,115.72965556122425, 2.2293346461267673,-34.166630938498656,-1.8448624370462106
2024-10-24 01:33:21,1.2486613008752863,-81.4058274157004,115.52591626088783, 2.225291195060621,-34.14016395589702,-1.8420920509613685
2024-10-24 01:33:21,1.244278965693221,-81.15560389074538,115.23754898970358, 2.219665835221303,-34.10190817812558,-1.838264823651114
2024-10-24 01:33:21,1.2412102702040453,-80.97958669268577,115.03405894639897, 2.2157643141044434,-34.07435754212865,-1.8356295146012724
2024-10-24 01:33:21,1.2395523213546928,-80.88421146136817,114.92357664722202, 2.213669402041243,-34.05920867134914,-1.8342211437943583
2024-10-24 01:33:21,1.2364760390614555,-80.70672586808196,114.7175652816347, 2.2098066747423597,-34.03060575437447,-1.8316368120828606
2024-10-24 01:33:21,1.2348356600607355,-80.61180665837284,114.60717035161106, 2.2077599412343627,-34.01508912084845,-1.8302741772001596
2024-10-24 01:33:21,1.230708072451488,-80.37210378154516,114.32770408450105, 2.202650234415361,-33.975223469501245,-1.8268932767352661
2024-10-24 01:33:21,1.2284700992898339,-80.24161590552704,114.17515986880065, 2.199904105452982,-33.95311209491625,-1.8250889737511737
2024-10-24 01:33:21,1.2247752693093414,-80.02537292858658,113.9217297067288, 2.1954081749294874,-33.915834681493145,-1.8221548703640627
2024-10-24 01:33:21,1.2218387245261977,-79.85278130875739,113.71888946608397, 2.1918688733879246,-33.88551491236493,-1.8198630109817993
2024-10-24 01:33:21,1.2171104737227698,-79.57351216790514,113.38960901262367, 2.18623401786404,-33.83539008904919,-1.8162481958869767
2024-10-24 01:33:21,1.2148239868673767,-79.43784893824326,113.22917649255497, 2.1835377088065413,-33.81056637152333,-1.8145338366881747
2024-10-24 01:33:21,1.2104099522127827,-79.17480497065934,112.91722329181052, 2.178385912500744,-33.76155292503921,-1.8112871219715727
2024-10-24 01:33:21,1.208158600171119,-79.04005254901818,112.75696508887329, 2.1757856344480824,-33.7359944260119,-1.8096633236776927
2024-10-24 01:33:22,1.2038121336562464,-78.7787601558169,112.44534762298366, 2.1708184893439033,-33.685568410309884,-1.8065905899934136
2024-10-24 01:33:22,1.1984345326742314,-78.45337370634299,112.05569405626665, 2.164770898751752,-33.62117792677478,-1.8029037111184614
2024-10-24 01:33:22,1.196357325080497,-78.3270540997747,111.9039486478853, 2.162464307397963,-33.5957049245328,-1.8015140127057538
2024-10-24 01:33:22,1.1936081128481004,-78.15931984094188,111.70204160676772, 2.1594370216295236,-33.56147006024248,-1.7997045650547803
2024-10-24 01:33:22,1.1908766929243138,-77.99204662862114,111.50022332763733, 2.1564583898091865,-33.526863752144955,-1.7979407752234395
2024-10-24 01:33:22,1.185773144879837,-77.67781394077811,111.11983961680843, 2.1509716097660614,-33.46059947771946,-1.794736981162406
2024-10-24 01:33:22,1.1824279852883983,-77.47063738969396,110.86815442498259, 2.1474316708576944,-33.4160174386672,-1.7927027443883639
2024-10-24 01:33:22,1.1789952899903697,-77.25702859785024,110.60791261024954, 2.143846269988878,-33.36930978498529,-1.7906701401828449
2024-10-24 01:33:22,1.1763575202466732,-77.09218243926071,110.40656451387991, 2.1411240332995027,-33.33275097398516,-1.7891464267420158
2024-10-24 01:33:22,1.1737364735954743,-76.92776906376206,110.20529962186089, 2.1384476913675634,-33.295843354785156,-1.787665601189464
2024-10-24 01:33:22,1.170664197934956,-76.73426584752121,109.96785594575312, 2.1353473611735923,-33.25183765551927,-1.7859724497711822
2024-10-24 01:33:22,1.1678633308853623,-76.55711076853171,109.74993452899594, 2.132555903312622,-33.211012333763364,-1.7844693774204232
2024-10-24 01:33:22,1.1652958201548198,-76.39408364810393,109.54893849938577, 2.1300266860066728,-33.17298976847257,-1.7831258436583959
2024-10-24 01:33:22,1.163377502159519,-76.2718796847406,109.39798868460483, 2.128155696930029,-33.14420408676992,-1.7821436456807718
2024-10-24 01:33:22,1.1615452202716807,-76.15483607416428,109.25318477169783, 2.126383707765584,-33.11640594782638,-1.7812229131749007
2024-10-24 01:33:22,1.1606965040410804,-76.1005145385298,109.18590348829775, 2.1255679483618017,-33.10342874283833,-1.7808022296342312
2024-10-24 01:33:22,1.1619895745905051,-76.18324968822166,109.2883580181977, 2.126812079741995,-33.12317473755554,-1.7814446341546757
2024-10-24 01:33:22,1.1639439581852578,-76.30800063386698,109.44263167608337, 2.128706502105595,-33.15273786744518,-1.7824317425350333
2024-10-24 01:33:22,1.1659078288910791,-76.43299905436501,109.59695674158756, 2.130626973197997,-33.18210535826092,-1.7834430997405533
2024-10-24 01:33:22,1.1691344681308786,-76.63759901775373,109.84900816863727, 2.133818607820713,-33.22962443503839,-1.7851467112219837
2024-10-24 01:33:22,1.1741692284966165,-76.95495729305313,110.23861246851249, 2.1388875954269886,-33.30197720691703,-1.7879078002317297
2024-10-24 01:33:22,1.179003604545602,-77.25754724096493,110.60854539017836, 2.1438548961738517,-33.36942410172367,-1.7906749957970372
2024-10-24 01:33:22,1.1848210713113498,-77.61894723569263,111.04839853408652, 2.1499595158742735,-33.44800414274064,-1.7941526769754443
2024-10-24 01:33:22,1.1909454970125588,-77.99626790968233,111.50532210267545, 2.1565330630546344,-33.52774278340299,-1.7979847868572294
2024-10-24 01:33:22,1.1978451259860745,-78.41756664761887,112.01270672652174, 2.164114726791219,-33.61398423700909,-1.8025074221886122
2024-10-24 01:33:22,1.2115627005322607,-79.24364711524365,112.99897807161003, 2.1797245019186238,-33.77449266702314,-1.8121269871699182
2024-10-24 01:33:22,1.2173276798011732,-79.5863786350091,113.40480852243556, 2.1864911294866123,-33.837728317844686,-1.8164121997919886
2024-10-24 01:33:22,1.227055871418862,-80.15896690041642,114.07839131524663, 2.1981776594724587,-33.93895791769138,-1.823959314179805
2024-10-24 01:33:22,1.239843119485169,-80.9009540480049,114.94298242068811, 2.214036179913836,-34.06187917880431,-1.8344673811716505
2024-10-24 01:33:22,1.251700643827437,-81.57858811761375,115.72438709251072, 2.2292293618451358,-34.16595243392794,-1.8447901000357692
2024-10-24 01:33:22,1.260886697070774,-82.09692111860328,116.31678587096835, 2.241312199395867,-34.240258243757616,-1.8531593437810632
2024-10-24 01:33:22,1.2750464974864602,-82.88498428312654,117.20859742555481, 2.2604559806072713,-34.344386156946264,-1.8666796558237326
2024-10-24 01:33:22,1.2899745597287031,-83.70203033637402,118.12186993479384, 2.281299580961291,-34.44102526937169,-1.8817257403808987
2024-10-24 01:33:22,1.3051647641455573,-84.51956138757981,119.02407753434575, 2.3031839515202126,-34.52613499044621,-1.897847285253912
2024-10-24 01:33:22,1.320435948539407,-85.32798887900282,119.90477349109894, 2.325851269564974,-34.59885251132973,-1.9148582845330646
2024-10-24 01:33:22,1.3353979421238589,-86.10753407126089,120.74316935350555, 2.348690890197113,-34.65815644344099,-1.932288123054151
2024-10-24 01:33:22,1.3516833046455097,-86.94257132177944,121.62940899594814, 2.374244304392763,-34.70986728419926,-1.9521002254086535
2024-10-24 01:33:22,1.3686724328446025,-87.79941195181259,122.52602888059522, 2.4016565038973043,-34.75019391184266,-1.9736845668865206
2024-10-24 01:33:22,1.388574658808897,-88.785513500684,123.54188184623797, 2.4347299146714443,-34.780608869730045,-2.0001383710928344
2024-10-24 01:33:22,1.4034355968852985,-89.50997496905224,124.2772564123376, 2.4600912032821944,-34.79203335344658,-2.0207013582766225
2024-10-24 01:33:22,1.4212165472268559,-90.36406729601859,125.13229957475642, 2.491173734257361,-34.793614222814014,-2.0462035403486203
2024-10-24 01:33:22,1.429846384809408,-90.77377506570724,125.53788712314737, 2.5065468624196114,-34.789807009112096,-2.0589309430537845
2024-10-24 01:33:22,1.433503158951847,-90.94645721892066,125.70794400376445, 2.513117407193596,-34.78731580741027,-2.064392681239805
2024-10-24 01:33:22,1.4422084698887008,-91.35536530610108,126.10853449478158, 2.528893936554256,-34.77932084921683,-2.0775588976509325
2024-10-24 01:33:22,1.4494323501961457,-91.69239522884483,126.43648857974911, 2.542129399547479,-34.770516478259296,-2.0886594916049908
2024-10-24 01:33:22,1.4567461272949145,-92.03154173222954,126.76447791536955, 2.5556620677037163,-34.75963763333842,-2.1000594655945766
2024-10-24 01:33:22,1.4629630641635412,-92.31821076798454,127.04013334552945, 2.567269917211718,-34.74886338225433,-2.109877117045246
2024-10-24 01:33:22,1.475004896601141,-92.86933405574662,127.56601230400534, 2.5900268088674405,-34.72408997845619,-2.1292254675188214
2024-10-24 01:33:23,1.4814435201777476,-93.16181786691158,127.84292542267988, 2.6023423641489725,-34.70877507579975,-2.1397502942555615
2024-10-24 01:33:23,1.4864880802527616,-93.38992540777747,128.0578443688054, 2.6120632938654595,-34.695788848436564,-2.148083625935804
2024-10-24 01:33:23,1.4927624966319286,-93.67237706501845,128.3226972954139, 2.624242307004348,-34.6784442410379,-2.158555583389928
2024-10-24 01:33:23,1.4966474174686284,-93.84656577671117,128.48533386502396, 2.6318321575851513,-34.66705079605458,-2.165098920878785
2024-10-24 01:33:23,1.5037656489943796,-94.16436316209125,128.78068228673177, 2.6458360886238426,-34.64489530923217,-2.1772060183534756
2024-10-24 01:33:23,1.5055731303673756,-94.2447810277942,128.8551385226921, 2.649412049247458,-34.63900875895541,-2.1803045769695926
2024-10-24 01:33:23,1.5073257864818668,-94.32265292877138,128.9271294463135, 2.6528872979360765,-34.63320080081276,-2.183318544260024
2024-10-24 01:33:23,1.5129438210114121,-94.57156350954314,129.15652911843662, 2.6640784932516457,-34.61392539667906,-2.1930419960997516
2024-10-24 01:33:23,1.518282081150157,-94.80709487515166,129.37259902114667, 2.6747851605536015,-34.59468976251898,-2.2023693294432394
2024-10-24 01:33:23,1.5237397077676746,-95.04691414108639,129.5916051294394, 2.685804641622459,-34.57410956393141,-2.211994023309057
2024-10-24 01:33:23,1.526720285296883,-95.17747332617084,129.71041078192815, 2.691854087019178,-34.562484150409986,-2.2172882872752298
2024-10-24 01:33:23,1.5309118923794631,-95.36059001449651,129.87654077242104, 2.7003990005529652,-34.5456787000645,-2.2247790030183343
2024-10-24 01:33:23,1.538464821161861,-95.68912210192967,130.1731300641923, 2.715907140186896,-34.51406568125811,-2.238410583306756
2024-10-24 01:33:23,1.5427412052492893,-95.87432792563243,130.3394992409775, 2.724751033574729,-34.495417577706945,-2.246205082929882
2024-10-24 01:33:23,1.5458274907747123,-96.00763395199183,130.45887749457745, 2.73116221918342,-34.481626703336566,-2.251864783949899
2024-10-24 01:33:23,1.5467653949853404,-96.04808579830907,130.4950417853985, 2.733115281088773,-34.477380888089314,-2.2535904473865225
2024-10-24 01:33:23,1.547704770827024,-96.08857361172888,130.53120972745046, 2.735073623473996,-34.4731028868958,-2.255321488913149
2024-10-24 01:33:23,1.5486456217656894,-96.12909746837093,130.56738131877464, 2.737037264796949,-34.468792622209705,-2.257057928087257
2024-10-24 01:33:23,1.5495879512778832,-96.1696574445462,130.60355655737024, 2.7390062236049477,-34.46445001625397,-2.2587997845616337
2024-10-24 01:33:23,1.5483765323579743,-96.11751019555129,130.55704143533785, 2.7364754234953095,-34.47002799252574,-2.2565610215115623
2024-10-24 01:33:23,1.5441611772000856,-95.9356979251535,130.3944957424238, 2.727697791363262,-34.48910697915171,-2.248805479052898
2024-10-24 01:33:23,1.5369465006621401,-95.62322573827578,130.113791634745, 2.712778162509311,-34.52055699216496,-2.2356564655605697
2024-10-24 01:33:23,1.518233024013573,-94.80493473486159,129.37062178082297, 2.6746864460987876,-34.59487057803852,-2.202283222854355
2024-10-24 01:33:23,1.4991399339525995,-93.95804531449969,128.58914044496356, 2.6367214468776234,-34.65948020340409,-2.169320977286741
2024-10-24 01:33:23,1.4793697239534793,-93.06777749140828,127.75405566540431, 2.59836445180921,-34.713863002000245,-2.1363467413474138
2024-10-24 01:33:23,1.4601140626799558,-92.187023257759,126.91416586653888, 2.5619385213768893,-34.753973408486786,-2.10536352564565
2024-10-24 01:33:23,1.44124156723068,-91.31009775684461,126.06433313338596, 2.5271322778613237,-34.780350959421924,-2.076085133774252
2024-10-24 01:33:23,1.4229593436164292,-90.44705736189857,125.21469467661503, 2.494263249715926,-34.793082087798474,-2.0487554637723924
2024-10-24 01:33:23,1.405029017621439,-89.5870706217862,124.35496734139495, 2.462843948975813,-34.79270427822007,-2.022946904474106
2024-10-24 01:33:23,1.3874414663734433,-88.72986203211833,123.48500850394501, 2.432819264354967,-34.779348562803385,-1.9985986585294073
2024-10-24 01:33:23,1.3755606253724455,-88.14281268587531,122.88173830965862, 2.412986874047768,-34.762729518313606,-1.9826986626261904
2024-10-24 01:33:23,1.3677988167672523,-87.7556965156664,122.48059724364977, 2.400228357166002,-34.74844913849507,-1.972552104209908
2024-10-24 01:33:23,1.365635705844756,-87.64729628071372,122.36779596759585, 2.396700818265636,-34.743977549763635,-1.9697585510221842
2024-10-24 01:33:23,1.3626096274739854,-87.4952679860643,122.2092462548118, 2.3917866120573263,-34.73735791472242,-1.965875602419915
2024-10-24 01:33:23,1.3604685157938545,-87.38742885524631,122.09653423040943, 2.3883241259946217,-34.73241586184699,-1.9631459261874915
2024-10-24 01:33:23,1.3565015195370815,-87.18702871271273,121.88653437324976, 2.3819409541542487,-34.72268874140285,-1.9581273757610258
2024-10-24 01:33:23,1.3511131778165892,-86.91356797730761,121.59883284695353, 2.3733376729956506,-34.708276412059696,-1.9513920188141887
2024-10-24 01:33:23,1.3386960990525847,-86.2777611599514,120.92482902722574, 2.353808149268431,-34.669690725337674,-1.9362303154287546
2024-10-24 01:33:23,1.3287889429911184,-85.76468625715226,120.37575148248395, 2.338526114896006,-34.63338454202462,-1.924496928269355
2024-10-24 01:33:23,1.316979950623643,-85.14618503785158,119.70771339545931, 2.3206639126106174,-34.583493435299346,-1.9109390324132811
2024-10-24 01:33:23,1.3016971237062762,-84.33413281728009,118.82046372593362, 2.2981292659489987,-34.507849684226336,-1.8940960989575422
2024-10-24 01:33:23,1.2897970207993508,-83.69239383648069,118.1111659882719, 2.28104778590585,-34.439952839208935,-1.881542110594802
2024-10-24 01:33:23,1.2845340842606388,-83.4058583032099,117.7921538424364, 2.2736259976451585,-34.407329325369915,-1.876149558056895
2024-10-24 01:33:23,1.2760797839588247,-82.94198655704635,117.27268825248488, 2.261877118201871,-34.35150285793405,-1.8676951867801785
2024-10-24 01:33:23,1.2697911397066284,-82.59401361341868,116.88056804893986, 2.2532784823801464,-34.307185241786655,-1.86157508572645
2024-10-24 01:33:23,1.2627962863169182,-82.20396275470095,116.4385477392999, 2.243857555210893,-34.255028984018715,-1.854939206017382
2024-10-24 01:33:23,1.2578773767377498,-81.92774224246968,116.12393986963609, 2.237324315483024,-34.21651194943343,-1.850382323403158
2024-10-24 01:33:23,1.2530111682284835,-81.65288490040332,115.80958341553723, 2.2309366572180163,-34.17688592106147,-1.8459644291200283
2024-10-24 01:33:23,1.2491128893363546,-81.43153657929918,115.55548381616791, 2.2258744370203,-34.14403395499882,-1.8424906746600358
2024-10-24 01:33:23,1.240632250991254,-80.94635768998025,114.99558420886096, 2.2150329155362627,-34.06909721534828,-1.8351372742833123
2024-10-24 01:33:23,1.2357030272235117,-80.6620203390778,114.66559002167351, 2.20884104128363,-34.02331672415915,-1.8309933436336523
2024-10-24 01:33:24,1.231815466359816,-80.43653578253583,114.40292041400585, 2.2040154248916406,-33.986035137268665,-1.8277935962017144
2024-10-24 01:33:24,1.2253839649625164,-80.06106728100038,113.96361698774702, 2.1961455844632862,-33.92204242028594,-1.822634388272361
2024-10-24 01:33:24,1.216387489153907,-79.53065917273913,113.33896546581659, 2.1853794207730264,-33.82758229486515,-1.8157037302067842
2024-10-24 01:33:24,1.2126671910995421,-79.30950969059984,113.07711982668641, 2.1810115935153207,-33.78679789110014,-1.8129370305679953
2024-10-24 01:33:24,1.2089786884484135,-79.08918444987832,112.81543193579795, 2.1767306694825117,-33.74534854118334,-1.8102522849628329
2024-10-24 01:33:24,1.2068481650182163,-78.96143304125556,112.66332379266015, 2.1742806906295784,-33.72094208804081,-1.808728253898134
2024-10-24 01:33:24,1.2059014684162452,-78.90455099971776,112.59550870011743, 2.173197428045599,-33.70998702932769,-1.8080573720858775
2024-10-24 01:33:24,1.2063817272342172,-78.93341616818563,112.62992869653868, 2.173746551495161,-33.71555301526478,-1.8083972228498126
2024-10-24 01:33:24,1.2079638406683935,-79.02837658408713,112.74306475996511, 2.1755615656898666,-33.73376551538528,-1.8095238809213143
2024-10-24 01:33:24,1.2112618584962038,-79.22569087615064,112.97766148225107, 2.1793746919958656,-33.77112523504431,-1.8119072512774723
2024-10-24 01:33:24,1.2134290821193103,-79.35488701359581,113.13091467651, 2.181902025513282,-33.79523342489798,-1.8134988434904553
2024-10-24 01:33:24,1.2163641648018817,-79.52927601387283,113.33733033688078, 2.1853518816072564,-33.82732976903468,-1.8156862017947124
2024-10-24 01:33:24,1.2217540814536945,-79.8477968896988,113.71302398680695, 2.1917673052162976,-33.884631808756914,-1.8197974800264827
2024-10-24 01:33:24,1.230340390239975,-80.35069089080518,114.30269159676787, 2.202197885369114,-33.97161481084415,-1.826595446590181
2024-10-24 01:33:24,1.2446502849409933,-81.17685748104185,115.26208404867695, 2.2201400362000934,-34.1051990964499,-1.8385862062699394
2024-10-24 01:33:24,1.2587010318562135,-81.97410683680656,116.17683953816312, 2.2384129564435686,-34.22306864046714,-1.8511389986649933
2024-10-24 01:33:24,1.2730725834273735,-82.77590276237386,117.08579440492461, 2.2577501908493005,-34.33061105665521,-1.864750499366442
2024-10-24 01:33:24,1.2878651189538692,-83.58740983972977,117.99444828836776, 2.2783138796950015,-34.42816502554393,-1.8795511659340531
2024-10-24 01:33:24,1.3029142276566528,-84.39929593158081,118.89208580341122, 2.2998994695046866,-34.514343690369905,-1.8954079793496994
2024-10-24 01:33:24,1.318132494592415,-85.20688879286647,119.77357549517168, 2.322390134528239,-34.5886859920862,-1.9122415771295693
2024-10-24 01:33:24,1.333997044966464,-86.03505590428412,120.66566903321166, 2.346526294900784,-34.653091289517135,-1.9306245398720068
2024-10-24 01:33:24,1.350052263202643,-86.85955357787878,121.54184986686981, 2.371652888887115,-34.70527426231473,-1.9500769662704769
2024-10-24 01:33:24,1.3664985778454661,-87.69056468848613,122.41284591992236, 2.3981064927137576,-34.74578720198893,-1.9708711184699474
2024-10-24 01:33:24,1.38345322922498,-88.53352912924466,123.28392801141896, 2.426121099407861,-34.77446633785911,-1.9932117138659138
2024-10-24 01:33:24,1.4008338066055117,-89.38385068762706,124.14989905420693, 2.455610316859741,-34.79070975329885,-2.017051669536447
2024-10-24 01:33:24,1.4180083731319502,-90.21096396354513,124.97997438284268, 2.4855064983153516,-34.79427721126793,-2.041530274347733
2024-10-24 01:33:24,1.4366060053845884,-91.0925548716641,125.8514090625121, 2.518718917414316,-34.784797650097666,-2.0690590649487923
2024-10-24 01:33:24,1.4555840538641478,-91.97779348626194,126.71263323358697, 2.553502986484042,-34.76149674036971,-2.0982373164881625
2024-10-24 01:33:24,1.4747196626277987,-92.85634183724213,127.55367679680813, 2.5894836044084473,-34.72473542276992,-2.12876210433772
2024-10-24 01:33:24,1.4805088390484746,-93.11945221280195,127.80290842492104, 2.60054815718873,-34.71108642600532,-2.138214673651627
2024-10-24 01:33:24,1.4821864230816946,-93.19546837525616,127.8746879127441, 2.6037699816078654,-34.70691675136406,-2.1409727136651613
2024-10-24 01:33:24,1.483868990755151,-93.27160828214805,127.9464823106855, 2.6070083929848216,-34.702638632998976,-2.143747465908207
2024-10-24 01:33:24,1.4856145588692136,-93.3504914878315,128.0207558632369, 2.6103754860363093,-34.69809909689524,-2.1466351285468743
2024-10-24 01:33:24,1.4864603281319166,-93.38867299631436,128.05666686765656, 2.6120096424138137,-34.69586264071682,-2.14803757124411
2024-10-24 01:33:24,1.487365556471142,-93.42951040184722,128.0950474556402, 2.613760649859868,-34.69344231864118,-2.1495409956195397
2024-10-24 01:33:24,1.4882139475201572,-93.467757179291,128.1309666738514, 2.6154035616892486,-34.691149014110934,-2.1509522640833425
2024-10-24 01:33:24,1.4890636045405683,-93.50603534611778,128.16688961746252, 2.617050715559426,-34.688828145926145,-2.1523678113430416
2024-10-24 01:33:24,1.4899145303677424,-93.5443449662698,128.20281628606241, 2.618702125039098,-34.68647965011563,-2.153787651745647
2024-10-24 01:33:24,1.4907667278456067,-93.58268610385868,128.23874667922107, 2.6203578037587922,-34.68410346252184,-2.1552117997041265
2024-10-24 01:33:25,1.4899272403777568,-93.5449169902029,128.20335253320982, 2.618726805243415,-34.68644438835951,-2.1538088759833265
2024-10-24 01:33:25,1.4859043839333643,-93.36357826830746,128.0330673126089, 2.6109352727144475,-34.697335427711224,-2.1471154696882877
2024-10-24 01:33:25,1.478148384149154,-93.01232033174726,127.70157473156735, 2.5960266977679747,-34.716790663225325,-2.134348321341803
2024-10-24 01:33:25,1.4610520621292096,-92.23024918449109,126.95570533918652, 2.563691591063183,-34.75232311285407,-2.106846861480944
2024-10-24 01:33:25,1.4520791444507881,-91.81536889952245,126.55565129941408, 2.5470113773269816,-34.766805844512454,-2.092766331902272
2024-10-24 01:33:25,1.4459349264742953,-91.52947995736626,126.27821089334576, 2.5357052266510407,-34.77502220864495,-2.083265380528693
2024-10-24 01:33:25,1.4373780438565722,-91.12884586757421,125.88698764096561, 2.52011640742105,-34.784113802836615,-2.070224694828409
2024-10-24 01:33:25,1.4316549951173738,-90.85925050753731,125.62212895115344, 2.509792410204314,-34.78863959827585,-2.061627172148686
2024-10-24 01:33:25,1.4201908527075187,-90.31516531533629,125.0836911732059, 2.489359025294285,-34.793870915259575,-2.0447060015885814
2024-10-24 01:33:25,1.4105934147942016,-89.85542883227393,124.6246478874535, 2.4725074057927463,-34.794222192911626,-2.0308501857951056
2024-10-24 01:33:25,1.3982418470454563,-89.25790526876915,124.02244175275565, 2.4511635161287124,-34.78910810924989,-2.0134366621095907
2024-10-24 01:33:25,1.3913508779513946,-88.92160700185406,123.68073288818505, 2.439424786781594,-34.78346090347038,-2.0039275117636772
2024-10-24 01:33:25,1.3756470306510533,-88.1471059473936,122.88617228558063, 2.4131297874551003,-34.76287309745128,-1.9828126907248735
2024-10-24 01:33:25,1.3655786224400317,-87.64443257804281,122.36481318924321, 2.396607894665126,-34.74385661620633,-1.9696850328292774
2024-10-24 01:33:25,1.361620478066401,-87.44547654904507,122.15723038013661, 2.3901855114765516,-34.735101492495026,-1.964612721179472
2024-10-24 01:33:25,1.3566671126866985,-87.19540959313201,121.89533089761707, 2.3822065709742586,-34.72310968465873,-1.9583358503703574
2024-10-24 01:33:25,1.3527247197715047,-86.99550752292504,121.68517766023734, 2.3759026309320848,-34.71273280064961,-1.9533965813839853
2024-10-24 01:33:25,1.3491357674833986,-86.81284597515109,121.49253385684365, 2.370199872500689,-34.702636909847676,-1.9489438696008106
2024-10-24 01:33:25,1.3478489604422759,-86.74719390201612,121.42315050646552, 2.3681635594285333,-34.698865076938596,-1.9473575519961908
2024-10-24 01:33:25,1.346565461984572,-86.68162634348538,121.35378078201302, 2.3661369060200723,-34.695022558260334,-1.9457806822899815
2024-10-24 01:33:25,1.3452430974441922,-86.61398494523087,121.28213770426326, 2.3640535114106993,-34.69097940700757,-1.9441616796091665
2024-10-24 01:33:25,1.3446042910499734,-86.5812765887531,121.24746544869004, 2.363048752601027,-34.68899551117776,-1.9433816182485062
2024-10-24 01:33:25,1.345944986706924,-86.64989907042907,121.3201865383081, 2.3651587574102777,-34.693136115374564,-1.9450203091027833
2024-10-24 01:33:25,1.3481356754027303,-86.76182923137331,121.43862419093341, 2.3686168884217054,-34.69971245972778,-1.9477105348491774
2024-10-24 01:33:25,1.3512577889627853,-86.92092615482616,121.60659144842849, 2.373567555465834,-34.708681416974564,-1.9515715537717595
2024-10-24 01:33:25,1.3561784037524203,-87.17067147272132,121.86936234322461, 2.381422875447549,-34.721863615775966,-1.957720841534516
2024-10-24 01:33:25,1.3648963183403473,-87.61019116025398,122.32913677619821, 2.395497864317572,-34.74239942949087,-1.9688070935849165
2024-10-24 01:33:25,1.3736392423603483,-88.04725255949602,122.78296193253613, 2.409813947847944,-34.75944968255773,-1.9801691422413548
2024-10-24 01:33:25,1.3799808208692153,-88.36198972445032,123.10768331961826, 2.4203227122611928,-34.76964462508383,-1.9885622188270276
2024-10-24 01:33:25,1.382607442076324,-88.49179830270195,123.24110034712135, 2.4247058923940426,-34.773341073677585,-1.9920757233698791
2024-10-24 01:33:25,1.391793714093961,-88.94328295507357,123.70281783192424, 2.4401754985466892,-34.78388501067871,-2.004534147811599
2024-10-24 01:33:25,1.394145021020558,-89.05822623057838,123.81979116949422, 2.4441699419692786,-34.785995540563874,-2.0077654311447835
2024-10-24 01:33:25,1.394859896025208,-89.09312337790804,123.85525845182659, 2.4453871925652346,-34.78659020838208,-2.0087512667252643
