time,a1,a2,a3,a4,a5,a6
2024-10-30 08:16:59,1.497002761344388,-85.78736344333313,125.71835508722789, 2.3315153342859407,-39.954348324627254,-1.7876447481173485
2024-10-30 08:17:00,-0.5257639021437888,-85.80686879189543,125.73940119513763, -0.8190606474183927,-39.935414032228636,0.6280475577851329
2024-10-30 08:17:00,-0.8624581165392446,-85.80222866382113,125.73439517995494, -1.3434985861549875,-39.93992025171593,1.0301624164967984
2024-10-30 08:17:00,-0.05592179452918755,-85.80958181013696,125.74232795615725, -0.08712076040095096,-39.93277874705268,0.06680405082461682
2024-10-30 08:17:00,3.1085827795524663,-85.71362219033394,125.6387246828378, 4.836881294960816,-40.02573773727026,-3.707509596868624
2024-10-30 08:17:01,4.520031709871057,-85.60650675804061,125.52287391105916, 7.023440357866598,-40.128896342389496,-5.381278861098389
2024-10-30 08:17:01,5.999014706376537,-85.45144442650468,125.35478681780586, 9.30331532464052,-40.27710656227766,-7.12385244748859
2024-10-30 08:17:01,5.730224298299189,-85.48289587647079,125.38891635473324, 8.889984544050183,-40.24715176544772,-6.808167292433474
2024-10-30 08:17:01,4.32238619291527,-85.62390403385211,125.54170451434865, 6.7178168943504595,-40.112185080465316,-5.14746079766599
2024-10-30 08:17:02,1.8596895134164155,-85.77527350880683,125.705306581715, 2.8959313891495126,-39.96607356782449,-2.2202938930717204
2024-10-30 08:17:02,1.4850579696744455,-85.78771714479288,125.71873679140602, 2.3129224288881867,-39.954005168894085,-1.7733914738745866
2024-10-30 08:17:03,1.4850579696744455,-86.02010701899638,125.62030897856428, 2.329008797331411,-39.623458865613124,-1.7943260193814765
2024-10-30 08:17:04,1.4850579696744455,-89.33245099505064,123.88897429338701, 2.616903970312386,-34.58445545098775,-2.154954587240621
2024-10-30 08:17:04,1.4850579696744455,-91.19335817224709,122.57235673777328, 2.850344440599788,-31.41053812325003,-2.433185618372097
2024-10-30 08:17:05,1.4850579696744455,-91.13863718133582,122.61560449900173, 2.8423929562794736,-31.50838600936241,-2.423863939995338
2024-10-30 08:17:05,1.4850579696744455,-91.08672735845298,122.65635037847514, 2.834920970505073,-31.600928018924023,-2.4150954611426165
2024-10-30 08:17:05,1.4850579696744455,-90.97635149464,122.74209366738279, 2.819258358335066,-31.796808483074006,-2.396686676859775
2024-10-30 08:17:09,1.4850579696744455,-90.9239717457254,122.78236348140426, 2.8119304971708567,-31.889346200131385,-2.3880605544532894
2024-10-30 08:17:09,1.4850579696744455,-90.81203087051595,122.8675319228512, 2.7964907904709797,-32.0862194894425,-2.3698568377317195
2024-10-30 08:17:09,1.4850579696744455,-89.71476348095584,123.64242364967103, 2.6593838588292,-33.95625876630871,-2.2063579960543187
2024-10-30 08:17:09,1.4850579696744455,-88.62599553663193,124.31608464903715, 2.544415798439042,-35.71687193249747,-2.066303660977951
2024-10-30 08:17:09,1.4850579696744455,-88.56253275148914,124.35274218651168, 2.5382529866304804,-35.81689378633694,-2.0587083986464676
2024-10-30 08:17:09,1.4850579696744455,-88.4350185131626,124.42557976497571, 2.526032712148718,-36.0170499799397,-2.04361920246089
2024-10-30 08:17:09,1.4850579696744455,-88.37096717934611,124.46175945495341, 2.519974747929147,-36.11718384280313,-2.0361247662377533
2024-10-30 08:17:09,1.4850579696744455,-88.30671978610117,124.49777951168126, 2.5139512355877285,-36.217354561328904,-2.0286634406235495
2024-10-30 08:17:09,1.4850579696744455,-88.2422763992637,124.5336397600556, 2.5079619306447967,-36.31756189139975,-2.0212349807979217
2024-10-30 08:17:09,1.4850579696744455,-88.10829805749992,124.60733905048998, 2.495675532051212,-36.52504157447932,-2.00596619877307
2024-10-30 08:17:09,1.4850579696744455,-88.04324098646204,124.64271449598562, 2.489788590197146,-36.62537905658764,-1.9986357042007257
2024-10-30 08:17:09,1.4850579696744455,-87.97798814006164,124.67792936053517, 2.483934898679157,-36.72575214697516,-1.991337116747701
2024-10-30 08:17:09,1.4850579696744455,-87.97342925277535,124.68037970909826, 2.483527820390331,-36.73275479811474,-1.990829202440866
2024-10-30 08:17:09,1.4850579696744455,-87.90795443143301,124.7154293345889, 2.477708323440517,-36.83318504566873,-1.9835630936539654
2024-10-30 08:17:09,1.4850579696744455,-87.84228392477713,124.75031795663796, 2.4719216108372666,-36.93365038289764,-1.9763284251099444
2024-10-30 08:17:09,1.4850579696744455,-87.5776467607884,124.88825893546421, 2.4490980806604288,-37.33585737910259,-1.9476996279204648
2024-10-30 08:17:09,1.4850579696744455,-87.51099913685303,124.92233993611808, 2.4434719167749264,-37.43649420743434,-1.9406187861788795
2024-10-30 08:17:09,1.4850579696744455,-87.81037326450839,124.76717564499069, 2.469127665141765,-36.982373402774826,-1.9728319563016516
2024-10-30 08:17:09,1.4850579696744455,-88.36313713212074,124.46616378442694, 2.51923781675176,-36.12940639175706,-2.0352124407254286
2024-10-30 08:17:09,1.4850579696744455,-89.01342735053981,124.08627121642714, 2.5832561848305513,-35.10024449923199,-2.113957473386967
2024-10-30 08:17:09,1.4850579696744455,-89.7351624811262,123.6289472395442, 2.661720448451418,-33.922419871297734,-2.2091744225800722
2024-10-30 08:17:09,1.4850579696744455,-90.75916510833196,122.90733674076574, 2.789301590220691,-32.178779994386204,-2.361367200223669
2024-10-30 08:17:09,1.4850579696744455,-92.1208467097985,121.79008652445127, 2.998096712299465,-29.703003933040513,-2.6047468836208276
2024-10-30 08:17:09,1.4850579696744455,-92.22507221953046,121.6959391712111, 3.0164136284549694,-29.504904246337222,-2.625813834426182
2024-10-30 08:17:10,1.4850579696744455,-92.39137247736971,121.54288946815892, 3.046452694664955,-29.186001147415713,-2.6602747869400094
2024-10-30 08:17:10,1.4850579696744455,-92.49074486561693,121.44972990855847, 3.0648996655103815,-28.993742937192565,-2.681384556599891
2024-10-30 08:17:10,1.4850579696744455,-92.64245774340198,121.30496646450432, 3.0938151173674937,-28.697694689410437,-2.71439589270567
2024-10-30 08:17:10,1.4850579696744455,-92.79235357089806,121.15883647973214, 3.123319685135294,-28.402104445844923,-2.7479847230361165
2024-10-30 08:17:10,1.4850579696744455,-92.84191549819985,121.10982363892145, 3.13328831769517,-28.303676570088864,-2.759312203988983
2024-10-30 08:17:10,1.4850579696744455,-92.98939261291461,120.9618790559546, 3.1636044113050255,-28.008700773429982,-2.79369715641963
2024-10-30 08:17:10,1.4850579696744455,-93.03563171725521,120.91483325087434, 3.1733169832392685,-27.915558464458133,-2.804693458726177
2024-10-30 08:17:10,1.4850579696744455,-93.13258094009223,120.81514579956463, 3.1940145025211257,-27.719225268169915,-2.828095276487794
2024-10-30 08:17:10,1.4850579696744455,-93.1807540415283,120.76507677515043, 3.204470779401874,-27.621136251996393,-2.8399017971928795
2024-10-30 08:17:10,1.4850579696744455,-93.32166713713254,120.61652958791855, 3.2357362031809895,-27.33213298052434,-2.8751422809586624
2024-10-30 08:17:10,1.4850579696744455,-93.3690567414447,120.5658594912215, 3.246485421505455,-27.234230129993072,-2.8872370121192317
2024-10-30 08:17:10,1.4850579696744455,-93.21698986393248,120.72717717495293, 3.2124129350179214,-27.547117034331492,-2.848862496875544
2024-10-30 08:17:10,1.4850579696744455,-92.73439656049389,121.21570956073124, 3.111798350560295,-28.516764595181638,-2.7348797160147282
2024-10-30 08:17:10,1.4850579696744455,-91.88752801390584,121.99606102021185, 2.958439420459885,-30.14170380943718,-2.5589906818257484
2024-10-30 08:17:10,1.4850579696744455,-91.49516154234955,122.32824709894892, 2.895636016407481,-30.865311221508968,-2.486100374187219
2024-10-30 08:17:10,1.4850579696744455,-91.15833567708039,122.60007121000552, 2.8452464250128315,-31.473197613078128,-2.4272102374816913
2024-10-30 08:17:10,1.4850579696744455,-90.68738616440524,122.96095947977119, 2.7796433013848025,-32.304033621041164,-2.3499481963302644
2024-10-30 08:17:10,1.4850579696744455,-89.7364317176924,123.62810763239219, 2.661866074414818,-33.92031330288477,-2.209349916940435
2024-10-30 08:17:10,1.4850579696744455,-88.93816092121924,124.13174169018902, 2.5755422647801955,-35.220859073924444,-2.104521970692164
2024-10-30 08:17:10,1.4850579696744455,-88.39458752579608,124.44844884302357, 2.52220257728484,-36.08028862992279,-2.038881970817794
2024-10-30 08:17:10,1.4850579696744455,-87.40349032277939,124.97676726257063, 2.43449667999259,-37.59828365174691,-1.9293031233913647
2024-10-30 08:17:10,1.4850579696744455,-87.10065766172936,125.12650917325705, 2.4098599628060793,-38.05045388349056,-1.8981134739214764
2024-10-30 08:17:10,1.4850579696744455,-86.90081881027027,125.22250803844445, 2.394103097668841,-38.34603167552421,-1.8780634717759126
2024-10-30 08:17:10,1.4850579696744455,-86.63022185233133,125.34903743832875, 2.3733709335281534,-38.7428143995994,-1.851556158243325
2024-10-30 08:17:10,1.4850579696744455,-86.42665609316703,125.4416673881946, 2.358213196105781,-39.03875765096899,-1.8320818841384934
2024-10-30 08:17:10,1.4850579696744455,-86.35674087696906,125.47298547904634, 2.353091232732251,-39.13990541026846,-1.8254828116123536
2024-10-30 08:17:10,1.4850579696744455,-86.49848788902503,125.40922800997657, 2.3635199352958045,-38.934574982268934,-1.8389090923254043
2024-10-30 08:17:10,1.4850579696744455,-86.72529743053948,125.30502771454692, 2.38057800187541,-38.6038487692647,-1.8607874455727398
2024-10-30 08:17:11,1.4850579696744455,-87.03480289623651,125.15838825653346, 2.40462451027103,-38.148101485116065,-1.8914605753536635
2024-10-30 08:17:11,1.4850579696744455,-87.50306847329153,124.92637797074957, 2.442805626566325,-37.44845202629835,-1.9397795918664669
2024-10-30 08:17:11,1.4850579696744455,-87.89503708830519,124.72231285875044, 2.476566132561253,-36.85296740998981,-1.9821358560108506
2024-10-30 08:17:11,1.4850579696744455,-89.19509813400268,123.97483590079777, 2.6022246449709447,-34.80743844477156,-2.137100564310093
2024-10-30 08:17:11,1.4850579696744455,-89.31981025088174,123.89693505235974, 2.6155405550569677,-34.60503548089702,-2.1532983258491654
2024-10-30 08:17:11,1.4850579696744455,-89.44370995274456,123.81838609860569, 2.6290153416539814,-34.402798816320576,-2.1696494611179413
2024-10-30 08:17:11,1.4850579696744455,-89.62803575896449,123.69935071820859, 2.649530761372451,-34.099759416355546,-2.194469100791761
2024-10-30 08:17:11,1.4850579696744455,-89.74990355010726,123.61918799777153, 2.663413519639623,-33.89794601014981,-2.211214480816467
2024-10-30 08:17:11,1.4850579696744455,-89.68998071283222,123.6587515665404, 2.656554953740072,-33.997325222888215,-2.20294665192703
2024-10-30 08:17:11,1.4850579696744455,-89.494329096046,123.7859586026493, 2.6345925907297065,-34.31983977157033,-2.176405709775971
2024-10-30 08:17:11,1.4850579696744455,-89.13370245904191,124.0127642700801, 2.5957581452242358,-34.90666032135155,-2.129220171123755
2024-10-30 08:17:11,1.4850579696744455,-88.76642012383972,124.23399631808017, 2.5582481022864645,-35.494579579974946,-2.083316641684409
2024-10-30 08:17:11,1.4850579696744455,-87.20940616196242,125.07333515053762, 2.4185997480932238,-37.888675082447314,-1.9091998101058674
2024-10-30 08:17:11,1.4850579696744455,-86.75092030996788,125.29308472903733, 2.3825344938007325,-38.566315351523635,-1.8632903682554285
2024-10-30 08:17:11,1.4850579696744455,-86.28866023592657,125.5032412311711, 2.3481440832918214,-39.238159058505495,-1.819099934453989
2024-10-30 08:17:11,1.4850579696744455,-86.21846345884961,125.53419080465949, 2.3430843895059135,-39.339220661599555,-1.8125625711949247
2024-10-30 08:17:12,1.4760119674190904,-85.81757870117006,125.10354782426795, 2.330297850093943,-39.30920177849693,-1.8034401288033088
2024-10-30 08:17:12,1.4268931523544721,-83.58347485285019,122.64923848517546, 2.263437960942366,-39.08764716759457,-1.7572039591273023
2024-10-30 08:17:12,1.377631623183043,-81.23545632679132,119.97139618426682, 2.2009728958097963,-38.756580467818466,-1.7166772444071248
2024-10-30 08:17:12,1.3319262127111922,-78.9464964678679,117.26553743865941, 2.1475110218541085,-38.3386252041012,-1.6847217784038606
2024-10-30 08:17:12,1.3246764252981769,-78.57261059155434,116.81474782156799, 2.13946081122068,-38.261562418265726,-1.6801868878517565
2024-10-30 08:17:12,1.322966323955358,-78.48396094050271,116.70750486103701, 2.137579905824938,-38.24293193287114,-1.6791393876239116
2024-10-30 08:17:12,1.317862405092158,-78.21832846922143,116.38533676837079, 2.1320076242318278,-38.18628612983693,-1.6760640308250065
2024-10-30 08:17:12,1.3194359267296953,-78.3003909587946,116.48499640016708, 2.133718891715151,-38.20391711727295,-1.6770039742320697
2024-10-30 08:17:13,1.32875011681147,-78.78308192147502,117.06881212727068, 2.1439691460169383,-38.30524447513511,-1.6827164043084781
2024-10-30 08:17:13,1.3522353894461907,-79.97771100216326,118.49609918731129, 2.17070272876646,-38.53843037304446,-1.6982182713232479
2024-10-30 08:17:13,1.367747579648232,-80.74999611783501,119.4053178146036, 2.1890290688148903,-38.67572599808182,-1.7092892837288116
2024-10-30 08:17:13,1.4125985852466265,-82.91387568960302,121.89579238387708, 2.2448224240145436,-39.00342832122012,-1.744823732567592
2024-10-30 08:17:13,1.4269583935073138,-83.58650994328332,122.65263497426005, 2.2635238146959895,-39.08801028487217,-1.7572615975835124
2024-10-30 08:17:13,1.4812066532026658,-86.0481700213334,125.3516202959272, 2.3376229304683136,-39.32683214533424,-1.8086560323601253
2024-10-30 08:17:13,1.4993841461949176,-86.84704570860194,126.20342827412107, 2.3636275351265463,-39.380296581048285,-1.8273873929833868
2024-10-30 08:17:13,1.5600078194217524,-89.42736221173693,128.87351434658726, 2.454445680124931,-39.47195586806528,-1.895142953440188
2024-10-30 08:17:13,1.601405901084079,-91.1221123288225,130.5595620761056, 2.5199947813833714,-39.46464908837173,-1.9459853681103603
2024-10-30 08:17:13,1.6467027083762265,-92.92084857713166,132.29038645354004, 2.59495355375225,-39.398366637265056,-2.0058070792057063
2024-10-30 08:17:13,1.6649953894895346,-93.63204872100543,132.95810969027877, 2.6261821536643892,-39.35557915923106,-2.0312027416895226
2024-10-30 08:17:13,1.6760119110771476,-94.05636813645216,133.35201547994683, 2.645255598163531,-39.32558967700855,-2.046840587309511
2024-10-30 08:17:13,1.684370421575667,-94.37636216652533,133.6468659517457, 2.6598610888024266,-39.30077247320375,-2.0588780009204317
2024-10-30 08:17:13,1.6928126957241534,-94.69789090001417,133.94122161877934, 2.6747305866670774,-39.27393305317604,-2.0711874098741516
2024-10-30 08:17:13,1.6956456191808154,-94.80541306833733,134.03923041816122, 2.679746799408106,-39.26453255602926,-2.0753521307123086
2024-10-30 08:17:13,1.701339998630148,-95.02098264490103,134.23508362644145, 2.6898701733924706,-39.245044463206675,-2.083775454024935
2024-10-30 08:17:13,1.704201550546699,-95.1290321927133,134.33292811312288, 2.694977803271774,-39.234954821875704,-2.0880345681590717
2024-10-30 08:17:13,1.7070727417451832,-95.23725968362253,134.4307179049849, 2.7001163786407627,-39.224633408260416,-2.092325663269176
2024-10-30 08:17:13,1.715744640415288,-95.56302070069674,134.72375946983868, 2.7157202024470903,-39.192268089777905,-2.1053934817907343
2024-10-30 08:17:13,1.7245050683827488,-95.89042266299617,135.01631002738245, 2.7316113832780355,-39.157778914926986,-2.1187587887255903
2024-10-30 08:17:13,1.7274451188557722,-95.9999265051483,135.1137179149454, 2.736973485547107,-39.145805543778216,-2.1232812931400034
2024-10-30 08:17:13,1.7245488761836723,-95.89205568093831,135.0177642767458, 2.731691173675023,-39.157601969122005,-2.1188260389613482
2024-10-30 08:17:13,1.7111864244772181,-95.39199949137137,134.57015930263492, 2.7075026584955144,-39.2095024408551,-2.098504512234194
2024-10-30 08:17:13,1.6812731274583206,-94.25798023269223,133.53800691366826, 2.65443543930538,-39.31017397632693,-2.0544000887816827
2024-10-30 08:17:13,1.6419636072803065,-92.73521396598787,132.11455169369657, 2.5869530358581843,-39.40799086525736,-1.9993438845444755
2024-10-30 08:17:13,1.5846684621912515,-90.44304767431834,129.89042995340415, 2.4931516768770603,-39.47400682373821,-1.924987305169083
2024-10-30 08:17:13,1.570229403967882,-89.85060014251552,129.2996083934816, 2.4703665324728115,-39.475148468063544,-1.9073545385097126
2024-10-30 08:17:13,1.5501891546279771,-89.0177285203072,128.45792818946492, 2.4393162504699863,-39.46568510825507,-1.883625017845374
2024-10-30 08:17:14,1.545687092373583,-88.82887380445294,128.2652732493838, 2.4324329655331134,-39.46174054178268,-1.8784135908296018
2024-10-30 08:17:14,1.5433685929889593,-88.73136039339553,128.16553680725636, 2.4289014182272113,-39.45944356752483,-1.8757469369303277
2024-10-30 08:17:14,1.5455641672170877,-88.82370809745903,128.25999423409513, 2.4322454991641886,-39.461623306408434,-1.8782719137189055
2024-10-30 08:17:14,1.576403571564644,-90.10469845398325,129.5538128662501, 2.4800672596092204,-39.47546043109844,-1.914839602147989
2024-10-30 08:17:14,1.6419170325626704,-92.73338672136653,132.11281772268367, 2.5868745921578675,-39.40808241893559,-1.9992806028474859
2024-10-30 08:17:14,1.6881270777756492,-94.51964223298197,133.7782733110628, 2.6664631244807024,-39.289047731320736,-2.0643366634470697
2024-10-30 08:17:14,1.735946361828018,-96.31551680021809,135.39321726327694, 2.752560209624674,-39.110071947857875,-2.136463159374258
2024-10-30 08:17:14,1.7827100926605959,-98.0248629526358,136.8754878088098, 2.840501548413206,-38.88504075108747,-2.2117804266417025
2024-10-30 08:17:14,1.7735096454496286,-97.6920166186893,136.5910232714812, 2.822902764347547,-38.93300961580217,-2.1965847996916126
2024-10-30 08:17:14,1.7289547020942209,-96.05607939029545,135.16358271223154, 2.739732343078124,-39.139580596537876,-2.1256106349743535
2024-10-30 08:17:14,1.6559124024196412,-93.27996108063456,132.62872098972204, 2.610607063329907,-39.37793347133714,-2.018503880273025
2024-10-30 08:17:14,1.6123528408261483,-91.56192713218152,130.9883471477386, 2.5378008962574023,-39.45400316928083,-1.960042333011521
2024-10-30 08:17:14,1.5798835972747853,-90.24741248518694,129.69605723263558, 2.485562829905909,-39.47510761801978,-1.9190945615347146
2024-10-30 08:17:14,1.545040827697354,-88.80171021677802,128.23750825540492, 2.4314476664558775,-39.46111849767307,-1.8776691070877503
2024-10-30 08:17:14,1.5030379669295733,-87.00615507614754,126.37166370055607, 2.368923976547526,-39.38953149597924,-1.8312419309232828
2024-10-30 08:17:14,1.4510287712091399,-84.69372581603245,123.88041539198865, 2.2957410700332503,-39.20922215246412,-1.7792187648187805
2024-10-30 08:17:15,1.4154870822673387,-83.04992761759834,122.04954315818252, 2.248552509421514,-39.021201574103884,-1.747285290862818
2024-10-30 08:17:15,1.4135453624300192,-82.95851228170599,121.94627288673708, 2.2460432792995593,-39.00929657912111,-1.7456283176504208
2024-10-30 08:17:15,1.4116089613967848,-82.86717493917608,121.84293862419396, 2.2435481714449113,-38.99724990618902,-1.7439850879286192
2024-10-30 08:17:15,1.4098282478900523,-82.78302837656712,121.74760516657084, 2.2412600816684867,-38.98601740759043,-1.7424821103202317
2024-10-30 08:17:15,1.411635981148392,-82.8684506120648,121.84438289978218, 2.243582937253312,-38.99741920195746,-1.7440079535319852
2024-10-30 08:17:15,1.4179933692169664,-83.16766811912805,122.18232794610118, 2.2518020357409574,-39.03631072670859,-1.7494376615825071
2024-10-30 08:17:15,1.432559990885263,-83.84640419336408,122.94285004065358, 2.2709250933234344,-39.118479383495384,-1.7622485218049289
2024-10-30 08:17:15,1.447648113561363,-84.53970275812695,123.71097000312507, 2.2911515951873658,-39.19370730502221,-1.7760523281879954
2024-10-30 08:17:15,1.4673961016492112,-85.43281170067293,124.68741901367265, 2.318253966266589,-39.27759526152904,-1.7949246814270454
2024-10-30 08:17:15,1.5052264051275173,-87.10122192219144,126.47195852269932, 2.37210728445835,-39.3948249757693,-1.8335648262625601
2024-10-30 08:17:15,1.522360786202178,-87.83968323223324,127.24529824704932, 2.3973148772670876,-39.43022419446252,-1.8521186782529353
2024-10-30 08:17:15,1.5415687061976282,-88.65553844483408,128.08786359661593, 2.426166043063673,-39.457535085059675,-1.8736848262963428
2024-10-30 08:17:15,1.5617601550438625,-89.50015001249642,128.94703172894674, 2.4571627299395944,-39.47274276188175,-1.8972204564605242
2024-10-30 08:17:15,1.5827405022736025,-90.36430233128519,129.81227879164607, 2.4900893589410695,-39.47453572110233,-1.9226070493221101
2024-10-30 08:17:15,1.5838845371355335,-90.41104240428415,129.858680162864, 2.4919057710409476,-39.47423573528442,-1.9240185124279605
2024-10-30 08:17:15,1.576624454456591,-90.1137675472734,129.56286344165557, 2.4804154765713657,-39.475449311668704,-1.9151088992398668
2024-10-30 08:17:15,1.562373776827603,-89.52561573394823,128.97272932124773, 2.4581153774550675,-39.47299473834541,-1.8979495087986236
2024-10-30 08:17:15,1.5536060174343158,-89.16062660404374,128.6032588816673, 2.4445629858562485,-39.46822793714037,-1.887609570977763
2024-10-30 08:17:15,1.5323868790351625,-88.26708410359359,127.68824099853185, 2.4122967799586927,-39.44607740553181,-1.8632751013319435
2024-10-30 08:17:15,1.5226172541994552,-87.85065883791249,127.2567155947291, 2.39769599081044,-39.43067383944767,-1.8524013121007847
2024-10-30 08:17:16,1.5226172541994552,-87.92368811381387,127.22458247139299, 2.4030622177957244,-39.32560371447476,-1.8593436063212854
2024-10-30 08:17:16,1.5226172541994552,-90.224738669314,126.06313702220916, 2.599364502349235,-35.86639936078864,-2.1069830817334814
2024-10-30 08:17:16,1.5226172541994552,-90.48650532601417,125.91060330684272, 2.625684275161544,-35.45252958545882,-2.139376589542657
2024-10-30 08:17:17,1.5226172541994552,-90.50028638114756,125.90244394282877, 2.6270968082530324,-35.43061221319366,-2.1411103816577306
2024-10-30 08:17:17,1.5226172541994552,-91.11261230580183,125.52631484332011, 2.6927643390961435,-34.44322196103997,-2.2212109508807405
2024-10-30 08:17:17,1.5226172541994552,-91.77121890663801,125.09013093367679, 2.7704212237521517,-33.3496750810348,-2.3147639144996637
2024-10-30 08:17:17,1.5226172541994552,-92.23459912977117,124.76175847277206, 2.8300890592324888,-32.558867675963214,-2.385871122078865
2024-10-30 08:17:17,1.5226172541994552,-92.59069243908208,124.49634387102054, 2.879148765006009,-31.938130912128862,-2.4438781697513177
2024-10-30 08:17:17,1.5226172541994552,-93.21487919508998,124.00128976460246, 2.97282642048576,-30.820348730014736,-2.5535992132214043
2024-10-30 08:17:17,1.5226172541994552,-93.42772234011794,123.82314247882786, 3.0072782483734497,-30.429890569372805,-2.593635094744373
2024-10-30 08:17:17,1.5226172541994552,-93.60342720979321,123.67226393003206, 3.0367816680631563,-30.1037613047854,-2.627794786884565
2024-10-30 08:17:17,1.5226172541994552,-93.83651248715108,123.46656227123096, 3.077503229749727,-29.6655987979121,-2.6747611700340905
2024-10-30 08:17:17,1.5226172541994552,-94.002794743767,123.3157920679727, 3.107727331130562,-29.349008069691916,-2.7094896908660804
2024-10-30 08:17:17,1.5226172541994552,-94.2468408524324,123.08816457713449, 3.1539856234366175,-28.878038443171675,-2.762437105077015
2024-10-30 08:17:17,1.5226172541994552,-94.93858966526949,122.39840337178678, 3.299078997304874,-27.49871706702355,-2.9270422307461113
2024-10-30 08:17:17,1.5226172541994552,-95.23159678579269,122.08438236735032, 3.3677718767496665,-26.892715866268688,-3.0042718385766576
2024-10-30 08:17:17,1.5226172541994552,-95.67746611836608,121.57843701363298, 3.4822363475381994,-25.942600710552238,-3.132078630210365
2024-10-30 08:17:17,1.5226172541994552,-96.41489211473885,120.65631636585275, 3.7041370702198506,-24.28631286323332,-3.3771220971826126
2024-10-30 08:17:17,1.5226172541994552,-96.71869802470869,120.24055248987382, 3.810409127111591,-23.56828936196641,-3.4933834708633538
2024-10-30 08:17:17,1.5226172541994552,-97.0470897260127,119.76383837901547, 3.937527510922761,-22.76502259936508,-3.631647738176696
2024-10-30 08:17:17,1.5226172541994552,-97.35980327044238,119.28034463649706, 4.072667698258406,-21.97075916327656,-3.777779720277458
2024-10-30 08:17:17,1.5226172541994552,-97.49765654892296,119.05709888793281, 4.13732572016776,-21.610586456484107,-3.847412977712353
2024-10-30 08:17:17,1.5226172541994552,-97.18749630112232,119.55053004117997, 3.9963468003223386,-22.412155086858697,-3.695353851719861
2024-10-30 08:17:17,1.5226172541994552,-97.02274654910799,119.8002213574965, 3.927617694396322,-22.825605772294402,-3.6208983395466365
2024-10-30 08:17:17,1.5226172541994552,-96.93995855311263,119.92266946328274, 3.894523066288523,-23.030363913107504,-3.584964847398183
2024-10-30 08:17:17,1.5226172541994552,-96.86562109871757,120.0309626405757, 3.865579622018904,-23.21257594350255,-3.553493484197056
2024-10-30 08:17:17,1.5226172541994552,-96.74002379264962,120.21048832444576, 3.8182554786868463,-23.517013264413915,-3.501942226921311
2024-10-30 08:17:17,1.5226172541994552,-96.62433146787379,120.37216894773853, 3.7763198679546677,-23.79377729006839,-3.456159888489244
2024-10-30 08:17:17,1.5226172541994552,-96.50703747267572,120.53262357119225, 3.7353256656047895,-24.07092940013129,-3.4113098237371706
2024-10-30 08:17:17,1.5226172541994552,-96.42874324889337,120.63785282372775, 3.70877005793499,-24.25406577813353,-3.382204260196288
2024-10-30 08:17:17,1.5226172541994552,-96.3497594883233,120.74253294699332, 3.682606418580508,-24.437347733170704,-3.3534869601025448
2024-10-30 08:17:18,1.5226172541994552,-96.26763442620799,120.84984424766293, 3.65604285110529,-24.6263957619235,-3.324287617343125
2024-10-30 08:17:18,1.5226172541994552,-96.1872337518314,120.95342725442585, 3.63064529726846,-24.810007606524007,-3.296328337959071
2024-10-30 08:17:18,1.5226172541994552,-95.91885918786814,121.28907308969553, 3.549939529217173,-25.41284269812899,-3.207199616572738
2024-10-30 08:17:18,1.5226172541994552,-95.63258093527007,121.63100137230788, 3.4701169928009628,-26.039870955137065,-3.1185956232285106
2024-10-30 08:17:18,1.5226172541994552,-95.49180608738999,121.7934359887583, 3.4330042220946506,-26.34253043224097,-3.077236480448981
2024-10-30 08:17:18,1.5226172541994552,-95.34879440892527,121.95479707953623, 3.396632503234216,-26.646362792133168,-3.036596814716674
2024-10-30 08:17:18,1.5226172541994552,-94.95264683779982,122.3836521566432, 3.302267390482991,-27.4699564684127,-2.930636256209691
2024-10-30 08:17:18,1.5226172541994552,-94.86147171312194,122.47878269116535, 3.2817705804902166,-27.6559546942449,-2.907515314264835
2024-10-30 08:17:18,1.5226172541994552,-94.76646808361663,122.57655292971795, 3.26086399388203,-27.84841444272079,-2.883891282038111
2024-10-30 08:17:18,1.5226172541994552,-94.61437688462104,122.7302713941018, 3.228313087122907,-28.15373391415333,-2.8470248635507485
2024-10-30 08:17:18,1.5226172541994552,-94.5173721735135,122.8265607080748, 3.2081179738295122,-28.34672311173148,-2.824099060162142
2024-10-30 08:17:18,1.5226172541994552,-94.32767519960791,123.01104381339512, 3.169834049488073,-28.720323792836986,-2.7805224248056675
2024-10-30 08:17:18,1.5226172541994552,-94.06924953102663,123.2545687296322, 3.1200939433650623,-29.221518458504008,-2.723668404267875
2024-10-30 08:17:18,1.5226172541994552,-93.693831785406,123.59324532071864, 3.05235555536669,-29.93457725502777,-2.6457814186490602
2024-10-30 08:17:18,1.5226172541994552,-93.29517219158514,123.93466835826888, 2.985662517190056,-30.673632891433673,-2.568534737256421
2024-10-30 08:17:18,1.5226172541994552,-92.97760348049063,124.19415422361362, 2.9359804507947858,-31.249917218127692,-2.5105979255455213
2024-10-30 08:17:18,1.5226172541994552,-92.23118822379297,124.76424444201058, 2.829633161853215,-32.56475736019086,-2.385330197462478
2024-10-30 08:17:18,1.5226172541994552,-91.8029457086968,125.06823476457546, 2.774366263424978,-33.29611487240052,-2.31948518822582
2024-10-30 08:17:18,1.5226172541994552,-91.68535602553315,125.14896907698801, 2.7598433130083375,-33.49420762798426,-2.3020902583274006
2024-10-30 08:17:18,1.5226172541994552,-91.57152670002596,125.22603768004106, 2.7460378162029233,-33.6848852473903,-2.2855174973785095
2024-10-30 08:17:18,1.5226172541994552,-91.51206269808233,125.26588049201273, 2.738922466554247,-33.78407832296048,-2.2769614904145654
2024-10-30 08:17:18,1.5226172541994552,-91.45240006120056,125.30557191711816, 2.7318486871252454,-33.88331918035684,-2.268445610096689
2024-10-30 08:17:18,1.5226172541994552,-91.21647360849012,125.45978486355646, 2.70449925201801,-34.27301964142407,-2.2354260049210675
2024-10-30 08:17:18,1.5226172541994552,-91.15584437653031,125.49872127448188, 2.697626855051498,-34.37247466719283,-2.2271046505814973
2024-10-30 08:17:18,1.5226172541994552,-91.09501656971223,125.53750526086252, 2.6907942081629916,-34.471976352710804,-2.21882159605206
2024-10-30 08:17:18,1.5226172541994552,-90.97276525677776,125.61461522185658, 2.677246992844683,-34.67111892392682,-2.202369210142938
2024-10-30 08:17:18,1.5226172541994552,-90.73572257329893,125.76100698963866, 2.651660363516356,-35.05413885974751,-2.171186138518434
2024-10-30 08:17:18,1.5226172541994552,-90.61119799780971,125.83629792219395, 2.638565856969773,-35.253741474609406,-2.1551705341684357
2024-10-30 08:17:18,1.5226172541994552,-90.4909060226967,125.90799920171929, 2.626135040384107,-35.44553213901616,-2.139929925705308
2024-10-30 08:17:18,1.5226172541994552,-90.29125585079214,126.02481389097228, 2.6059620238168786,-35.76166719480372,-2.115118920601636
2024-10-30 08:17:18,1.5226172541994552,-90.10522370065372,126.13125911696524, 2.5876611246425956,-36.0538442287897,-2.0925242387172727
2024-10-30 08:17:18,1.5226172541994552,-89.98205190315016,126.20049099698078, 2.5757978189517563,-36.24605261496912,-2.0778324213598913
2024-10-30 08:17:18,1.5226172541994552,-89.91757516564309,126.23634276846308, 2.5696661829885548,-36.34627999759616,-2.070224632423671
2024-10-30 08:17:21,1.5226172541994552,-90.14446991821383,126.10899270718794, 2.5914831390469217,-35.99239441752667,-2.0972498934375294
2024-10-30 08:17:21,1.5226172541994552,-91.4354682717116,125.31678449149955, 2.7298529925617503,-33.91143158252927,-2.2660412684839355
2024-10-30 08:17:26,1.5217037353818827,-91.46031342625386,125.23340158800472, 2.7359062472130637,-33.80329043132421,-2.273942983907946
2024-10-30 08:17:26,1.5190829398628316,-91.53022737758083,124.99275967967375, 2.7535224640347145,-33.49298632364197,-2.2968476860103393
2024-10-30 08:17:26,1.5155240538321688,-91.62191920221696,124.66258294285463, 2.7780534463353153,-33.07146555905815,-2.3285258208254698
2024-10-30 08:17:26,1.5137017697383919,-91.66741711312943,124.49199579883447, 2.7908939604179546,-32.85556132555006,-2.3450107985968884
2024-10-30 08:17:26,1.5109103616100834,-91.73519969862718,124.22867380983236, 2.8109420021550977,-32.52473745770859,-2.370621796232189
2024-10-30 08:17:26,1.5089134167965355,-91.78226792003795,124.0387938516995, 2.8255724301990703,-32.28799293522095,-2.389217396466766
2024-10-30 08:17:26,1.5070579091435539,-91.824936461422,123.86123411466161, 2.8393876331583794,-32.06795607614252,-2.4067061728886374
2024-10-30 08:17:26,1.5050135324888834,-91.87075682351883,123.66433687206755, 2.8548611999821016,-31.825451877252057,-2.4262153284238934
2024-10-30 08:17:26,1.5029766710742867,-91.91516407996006,123.46683969493061, 2.87054689513941,-31.583762742499776,-2.445909449910566
2024-10-30 08:17:26,1.4997591969630442,-91.9827732707723,123.15216167996529, 2.895887342230861,-31.201821250862746,-2.477556863260939
2024-10-30 08:17:26,1.497604192771972,-92.02631440427359,122.93953200165947, 2.9132569138248345,-30.945885971345728,-2.4991338746457212
2024-10-30 08:17:27,1.4952783586836356,-92.07173465226566,122.7083588862, 2.932371942344996,-30.66955051824483,-2.5227748571634536
2024-10-30 08:17:27,1.492872738899108,-92.11699154576235,122.4674021187464, 2.952556600684184,-30.383607791154542,-2.547624478322446
2024-10-30 08:17:27,1.4904324464480911,-92.16110774515249,122.22103585643434, 2.9734750378653643,-30.09340465042392,-2.5732583933935356
2024-10-30 08:17:27,1.4891639608955374,-92.18332489550485,122.09219833786791, 2.9845293167190317,-29.94249700848597,-2.586757221538166
2024-10-30 08:17:27,1.4852513634377804,-92.24876437977346,121.6914474198943, 3.0194297146097178,-29.476768288209545,-2.6291696086121346
2024-10-30 08:17:27,1.4825019638110277,-92.29195043963486,121.4067857443206, 3.0447056157445767,-29.149252649756164,-2.659699075589654
2024-10-30 08:17:27,1.4796644146627242,-92.33409059853973,121.11033493073327, 3.0714691632174658,-28.81101136271459,-2.6918631538967084
2024-10-30 08:17:27,1.4766613771225878,-92.37599093540325,120.79362791796765, 3.100571512200615,-28.45278209058233,-2.726657532972752
2024-10-30 08:17:27,1.4751290249412892,-92.3962995594469,120.63083968911039, 3.1157399262527936,-28.269881440878674,-2.744721206191714
2024-10-30 08:17:27,1.4735537014932893,-92.41642100597149,120.4626487728425, 3.1315642112060176,-28.08177316460772,-2.7635155198051176
2024-10-30 08:17:27,1.4702967184656162,-92.45558362311543,120.1122059854134, 3.165043658919565,-27.692597605573308,-2.803115056527215
2024-10-30 08:17:27,1.467003806459701,-92.4918261872908,119.75415999280689, 3.199977313285012,-27.298754898150214,-2.844208632818397
2024-10-30 08:17:27,1.4634341181493253,-92.52729275511099,119.36173626059323, 3.2391387288624323,-26.87136137236723,-2.8900167723349646
2024-10-30 08:17:27,1.4597090804140485,-92.56004527104011,118.94743793552809, 3.2815105333091075,-26.42484466076697,-2.9392907937127726
2024-10-30 08:17:27,1.4557394067833496,-92.59014105013,118.50048313300623, 3.3284525044112696,-25.94838202341128,-2.993550999282853
2024-10-30 08:17:27,1.4494597757666674,-92.62756051489116,117.781813557909, 3.406745825926824,-25.193265520887177,-3.0833442982212276
2024-10-30 08:17:27,1.4453342773615516,-92.6453063454133,117.3018074124727, 3.461076155907608,-24.69618303811329,-3.145179766347475
2024-10-30 08:17:27,1.440644989880923,-92.65884939572521,116.74851692458806, 3.5258445956666695,-24.130142428852025,-3.2184321631486807
2024-10-30 08:17:27,1.4360884294729097,-92.66521252439227,116.20294619095026, 3.5920778520495262,-23.57901411933442,-3.292862664294539
2024-10-30 08:17:27,1.431160919762935,-92.66450383006763,115.60402262416456, 3.667656347395476,-22.981712539760316,-3.377255436180863
2024-10-30 08:17:27,1.425912993325978,-92.65501367843918,114.95578038165668, 3.7530570250449857,-22.34398562193393,-3.471987701592849
2024-10-30 08:17:27,1.4209590545797526,-92.63772391974769,114.33387336434942, 3.838743429720417,-21.740390486034695,-3.5664316909150156
2024-10-30 08:17:27,1.4154687249083655,-92.60903055127025,113.63310783339797, 3.9400253922763206,-21.069519065339364,-3.677363233732799
2024-10-30 08:17:27,1.4100107137927418,-92.57048567731609,112.92424198030714, 4.047974740185008,-20.400470077345602,-3.7948487981452663
2024-10-30 08:17:27,1.4044519517155072,-92.52086178276576,112.1895180888511, 4.166189201522821,-19.716754962845528,-3.922719743785228
2024-10-30 08:17:27,1.3988680460315428,-92.46037374796705,111.43823219695189, 4.294321653014261,-19.027449896910888,-4.060497985413794
2024-10-30 08:17:27,1.3904457062475415,-92.34871252753149,110.27933303793029, 4.507973460260526,-17.98268494443527,-4.288600878221892
2024-10-30 08:17:27,1.3878090519047295,-92.30865115395657,109.91004129763996, 4.580535866848674,-17.654290525099235,-4.365664181457632
2024-10-30 08:17:27,1.3848203746259014,-92.26026859284075,109.4876322129393, 4.666418223866071,-17.28125112715484,-4.4566355942148075
2024-10-30 08:17:27,1.3820551306913986,-92.21267280467283,109.09315344850384, 4.749547182290224,-16.935321464467716,-4.544461389177994
2024-10-30 08:17:27,1.3793460309160885,-92.16338868212033,108.7032436663548, 4.834642107662749,-16.595669634149548,-4.634147125289577
2024-10-30 08:17:27,1.3710144276448635,-91.99517802016196,107.4823592951006, 5.121741664373239,-15.546268348317833,-4.935302264185413
2024-10-30 08:17:28,1.3652608762664038,-91.86415683110638,106.61963003533619, 5.345837944480808,-14.817102781600118,-5.169052711344926
2024-10-30 08:17:28,1.3597834291514115,-91.72795566437765,105.78297518415796, 5.582510284956651,-14.119325247511465,-5.414879362321536
2024-10-30 08:17:28,1.354495934832769,-91.58571044850501,104.96079683408537, 5.836205422341469,-13.442252274565524,-5.677379964549607
2024-10-30 08:17:28,1.3516894972159283,-91.50585974516383,104.51848585301758, 5.982365197707008,-13.08143644417704,-5.828201706258226
2024-10-30 08:17:28,1.3489914662650047,-91.426218930118,104.08932076482522, 6.131280853251649,-12.733585433740224,-5.981592033619652
2024-10-30 08:17:28,1.343772012362652,-91.26406579593153,103.24792966724877, 6.445618846082645,-12.057873227211433,-6.304567631822772
2024-10-30 08:17:28,1.335854679435487,-90.99741242794259,101.94281791558848, 7.001708186167427,-11.025635920177733,-6.873716574384103
2024-10-30 08:17:28,1.3277713128907105,-90.69884021926977,100.57318544082474, 7.697389680237466,-9.962338122469841,-7.582686612481506
2024-10-30 08:17:28,1.3252200269432775,-90.59896264216731,100.13284889555776, 7.95103536075458,-9.624705496466529,-7.84051857472716
2024-10-30 08:17:28,1.3226491003445593,-90.49553405822955,99.68512086225662, 8.226465698734962,-9.283473441621144,-8.120164158000595
2024-10-30 08:17:28,1.3202130227840865,-90.39492916832386,99.25711835628434, 8.507990164962596,-8.959209634761658,-8.40568005380576
2024-10-30 08:17:28,1.3125609814869383,-90.06218165525485,97.88834390619948, 9.551491253327892,-7.93479071729538,-9.461704847763485
2024-10-30 08:17:28,1.3098999699000853,-89.9404169785158,97.40347407215926, 9.984377589184348,-7.576499452341066,-9.898942604609841
2024-10-30 08:17:28,1.3073738052998427,-89.82188193585971,96.93882887892377, 10.437107846092292,-7.235423972199161,-10.355802602899441
2024-10-30 08:17:28,1.3024378443935918,-89.58188509451465,96.01847380821908, 11.464671713182828,-6.566496499882492,-11.391433817444526
2024-10-30 08:17:28,1.3001167211150033,-89.46513589227783,95.57986130593254, 12.027668577174259,-6.250899773543368,-11.958224096411632
2024-10-30 08:17:28,1.2975010352537153,-89.33054267814342,95.0810338338808, 12.737685426155833,-5.894573838626745,-12.672516087826988
2024-10-30 08:17:28,1.292715153643869,-89.07584605488708,94.1555854928507, 14.298099524411517,-5.241229275185898,-14.240754645716205
2024-10-30 08:17:28,1.2903111872066866,-88.9437307612689,93.6843736926609, 15.244998182155165,-4.912717909462951,-15.191585392230332
2024-10-30 08:17:28,1.2880823010454776,-88.81870098029894,93.24360333233261, 16.248084015672422,-4.608211890509852,-16.198318458339127
2024-10-30 08:17:28,1.2856436284768744,-88.67907362170322,92.75700495163835, 17.51506469843559,-4.275466228239054,-17.469291688939595
2024-10-30 08:17:28,1.283226297109791,-88.5377141890375,92.27011411230501, 18.98875556648637,-3.946536320440698,-18.946942641670237
2024-10-30 08:17:28,1.2786257778053995,-88.26042537311139,91.33069806524026, 22.622568444384846,-3.3256417540739314,-22.588300367759206
2024-10-30 08:17:28,1.2741600490313818,-87.98067989666114,90.40231699970181, 27.762316122700845,-2.736209645637379,-27.73538447243229
2024-10-30 08:17:28,1.2696671579648122,-87.68844024620634,89.45134694924688, 35.77063470889631,-2.172414779677627,-35.75109947481501
2024-10-30 08:17:28,1.265350502516007,-87.39719660224326,88.52113144394868, 48.393688189343415,-1.6923758567371692,-48.3812764991912
2024-10-30 08:17:28,1.257210126910451,-86.81905688244171,86.72081225039315, 94.46757918961634,-1.2610423314969452,-94.46865709739258
2024-10-30 08:17:28,1.2479795814132864,-86.11553922907198,84.6020501876181, 140.484269235138,-1.9615656596401978,-140.50075376457008
2024-10-30 08:17:28,1.238819862577034,-85.36378230870802,82.4118887738959, 157.2214559705419,-3.2010923076458457,-157.2533764354851
2024-10-30 08:17:29,1.232926961767107,-84.85009562143576,80.95317791576653, 162.42814539845727,-4.087019909406342,-162.47009136037997
2024-10-30 08:17:29,1.2303004015099426,-84.61318694357804,80.2897556415989, 164.0988205911023,-4.494755084723989,-164.14526248292356
2024-10-30 08:17:29,1.2287554693267122,-84.47148218373741,79.89558844336783, 164.95159587038734,-4.737661024108314,-165.00069076261315
2024-10-30 08:17:29,1.2274669442340136,-84.35193949417136,79.564563509777, 165.60117694251025,-4.941875745330276,-165.65248954812378
2024-10-30 08:17:36,1.2280513339108092,-84.40491261496175,79.70435743589768, 165.3404842201072,-4.857977352559852,-165.3908891866288
2024-10-30 08:17:36,1.231130211379742,-84.68072517916818,80.4371781593948, 163.80520727200766,-4.418212354035527,-163.8508210091313
2024-10-30 08:17:36,1.2324212920918645,-84.79460260929577,80.74143500752629, 163.07161611706277,-4.236094346013938,-163.11522741541273
2024-10-30 08:17:36,1.2344065943712095,-84.96769619874064,81.20585684587087, 161.81848580403113,-3.95891459015773,-161.85902533154427
2024-10-30 08:17:36,1.2357416044470724,-85.08273565575158,81.51584787083216, 160.87725040902632,-3.7746221641206823,-160.91572921603998
2024-10-30 08:17:36,1.2377852117271986,-85.2567529571173,81.98683989242004, 159.2532047160908,-3.496109247275185,-159.28853634377083
2024-10-30 08:17:36,1.2392182906148848,-85.37729874958458,82.31460820227032, 157.95828344703108,-3.3036755898835066,-157.99141323457104
2024-10-30 08:17:36,1.240001522280117,-85.44267040516738,82.49288098760974, 157.1873585784142,-3.1996097574139766,-157.21928670859972
2024-10-30 08:17:36,1.242234344376443,-85.62707048016256,82.99778621675073, 154.69985358993836,-2.9077824025761365,-154.72836256952965
2024-10-30 08:17:36,1.2437928818815427,-85.75408415899061,83.34734956303008, 152.6596759093279,-2.708963294105823,-152.68580381215878
2024-10-30 08:17:36,1.245409700932304,-85.88439075731034,83.70753304290587, 150.21571091436854,-2.50778955031684,-150.23937332568894
2024-10-30 08:17:36,1.2470396394838623,-86.0142710569405,84.0681466632168, 147.3399050577935,-2.311257213418109,-147.3610865778597
2024-10-30 08:17:36,1.2487501112142674,-86.14898618320807,84.44392435616385, 143.7734087665729,-2.1133273071790413,-143.7919916149651
2024-10-30 08:17:36,1.2514675144062242,-86.35972259526726,85.03542393014152, 136.61254111363934,-1.8219931333094586,-136.62700514961145
2024-10-30 08:17:36,1.2533355821674972,-86.50228970040362,85.43820491872053, 130.3251990136024,-1.6440638348314316,-130.33683815041695
2024-10-30 08:17:36,1.2552181603035768,-86.64409468760792,85.84100250003881, 122.60621663791596,-1.490109561518807,-122.61501408102177
2024-10-30 08:17:36,1.2573290028096955,-86.80089178358067,86.2889828417086, 112.14972631258897,-1.3575289757124804,-112.15534337615532
2024-10-30 08:17:36,1.2605056618949944,-87.03254285546404,86.95601080239632, 93.47390838205354,-1.2628264860358578,-93.47475026772527
2024-10-30 08:17:37,1.2639447614393569,-87.27759656916896,87.66868086621564, 72.80986418383826,-1.3230564902056245,-72.80555033281175
2024-10-30 08:17:37,1.2688138415114438,-87.61459629479417,88.66134057620042, 50.48426048658243,-1.6448048635263317,-50.472669625435145
2024-10-30 08:17:37,1.272927438446009,-87.89045432701276,89.48551305846422, 38.59962088206879,-2.0406219615186716,-38.581900478473244
2024-10-30 08:17:37,1.275795190401897,-88.07808347081206,90.05246293670368, 32.87903185464147,-2.3505708493018505,-32.857047188460854
2024-10-30 08:17:37,1.2803677035681045,-88.36947259417406,90.9438569185299, 26.454905870470228,-2.875011779499409,-26.42613542395764
2024-10-30 08:17:37,1.2853432689436246,-88.67593941215296,91.8967537994944, 21.769358527612233,-3.4675657161419857,-21.733220472002756
2024-10-30 08:17:37,1.2905202594679277,-88.98339160692046,92.8699645854895, 18.384577670021507,-4.094915962655724,-18.340788779666326
2024-10-30 08:17:37,1.2943960982953984,-89.2061342299985,93.58675839877486, 16.47929806697885,-4.567500772755169,-16.429789467959694
2024-10-30 08:17:37,1.2984495242304108,-89.43242251928149,94.32587474993761, 14.880371390738112,-5.062385250254412,-14.824887047050865
2024-10-30 08:17:37,1.3047178627748308,-89.76926572867728,95.44831455789944, 12.961401152536666,-5.826517468039059,-12.896684795099286
2024-10-30 08:17:37,1.3069309938801823,-89.88446980525777,95.83879932022977, 12.403389649626016,-6.095568468199548,-12.3354156565402
2024-10-30 08:17:37,1.3091665869342415,-89.99890307802305,96.23023555986425, 11.889713255301249,-6.366840550566983,-11.818449218640492
2024-10-30 08:17:37,1.313880580844591,-90.23389593465534,97.04588063419939, 10.944035704563177,-6.936950049172375,-10.865835500494974
2024-10-30 08:17:37,1.3187014090852138,-90.46552428938386,97.86665376119048, 10.132017254002701,-7.517047798919194,-10.046723857628807
2024-10-30 08:17:37,1.3237329693452868,-90.69809932780687,98.70929643815944, 9.41425090319493,-8.119120258556205,-9.321552394074544
2024-10-30 08:17:37,1.3289989708728516,-90.9316784561698,99.57630453340447, 8.774334164290815,-8.745420244084293,-8.673881250162328
2024-10-30 08:17:37,1.331637396549355,-91.04499204972782,100.00510677247448, 8.488886814711393,-9.057727881601911,-8.38454636486307
2024-10-30 08:17:37,1.334280185406539,-91.15603962586202,100.43094410368944, 8.223198559101567,-9.369555929587497,-8.114962200627245
2024-10-30 08:17:37,1.3370064404088857,-91.26804738460943,100.86643156463256, 7.968150895669477,-9.69019147318142,-7.8558932555442915
2024-10-30 08:17:37,1.3426075351537978,-91.49016071970561,101.74926442896337, 7.496811079733493,-10.345651150646303,-7.376283044415652
2024-10-30 08:17:37,1.3452750200879913,-91.59220436710558,102.16419629779477, 7.294050929977181,-10.656274781409643,-7.169579499757067
2024-10-30 08:17:37,1.351253490597866,-91.81229682721849,103.08154651287246, 6.882603422077373,-11.348932449525583,-6.749281253834216
2024-10-30 08:17:37,1.3568588452139188,-92.00800769646396,103.92616891998523, 6.54292694210037,-11.994040249454471,-6.401288453704431
2024-10-30 08:17:37,1.362878516099842,-92.20692848021572,104.81700638577594, 6.219353917415431,-12.682326826944093,-6.068762392354339
2024-10-30 08:17:37,1.3659434455686184,-92.30379916225336,105.26427372229463, 6.068737449222787,-13.03103100553062,-5.913577842559505
2024-10-30 08:17:37,1.3689355404858414,-92.395532085136,105.69688415646627, 5.9298817347571875,-13.37034639124998,-5.770255889497251
2024-10-30 08:17:37,1.3719795611212302,-92.48600760581186,106.13297414995992, 5.796238796519653,-13.714455551797828,-5.632062062533378
2024-10-30 08:17:37,1.3750023672413978,-92.57303335861535,106.56205848529082, 5.670537430435527,-14.055096448288795,-5.501834066741465
2024-10-30 08:17:37,1.3781312759025148,-92.66018025180934,107.00209679221591, 5.547210273410725,-14.406595041646872,-5.373813219675568
2024-10-30 08:17:37,1.3842300126577067,-92.82156188943084,107.8480032155552, 5.324715738313804,-15.08860156192145,-5.142144725317894
2024-10-30 08:17:37,1.3872720472796405,-92.89791344706487,108.26421086720082, 5.221724925758684,-15.427289253205279,-5.034564862251546
2024-10-30 08:17:37,1.3904021989832689,-92.97362697982268,108.68856239625434, 5.120780232674176,-15.774780164375482,-4.928888646922306
2024-10-30 08:17:37,1.3934902336724089,-93.0455114465864,109.10336509189987, 5.025846418025397,-16.116617736126486,-4.829277164811322
2024-10-30 08:17:37,1.3997832808669792,-93.18345099292269,109.93707862413928, 4.845409130960619,-16.810332102744344,-4.639275864066927
2024-10-30 08:17:37,1.402817990908227,-93.24590926668843,110.33364890759898, 4.76410064278128,-17.143513289320023,-4.553339582229249
2024-10-30 08:17:37,1.4059421094710365,-93.307473982333,110.73824291403557, 4.683943774034729,-17.485623087999848,-4.46840747393363
2024-10-30 08:17:38,1.4091566525047619,-93.3679459232696,111.15071810273461, 4.604987660932596,-17.836718663785774,-4.384525821224932
2024-10-30 08:17:38,1.415706284850111,-93.4822191326487,111.97931202166473, 4.454252352742239,-18.54930051932037,-4.22371539319509
2024-10-30 08:17:38,1.4220217614334005,-93.58117840308736,112.76355706222454, 4.320510651834254,-19.23303591103275,-4.080206612404006
2024-10-30 08:17:38,1.4252484396128748,-93.62752940500138,113.1587684250919, 4.256150375950328,-19.581147296749158,-4.01083559750315
2024-10-30 08:17:38,1.4287446207772314,-93.67456608399509,113.58287642804792, 4.189212049771086,-19.95743743483019,-3.9384518084684483
2024-10-30 08:17:38,1.4318412502028974,-93.71347744179481,113.95498503518965, 4.132215089580781,-20.28996760017086,-3.8766173031538735
2024-10-30 08:17:38,1.43532705011716,-93.75420767622212,114.36993571133176, 4.070482902115162,-20.663463390508397,-3.8094230535640428
2024-10-30 08:17:38,1.4420029158988974,-93.82320417544861,115.15320807898226, 3.9589131225424583,-21.376423331391933,-3.6873421794582417
2024-10-30 08:17:38,1.4451295315354311,-93.85147994277197,115.51496519470608, 3.9094525667655953,-21.70931847114049,-3.6329353994816316
2024-10-30 08:17:38,1.4486301393796024,-93.88010399626923,115.91620066854578, 3.856041295174617,-22.081294703794203,-3.573968070885453
2024-10-30 08:17:38,1.4554070940762376,-93.9264761246059,116.68174118935788, 3.7581388478909603,-22.799292420316487,-3.465253413912014
2024-10-30 08:17:38,1.4588437759629387,-93.94546817667248,117.06438090993773, 3.711072181309739,-23.162374054367017,-3.4126747619551345
2024-10-30 08:17:38,1.4622099663181185,-93.96113991117193,117.435585544667, 3.666542351501478,-23.517369310264495,-3.362726633716467
2024-10-30 08:17:38,1.4655248588245235,-93.97375270308461,117.79770037120902, 3.624136598966558,-23.8663572978898,-3.3149660811112396
2024-10-30 08:17:38,1.4690341522619395,-93.98407086932352,118.17737714639838, 3.580731373979528,-24.235187531118708,-3.265871038161419
2024-10-30 08:17:38,1.47251179835173,-93.99123244665105,118.5499400769797, 3.5391541567470264,-24.600080516554165,-3.218633648884947
2024-10-30 08:17:38,1.4758326035880607,-93.99523825053701,118.90230663660141, 3.5007236430219306,-24.94796929264339,-3.174777760809333
2024-10-30 08:17:38,1.48257720986545,-93.99490807744486,119.60789542541545, 3.426263863642675,-25.652967572555884,-3.089236045115071
2024-10-30 08:17:38,1.486269708045608,-93.98995033853755,119.98854280844877, 3.387416115259483,-26.038088804411927,-3.0442847293076283
2024-10-30 08:17:38,1.4931883863304534,-93.97162826224664,120.69118612414361, 3.3180098157689564,-26.75818293860803,-2.9633707342768965
2024-10-30 08:17:38,1.4966817279796196,-93.95792809010325,121.0407859391078, 3.284543097813093,-27.121059461446983,-2.924057513911094
2024-10-30 08:17:38,1.5001331241171245,-93.94147689688533,121.38281976296558, 3.252458604631619,-27.47913627721175,-2.886172452743368
2024-10-30 08:17:38,1.5035824900586243,-93.92215183782245,121.7213378414946, 3.2213256629088156,-27.83658110507996,-2.84921790278267
2024-10-30 08:17:38,1.507048700505019,-93.8998401547322,122.05820098212882, 3.1909411508524625,-28.195364960551636,-2.8129583746274838
2024-10-30 08:17:38,1.5104049402095716,-93.87548429088591,122.38124429358221, 3.162346105064834,-28.542394055133236,-2.7786505114466453
2024-10-30 08:17:38,1.513960407244344,-93.84674047818912,122.72013114025485, 3.13290401792411,-28.909641373033452,-2.7431301644313577
2024-10-30 08:17:38,1.5173596748729372,-93.81643965870582,123.04095148113315, 3.105541315403608,-29.260404050049566,-2.70993056063415
2024-10-30 08:17:38,1.5242788508227225,-93.74628915742812,123.68448746037363, 3.0520962595372,-29.97338368625658,-2.644525623928504
2024-10-30 08:17:38,1.5275873780635805,-93.70874850199989,123.98775643646366, 3.027554532304816,-30.313865559739305,-2.614227011596971
2024-10-30 08:17:38,1.5309545201924128,-93.66790014223899,124.29347436810848, 3.003218589656951,-30.660104713255485,-2.5840064867663513
2024-10-30 08:17:38,1.5342947596949346,-93.62475311626224,124.59385803375737, 2.9796928508120017,-31.003317031363487,-2.5546172469570263
2024-10-30 08:17:38,1.537584391984608,-93.57971295169081,124.88689724138632, 2.9571019781644603,-31.341088604982147,-2.526226159443293
2024-10-30 08:17:38,1.5406628094823154,-93.53528278446164,125.15862910057677, 2.93646403421864,-31.656967568338754,-2.500137180366596
2024-10-30 08:17:38,1.544173271464665,-93.48193335743657,125.46557840463845, 2.913502493967257,-32.016949151914005,-2.4709318469285293
2024-10-30 08:17:38,1.5503946560130235,-93.38038960163951,126.00199716936318, 2.874244636664381,-32.65436365806809,-2.4205348370253725
2024-10-30 08:17:38,1.5535055294666302,-93.32627410711304,126.26662635791722, 2.8552738167257976,-32.972840725194445,-2.3959582891860944
2024-10-30 08:17:38,1.55652181394603,-93.271685723414,126.52094031295962, 2.8372826638534865,-33.281487473416824,-2.3725087346552183
2024-10-30 08:17:38,1.5594943741534968,-93.21585401023115,126.76939611399587, 2.8199290238039465,-33.58552671928667,-2.3497533246504188
2024-10-30 08:17:38,1.567974407615202,-93.045529199255,127.4664547528069, 2.7723856157220976,-34.452220598703,-2.2866752706467945
2024-10-30 08:17:38,1.570474501579517,-92.99220406655888,127.6686785982241, 2.7588997135658113,-34.70757128669418,-2.268573674070301
2024-10-30 08:17:38,1.5730875206026023,-92.93496316832973,127.87845284525409, 2.745052379166882,-34.97438150199733,-2.249884515103425
2024-10-30 08:17:38,1.575701053089327,-92.87617380523764,128.086657410063, 2.7314496854495864,-35.24117276098156,-2.231420860299313
2024-10-30 08:17:38,1.580485308535577,-92.76458507093433,128.463643889982, 2.7071709436781184,-35.729382721492414,-2.19819618918887
2024-10-30 08:17:38,1.5825688697265465,-92.71438710858627,128.62615666683325, 2.6968419296424706,-35.94193663455142,-2.1839517624131997
2024-10-30 08:17:38,1.586858556337919,-92.60799074063634,128.9575811005236, 2.6760283444893744,-36.379438672296615,-2.1550395029397715
2024-10-30 08:17:39,1.5905266858588711,-92.5137669715234,129.23763003353886, 2.658699424170226,-36.753443031979465,-2.1307449099504834
2024-10-30 08:17:39,1.5953528672073356,-92.38525872751852,129.6014198355519, 2.6365346121433695,-37.2453936938567,-2.099357792506162
2024-10-30 08:17:39,1.5980750012102702,-92.3105093620304,129.80428414385395, 2.6243412851785775,-37.5228141621428,-2.0819336244275854
2024-10-30 08:17:39,1.6004374706802824,-92.24431560519947,129.97899331174438, 2.6139344217590774,-37.76355094915829,-2.0669698557386496
2024-10-30 08:17:39,1.6008005313248288,-92.23403444203882,130.00573137771755, 2.612349346581246,-37.80054477091989,-2.0646830588798624
2024-10-30 08:17:43,1.6036375790478472,-92.34999098245765,130.1168252875103, 2.6172613764448687,-37.79578951494334,-2.068700381078607
2024-10-30 08:17:43,1.6185257512612592,-92.95473798919768,130.69223406007103, 2.643283493981476,-37.76702239648807,-2.0900919070377255
2024-10-30 08:17:43,1.6257407338994643,-93.24557150199826,130.96658298430776, 2.6560421521937254,-37.75081923282647,-2.1006454710665317
2024-10-30 08:17:43,1.637951739284306,-93.73455335005553,131.42437648069412, 2.6778559425759116,-37.72011418691618,-2.1187849535007595
2024-10-30 08:17:43,1.6476512428095242,-94.12012236876744,131.78228626749745, 2.6953808761813116,-37.692845199894975,-2.1334428267410273
2024-10-30 08:17:43,1.6598251886071027,-94.6005804626903,132.22450039543983, 2.717624833449732,-37.65509907925521,-2.152152636921443
2024-10-30 08:17:43,1.672554226634061,-95.09891184836796,132.67874520996207, 2.7411793632731825,-37.61154275080631,-2.1720881660035327
2024-10-30 08:17:43,1.6976489507745645,-96.06968691386997,133.55075433046633, 2.7885078959706577,-37.51385172944834,-2.2125092243736115
2024-10-30 08:17:43,1.7079901089139726,-96.46537381296848,133.90131639312153, 2.8083576445499925,-37.46918147655315,-2.229599783060559
2024-10-30 08:17:43,1.7190118354369774,-96.88439078952358,134.26948526817773, 2.829737784497617,-37.418825475609815,-2.2480949510223107
2024-10-30 08:17:43,1.7300743678559396,-97.30220706205414,134.63347058195194, 2.851430775076033,-37.36549642307344,-2.2669499954686203
2024-10-30 08:17:43,1.742357922705447,-97.76298210864398,135.03126818191686, 2.8757940941862596,-37.30308577623182,-2.288229627243714
2024-10-30 08:17:43,1.7678069453641743,-98.70737237256394,135.8347953892699, 2.9272027443058324,-37.16342941823363,-2.333474378176358
2024-10-30 08:17:43,1.7945279765348106,-99.68469795980509,136.6497692900371, 2.982553814985184,-37.002392994290766,-2.38267775963666
2024-10-30 08:17:43,1.8219458464727336,-100.67305630510904,137.45694114543133, 3.0408377759218572,-36.82260909622498,-2.4349962161794867
2024-10-30 08:17:43,1.8361382574905316,-101.1791487321822,137.86368908348152, 3.071610517825288,-36.72401232149266,-2.4628163263755036
2024-10-30 08:17:43,1.8504569193223783,-101.68605620102309,138.2666634017741, 3.1030802591831077,-36.620848872403535,-2.491400176777569
2024-10-30 08:17:43,1.8648921120447761,-102.19343364228455,138.66559689540733, 3.1352417727079422,-36.51319675989463,-2.520746458845112
2024-10-30 08:17:43,1.879606580969463,-102.70694340962814,139.06488053116638, 3.168481556994035,-36.399794479400185,-2.551213400442881
2024-10-30 08:17:43,1.894404872988348,-103.21971997688958,139.45913173751958, 3.2023813529555714,-36.2821149769752,-2.5824227320441286
2024-10-30 08:17:43,1.909435718591909,-103.73689134945457,139.85227300138996, 3.237303910740845,-36.15896212851752,-2.614712868088416
2024-10-30 08:17:43,1.9243818827828914,-104.24757728272313,140.23608860093802, 3.272526588856803,-36.03298255338919,-2.647417742775682
2024-10-30 08:17:43,1.9543629098514514,-105.2615825697109,140.98534983474227, 3.3447051668681906,-35.770082172371616,-2.714843897796768
2024-10-30 08:17:43,1.9997353561458002,-106.77097172461342,142.06947114235342, 3.457931591259661,-35.34775454632508,-2.821627717099508
2024-10-30 08:17:43,2.011396843831729,-107.15422471835656,142.33888558734316, 3.4878343962342484,-35.23470199236499,-2.8500191391682805
2024-10-30 08:17:43,2.022870859544712,-107.52950879791769,142.6004249944855, 3.517584724879371,-35.12174314110328,-2.8783396235342344
2024-10-30 08:17:43,2.041754950653061,-108.143330608426,143.02338963515135, 3.5672686125734416,-34.932206701798385,-2.92579331297321
2024-10-30 08:17:43,2.052724986050018,-108.49776514331481,143.2649167315056, 3.5965488801962264,-34.82008244422658,-2.9538480114465346
2024-10-30 08:17:46,2.0484238959678205,-108.35898526196047,143.17058071143146, 3.5850317885217655,-34.86421782605998,-2.942805323890504
2024-10-30 08:17:46,2.02509700404156,-107.60211482348335,142.65076631286547, 3.5233948479410233,-35.0996323437119,-2.883878892206407
2024-10-30 08:17:46,2.015358818580566,-107.28401135703345,142.42958902404217, 3.498070156100542,-35.19588872742236,-2.8597547671860775
2024-10-30 08:17:46,2.005091731167897,-106.94724013643281,142.1936743278819, 3.4716251204057276,-35.29604877138072,-2.8346197387502934
2024-10-30 08:17:46,1.9944860335528352,-106.59784062792787,141.94699277341311, 3.444579684990485,-35.39805758091841,-2.808975347778043
2024-10-30 08:17:46,1.983061143763552,-106.21969554773037,141.67780087874038, 3.4157505140803925,-35.50625840097745,-2.781710013632271
2024-10-30 08:17:46,1.9645761298907762,-105.60393193841983,141.23449352632684, 3.3697666976429597,-35.67752229782595,-2.738376822196386
2024-10-30 08:17:46,1.9512482999474783,-105.15687330456171,140.90876422909616, 3.337110763739931,-35.79801070377612,-2.7077247653198797
2024-10-30 08:17:46,1.9368607800351627,-104.67129448213323,140.55124621047688, 3.302319758246271,-35.92518101962249,-2.675184626044795
2024-10-30 08:17:46,1.9289009677648739,-104.40129877594002,140.35076988818534, 3.2832751057505356,-35.9942153486319,-2.657424504218424
2024-10-30 08:17:46,1.9210740807703812,-104.13485758043312,140.15174618698487, 3.2646882302910947,-36.06116110156407,-2.6401280601121626
2024-10-30 08:17:46,1.9036916235108883,-103.5396824094881,139.70288945597378, 3.2238993663750657,-36.20645009828994,-2.602302407434688
2024-10-30 08:17:46,1.8853250540252604,-102.9055245443765,139.21808835289875, 3.1815250715834984,-36.354745953685665,-2.563205597442368
2024-10-30 08:17:46,1.8644330969620257,-102.1773554623168,138.65302268483757, 3.1342123004108875,-36.51667530210078,-2.519805055324281
2024-10-30 08:17:46,1.842924964970701,-101.4198668639997,138.0556030530938, 3.086473120256633,-36.67557104282707,-2.4762994640557165
2024-10-30 08:17:47,1.820376038855976,-100.61685046952469,137.41149477396402, 3.0374594752996207,-36.83328677459837,-2.4319501575941467
2024-10-30 08:17:47,1.8075607113286576,-100.1562826904227,137.03702598483028, 3.0100683640657904,-36.9187248576614,-2.407313599401866
2024-10-30 08:17:47,1.7959485125592711,-99.73625875844161,136.6922993060458, 2.9855362276346202,-36.99343354655413,-2.3853425992336703
2024-10-30 08:17:47,1.7708814282513767,-98.82055266875955,135.9300350317902, 2.9334993051208222,-37.1456375520831,-2.339046731810617
2024-10-30 08:17:47,1.745304543995225,-97.87302876285098,135.1257148613714, 2.8816818501813013,-37.287623268534794,-2.2933881915535306
2024-10-30 08:17:47,1.7197489365124268,-96.9123151200084,134.29390918444034, 2.831175902661946,-37.41535825377066,-2.249342180137309
2024-10-30 08:17:47,1.6951148876138171,-95.97234353606629,133.46408078910372, 2.7836747211501986,-37.524411215503925,-2.2083599311243107
2024-10-30 08:17:47,1.6599332244512075,-94.60482717808716,132.22839041049963, 2.71782347307534,-37.65474683737728,-2.152320233078359
2024-10-30 08:17:47,1.6481853219721863,-94.14128088209131,131.8018487693486, 2.696350934141562,-37.69127084072674,-2.1342563391629135
2024-10-30 08:17:47,1.6255895068065092,-93.23949031080217,130.96086225628162, 2.655773736814331,-37.75117376586701,-2.100423014558061
2024-10-30 08:17:47,1.604215144088681,-92.37356892001422,130.13938444237903, 2.618263195896323,-37.794792648349095,-2.0695205400710797
2024-10-30 08:17:47,1.5824409977759402,-91.47793149621826,129.2753106084018, 2.580923205690634,-37.8255432159805,-2.039142586959251
2024-10-30 08:17:47,1.561782212384379,-90.61492953583671,128.42884204496912, 2.5463111182110674,-37.841329987657645,-2.0113524615755174
2024-10-30 08:17:47,1.5421203014486475,-89.78100165531686,127.59793713324021, 2.5141097087947246,-37.843664299843525,-1.9858411299836227
2024-10-30 08:17:47,1.523323301861915,-88.97174397061838,126.77943878187746, 2.4840047063600696,-37.83378491483777,-1.9623131554302107
2024-10-30 08:17:47,1.5134342493740423,-88.54109324325692,126.33898373903587, 2.4684353801726635,-37.82365217014197,-1.950275549716493
2024-10-30 08:17:47,1.4957528490375722,-87.76234639644332,125.53389527589665, 2.441064061567378,-37.79673621708047,-1.9293426038513386
2024-10-30 08:17:47,1.4796658112658254,-87.04370137342339,124.78111310126633, 2.4166859957877356,-37.76209070999357,-1.910961070843828
2024-10-30 08:17:47,1.4644284537101064,-86.35374262507086,124.0495194182115, 2.3940633993280187,-37.71998658374865,-1.8941410224178838
2024-10-30 08:17:47,1.4505759178721496,-85.71834898814494,123.36812275361865, 2.373897802007513,-37.67356728994661,-1.8793549408494872
2024-10-30 08:17:47,1.4391273530046627,-85.1871566491256,122.79284769105472, 2.357524418637952,-37.62914786433728,-1.8675029724540655
2024-10-30 08:17:47,1.4300467626003013,-84.76180858337942,122.32851676347236, 2.3447287231456055,-37.589902623033346,-1.8583423342779049
2024-10-30 08:17:47,1.4232299044041348,-84.44009814903522,121.97515010330814, 2.335235382733637,-37.558052133711236,-1.851606372626089
2024-10-30 08:17:47,1.419500245079955,-84.26319649793365,121.78004561718967, 2.330082569608293,-37.53974399149605,-1.847972570157764
2024-10-30 08:17:51,1.4203763659117978,-84.36860997835431,121.79401932768826, 2.3363736614724226,-37.44840833753055,-1.8552299100613563
2024-10-30 08:17:51,1.4231610247009023,-84.70221593990726,121.83702116914709, 2.3565826774571503,-37.158138596765376,-1.878515482691695
2024-10-30 08:17:51,1.4271307114543959,-85.17400094455205,121.89464271420911, 2.385963205583401,-36.7444610661143,-1.9122956618027505
2024-10-30 08:17:51,1.4307210778336599,-85.59686713330163,121.94307967977448, 2.413128957893674,-36.37048092893226,-1.9434540637968305
2024-10-30 08:17:51,1.433332003115578,-85.90208661842313,121.9761361480516, 2.4332460532942455,-36.0986503439422,-1.9664822685705603
2024-10-30 08:17:51,1.4361784760123082,-86.23264423804336,122.01011881722769, 2.4555329504998644,-35.80244355252538,-1.9919499415198216
2024-10-30 08:17:51,1.4397233890389771,-86.64110558089659,122.04947442326439, 2.4838172805611034,-35.433804854458394,-2.024205359747739
2024-10-30 08:17:51,1.4433709135082449,-87.05767924601341,122.0865783048582, 2.5135476910985384,-35.05482575901145,-2.058032674024149
2024-10-30 08:17:51,1.447687511244524,-87.54580458368741,122.12610849892638, 2.5495769549655676,-34.606824954825356,-2.098923808550304
2024-10-30 08:17:51,1.4526976875759892,-88.105756918263,122.16613388103714, 2.5925814030265917,-34.08760697191023,-2.1475884588549308
2024-10-30 08:17:52,1.458048135800991,-88.69591359477185,122.2020588792857, 2.639965617592865,-33.53415593832521,-2.201036120247625
2024-10-30 08:17:52,1.4679361108122193,-89.76533480412765,122.25039233586423, 2.7317079217930678,-32.51457811264879,-2.3040298247556015
2024-10-30 08:17:52,1.474810569304742,-90.49264824516084,122.27057666810843, 2.7988671784676273,-31.80855314242128,-2.3790421322227413
2024-10-30 08:17:52,1.4825411319744228,-91.29474555722219,122.2805447211325, 2.877915889912738,-31.01772228580689,-2.4669475267116
2024-10-30 08:17:52,1.4901593766848804,-92.06891053227027,122.27756932052479, 2.9596896596548974,-30.24192379082886,-2.5574719810215853
2024-10-30 08:17:52,1.497871780331672,-92.83627600812896,122.26201256852629, 3.046643390968977,-29.460427120211744,-2.6533036403037467
2024-10-30 08:17:52,1.5056637663837324,-93.59494311296736,122.23387649223639, 3.139035938175831,-28.675137284223105,-2.7546815332276924
2024-10-30 08:17:52,1.5135769827955363,-94.34844517996818,122.19293462135299, 3.2378579981598468,-27.882310565360775,-2.8626413981150844
2024-10-30 08:17:52,1.5216215286835981,-95.09706903250687,122.13895566831724, 3.3438437604507976,-27.081440710946666,-2.977926181151515
2024-10-30 08:17:52,1.5252617208192671,-95.43010718872317,122.11054757656993, 3.3937417354997943,-26.720809839123273,-3.0320342694927866
2024-10-30 08:17:52,1.5374380317281071,-96.51847232968086,121.99809695626695, 3.5700878710701365,-25.5228734448133,-3.2224687251405992
2024-10-30 08:17:52,1.5414177640131175,-96.8657111533078,121.95568950144424, 3.631075808995581,-25.134222219069308,-3.2880620106689635
2024-10-30 08:17:52,1.5450947613530797,-97.18285432376948,121.91410307242828, 3.6889856459243537,-24.776437125909347,-3.3502266786284753
2024-10-30 08:17:52,1.5489692527721657,-97.51322682348614,121.86782581755993, 3.751689592397325,-24.40080973241147,-3.4174135064408575
2024-10-30 08:17:52,1.552911072940202,-97.84535668105427,121.81820041472695, 3.817323893965683,-24.020124258178388,-3.4876078026701918
2024-10-30 08:17:52,1.556544213636629,-98.14794025631397,121.77022710873096, 3.8795259234805872,-23.67058090661182,-3.5540117937943068
2024-10-30 08:17:52,1.5599964930864443,-98.43233484510942,121.72268878932462, 3.940206038596769,-23.339636453653597,-3.6186836544450287
2024-10-30 08:17:52,1.5633090097290714,-98.70236810979421,121.67531343761969, 3.9999236494880512,-23.023200362907435,-3.682230292277521
2024-10-30 08:17:52,1.569027554400194,-99.162020194658,121.58954306078604, 4.10661120245328,-22.47951477665953,-3.795525057454383
2024-10-30 08:17:52,1.5714578494536673,-99.35488191846005,121.55159046003243, 4.153386127494899,-22.24946173217251,-3.8451066479045544
2024-10-30 08:17:52,1.573551304515856,-99.51983231960345,121.51819122848094, 4.194389010971041,-22.051779335525918,-3.888526509817742
2024-10-30 08:17:52,1.5751890211324895,-99.64811452066101,121.49161107370976, 4.226934612112393,-21.897446526144307,-3.9229624584035307
2024-10-30 08:17:52,1.5767349487573343,-99.76859745883633,121.46615966945132, 4.258041014453038,-21.75201826113395,-3.955852872253357
2024-10-30 08:17:52,1.5769606250206545,-99.78613628774102,121.46241507349309, 4.262613613468559,-21.73080922478288,-3.960685871002636
2024-10-30 08:18:00,1.5769606250206545,-99.68109307987386,121.62985808550853, 4.212443353810857,-22.002550575909765,-3.906626331587553
2024-10-30 08:18:00,1.5769606250206545,-98.9288942865956,122.7320433686096, 3.9022213943439295,-23.852294687298354,-3.569838356448302
2024-10-30 08:18:00,1.5769606250206545,-97.45088426873579,124.51479048328241, 3.4626230186841918,-27.10634711389848,-3.08307543200264
2024-10-30 08:18:00,1.5769606250206545,-96.56906248082063,125.3997849392012, 3.267465502019715,-28.870120095489646,-2.8620962398277587
2024-10-30 08:18:00,1.5769606250206545,-96.41752952092659,125.54103420426324, 3.237517828911109,-29.16243072008871,-2.8278501639421307
2024-10-30 08:18:00,1.5769606250206545,-96.21194874011128,125.72804014329876, 3.1983410611551037,-29.554398455466306,-2.7829007698077692
2024-10-30 08:18:00,1.5769606250206545,-96.17715579103002,125.75917729158019, 3.1918690935641174,-29.62022606656585,-2.7754583427064743
2024-10-30 08:18:00,1.5769606250206545,-96.14250499428553,125.79004268898287, 3.18546778531647,-29.685640827659295,-2.768092375334392
2024-10-30 08:18:00,1.5769606250206545,-96.02923355448135,125.88994607214438, 3.1648441727052106,-29.898488404842343,-2.7443279567695757
2024-10-30 08:18:00,1.5769606250206545,-95.83552508398455,126.05734754166215, 3.130608444637127,-30.25905354977444,-2.704764698567085
2024-10-30 08:18:00,1.5769606250206545,-95.50386644354298,126.33428714037466, 3.074825191788746,-30.866759736511167,-2.6399820721320766
2024-10-30 08:18:01,1.5769606250206545,-95.28446200796273,126.5110944814897, 3.039745609627934,-31.262407611635012,-2.5990295417214226
2024-10-30 08:18:01,1.5769606250206545,-94.8064169359533,126.87977861063854, 2.967860767214579,-32.10797366510695,-2.5145555495880783
2024-10-30 08:18:01,1.5769606250206545,-94.57621543810181,127.04966332748725, 2.9352825424677853,-32.50752915155243,-2.4760103179694037
2024-10-30 08:18:01,1.5769606250206545,-94.44984432514757,127.14090828122855, 2.9179199550658983,-32.724861397907304,-2.4553970512038807
2024-10-30 08:18:01,1.5769606250206545,-94.37118023571324,127.19700330615358, 2.907291560017456,-32.85944643144594,-2.4427538533073023
2024-10-30 08:18:01,1.5769606250206545,-94.17310463478805,127.33591197395431, 2.8811184390486204,-33.196000877589434,-2.4115363063438218
2024-10-30 08:18:01,1.5769606250206545,-94.13323343883016,127.36347558263479, 2.8759491811870506,-33.26335059591326,-2.405356537216431
2024-10-30 08:18:01,1.5769606250206545,-94.01283533640273,127.44591543852253, 2.8605353708298638,-33.46593445058069,-2.3869010551586984
2024-10-30 08:18:01,1.5769606250206545,-93.71876630018329,127.64238100996342, 2.824077473916037,-33.95586563229717,-2.343073890902316
2024-10-30 08:18:01,1.5769606250206545,-93.5341867406,127.76226107007774, 2.8020147081763795,-34.25995838200889,-2.3164275824788194
2024-10-30 08:18:01,1.5769606250206545,-93.27374401544726,127.92707181027689, 2.771898438019913,-34.68470889051088,-2.27989667779134
2024-10-30 08:18:01,1.5769606250206545,-93.18954327251176,127.97929653799656, 2.7624054256053223,-34.8209752868347,-2.2683426489935377
2024-10-30 08:18:01,1.5769606250206545,-92.99927584345417,128.0954530423654, 2.7413745316486757,-35.127045860034116,-2.2426769089737872
2024-10-30 08:18:01,1.5769606250206545,-92.67707271762588,128.28645497129077, 2.70703056827955,-35.639670966060066,-2.2005527986885216
2024-10-30 08:18:01,1.5769606250206545,-92.19481778137943,128.5595505881823, 2.6583991289467765,-36.39419377762901,-2.140429426974274
2024-10-30 08:18:01,1.5769606250206545,-92.0051215135689,128.66295889148142, 2.640117357996958,-36.6869850840199,-2.1176749976426663
2024-10-30 08:18:01,1.5769606250206545,-91.24188662627569,129.05749825885863, 2.5709390912567573,-37.843562710141825,-2.030754655786561
2024-10-30 08:18:01,1.5769606250206545,-90.77195615087926,129.28426054791802, 2.531517918588339,-38.539564986158624,-1.9805980962315715
2024-10-30 08:18:01,1.5769606250206545,-90.26832302131359,129.514534594481, 2.4916686602204825,-39.27276721638953,-1.9293905750829725
2024-10-30 08:18:01,1.5769606250206545,-89.62983337246575,129.7886303331061, 2.4443815670848057,-40.18450621082793,-1.8679072674064443
2024-10-30 08:18:01,1.5769606250206545,-89.10164003640539,130.00119169430414, 2.4077383568050434,-40.924597011412665,-1.8196800251453549
2024-10-30 08:18:01,1.5769606250206545,-88.65232179729799,130.1724551173214, 2.378176172839759,-41.54463753882381,-1.780370064691927
2024-10-30 08:18:01,1.5769606250206545,-88.14255868799152,130.35663612151183, 2.346288242378696,-42.23799199117194,-1.7375344937608947
2024-10-30 08:18:01,1.5769606250206545,-87.74388414361458,130.4935028533778, 2.322487551049611,-42.77308885512298,-1.705250115046702
2024-10-30 08:18:01,1.5769606250206545,-87.63641309282472,130.5293540092871, 2.316233728880251,-42.91629364934682,-1.6967206277451212
2024-10-30 08:18:01,1.5769606250206545,-87.58252518642931,130.54716636342118, 2.313123140360689,-42.987935408318904,-1.6924707461688377
2024-10-30 08:18:01,1.5769606250206545,-87.47444757231193,130.5825632459618, 2.3069345704901507,-43.13129331151513,-1.6840007286422507
2024-10-30 08:18:01,1.5769606250206545,-87.36598430460518,130.61765046475924, 2.3007901415603653,-43.27472776469796,-1.6755713846607343
2024-10-30 08:18:01,1.5769606250206545,-87.18926828679496,130.67389247575116, 2.2909185565889465,-43.50749879859399,-1.6619869350295275
2024-10-30 08:18:01,1.5769606250206545,-87.02485419272554,130.72520384190616, 2.2818858712090226,-43.72305251897733,-1.6495106651417573
2024-10-30 08:18:01,1.5769606250206545,-86.96987244449375,130.7421470152003, 2.2788972497716773,-43.79492048110979,-1.6453727653599117
2024-10-30 08:18:01,1.5769606250206545,-86.91476149634131,130.75902228634348, 2.2759174880142816,-43.866849841555926,-1.6412421654650458
2024-10-30 08:18:01,1.5769606250206545,-86.85955043678422,130.77582058943474, 2.2729481313086213,-43.93880247553456,-1.6371210184304683
2024-10-30 08:18:02,1.5769606250206545,-86.9715409099577,130.74163444274578, 2.2789877084089354,-43.79274116822443,-1.6454980830138652
2024-10-30 08:18:02,1.5769606250206545,-87.30008363645015,130.63875743525728, 2.2970888253401003,-43.361665374260575,-1.6704840502293308
2024-10-30 08:18:02,1.5769606250206545,-88.07948229546793,130.37870245525846, 2.3424580631973217,-42.3230634543392,-1.7323575964182112
2024-10-30 08:18:02,1.5769606250206545,-89.38052599420283,129.89051003150513, 2.426820767524127,-40.5353760373246,-1.8448614425334275
2024-10-30 08:18:02,1.5769606250206545,-90.2499401013105,129.52269957818606, 2.4902582658345205,-39.299290034686145,-1.9275683475307153
2024-10-30 08:18:02,1.5769606250206545,-90.5402825004489,129.3917819694475, 2.512892154535038,-38.8784314665104,-1.956729181930078
2024-10-30 08:18:02,1.5769606250206545,-90.82710350437861,129.25825736180965, 2.5360282131743093,-38.4584937843804,-1.9863611752915216
2024-10-30 08:18:02,1.5769606250206545,-91.38903696817606,128.98402377581567, 2.58376003840532,-37.62316106186123,-2.0469658748415616
2024-10-30 08:18:02,1.5769606250206545,-91.66499076128595,128.8429451427855, 2.608453350481705,-37.20655664352868,-2.07805549217339
2024-10-30 08:18:02,1.5769606250206545,-92.1399162003495,128.5897063763924, 2.6530607048685706,-36.47915979316857,-2.1337938380898716
2024-10-30 08:18:02,1.5769606250206545,-92.71215709632312,128.26599689977797, 2.71069550314913,-35.58419058027027,-2.205060826648293
2024-10-30 08:18:02,1.5769606250206545,-93.36240883899933,127.87152406403817, 2.782021630983314,-34.5406656687693,-2.2921968654862033
2024-10-30 08:18:02,1.5769606250206545,-93.83770483852487,127.56374194572352, 2.8386247694500195,-33.758529218889244,-2.360591678608985
2024-10-30 08:18:02,1.5769606250206545,-94.15135802354217,127.35096208708235, 2.8782949701012797,-33.23275113558165,-2.408161482027228
2024-10-30 08:18:02,1.5769606250206545,-94.60466694875979,127.02892551949617, 2.9392416589465347,-32.458404455675456,-2.4807037099017797
2024-10-30 08:18:02,1.5769606250206545,-94.68330601522831,126.97122970386944, 2.9502822503945705,-32.322249599309025,-2.493778488913904
2024-10-30 08:18:02,1.5769606250206545,-94.51896068360284,127.09117758594607, 2.9273714733271654,-32.6061689300731,-2.4666243158780436
2024-10-30 08:18:02,1.5769606250206545,-94.33375070341694,127.2235071477049, 2.9022817645140906,-32.9232976591065,-2.4367876929136734
2024-10-30 08:18:02,1.5769606250206545,-93.5914029393987,127.72537781476358, 2.8087883426805123,-34.165971703277926,-2.324618651675958
2024-10-30 08:18:02,1.5769606250206545,-92.50238598193906,128.3871083987955, 2.6890447440576493,-35.914705915866165,-2.1783836298805332
2024-10-30 08:18:02,1.5769606250206545,-91.67949192263404,128.83541068924822, 2.609775103027464,-37.184543872057276,-2.07971478278358
2024-10-30 08:18:02,1.5769606250206545,-90.76604288284727,129.28703936745012, 2.5310360688271363,-38.54824859251828,-1.9799820231799328
2024-10-30 08:18:02,1.5769606250206545,-89.12200707796381,129.99322399758861, 2.409112430869563,-40.89628730230236,-1.8214982227995673
2024-10-30 08:18:02,1.5769606250206545,-87.94387495012899,130.42561509543165, 2.3343065962234855,-42.50543145375129,-1.721316565563348
2024-10-30 08:18:02,1.5769606250206545,-87.12493807866372,130.69408478472909, 2.287367133771908,-43.59195386526733,-1.6570869128097092
2024-10-30 08:18:02,1.5769606250206545,-86.7679174863348,130.8034640977733, 2.268054541859716,-44.05798529347212,-1.6303183163803157
2024-10-30 08:18:02,1.5769606250206545,-86.71251285365626,130.8200360867967, 2.2651164487967392,-44.12990560284704,-1.626227404140921
2024-10-30 08:18:03,1.5769606250206545,-86.89359177749019,130.76547600826163, 2.2747770753173646,-43.89445150318278,-1.6396599845293576
2024-10-30 08:18:03,1.5769606250206545,-87.55708839708443,130.55553650119322, 2.3116606351669224,-43.02171480619134,-1.6904708656830083
2024-10-30 08:18:03,1.5769606250206545,-89.68783800987664,129.76452091477645, 2.448537606679852,-40.10246699820829,-1.8733440320801604
2024-10-30 08:18:03,1.5769606250206545,-90.11029958726074,129.58418387180328, 2.4796420649874076,-39.50022571480129,-1.913829915528761
2024-10-30 08:18:03,1.5769606250206545,-90.42927713831024,129.4423319600283, 2.504147511795211,-39.039832005347456,-1.9454834331765012
2024-10-30 08:18:03,1.5769606250206545,-90.75789660912537,129.2908645636477, 2.5303728202490903,-38.560208386696644,-1.9791338994147853
2024-10-30 08:18:03,1.5769606250206545,-91.35511678290115,129.00106752332397, 2.580783688951805,-37.674073243747046,-2.0432067743146773
2024-10-30 08:18:03,1.5769606250206545,-91.95190155956236,128.69157623731087, 2.6350699715585852,-36.76873568475951,-2.1113774556290767
2024-10-30 08:18:03,1.5769606250206545,-92.99473145546887,128.0981963234462, 2.740879199953424,-35.1343251905833,-2.242071251759736
2024-10-30 08:18:03,1.5769606250206545,-93.42969968329211,127.82898292923132, 2.789793006412406,-34.43096349729414,-2.301625093914401
2024-10-30 08:18:03,1.5769606250206545,-94.43793535119889,127.14943492965298, 2.916302177678272,-32.745270539871925,-2.4534738274177776
2024-10-30 08:18:03,1.5769606250206545,-94.93489255384473,126.78284713267927, 2.9865999429948977,-31.882870807680586,-2.5366512351927466
2024-10-30 08:18:03,1.5769606250206545,-95.5446366119146,126.30088152680688, 3.0814990433881007,-30.792690974525726,-2.6477541646191343
2024-10-30 08:18:03,1.5769606250206545,-96.02358746686801,125.8948864147897, 3.163828075105221,-29.909058694150918,-2.743155803243926
2024-10-30 08:18:03,1.5769606250206545,-96.4346686225793,125.52520561317057, 3.24085834426342,-29.129515698130813,-2.83167496947691
2024-10-30 08:18:03,1.5769606250206545,-95.5498682173008,126.29658222657822, 3.0823590450480998,-30.78317385367858,-2.6487552517664144
2024-10-30 08:18:03,1.5769606250206545,-94.63242375746634,127.00862439502674, 2.943122126308486,-32.41040982749558,-2.485301386959052
2024-10-30 08:18:03,1.5769606250206545,-93.68108033661665,127.66706878437753, 2.8195228266392878,-34.01816374084176,-2.3375808339940134
2024-10-30 08:18:03,1.5769606250206545,-92.70372415915713,128.27092171423737, 2.709812962396441,-35.59753339029352,-2.203975549102161
2024-10-30 08:18:03,1.5769606250206545,-91.8197061690004,128.76192480047217, 2.622683329021277,-36.971066478862426,-2.0958941759302485
2024-10-30 08:18:03,1.5769606250206545,-91.46744286074556,128.94438014034998, 2.590688559670774,-37.505231866142346,-2.0557066004032962
2024-10-30 08:18:03,1.5769606250206545,-91.12072843524378,129.1170985473174, 2.560557372817682,-38.024139982025865,-2.017591946398201
2024-10-30 08:18:03,1.5769606250206545,-90.93305345780273,129.20785160504101, 2.544778219110385,-38.30229173772248,-1.9975232254298447
2024-10-30 08:18:03,1.5769606250206545,-90.83862191682512,129.2528060959866, 2.536974051238694,-38.44154073248374,-1.9875689093722704
2024-10-30 08:18:04,1.5753412638966038,-90.77151461270537,129.18669541364528, 2.534315433112914,-38.44248024449928,-1.9854591665049837
2024-10-30 08:18:04,1.5299408682138715,-88.85636052879312,127.26496825668892, 2.461689623008697,-38.43436293404572,-1.9287511548647593
2024-10-30 08:18:04,1.4889019201613924,-87.06494646994909,125.40620942452958, 2.3992598855539526,-38.36571437440581,-1.8815993445363723
2024-10-30 08:18:04,1.4740194442456125,-86.39993243166577,124.70117772241508, 2.3773923891872792,-38.325244909207655,-1.8654836084808841
2024-10-30 08:18:05,1.458974464099713,-85.71882067125608,123.97067681980404, 2.3557128638081943,-38.275410196111224,-1.8497340914248357
2024-10-30 08:18:05,1.4441224835336572,-85.03738156916428,123.23133790965501, 2.3347392348840064,-38.21708143005487,-1.8347289869132501
2024-10-30 08:18:05,1.4220593528702383,-84.00765748056567,122.09807519530013, 2.3043842006269415,-38.11292534478294,-1.8134522573350036
2024-10-30 08:18:05,1.4082673864982576,-83.3528817601114,121.36746021092999, 2.2859077365660774,-38.03671199046649,-1.8007804518272965
2024-10-30 08:18:05,1.392246500753154,-82.58105449265773,120.49630177703983, 2.2649407763661324,-37.93695766700219,-1.7866826124592787
2024-10-30 08:18:05,1.3659938706521078,-81.2887560233464,119.01377578637403, 2.231774934739069,-37.746063014983605,-1.765069528288449
2024-10-30 08:18:05,1.3978300694213623,-82.85145254952266,120.8027191670252, 2.2721868292600176,-37.973123093050305,-1.7915191666881407
2024-10-30 08:18:05,1.4198428775002667,-83.9030178611751,121.98183656626429, 2.3013886841136344,-38.10126560151211,-1.811382838533628
2024-10-30 08:18:05,1.4343041635848364,-84.581773476285,122.7322959125886, 2.321111216638506,-38.17336984549733,-1.8251095138592472
2024-10-30 08:18:05,1.4573415132913254,-85.64434477858003,123.89028568274915, 2.3533859157730745,-38.26944726069981,-1.8480577884991796
2024-10-30 08:18:05,1.4642614142626973,-85.95920432118989,124.22946092512464, 2.3632819384460197,-38.29396595762782,-1.8552060303483222
2024-10-30 08:18:05,1.4714283453495827,-86.28327196531112,124.57666083163572, 2.3736278977790226,-38.317310950229704,-1.8627321095980673
2024-10-30 08:18:05,1.4793979561712582,-86.64125320969701,124.95795820976991, 2.385247166272875,-38.3408666254987,-1.8712466367228155
2024-10-30 08:18:05,1.4948504115135377,-87.32839400644527,125.6832643606364, 2.4081163495603612,-38.379505457169564,-1.8881884550210752
2024-10-30 08:18:05,1.5100560238920109,-87.9958894209811,126.37952308872198, 2.431053569682248,-38.408746423603496,-1.9054114986883768
2024-10-30 08:18:05,1.5336991947026786,-89.01746072477218,127.42922751748384, 2.4675608369758986,-38.43764571746097,-1.9332656457533997
2024-10-30 08:18:05,1.5507655759069021,-89.7430800023746,128.16314241021132, 2.4945427723692655,-38.446512410871335,-1.9541756314341359
2024-10-30 08:18:05,1.5587560690489535,-90.07955237885214,128.50016529755362, 2.507355805979574,-38.44733557297844,-1.964195663957673
2024-10-30 08:18:05,1.568990577294714,-90.50756312507318,128.92585804368971, 2.5239341966407562,-38.4453717588288,-1.9772429663575202
2024-10-30 08:18:05,1.5764444649754348,-90.81724060262368,129.23175133497236, 2.536126127881172,-38.44184906693612,-1.9868957956678015
2024-10-30 08:18:05,1.5851805301714819,-91.178036657114,129.585907886282, 2.550541266590666,-38.43551986564775,-1.9983699607848533
2024-10-30 08:18:05,1.5934325302770775,-91.51674973467706,129.91620375805533, 2.5642823656105813,-38.42739959073777,-2.009367533938604
2024-10-30 08:18:05,1.612880057056659,-92.30718213008817,130.67877208166493, 2.5971445179181205,-38.400250163946616,-2.035896007617506
2024-10-30 08:18:05,1.6302734565075476,-93.00514279218339,131.3425707859244, 2.6271043300832333,-38.3667453211853,-2.0603473942032586
2024-10-30 08:18:05,1.649243882692394,-93.75711056376004,132.0477217897153, 2.6603932088090763,-38.3206649489252,-2.0877956516188942
2024-10-30 08:18:05,1.6588450966340844,-94.13412668048493,132.3973646727334, 2.6774853036873374,-38.29367237711626,-2.101997913774783
2024-10-30 08:18:05,1.6685912663621303,-94.51445094148102,132.74744105162327, 2.695003652288234,-38.26381645128542,-2.116628122531157
2024-10-30 08:18:05,1.6884445633325038,-95.28196041368021,133.44586934668578, 2.7312151438963417,-38.195551237293095,-2.1470970625507304
2024-10-30 08:18:05,1.7095451969277677,-96.08743802484784,134.16732288959594, 2.770479486585335,-38.11242066500204,-2.180463921502153
2024-10-30 08:18:05,1.7336154215976758,-96.99394022697992,134.96521099656235, 2.816256856588416,-38.004859670621705,-2.2197711986913564
2024-10-30 08:18:05,1.7541880532823158,-97.75875468069566,135.62687536503043, 2.8562251770987457,-37.902638982764685,-2.254425608689722
2024-10-30 08:18:05,1.7791073587418542,-98.67341373643282,136.40442539375292, 2.9056920832562647,-37.76669289118674,-2.2977207371900894
2024-10-30 08:18:05,1.7923271014532707,-99.15361193693612,136.80667997916134, 2.9324089142371284,-37.689383129614356,-2.3212805780136643
2024-10-30 08:18:05,1.8061968039206264,-99.65379292846707,137.22133326894863, 2.9607971329992324,-37.60453330984118,-2.3464434620815573
2024-10-30 08:18:06,1.8556419999083178,-101.40810137635505,138.64095516377887, 3.0650398925105726,-37.27237391607284,-2.439906590221876
2024-10-30 08:18:06,1.8775791144211593,-102.17273111520994,139.24297716544046, 3.112844536085243,-37.11094461245747,-2.4832852474768017
2024-10-30 08:18:06,1.9415641834102533,-104.35851233239191,140.90888572865256, 3.2579654852359696,-36.59472154479522,-2.616732527632752
2024-10-30 08:18:06,1.971731991095063,-105.36753824224331,141.6508589573085, 3.329438063981396,-36.329504762291776,-2.6833325868794144
2024-10-30 08:18:06,2.079175182953546,-108.86031114440499,144.09126138541762, 3.601046354742273,-35.284326531601295,-2.940809856413326
2024-10-30 08:18:06,2.070366578448442,-108.57951991361341,143.90225644153247, 3.5777270555778222,-35.37548256368973,-2.918462128309335
2024-10-30 08:18:06,2.0622415803457304,-108.31967743127304,143.72625092488528, 3.556389930562948,-35.458744873671876,-2.898050507060097
2024-10-30 08:18:06,2.059546795464406,-108.23331634930094,143.6675186024556, 3.5493493941180625,-35.48618444440832,-2.8913231573935905
2024-10-30 08:18:06,2.0541773954006843,-108.06097093790865,143.54995838047185, 3.53537452448786,-35.540594743768885,-2.877981582516716
2024-10-30 08:18:06,2.0455291572713823,-107.78262144194994,143.35909797370562, 3.5130146933155166,-35.627485772681766,-2.856667753670226
2024-10-30 08:18:06,2.027806497931312,-107.20922698374177,142.96204356547918, 3.4677598992817122,-35.802622119684955,-2.8136570100007483
2024-10-30 08:18:06,2.0123238776397003,-106.70496254918581,142.60850469771682, 3.428838562273761,-35.952319768075625,-2.7768071058394344
2024-10-30 08:18:06,1.9926538218230763,-106.0596984373857,142.15011506547006, 3.3801994182554562,-36.13791939657102,-2.7309497414631942
2024-10-30 08:18:06,1.9255896108235688,-103.8187684835861,140.50502477928143, 3.220923401205154,-36.72966278570997,-2.5824336540795447
2024-10-30 08:18:06,1.8987650788249113,-102.90361334850844,139.80904548795996, 3.1599446407882374,-36.94730345175335,-2.526317123069211
2024-10-30 08:18:06,1.8799455424968485,-102.25473278269006,139.30694273622555, 3.118059736125731,-37.0930378026614,-2.488036006187684
2024-10-30 08:18:06,1.8665601565782153,-101.78967444023311,138.94264216456395, 3.0887107953280073,-37.193069857454866,-2.4613474312569226
2024-10-30 08:18:06,1.8420771212838676,-100.93116861443957,138.26032703103982, 3.035963009154214,-37.367967710976515,-2.4136758115908177
2024-10-30 08:18:06,1.831196345631786,-100.54626741397794,137.95026148459314, 3.01290302138008,-37.44224286081754,-2.392959391047536
2024-10-30 08:18:06,1.8188986161458245,-100.10867880366682,137.59460772054965, 2.9871194900933173,-37.523554427495384,-2.3698898141661116
2024-10-30 08:18:06,1.8072834052690927,-99.69282475692015,137.2535051804592, 2.9630367486594014,-37.5977270632427,-2.3484341412015173
2024-10-30 08:18:06,1.7957736897659524,-99.27824885332602,136.9104183661852, 2.9394289705515795,-37.66865181417712,-2.3274908532729093
2024-10-30 08:18:06,1.7843590132272718,-98.86458601410284,136.565057667924, 2.916265920882268,-37.73640327091591,-2.307030738573727
2024-10-30 08:18:06,1.7730938891026327,-98.45383858480845,136.21912586276395, 2.893648291469027,-37.80068408969073,-2.287139840081448
2024-10-30 08:18:06,1.762297215956486,-98.05778660512715,135.88272512552612, 2.872195078504641,-37.8598307381623,-2.268355345364104
2024-10-30 08:18:06,1.7398906398422205,-97.22818358191039,135.16897851242075, 2.828365522796825,-37.97466442579229,-2.230237934129377
2024-10-30 08:18:06,1.7289690272242417,-96.81994949198244,134.8132175745575, 2.807337771067884,-38.026650844772696,-2.2120797873176663
2024-10-30 08:18:06,1.7171549637839376,-96.37542062226412,134.4224095746237, 2.7848377174215395,-38.07985374603552,-2.1927470735876167
2024-10-30 08:18:06,1.7058773552439386,-95.94816409657572,134.04341929593974, 2.7635964994393407,-38.12763371613754,-2.174590894821161
2024-10-30 08:18:06,1.6946079059546812,-95.5183071420515,133.65878281560165, 2.74260085239071,-38.172376136198324,-2.156738283242832
2024-10-30 08:18:06,1.6828751346804651,-95.06761313108541,133.25189528204237, 2.7209853885253126,-38.21569315929575,-2.1384592594219423
2024-10-30 08:18:06,1.67092791862831,-94.6052825709496,132.83065771741857, 2.6992289197331756,-38.2562962965302,-2.1201677273980666
2024-10-30 08:18:06,1.645786567900149,-93.62077005584274,131.92063935518908, 2.654278699958923,-38.32978726664513,-2.082732623311752
2024-10-30 08:18:06,1.6169523455940964,-92.47134157759814,130.83570229831005, 2.6041108181165953,-38.393173250327806,-2.041559433115092
2024-10-30 08:18:06,1.580771065692756,-90.99621491773195,129.40773212820912, 2.543248347962102,-38.439008706246554,-1.9925567767362584
2024-10-30 08:18:06,1.538742731772945,-89.23290348373965,127.64814698446934, 2.4754799700994123,-38.44128960611752,-1.9393752220079246
2024-10-30 08:18:06,1.4810576457285718,-86.71549274655356,125.03673889394442, 2.3876819990223477,-38.34545805505717,-1.8730389917748822
2024-10-30 08:18:06,1.4638601998722236,-85.94100182114865,124.2099020845059, 2.362705657987238,-38.29259778301831,-1.8547883915528645
2024-10-30 08:18:06,1.4592481267329833,-85.73129125775431,123.98412797174386, 2.3561033347943225,-38.27639876678759,-1.8500156569046113
2024-10-30 08:18:07,1.4606699770787048,-85.79603470808973,124.05391651444091, 2.3581343988662367,-38.28148551058544,-1.8514815099850577
2024-10-30 08:18:07,1.4652716524433838,-86.00500863714241,124.27865147594123, 2.3647343493961324,-38.29738202512317,-1.8562593564447745
2024-10-30 08:18:07,1.4885539360299997,-87.0494937475031,125.38991895458618, 2.3987438297537254,-38.36486593652528,-1.8812164857835962
2024-10-30 08:18:07,1.5157876841948639,-88.24533407742047,126.6376116394979, 2.4398100986703537,-38.41757341716118,-1.9120444641860503
2024-10-30 08:18:07,1.5496614501674548,-89.69642471864108,128.11624590729696, 2.4927812794961577,-38.4462337824435,-1.9528025727185025
2024-10-30 08:18:07,1.5858694218301261,-91.20639018512207,129.6136379189128, 2.551683765751803,-38.43492101607512,-1.99928214505147
2024-10-30 08:18:07,1.6011528503101362,-91.8318345932538,130.22156048544556, 2.577247679189252,-38.41795264893862,-2.0197963431857944
2024-10-30 08:18:07,1.6137597758703142,-92.34268393997039,130.71275248345032, 2.5986469253470426,-38.39876158141048,-2.0371162762977337
2024-10-30 08:18:07,1.6356809301767552,-93.22045895794734,131.54554160199734, 2.6365280597848204,-38.35460776808367,-2.068088530302927
2024-10-30 08:18:07,1.649338341372266,-93.76083123572491,132.05118503872072, 2.6605605643609387,-38.32041124475757,-2.0879343601533975
2024-10-30 08:18:07,1.6529254201796042,-93.90195415331328,132.18235685166587, 2.666927669099211,-38.31060174667096,-2.0932167734782534
2024-10-30 08:18:07,1.658333831792916,-94.11410975268066,132.37886646843356, 2.6765710069121926,-38.29517069414887,-2.1012363824657365
2024-10-30 08:18:07,1.660144093212289,-94.18495499283563,132.44430360697132, 2.679810401642093,-38.28983491595743,-2.1039354379110193
2024-10-30 08:18:07,1.6637758719060198,-94.32683711519581,132.57507892136326, 2.686326970307999,-38.27887378712638,-2.1093727161075897
2024-10-30 08:18:07,1.6696618803523209,-94.55608517768151,132.7856035389931, 2.696938385007374,-38.260388101931106,-2.118248371687621
2024-10-30 08:18:07,1.6751746946726158,-94.77002160512536,132.98120142377795, 2.7069332015099796,-38.24227411411946,-2.1266325381456195
2024-10-30 08:18:07,1.6807221171475166,-94.98455198967875,133.17650397443495, 2.717045729139359,-38.223274081881975,-2.135138979869817
2024-10-30 08:18:07,1.6825790050416822,-95.05619537894567,133.24153929203243, 2.7204430274948836,-38.216742675839654,-2.1380019576767593
2024-10-30 08:18:07,1.6784511326106155,-94.89681856588277,133.09673529114045, 2.7128992259351397,-38.23114534222853,-2.1316481923672748
2024-10-30 08:18:07,1.6523895892712321,-93.88089448445604,132.16280533180375, 2.665975107160669,-38.312088695030894,-2.0924258468010324
2024-10-30 08:18:07,1.6090042245902145,-92.15051105595043,130.5285380281377, 2.590541622600977,-38.40654307914639,-2.030540643895134
2024-10-30 08:18:07,1.5913994917569343,-91.43348770865812,129.83520685357317, 2.560885744353429,-38.42959121119631,-2.006643727500059
2024-10-30 08:18:07,1.577660989203365,-90.86762071844078,129.28134853186396, 2.538125335531225,-38.44110911032907,-1.9884832091497464
2024-10-30 08:18:07,1.5598409557448962,-90.12507884762366,128.54560582939496, 2.509104283813165,-38.44728691581522,-1.965567375802308
2024-10-30 08:18:07,1.5508968234769314,-89.74862329693188,128.1687116959094, 2.4947523069042488,-38.446542853133806,-1.9543390331137602
2024-10-30 08:18:07,1.5424177631756883,-89.38935404348217,127.80658572200204, 2.481279276113972,-38.44340043855014,-1.9438639846121983
2024-10-30 08:18:07,1.5242594831309835,-88.61191441930886,127.01481488704127, 2.4528628948740208,-38.42847004027148,-1.9219888102573401
2024-10-30 08:18:07,1.5056319821835962,-87.80255030606409,126.17869614387618, 2.424336007683734,-38.40111841221032,-1.9003443818084627
2024-10-30 08:18:07,1.4860179555714181,-86.93674156007499,125.27092131210391, 2.3949898434363193,-38.35854275706617,-1.8784350549381905
2024-10-30 08:18:07,1.4653805626989649,-86.00994419180141,124.28394961602214, 2.364891045369825,-38.297747829699986,-1.8563730598434527
2024-10-30 08:18:07,1.4385967305573448,-84.78147623737044,122.95150181483154, 2.327045947149893,-38.192993813595464,-1.8292855319616825
2024-10-30 08:18:07,1.4049997100999052,-83.1964530823783,121.19176676837779, 2.281587585521564,-38.01735992572314,-1.7978502916474548
2024-10-30 08:18:07,1.3728399090989711,-81.62916772575971,119.40718867941226, 2.240277727482329,-37.799235042961115,-1.7705238881796397
2024-10-30 08:18:08,1.339575683214222,-79.95135768704833,117.44826613315772, 2.199967725730001,-37.51731310672304,-1.7452650328581776
2024-10-30 08:18:08,1.3292459433422497,-79.4176855576128,116.81478076852845, 2.1879801476458103,-37.41725908541571,-1.7380749059400908
2024-10-30 08:18:08,1.3370029834289205,-79.81902401447991,117.2916472144056, 2.1969579238369175,-37.492967422721584,-1.7434445532173144
2024-10-30 08:18:08,1.350093944524517,-80.48846622393998,118.08078153580983, 2.2124370639073505,-37.61297029783091,-1.752909825352822
2024-10-30 08:18:08,1.3580797549733379,-80.89213271733051,118.55280202764276, 2.222077165242699,-37.68151781982313,-1.7589274480169346
2024-10-30 08:18:08,1.3593222660979136,-80.9546254814734,118.62561914401304, 2.2235902764857802,-37.69187255165086,-1.7598800653389939
2024-10-30 08:18:08,1.360566908505745,-81.01714165152961,118.69839428531672, 2.2251095201971585,-37.70216202734742,-1.7608386960247782
2024-10-30 08:18:08,1.36864361185494,-81.42080371447982,119.16662777100146, 2.235053491829429,-37.76693316887646,-1.7671651905877142
2024-10-30 08:18:08,1.3932463304101286,-82.62958557050219,120.55139434383256, 2.266233435202799,-37.943545207587604,-1.7875425898441877
2024-10-30 08:18:08,1.442178409540009,-84.94749773145134,123.13318456679016, 2.3320257223228755,-38.208756571617705,-1.8328052007924693
2024-10-30 08:18:08,1.4777101555746501,-86.56564693897565,124.87762326821553, 2.3827764183584383,-38.3360869613917,-1.8694306937461809
2024-10-30 08:18:08,1.504216611361624,-87.74054679019372,126.11414558725158, 2.4221944878752293,-38.39852673367999,-1.898732975210918
2024-10-30 08:18:08,1.5250154158897442,-88.64450295364496,127.0482279234836, 2.4540339449329007,-38.429319145520275,-1.9228842502152321
2024-10-30 08:18:08,1.548676815032365,-89.6547852017404,128.0743571909876, 2.4912122667939887,-38.44595127653694,-1.9515804692091332
2024-10-30 08:18:08,1.5764866308823478,-90.8189875790649,129.23347194643986, 2.536195378234801,-38.44182418973825,-1.9869507606215415
2024-10-30 08:18:08,1.6122524998993355,-92.28184328636829,130.654504935354, 2.5960735982831054,-38.40129847139974,-2.0350265853926888
2024-10-30 08:18:08,1.632507030270159,-93.09417467908698,131.42660116521245, 2.6309905344377538,-38.36182944172272,-2.0635368804772014
2024-10-30 08:18:08,1.6513014958956513,-93.83810667632339,132.12305667988076, 2.664042346339223,-38.315084851451324,-2.09082173870746
2024-10-30 08:18:08,1.6778971992447622,-94.8753998796819,133.07723975820014, 2.7118892238361987,-38.233045741073305,-2.130798504800122
2024-10-30 08:18:08,1.6989230974564422,-95.68325186869662,133.8067721332498, 2.750613189860041,-38.15560285592179,-2.163539993411655
2024-10-30 08:18:08,1.723328442317977,-96.60809558540691,134.62741100281312, 2.7965633977069593,-38.052449777392994,-2.202809437128484
2024-10-30 08:18:08,1.7485994130525422,-97.55187492205181,135.44893341442952, 2.8452902373492996,-37.931321602700315,-2.2449145913347612
2024-10-30 08:18:08,1.774781433710978,-98.51553015657143,136.2712740697502, 2.897021237760725,-37.791220296556645,-2.2901005619717174
2024-10-30 08:18:08,1.7934021799424897,-99.19251390584982,136.83908856024019, 2.9345962179423677,-37.682941812627185,-2.323214701155743
2024-10-30 08:18:08,1.7892785824039958,-99.04317902814223,136.7145341467217, 2.9262185062691537,-37.70752298254942,-2.31581100233928
2024-10-30 08:18:08,1.7366894221085967,-97.10879334548562,135.06524471016348, 2.8221794013843033,-37.990177402926406,-2.224887109717641
2024-10-30 08:18:09,1.7150845342804397,-96.29719684364457,134.35326965935815, 2.7809207704865044,-38.08884773992165,-2.1893919921895706
2024-10-30 08:18:09,1.6804825355644208,-94.97530227789699,133.1681005986485, 2.7166078497192347,-38.224110541373506,-2.134770160106825
2024-10-30 08:18:09,1.661267439791627,-94.22887600136104,132.48482572839526, 2.6818235283226217,-38.28648100576556,-2.105614052217653
2024-10-30 08:18:09,1.6407065998983485,-93.41987483687724,131.73276480001292, 2.6453329951400963,-38.34260971672902,-2.0753423674638882
2024-10-30 08:18:09,1.623292516795077,-92.72600858067337,131.07817347654054, 2.6150152760912713,-38.38121642912013,-2.05045150803622
2024-10-30 08:18:09,1.6048358145410395,-91.98153975469961,130.36600270931422, 2.58347004667991,-38.4128250142954,-2.0248189584020615
2024-10-30 08:18:09,1.5871661702362034,-91.25972367538085,129.6657584447175, 2.553836660929253,-38.43375451441025,-2.0010021358249177
2024-10-30 08:18:09,1.5685206690517124,-90.48798307090756,128.90645779468898, 2.5231689143808627,-38.445535179063505,-1.9766386745084956
2024-10-30 08:18:09,1.5507075874729284,-89.74063065974228,128.1606814026356, 2.4944502046671024,-38.44649877960162,-1.9541034491039013
2024-10-30 08:18:09,1.532492505261342,-88.96578826678227,127.37659392823956, 2.46567297098984,-38.4366447838092,-1.9318126125440798
2024-10-30 08:18:09,1.5145528374003336,-88.19169140376562,126.58220683240619, 2.437918476379235,-38.41577169432681,-1.910608947819236
2024-10-30 08:18:09,1.492457882788988,-87.22259266802513,125.57215150894993, 2.404546286412744,-38.374119851358515,-1.8855281738154948
2024-10-30 08:18:09,1.4729085764352923,-86.34994958546686,124.64785935263559, 2.375776899082703,-38.32187610392451,-1.8643019913804701
2024-10-30 08:18:09,1.4470076826952663,-85.17048234420228,123.37641377073487, 2.3387800237508745,-38.22913900464455,-1.8376013627291703
2024-10-30 08:18:09,1.4312772184205491,-84.44046819668269,122.57675252737194, 2.316948305074306,-38.15904707321736,-1.8221925573441282
2024-10-30 08:18:09,1.4150075511828906,-83.67396612795478,121.72670307580857, 2.2948885509133725,-38.07505216897485,-1.8069119910729352
2024-10-30 08:18:09,1.3822002946311303,-82.09066838800169,119.93724471786535, 2.252071247402335,-37.86802757497088,-1.7781902865919679
2024-10-30 08:18:09,1.3497740564122949,-80.47222314903823,118.06172772024789, 2.212053993824602,-37.61015186756255,-1.7526725872132878
2024-10-30 08:18:09,1.3292837466984175,-79.41965004346034,116.81712181223403, 2.188023542977694,-37.41763651534026,-1.73810063642147
2024-10-30 08:18:09,1.331671992560635,-79.54358585672188,116.96467764877889, 2.1907721907885525,-37.441311767830896,-1.7397349069204258
2024-10-30 08:18:09,1.3475386613561455,-80.35855622777049,117.92826136462708, 2.2093837669012437,-37.590298831879814,-1.7510230062874277
2024-10-30 08:18:09,1.4080363633876165,-83.3418388453637,121.35507180494864, 2.2856015759156314,-38.03536031044619,-1.8005723771982052
2024-10-30 08:18:09,1.4279733476443073,-84.28577496510624,122.40605625838782, 2.3124254368125605,-38.14295212791351,-1.819035100431027
2024-10-30 08:18:09,1.4463658881615338,-85.14090535697498,123.34420365206977, 2.3378797658764134,-38.22648748910837,-1.83696063725977
2024-10-30 08:18:09,1.465825506633467,-86.03010305189096,124.30558479618465, 2.3655314495809225,-38.299237307440556,-1.8568378848217135
2024-10-30 08:18:10,1.4864141162854103,-86.95437133433788,125.28954301631548, 2.3955754828976974,-38.35954680759168,-1.8788685495123196
2024-10-30 08:18:10,1.5307271411627128,-88.89010364553204,127.29941267165161, 2.462915811499406,-38.435090054575454,-1.9296929199550719
2024-10-30 08:18:10,1.5751908661153986,-90.76527798104192,129.18054718507864, 2.534068751781743,-38.4425633507345,-1.9852635275171977
2024-10-30 08:18:10,1.613980404662342,-92.35158421250799,130.72126770474432, 2.599023936545234,-38.398384769453386,-2.0374225877765086
2024-10-30 08:18:10,1.638971363413209,-93.35109705425488,131.66827465294548, 2.642287799473281,-38.34682998726409,-2.0728313457744103
2024-10-30 08:18:10,1.6591665140179308,-94.1467073584304,132.40898707900584, 2.6780603342900484,-38.292726942272935,-2.102476969488695
2024-10-30 08:18:10,1.6748298307538616,-94.7566602807479,132.96900987871211, 2.706306362272277,-38.24342979275336,-2.1261060294547747
2024-10-30 08:18:10,1.6766732016812411,-94.82804570134904,133.0341077539141, 2.709659426077883,-38.23721770121467,-2.128923465797109
2024-10-30 08:18:10,1.6748573155077484,-94.75772524996398,132.96998172968742, 2.7063563119088525,-38.24333779803867,-2.1261479809221506
2024-10-30 08:18:10,1.6631985786793653,-94.30430621769374,132.55433636780026, 2.68528954806223,-38.280638922415385,-2.1085064302355043
2024-10-30 08:18:10,1.5969123443728444,-91.65898335978613,130.05427244380948, 2.5701131742779277,-38.423360985898995,-2.0140514368974047
2024-10-30 08:18:10,1.5570024069208477,-90.00588220119508,128.4265531789471, 2.5045339418732855,-38.44733350362054,-1.961984057896255
2024-10-30 08:18:10,1.5221062125956155,-88.51897789766087,126.9194195308103, 2.4495328672694425,-38.42594128527101,-1.919445431183754
2024-10-30 08:18:10,1.4986646939672104,-87.49662796822659,125.85952033875358, 2.413829906897056,-38.38764619171603,-1.8924576115984464
2024-10-30 08:18:10,1.4684527505209028,-86.14897283062592,124.43300864373487, 2.369320529252648,-38.307869266919695,-1.859592304334328
2024-10-30 08:18:10,1.4332556283857332,-84.53287070116923,122.67850669603874, 2.319667115116009,-38.16845402539171,-1.8240964699135787
2024-10-30 08:18:10,1.3990133901241082,-82.9085633908152,120.86726951056343, 2.2737309502559278,-37.98059374670008,-1.7925547761309697
2024-10-30 08:18:10,1.3675017267224039,-81.36394429303533,119.10084808298618, 2.2336386916698707,-37.7579844797683,-1.7662596835108082
2024-10-30 08:18:10,1.3576558076339542,-80.8707908799457,118.52791848490871, 2.221561697639381,-37.67796576549027,-1.7586034144417835
2024-10-30 08:18:11,1.3588965242114917,-80.93322199246771,118.6006874018264, 2.223071416630412,-37.68833388084104,-1.7595531620216114
2024-10-30 08:18:11,1.3906364384859935,-82.5027998432476,120.40737789782497, 2.2628636422725146,-37.926246584872615,-1.785303362297662
2024-10-30 08:18:11,1.4326753288101066,-84.50578535307618,122.64869623092365, 2.3188688351860556,-38.16571267192034,-1.8235370005982061
2024-10-30 08:18:11,1.4511974167313042,-85.36314011836238,123.58583266292966, 2.3446768050178264,-38.24602063022327,-1.8418091257211886
2024-10-30 08:18:11,1.4731539199770634,-86.36099284760282,124.65964350964305, 2.3761334909193152,-38.32262434404885,-1.8645627046307363
2024-10-30 08:18:11,1.4907288273243757,-87.14599794082015,125.49158313805881, 2.4019728744515154,-38.37009284091695,-1.8836140647803017
2024-10-30 08:18:11,1.509243693580975,-87.96044172914364,126.34275406076002, 2.4298174113066775,-38.407399273072606,-1.9044776486657913
2024-10-30 08:18:11,1.5296325783906402,-88.84312444647303,127.25145135066143, 2.461209152728234,-38.434071994415504,-1.9283822887993167
2024-10-30 08:18:11,1.5417152673936305,-89.35948253740507,127.77636947913037, 2.4801688338613173,-38.44303220122026,-1.9430035359598437
2024-10-30 08:18:11,1.5557645869092807,-89.95382321818094,128.37447484566442, 2.502545450813276,-38.44727181013977,-1.9604272362811384
2024-10-30 08:18:11,1.5716471206724345,-90.61812708711841,129.03527397333934, 2.5282679978031855,-38.4443165789292,-1.9806686904721522
2024-10-30 08:18:11,1.5910562008541191,-91.41941643501401,129.821505764628, 2.560312929114859,-38.4299490071889,-2.0061847213672577
2024-10-30 08:18:11,1.6127049141487038,-92.30011150323982,130.67200169285746, 2.596845568091861,-38.40054387193911,-2.035653273735104
2024-10-30 08:18:11,1.6338710685171163,-93.14848047912513,131.47778478524916, 2.633368188572437,-38.35875969497806,-2.065490239690216
2024-10-30 08:18:11,1.7055282870333168,-95.93489338907202,134.03159480506486, 2.7629427169747625,-38.12906500759721,-2.1740335624694835
2024-10-30 08:18:11,1.7384879441759238,-97.17589673410967,135.1235799391534, 2.8256525931053056,-37.981489759867486,-2.227890418861019
2024-10-30 08:18:11,1.7365434615813764,-97.10334446558171,135.060504259662, 2.8218977927350894,-37.99087930705024,-2.2246437014385716
2024-10-30 08:18:11,1.664838237846834,-94.36827789717978,132.61320619859555, 2.688237645990827,-38.275603043699824,-2.1109688755083735
2024-10-30 08:18:11,1.644350819559136,-93.56405953842659,131.8676793878148, 2.651745727233741,-38.33348164422806,-2.080638002751936
2024-10-30 08:18:11,1.6130663740024505,-92.31470291727402,130.68597250616898, 2.5974626003665167,-38.39993674981541,-2.036154303989708
2024-10-30 08:18:11,1.5940301727684856,-91.54120284351238,129.93996735647352, 2.5652822507999966,-38.426731730284175,-2.0101700207968123
2024-10-30 08:18:11,1.5780116266076638,-90.88213337752772,129.29562697660012, 2.5387020544222167,-38.44088729383302,-1.9889413726068788
2024-10-30 08:18:11,1.5526015380338571,-89.82057205779977,128.24094637708814, 2.497476665347108,-38.44688666970865,-1.9564649719013647
2024-10-30 08:18:11,1.5435305824061374,-89.4366399750216,127.85438371500568, 2.4830401416319154,-38.44394978000979,-1.9452293411154309
2024-10-30 08:18:11,1.5272131141002256,-88.73913481808135,127.14514305294256, 2.457444402869231,-38.43167410604141,-1.925495066642231
2024-10-30 08:18:11,1.518926842503729,-88.38145980401158,126.77797108679773, 2.444631431947878,-38.42190813163074,-1.9157097714783755
2024-10-30 08:18:12,1.510460504270132,-88.01353094300364,126.39781358804093, 2.43166953718439,-38.40940826710713,-1.9058770633691855
2024-10-30 08:18:12,1.5018475191494294,-87.63660049508401,126.00577057239549, 2.4186182171440005,-38.39402352520358,-1.8960462954783237
2024-10-30 08:18:12,1.4847345757956443,-86.87958812459047,125.21051292733767, 2.3930946584101243,-38.355248596552265,-1.8770332997906982
2024-10-30 08:18:12,1.4765288401943466,-86.51266322000696,124.82126328689749, 2.3810503062317743,-38.33267509239893,-1.8681637563539046
2024-10-30 08:18:12,1.4683056704201862,-86.14232546403065,124.4258897511516, 2.3691080584706383,-38.307393371402064,-1.8594376627957003
2024-10-30 08:18:12,1.4500214309038797,-85.30913864623541,123.52720140309872, 2.343018226595512,-38.241356931703834,-1.840623706935496
2024-10-30 08:18:12,1.431131946685658,-84.43367643928025,122.56926728411636, 2.3167489747299537,-38.158349535094565,-1.8220531443449897
2024-10-30 08:18:12,1.4078921678364642,-83.33494502147471,121.34733690761402, 2.285410538524031,-38.034515375493534,-1.8004425755588027
2024-10-30 08:18:12,1.3780817909597527,-81.88816459949663,119.70512752212795, 2.2468584900208954,-37.83830931157149,-1.7747876255860988
2024-10-30 08:18:12,1.3631801736235463,-81.14812981269179,118.85065298571983, 2.228310815566572,-37.7234968510284,-1.7628656622635737
2024-10-30 08:18:12,1.347495530669483,-80.35636033801728,117.92568073379013, 2.2093323616736495,-37.58991305889499,-1.7509913207838061
2024-10-30 08:18:12,1.33180908278519,-79.55068980380935,116.97312734881685, 2.1909303936321423,-37.44266069917551,-1.7398292382596137
2024-10-30 08:18:12,1.3025345789279736,-78.00778488546115,115.11732814396603, 2.158220935286429,-37.129107732072924,-1.7209972579756356
2024-10-30 08:18:12,1.2902060784222245,-77.34172430843512,114.30349770921448, 2.145118417366025,-36.98107256822654,-1.713883846881263
2024-10-30 08:18:12,1.29133380805571,-77.40307013290477,114.37877101851764, 2.1462996796574796,-36.99502402254585,-1.714513658749285
2024-10-30 08:18:12,1.3042216861056677,-78.09815926335244,115.22716596162722, 2.1600458473033193,-37.14860803666008,-1.7220093107827983
2024-10-30 08:18:12,1.353416090782454,-80.65682030288468,118.27799365864426, 2.216429473442483,-37.64190848491717,-1.7553910307805616
2024-10-30 08:18:12,1.3657539790221656,-81.27678287246069,118.99990092062951, 2.2314788926376767,-37.74415535383051,-1.764880766096607
2024-10-30 08:18:12,1.385227466998088,-82.23896455730716,120.10676194062852, 2.2559262532040796,-37.889326210439535,-1.7807206451213613
2024-10-30 08:18:12,1.3986037140682352,-82.88879876121916,120.84493689641205, 2.273196027952512,-37.9780149697251,-1.7921958207458617
2024-10-30 08:18:12,1.4120357751049981,-83.53265843507688,121.56883152731085, 2.290917328594499,-38.058407941435256,-1.8041940737029025
2024-10-30 08:18:12,1.4264617190811508,-84.21483638994194,122.32763377830422, 2.3103633769121497,-38.135426347515,-1.8175996660652791
2024-10-30 08:18:12,1.433620486232163,-84.54989280784977,122.6972346109522, 2.3201693695408423,-38.170170050467476,-1.8244486644940592
2024-10-30 08:18:12,1.4408585176678823,-84.88638085593483,123.06636074599726, 2.330187671826407,-38.203012149900864,-1.8315044401611669
2024-10-30 08:18:12,1.4481794370511512,-85.22443765985108,123.43513143382397, 2.340425743598078,-38.23393496854819,-1.8387737934272113
2024-10-30 08:18:12,1.4555430114876677,-85.56219185233991,123.80149018274439, 2.350829015051777,-38.26275231218442,-1.8462190900852007
2024-10-30 08:18:12,1.4705957732007455,-86.24573039586261,124.53653800916906, 2.3724209975781885,-38.314704854373375,-1.8618514356824247
2024-10-30 08:18:12,1.4783921748354627,-86.59621179500705,124.91011237975115, 2.3837741698436,-38.33803180558242,-1.8701636711518577
2024-10-30 08:18:12,1.4856468076809675,-86.92021948057547,125.25346444574075, 2.3944414468451183,-38.35759662201859,-1.8780292697479626
2024-10-30 08:18:12,1.4940614880876895,-87.2935301667923,125.64667299183219, 2.4069379637024277,-38.37775346457083,-1.8873097431294863
2024-10-30 08:18:13,1.5020921000045653,-87.64734119211711,126.01697809567808, 2.418986945086647,-38.39449802837098,-1.8963230519646483
2024-10-30 08:18:13,1.5098301547648898,-87.98603553148195,126.36930421067598, 2.4307097331055902,-38.40837425396394,-1.9051516857294812
2024-10-30 08:18:13,1.518379848982776,-88.35776498163493,126.75356385901135, 2.4437900263916634,-38.421178091844446,-1.9150694444577205
2024-10-30 08:18:13,1.5273364218895567,-88.7444394818649,127.1505708208059, 2.457636015924536,-38.431801240186644,-1.9256418855181103
2024-10-30 08:18:13,1.5451607515034786,-89.50583555947475,127.92425428315961, 2.485623662111335,-38.44467949249181,-1.9472345961848032
2024-10-30 08:18:13,1.55474939929955,-89.91109093049809,128.3316893091109, 2.50091665705441,-38.44718389451148,-1.9591530408747102
2024-10-30 08:18:13,1.5640951455867937,-90.3032441506122,128.7230671927876, 2.515980953787537,-38.446729767494254,-1.9709722588257703
2024-10-30 08:18:13,1.5744559650405474,-90.73479347829915,129.1504844712725, 2.532863952367858,-38.44295927475029,-1.9843083011118525
2024-10-30 08:18:13,1.5856386252267483,-91.19689259175952,129.60435082887457, 2.551300904812627,-38.435123259529966,-1.998976419579511
2024-10-30 08:18:13,1.610431529582541,-92.20825551940703,130.5839625557909, 2.5929700881928275,-38.40427611349408,-2.03250884380033
2024-10-30 08:18:13,1.6421789377122078,-93.47817024873552,131.7873581141356, 2.6479210239491495,-38.33896491406901,-2.0774782942964523
2024-10-30 08:18:13,1.6867810731292412,-95.21801618736896,133.38809041055265, 2.728153854947039,-38.20164724657211,-2.1445097125741723
2024-10-30 08:18:13,1.7342191494935442,-97.01651326423689,134.98489020304874, 2.8174186631709874,-38.00199272560192,-2.22077423337507
2024-10-30 08:18:13,1.786334136702016,-98.93634483443128,136.62518542756231, 2.9202561992511225,-37.72486686159952,-2.310549002826913
2024-10-30 08:18:13,1.8274833604086318,-100.41443791271843,137.84346876933967, 3.0050872151482064,-37.46709032772709,-2.3859556934777375
2024-10-30 08:18:13,1.8253462163916194,-100.33844564704256,137.78177067339743, 3.0006007732144475,-37.48127597459024,-2.3819395520860422
2024-10-30 08:18:13,1.7988066838409993,-99.38774063438926,137.00132439347655, 2.945625369950274,-37.650213883831725,-2.332979186104356
2024-10-30 08:18:13,1.7200290886148015,-96.48385023643982,134.5180646626797, 2.790288078706671,-38.06720442070701,-2.197420822687644
2024-10-30 08:18:13,1.6796112016182554,-94.94165032205089,133.1375145952931, 2.7150161951654317,-38.227140603165125,-2.133429899706139
2024-10-30 08:18:13,1.6599466193726817,-94.17723080336016,132.43717351668772, 2.6794567455093903,-38.290421116314526,-2.1036406485924424
2024-10-30 08:18:13,1.6402864213898312,-93.40322793284257,131.71716363041264, 2.6445951256306897,-38.34363912314163,-2.0747337118312736
2024-10-30 08:18:13,1.6133540049014963,-92.32631139180072,130.69708445200502, 2.5979537681342952,-38.399450951926,-2.036553208915956
2024-10-30 08:18:13,1.5927663053714283,-91.48947819247813,129.88968820100308, 2.5631684867598405,-38.428131464631925,-2.0084739124298374
2024-10-30 08:18:13,1.5867113095866767,-91.24102157003858,129.64748765166846, 2.5530811489912186,-38.434169518484936,-2.0003983796728586
2024-10-30 08:18:13,1.5690334000788961,-90.50934711713214,128.92762530167676, 2.5240039564893166,-38.44535651850666,-1.9772980605653443
2024-10-30 08:18:13,1.5603862138425737,-90.14794612512148,128.56841551514836, 2.5099838549087274,-38.4472480843376,-1.9662578069402943
2024-10-30 08:18:13,1.551804259033991,-89.78693397348832,128.20718650430067, 2.4962018589184556,-38.44673778457419,-1.9554698607091645
2024-10-30 08:18:13,1.5433305425658097,-89.4281428883741,127.84579765285021, 2.4827234447717017,-38.443854098280475,-1.944983695188475
2024-10-30 08:18:13,1.5351569927301234,-89.07982058349234,127.4926817332716, 2.469845078540187,-38.438788260701415,-1.9350255398538259
2024-10-30 08:18:13,1.5095980396047346,-87.97590724687154,126.35879891077138, 2.4303564859616635,-38.407989861704905,-1.9048848125987368
2024-10-30 08:18:13,1.5017392647000511,-87.6318458351072,126.00080858142233, 2.418455048986676,-38.393812797277526,-1.8959238446835611
2024-10-30 08:18:13,1.4929421072214315,-87.24402306454495,125.59467438620065, 2.4052679724841615,-38.37522730445367,-1.8860654938957788
2024-10-30 08:18:14,1.4844422265517332,-86.8665599985872,125.1967344417236, 2.3926633739855805,-38.35448931627929,-1.876714534458829
2024-10-30 08:18:14,1.475687075805661,-86.47487567735085,124.78103637234878, 2.379821947918023,-38.330210390748036,-1.867263026160849
2024-10-30 08:18:14,1.4580710960005596,-85.67763319355706,123.92623055923049, 2.35442493254549,-38.272125013818005,-1.8488059347426928
2024-10-30 08:18:14,1.4494021701449495,-85.28067885068221,123.49628020811532, 2.342145920423253,-38.238877702350116,-1.8400008492749276
2024-10-30 08:18:14,1.4389985239151981,-84.80012801361627,122.97193808669485, 2.3276033184272653,-38.194789664535996,-1.8296787756573216
2024-10-30 08:18:14,1.4287062249141842,-84.32013129686875,122.44400429565965, 2.313426829339026,-38.146564175369456,-1.8197331191688861
2024-10-30 08:18:14,1.4174072065486838,-83.78777261452895,121.85358722129732, 2.2981084467016943,-38.08819503514164,-1.8091232630613439
2024-10-30 08:18:14,1.4048079952488721,-83.18725973736524,121.18142749729726, 2.2813348115051384,-38.016208893565725,-1.7976792441199836
2024-10-30 08:18:14,1.3743381267947452,-81.70333822110925,119.49263349563672, 2.2421524307749245,-37.81054704506683,-1.771734835554859
2024-10-30 08:18:14,1.3585837049519853,-80.91748924631827,118.58235601870754, 2.222690441977668,-37.685727594814836,-1.7593132927539321
2024-10-30 08:18:14,1.3431863188151254,-80.13643923908812,117.66679712835442, 2.204218559444265,-37.55084789463514,-1.7478528756708307
2024-10-30 08:18:14,1.3275994411044891,-79.33204110452567,116.71265425369239, 2.1860935137717847,-37.400739106428155,-1.7369584245224945
2024-10-30 08:18:14,1.3134151897379718,-78.58744329577613,115.8193788420195, 2.1701219295609895,-37.251740128451125,-1.7276841770048212
2024-10-30 08:18:14,1.2928628831087938,-77.48611200550945,114.48056366398026, 2.1479069516825233,-37.01380739162315,-1.7153743889422834
2024-10-30 08:18:14,1.29399466408168,-77.54747686658234,114.55570889682969, 2.1491007553667587,-37.027611961594026,-1.716016483383281
2024-10-30 08:18:14,1.2951282966549287,-77.60885673964717,114.63080805514642, 2.1503000308591607,-37.04135554542714,-1.7166638807266374
2024-10-30 08:18:14,1.3080532444097503,-78.30272856240406,115.47527251944355, 2.1642183514437106,-37.19222951702677,-1.724341730581026
2024-10-30 08:18:14,1.356194526284182,-80.79715382672373,118.44199935122327, 2.2197881224604465,-37.665648078382596,-1.757490433511457
2024-10-30 08:18:15,1.362627979679187,-81.12048200827861,118.81854093444535, 2.2276330762990764,-37.71901899383899,-1.7624357545701892
2024-10-30 08:18:15,1.3822207596727467,-82.09167248816367,119.93839382720772, 2.2520972421999934,-37.86817310718654,-1.7782073096800388
2024-10-30 08:18:15,1.3952140166815725,-82.72495289036091,120.65953224500373, 2.268783625360565,-37.95636719753248,-1.789242810216549
2024-10-30 08:18:15,1.4089163867768837,-83.38389060561352,121.402235468446, 2.286768407959037,-38.0404958019158,-1.8013657266921108
2024-10-30 08:18:15,1.423371174127607,-84.06948388423628,122.16666162695435, 2.306161787277175,-38.1197214290874,-1.8146829485358873
2024-10-30 08:18:15,1.4374601897072845,-84.72867878194523,122.89361867106767, 2.325471056649176,-38.187876047149686,-1.8281753597234405
2024-10-30 08:18:15,1.4521011284278764,-85.40459953067281,123.63081045629407, 2.345953203152348,-38.24956511666005,-1.8427224008519685
2024-10-30 08:18:15,1.4765518561768138,-86.51369603946702,124.82236241233304, 2.381083911493839,-38.33274209144878,-1.868188408526769
2024-10-30 08:18:15,1.4928510676356284,-87.23999458030467,125.59044118173314, 2.405132254139482,-38.37501976835534,-1.8859644293041584
2024-10-30 08:18:15,1.508836240490232,-87.94265277782794,126.32429329666358, 2.429197828936869,-38.406714524821055,-1.9040098253893503
2024-10-30 08:18:15,1.530643190922702,-88.88650190049539,127.29573707074518, 2.4627848380782953,-38.435013440133304,-1.9295922995922765
2024-10-30 08:18:15,1.5435256058550197,-89.43642860218445,127.854170144974, 2.4830322620362018,-38.443947415953765,-1.9452232288683595
2024-10-30 08:18:15,1.602681920260648,-91.8940353886113,130.2816247071602, 2.579828119155422,-38.41587215810889,-2.0218778720058075
2024-10-30 08:18:15,1.625584242320747,-92.8177895612456,131.16526685620173, 2.6189743703030093,-38.376615778503506,-2.0536880131091766
2024-10-30 08:18:15,1.6480519447431556,-93.71014101801082,132.00398012624572, 2.658282778027975,-38.32384594982055,-2.0860470762548475
2024-10-30 08:18:15,1.6600548276055322,-94.1814634903259,132.44108078542845, 2.6796505271431816,-38.290100026069226,-2.103802171106483
2024-10-30 08:18:15,1.6542643691645942,-93.95454650413053,132.23114743864258, 2.6693101934097925,-38.30685303295706,-2.0951960035557278
2024-10-30 08:18:15,1.650732371659266,-93.81571451493514,132.10224163662502, 2.6630322611136616,-38.31663950618963,-2.0899837815902953
2024-10-30 08:18:15,1.64721508775415,-93.67714183553302,131.97322456641712, 2.656802560420557,-38.32605670653176,-2.0848213259446813
2024-10-30 08:18:15,1.6384836762596087,-93.3317528004844,131.65012069185974, 2.6414329126913683,-38.348001378288984,-2.0721268503862786
2024-10-30 08:18:15,1.6350156081220744,-93.19400914216699,131.5206541659467, 2.6353657851277603,-38.35614449067175,-2.067132513541899
2024-10-30 08:18:15,1.6315614120205368,-93.05649799224663,131.39105879198797, 2.629344167702191,-38.363927468522384,-2.0621851849897626
2024-10-30 08:18:15,1.6187560435144621,-92.54390386395607,130.90491111608526, 2.60720573622918,-38.38988754423842,-2.0440798632553747
2024-10-30 08:18:15,1.6057340171948802,-92.01799113530127,130.40111015201933, 2.584991212266475,-38.41151418844967,-2.0260485340669065
2024-10-30 08:18:15,1.59495774401307,-91.57913463677187,129.97680777478615, 2.5668353797698145,-38.42567399609659,-2.011417124626868
2024-10-30 08:18:15,1.5822941383930365,-91.05908387401486,129.4694093495922, 2.545763482187079,-38.43787112968792,-1.9945597136205708
2024-10-30 08:18:15,1.5662337908790371,-90.39259593625974,128.81184545845693, 2.5194501843647776,-38.44623040690714,-1.9737049881658724
2024-10-30 08:18:15,1.5555696892339308,-89.945621949097,128.3662659693148, 2.5022326085048694,-38.447257543244284,-1.9601824307180205
2024-10-30 08:18:15,1.5388567171657983,-89.23776272080629,127.6530747660829, 2.475659476056496,-38.4413619443277,-1.939513978506017
2024-10-30 08:18:15,1.5145567802329603,-88.19186276911412,126.58238391140651, 2.437924511835652,-38.415777534262304,-1.9106135257177157
2024-10-30 08:18:15,1.4997314691999628,-87.54358342333583,125.90862189573045, 2.4154326973734497,-38.38982562800529,-1.8936577553378806
2024-10-30 08:18:15,1.486274304027045,-86.9481501502941,125.28297245231145, 2.395368766612043,-38.359193149164746,-1.8787155187582536
2024-10-30 08:18:15,1.4737284435769054,-86.38684371348306,124.68721997553757, 2.376968972514728,-38.324367156192565,-1.8651737871165135
2024-10-30 08:18:16,1.4627507508656228,-85.8906339758004,124.15574953313048, 2.361113717410907,-38.28878039445679,-1.8536355628705772
2024-10-30 08:18:16,1.4499042130180106,-85.30375281401459,123.52135090078892, 2.3428530532289162,-38.24088888521021,-1.8405057356291772
2024-10-30 08:18:16,1.4305157948091547,-84.40485971828308,122.5374988539689, 2.3159040088417626,-38.15538065006787,-1.821462433031511
2024-10-30 08:18:16,1.3963829836536186,-82.7815195290724,120.72359646330048, 2.2703025367142713,-37.96389540504349,-1.7902577465478853
2024-10-30 08:18:16,1.364713205918998,-81.22480177821899,118.93963404985155, 2.2301960116722297,-37.7358438105681,-1.7640636817420097
2024-10-30 08:18:16,1.3411753433108138,-80.03344840897364,117.545267245909, 2.2018471793012493,-37.532261233316575,-1.7464068271638897
2024-10-30 08:18:16,1.3096698257839843,-78.38875849649929,115.57939603680566, 2.165990351076961,-37.21035884194434,-1.7253398642770787
2024-10-30 08:18:16,1.2940397572831528,-77.54992004142622,114.55869938866186, 2.149148392518758,-37.02816024396009,-1.716042154119525
2024-10-30 08:18:16,1.2918128326129579,-77.42910210258549,114.41069366211153, 2.14680250784133,-37.00092489619736,-1.714782468345779
2024-10-30 08:18:16,1.2929422704838294,-77.49041915200695,114.48584014443715, 2.1479905748189565,-37.014778420956425,-1.7154192892333506
2024-10-30 08:18:16,1.296596030445079,-77.6881999087303,114.72778996335863, 2.151857963863233,-37.05902583469475,-1.7175083771249784
2024-10-30 08:18:16,1.326694813972145,-79.28491721222292,116.65640688863478, 2.185059808386892,-37.3915948552183,-1.7363485007455632
2024-10-30 08:18:16,1.3418053429806496,-80.06573826051773,117.58338955782577, 2.202589050030808,-37.538108588251504,-1.7468585699492902
2024-10-30 08:18:16,1.3592213837869447,-80.94955467296192,118.6197131730423, 2.223467291805129,-37.691034919896566,-1.759802557091012
2024-10-30 08:18:16,1.373489951154599,-81.66136289364735,119.44428973537319, 2.2410905075953838,-37.804157267057825,-1.7710485312320299
2024-10-30 08:18:16,1.3842879278816866,-82.19298744926432,120.05424765169211, 2.2547276552257918,-37.88276490417508,-1.7799326502434547
2024-10-30 08:18:16,1.3916824087210178,-82.55365217330575,120.46517593478801, 2.2642124138612596,-37.933219466986216,-1.7861985990304872
2024-10-30 08:18:16,1.40798289796704,-83.3392828388575,121.35220405571873, 2.2855307372573805,-38.03504713582132,-1.8005242425013543
2024-10-30 08:18:16,1.4145210305324278,-83.65086004150125,121.70091322278633, 2.294237166427636,-38.072355215501474,-1.8064654710166637
2024-10-30 08:18:16,1.4217723416198413,-83.99412023294998,122.08304855468656, 2.303995749813843,-38.11142807410093,-1.8131835813727868
2024-10-30 08:18:16,1.429843198903566,-84.3733840593442,122.50278189375697, 2.3149825046658425,-38.152120620388054,-1.8208187016858028
2024-10-30 08:18:16,1.4366532999570156,-84.69116119265973,122.85245638973241, 2.32435451196029,-38.18420861914677,-1.82738915149477
2024-10-30 08:18:16,1.4526292075890288,-85.42881039231803,123.65706141776403, 2.3466997941704366,-38.25162048949696,-1.8432569985938672
2024-10-30 08:18:16,1.459591036186358,-85.7469130534743,124.00097410157295, 2.3565928130538403,-38.277633136942576,-1.8503687270704379
2024-10-30 08:18:16,1.4689080709923195,-86.1695458325105,124.45503584824883, 2.3699785430960554,-38.3093370032131,-1.8600713648653597
2024-10-30 08:18:16,1.4845969851861374,-86.8734570022278,125.20402906895171, 2.3928916596814123,-38.354891661596014,-1.8768832513668317
2024-10-30 08:18:16,1.5014141865517774,-87.61756545546746,125.98590299320222, 2.417965200225472,-38.3931773915961,-1.8955563021245163
2024-10-30 08:18:16,1.5202256467030462,-88.4376798715698,126.83584006867844, 2.44663148886506,-38.42359897931855,-1.9172329827814716
2024-10-30 08:18:16,1.5498623218531278,-89.70491557366802,128.12478365119117, 2.4931015818406363,-38.446287472322865,-1.9530521627356192
2024-10-30 08:18:17,1.570625020815423,-90.57561360704412,128.99322861160368, 2.5265990855693223,-38.44474892753154,-1.9793487460936223
2024-10-30 08:18:17,1.595410407347077,-91.59763659076441,129.99476777008744, 2.567593876039677,-38.42514847160809,-2.0120264310169618
2024-10-30 08:18:17,1.6289684765523877,-92.95306322633576,131.293349387737, 2.6248378904927847,-38.369553591881825,-2.058489136247225
2024-10-30 08:18:17,1.6742839155945703,-94.7355035333724,132.9496987358545, 2.705314519386194,-38.245253090633,-2.1252731248653447
2024-10-30 08:18:17,1.748065260428738,-97.53206746582492,135.43185632398647, 2.8442481250469336,-37.93402768460893,-2.2440093404250114
2024-10-30 08:18:17,1.8003172064832582,-99.4422053227807,137.04646504064078, 2.9487179270035235,-37.64096369972817,-2.335720688858195
2024-10-30 08:18:18,1.7884949791489952,-99.0147638017787,136.69078937234644, 2.9246301542796687,-37.71215569416195,-2.3144086306926646
2024-10-30 08:18:18,1.7131149305888425,-96.22269300586501,134.28731477905168, 2.7772018095787065,-38.09731145345095,-2.18620941614123
2024-10-30 08:18:18,1.6722985821582266,-94.65850111026623,132.8793446462169, 2.701711977614387,-38.2518204516375,-2.122249797587351
2024-10-30 08:18:18,1.6437063190487469,-93.53858497706489,131.84387039620987, 2.6506098806017997,-38.33512203728472,-2.079699253949004
2024-10-30 08:18:18,1.6249276992485089,-92.79151039679503,131.1403456853774, 2.617839199602588,-38.37794883178553,-2.0527595919798394
2024-10-30 08:18:18,1.6067241716336766,-92.05814756508232,130.43975772142807, 2.586669763732399,-38.410041881956005,-2.027406101544853
2024-10-30 08:18:18,1.5887420018090461,-91.3244682995039,129.72896011601532, 2.556456922303284,-38.43226814769676,-2.0030974369502834
2024-10-30 08:18:18,1.571582666921825,-90.61544713236263,129.03262451227735, 2.528162700912576,-38.44434481531764,-1.9805853842847831
2024-10-30 08:18:18,1.5628346459075824,-90.25051386274954,128.67060625638555, 2.513940048215758,-38.44695552458657,-1.9693665023929852
2024-10-30 08:18:18,1.5457592867827217,-89.53121961896339,127.94986381354067, 2.4865734324055833,-38.444925092714776,-1.9479723824433055
2024-10-30 08:18:18,1.5378169351910247,-89.19342040797765,127.60809081405705, 2.474022880668162,-38.44068572423044,-1.9382493429283698
2024-10-30 08:18:18,1.5293677871443176,-88.83175334281724,127.23983641226343, 2.460796612733092,-38.43381947500257,-1.9280656441291413
2024-10-30 08:18:18,1.521110942794335,-88.47596709537763,126.87521690559629, 2.447996539770108,-38.42471722491124,-1.9182734909777288
2024-10-30 08:18:18,1.5122873589442212,-88.0931369670395,126.48027679842748, 2.4344553252500543,-38.41232366826107,-1.9079845796380221
2024-10-30 08:18:18,1.5039782570168359,-87.73009799261618,126.10326059793476, 2.4218342105133526,-38.39808303475566,-1.8984620709305269
2024-10-30 08:18:18,1.4959613736795228,-87.37745005086435,125.73471332743115, 2.4097777142640124,-38.381932882132254,-1.8894283552618905
2024-10-30 08:18:18,1.4873248148972933,-86.99487625543955,125.3323053036358, 2.396922871447523,-38.36183206650663,-1.8798664892582475
2024-10-30 08:18:18,1.4789889246137864,-86.62294047677914,124.93850976004143, 2.3846478973419867,-38.33971853766501,-1.8708059232472887
2024-10-30 08:18:18,1.4617064068344205,-85.8431763727465,124.10468343596732, 2.359617352808301,-38.28514119103257,-1.8525531215706519
2024-10-30 08:18:18,1.4531221565996166,-85.45140018973922,123.68154506636446, 2.3473972072194536,-38.25352860995998,-1.8437566513502628
2024-10-30 08:18:18,1.444210940033571,-85.04146750991653,123.23579626742931, 2.33486287784776,-38.21745637005247,-1.834816743588706
2024-10-30 08:18:18,1.434695389808394,-84.6000076296083,122.75234092228354, 2.321650595701298,-38.175191677160626,-1.8254882050884251
2024-10-30 08:18:18,1.4139380950657072,-83.62316059956115,121.6699837722812, 2.293457334764055,-38.069109421668315,-1.805931266536199
2024-10-30 08:18:18,1.402383329790748,-83.0708385729836,121.05036293624754, 2.2781445345070503,-38.00150106994928,-1.7955242638675477
2024-10-30 08:18:18,1.387287712534262,-82.33962957872336,120.2216076557601, 2.2585612441055267,-37.903559953026104,-1.7824569100037242
2024-10-30 08:18:18,1.3560193116681276,-80.78831656770873,118.43168165659216, 2.219575792017413,-37.66416338009462,-1.75735738963219
2024-10-30 08:18:18,1.3255055478710118,-79.2228913485333,116.58231340058276, 2.1837039418786266,-37.37949997296248,-1.735550450858208
2024-10-30 08:18:18,1.3110182978239848,-78.46039405573366,115.6660002362639, 2.167473681157558,-37.225357390233015,-1.7261788012516863
2024-10-30 08:18:18,1.2975244046641805,-77.73831285609656,114.78898790580101, 2.1528464150509086,-37.07013083854425,-1.7180461980019313
2024-10-30 08:18:18,1.2867182454699295,-77.151451074776,114.06961790391917, 2.1414874128666423,-36.93739224586226,-1.7119629813733683
2024-10-30 08:18:19,1.2889610219983265,-77.27389671574404,114.22019628616634, 2.1438183581225156,-36.96557234470396,-1.7131934567237073
2024-10-30 08:18:19,1.32604878285714,-79.25123414992791,116.61617884204547, 2.1843228404906365,-37.38503505569846,-1.7359144513387172
2024-10-30 08:18:19,1.3684371814725709,-81.41052973874679,119.15474624203603, 2.234797507509973,-37.76532047286324,-1.7670012241935287
2024-10-30 08:18:19,1.3907971264381227,-82.51061557662257,120.41626416777689, 2.263070696296057,-37.927321292891236,-1.7854407037165867
2024-10-30 08:18:19,1.4034999005578404,-83.12448584316061,121.1107882812385, 2.279612148025464,-38.00830877893233,-1.7965147307297318
2024-10-30 08:18:19,1.4178208713090776,-83.80736449057152,121.87540677915098, 2.298664697244795,-38.090433985578485,-1.8095059483454425
2024-10-30 08:18:19,1.4325035762461595,-84.49776601165445,122.63986748740746, 2.318632695219876,-38.164898467406914,-1.8233715756836026
2024-10-30 08:18:19,1.448827539415768,-85.25425577966263,123.46755865763481, 2.341337149813514,-38.23656269469685,-1.8394237272676315
2024-10-30 08:18:20,1.4658626128055081,-86.03178384461805,124.30738834463438, 2.365584873294243,-38.299361160889944,-1.8568766706786153
2024-10-30 08:18:20,1.4844336020731153,-86.86617561148168,125.19632786837751, 2.39265065326999,-38.35446686693869,-1.8767051337867595
2024-10-30 08:18:20,1.5060528993124471,-87.82097554153964,126.19786463237782, 2.424973586666127,-38.40187495968922,-1.900824506080826
2024-10-30 08:18:20,1.5343930919396458,-89.0471523149429,127.45944911074184, 2.468647633377052,-38.438198642890924,-1.934102725305247
2024-10-30 08:18:20,1.574020637724777,-90.71672783613155,129.1326606999595, 2.532150729352076,-38.443185837966496,-1.9837430413793307
2024-10-30 08:18:20,1.6381111169028184,-93.31697088888441,131.63624371476743, 2.6407801229779455,-38.3488918824584,-2.071589026840524
2024-10-30 08:18:20,1.6859690143805217,-95.18677687813877,133.359836032778, 2.7266612467951763,-38.204598418454864,-2.1432489442823863
2024-10-30 08:18:20,1.6923972429492589,-95.43363748918784,133.58262472959447, 2.7385091633287506,-38.180794840550796,-2.1532702259811773
2024-10-30 08:18:20,1.6887130880283934,-95.29227628340027,133.45518362447157, 2.731709771432536,-38.1945608446059,-2.1475153093058688
2024-10-30 08:18:20,1.6284631383955095,-92.93288368504525,131.27426392348883, 2.6239610506467455,-38.370628372993416,-2.0577705818369734
2024-10-30 08:18:20,1.6076636271388847,-92.09622213712048,130.4763742395808, 2.588263977043224,-38.40861856078539,-2.0286962090669642
2024-10-30 08:18:21,1.6074943880348458,-92.08936500457055,130.4697816691538, 2.5879766702915474,-38.40887686231654,-2.0284636539044456
2024-10-30 08:18:21,1.6073230937865854,-92.08242377655021,130.4631073662471, 2.5876859264150873,-38.40913745243978,-2.0282283407355286
2024-10-30 08:18:21,1.6071550963209396,-92.07561533379815,130.45655988066687, 2.5874008288713957,-38.40939219813551,-2.0279976209842743
2024-10-30 08:18:21,1.6020538575413876,-91.86849464237997,130.25696989804786, 2.578767705753201,-38.41673504362219,-2.021022247005158
2024-10-30 08:18:21,1.5761858597363598,-90.80652514039946,129.2211963566394, 2.5357014819245247,-38.442000428340585,-1.9865587818463588
2024-10-30 08:18:21,1.5505480615514886,-89.73389196768721,128.153910046578, 2.494195582501182,-38.44646070716035,-1.9539049156419885
2024-10-30 08:18:21,1.5331679100282805,-88.99471628706414,127.40606608910473, 2.4667293170125664,-38.43721119315057,-1.932625485321625
2024-10-30 08:18:21,1.5153185133394256,-88.22495928436683,126.61657378805062, 2.439091062060279,-38.416895307875215,-1.9114986310407365
2024-10-30 08:18:21,1.495995212236407,-87.37894351964373,125.73627895267182, 2.4098283533926965,-38.38200609047644,-1.8894661669393165
2024-10-30 08:18:21,1.4748437362363296,-86.4369896645089,124.74067834746992, 2.3785926352866,-38.327713036829934,-1.8663623188260932
2024-10-30 08:18:21,1.4454042116969745,-85.09655409490273,123.29587406652061, 2.3365323121587522,-38.222481656101195,-1.8360024717996568
2024-10-30 08:18:21,1.413911532426209,-83.62189804451884,121.6685736611611, 2.2934218167547282,-38.0689611466899,-1.805906945297382
2024-10-30 08:18:21,1.3813472687666262,-82.04879652703534,119.88930979058907, 2.2509885403355288,-37.8619427250523,-1.7774817391597226
2024-10-30 08:18:21,1.3490525124490742,-80.43556410467517,118.01870799819, 2.2111908143678676,-37.603773862719805,-1.752138554031049
2024-10-30 08:18:21,1.3411846038066866,-80.03392320852666,117.54582794042416, 2.2018580773514644,-37.53234734708211,-1.7464134589803109
2024-10-30 08:18:22,1.3436075200119821,-80.15798161933945,117.69219369607279, 2.2047164666973496,-37.554712077895495,-1.7481572529733287
2024-10-30 08:18:22,1.3748107660003566,-81.72671247902032,119.51954044056856, 2.242744869220844,-37.81409164124964,-1.7721181316441617
2024-10-30 08:18:22,1.4243795618600321,-84.11695676668754,122.21927810460157, 2.3075305706812363,-38.12489279673437,-1.8156319512886676
2024-10-30 08:18:22,1.4607522142803295,-85.7997768331326,124.05794789901135, 2.3582519908453135,-38.281777182193,-1.8515664431053964
2024-10-30 08:18:22,1.4974291812729668,-87.44219295232145,125.80254661424833, 2.411976230052491,-38.38506894785144,-1.8910709922034612
2024-10-30 08:18:22,1.5186883979185029,-88.37113208070254,126.76733412329767, 2.444264580529687,-38.42159120240046,-1.9154305553815214
2024-10-30 08:18:22,1.5305194881657065,-88.88119420356303,127.29032010046447, 2.4625918687915482,-38.43490010262643,-1.9294440627288008
2024-10-30 08:18:22,1.5484028238034526,-89.64319270441783,128.0626896241448, 2.4907759726826018,-38.445866948015116,-1.951240794289481
2024-10-30 08:18:22,1.5587061996283227,-90.07745874810419,128.4980746991241, 2.5072754836707216,-38.447336893148524,-1.9641326746466576
2024-10-30 08:18:22,1.5635308726633237,-90.27964517366645,128.69959510306356, 2.51506697455431,-38.446837128847704,-1.9702529802838373
2024-10-30 08:18:22,1.5684126730393801,-90.48348214455761,128.90199720100043, 2.5229930901631077,-38.445571747756354,-1.9764998651284782
2024-10-30 08:18:22,1.5916992288910374,-91.44577090827445,129.84716392575433, 2.5613860570488485,-38.429275905984674,-2.0070447175189363
2024-10-30 08:18:22,1.6049995781186779,-91.98818741586624,130.37240709966946, 2.583747284378547,-38.412587777247765,-2.0250430029689763
2024-10-30 08:18:22,1.6104805596523377,-92.21023810878901,130.5858644031496, 2.5930535738658698,-38.40419719309846,-2.0325765363200348
2024-10-30 08:18:22,1.6258227043596893,-92.82733147415239,131.1743125437275, 2.6193868634214623,-38.376128617729115,-2.05402546484964
2024-10-30 08:18:22,1.6335809112047173,-93.13693275089565,131.466905498172, 2.6328621387955566,-38.359416973641075,-2.0650743701657484
2024-10-30 08:18:22,1.6449529476189393,-93.58784948965985,131.889903168886, 2.6528075657245633,-38.33193901727549,-2.0815158827585662
2024-10-30 08:18:22,1.6506953562982984,-93.81425785903086,132.10088725734616, 2.66296658600131,-38.31674032246922,-2.0899293069509772
2024-10-30 08:18:22,1.6542768981600868,-93.95503841200353,132.23160354875196, 2.669332502577588,-38.30681773209673,-2.09521454304004
2024-10-30 08:18:22,1.66595844861384,-94.4119445760773,132.6533474374625, 2.690254540185627,-38.27212276569775,-2.1126547149106103
2024-10-30 08:18:22,1.6755096887985643,-94.78299775603904,132.99303840004558, 2.707542305021846,-38.24114864341746,-2.127144236983385
2024-10-30 08:18:22,1.6893078801198116,-95.31512022334906,133.47580270185207, 2.7328058517290557,-38.19236080438922,-2.1484423256840013
2024-10-30 08:18:22,1.7060732356016595,-95.95560975953784,134.050052146483, 2.7639634675412914,-38.12682928231495,-2.1749037650424716
2024-10-30 08:18:23,1.716066545009664,-96.33431059374945,134.3860873122151, 2.782777617066309,-38.084594234532084,-2.1909820917162945
2024-10-30 08:18:23,1.714173603742753,-96.26275009821545,134.3227879960715, 2.7791998952941372,-38.09277336707278,-2.187918963912668
2024-10-30 08:18:23,1.6973700506966674,-95.62393793563976,133.7536122460854, 2.7477256601612665,-38.16169122173065,-2.1610871516386854
2024-10-30 08:18:23,1.6449447370264618,-93.5875251544731,131.88960025550264, 2.6527930822024817,-38.331960117903364,-2.0815039065093757
2024-10-30 08:18:23,1.6020739103199384,-91.86931028178577,130.25775743090415, 2.5788015517958436,-38.41670767272585,-2.021049551583647
2024-10-30 08:18:23,1.5596579465030858,-90.1174016152529,128.5379457691925, 2.5088091857893464,-38.44729779487719,-1.9653357933711297
2024-10-30 08:18:23,1.5210642378698682,-88.47394788592112,126.873140906358, 2.4479244890501493,-38.42465892357909,-1.9182185520664516
2024-10-30 08:18:23,1.482111021392582,-86.76255619396233,125.08662877977906, 2.389230034038486,-38.348316477941225,-1.8741799881417185
2024-10-30 08:18:23,1.4476393794319322,-85.19957701745602,123.40808307158255, 2.3396669036503797,-38.23173174667697,-1.8382330023551683
2024-10-30 08:18:23,1.409897176122373,-83.43071470755058,121.45471404402318, 2.2880707348017326,-38.046176608263366,-1.8022522883372973
2024-10-30 08:18:23,1.3787628904222013,-81.92171340794903,119.74363303359237, 2.247717993438518,-37.8432832999607,-1.7753471543544315
2024-10-30 08:18:23,1.3657757313370047,-81.27786867091648,119.00115928324743, 2.2315057310877147,-37.74432845706475,-1.7648978755918565
2024-10-30 08:18:23,1.3633156014771102,-81.15490805877137,118.85852363337385, 2.22847713942958,-37.72459259278169,-1.7629712296845998
2024-10-30 08:18:23,1.3620886479013188,-81.09346242341658,118.78714543322336, 2.2269717910531766,-37.71462979801441,-1.7620166880421653
2024-10-30 08:18:23,1.3633342076081,-81.15583923023712,118.85960481138362, 2.228499993539574,-37.72474305829284,-1.7629857373803006
2024-10-30 08:18:23,1.3707398256182162,-81.5250048037039,119.28702689949569, 2.237658297948383,-37.78318354455274,-1.7688368985457554
2024-10-30 08:18:23,1.401340281532318,-83.02067005630079,120.99380895163983, 2.2767759156530687,-37.99508797276303,-1.7946019707321503
2024-10-30 08:18:23,1.4361145816173464,-84.66609693465608,122.82494296512982, 2.3236097715659776,-38.18174429047872,-1.8268651485766196
2024-10-30 08:18:24,1.4869920515706598,-86.98007967027257,125.31668758796228, 2.3964303644948117,-38.361000739377566,-1.8795016195750012
2024-10-30 08:18:24,1.5145548508947335,-88.19177891532655,126.58229726183895, 2.4379215585145646,-38.41577467668807,-1.9106112856194983
2024-10-30 08:18:24,1.537672362301235,-89.18725212802616,127.60183040514303, 2.473795480577256,-38.44058879155601,-1.9380737035166136
2024-10-30 08:18:24,1.5635300240941952,-90.27960967735544,128.69955978987096, 2.51506560051597,-38.44683728261539,-1.9702518991605769
2024-10-30 08:18:24,1.6008006551319984,-91.81749818700473,130.20770642471103, 2.5766539070574224,-38.41842209509868,-2.0193176488520077
2024-10-30 08:18:24,1.6682599106818679,-94.50155937134753,132.73561805070952, 2.6944052667455605,-38.26487160215456,-2.1161271811667612
2024-10-30 08:18:24,1.6919310040689333,-95.41576559684681,133.56653278374975, 2.7376473323426875,-38.182555240031064,-2.1525402187312865
2024-10-30 08:18:24,1.7167298554110326,-96.35936726093803,134.40822946075937, 2.784032838530496,-38.081708519238106,-2.1920573937554213
2024-10-30 08:18:24,1.744224541967705,-97.38946878987201,135.30870642246478, 2.8367705626562763,-37.953302396048585,-2.2375197884910865
2024-10-30 08:18:24,1.7398207119096576,-97.22557794718567,135.16671730811146, 2.8282301905527523,-37.975005715467574,-2.2301207968424555
2024-10-30 08:18:24,1.6899130954165205,-95.33835587651475,133.4967656028395, 2.733921793532643,-38.190113331637946,-2.1493864138594176
2024-10-30 08:18:24,1.6422431835294207,-93.48071268760441,131.78973767500293, 2.6480340409883865,-38.338804539003505,-2.0775716076087836
2024-10-30 08:18:24,1.614217827045639,-92.36116042858589,130.7304279986771, 2.599429741186669,-38.39797771679655,-2.037752337756231
2024-10-30 08:18:24,1.5968586998421612,-91.65679337240924,130.05214940993014, 2.570023123758888,-38.42342598676893,-2.0139790219251092
2024-10-30 08:18:24,1.579597877914129,-90.94774076730552,129.3601270844304, 2.5413138139656275,-38.439836181886456,-1.991017555822911
2024-10-30 08:18:24,1.561606386334346,-90.19908422832715,128.61938991611788, 2.5119540771552726,-38.44712642100941,-1.9678053082510003
2024-10-30 08:18:24,1.5443420780484132,-89.47109634518345,127.88918723760148, 2.4843256157915437,-38.444324158906994,-1.946226789910217
2024-10-30 08:18:24,1.5275912374854306,-88.75539992139912,127.16178397347744, 2.4580320719048707,-38.43206228394754,-1.9259453984954
2024-10-30 08:18:24,1.5098328703220671,-87.9861540126995,126.3694270910624, 2.4307138663935746,-38.40837873945351,-1.9051548086734336
2024-10-30 08:18:24,1.4923817681428573,-87.2192232528295,125.56860955952835, 2.404432885175505,-38.37394496471709,-1.8854437636938066
2024-10-30 08:18:24,1.4747995344351736,-86.43500318444981,124.73856152615734, 2.3785282406823516,-38.32758136831053,-1.866315157404032
2024-10-30 08:18:24,1.4548765528714669,-85.53171518824759,123.76851793345706, 2.3498831099189883,-38.26023735906415,-1.8455397488323793
2024-10-30 08:18:25,1.432840424592297,-84.51349266200252,122.65718034663078, 2.31909587828068,-38.166494096330965,-1.8236960839409329
2024-10-30 08:18:25,1.4041259380872413,-83.15453876983118,121.14461558456497, 2.280436147475018,-38.01209979680438,-1.7970714934519116
2024-10-30 08:18:25,1.3877827029052971,-82.36378358479062,120.24913722799505, 2.259195684429557,-37.90694829452575,-1.7828757627344058
2024-10-30 08:18:25,1.371720395597293,-81.5736691347091,119.34318986459698, 2.2388801408433174,-37.790706731691124,-1.7696230706606424
2024-10-30 08:18:25,1.3561184905535855,-80.79331903628818,118.43752231862683, 2.2196959713498225,-37.66500398622533,-1.7574326873589532
2024-10-30 08:18:25,1.3407766066514162,-80.01299992520951,117.521115712197, 2.2013781274996185,-37.528548765990294,-1.7461215148498916
2024-10-30 08:18:25,1.3257779064041344,-79.23710362642827,116.59929671404953, 2.1840141436238523,-37.38227724510953,-1.7357328352798993
2024-10-30 08:18:25,1.3111978641982425,-78.4699246092836,115.67751556508264, 2.167671562418291,-37.227346154604305,-1.7262909506022959
2024-10-30 08:18:25,1.3056926877282125,-78.17680797030661,115.32263836206366, 2.1616431641569913,-37.165463982424455,-1.7228992053256693
2024-10-30 08:18:27,1.3057414351593855,-78.16700322534574,115.33185768480547, 2.16077777508403,-37.18447598300454,-1.7217761653915562
2024-10-30 08:18:27,1.3057414351593855,-77.4444048531715,115.66878713018079, 2.1097252930622643,-38.24326827432976,-1.657243381866679
2024-10-30 08:18:27,1.3057414351593855,-77.27393523030729,115.743854258877, 2.0983377335509252,-38.48863948990651,-1.6427196230973766
2024-10-30 08:18:28,1.3057414351593855,-77.09995097115376,115.81879994884684, 2.086956435715222,-38.7374034264411,-1.6281539950525736
2024-10-30 08:18:28,1.3057414351593855,-76.8847765569362,115.90920473890277, 2.073205826241543,-39.04278127934662,-1.6104877393443113
2024-10-30 08:18:28,1.3057414351593855,-76.7184141991014,115.97740495084389, 2.0628126670821074,-39.277191079395784,-1.5970839101213188
2024-10-30 08:18:28,1.3057414351593855,-76.52840017671757,116.05352836889388, 2.0511872567598775,-39.5431570263515,-1.5820372297789553
2024-10-30 08:18:28,1.3057414351593855,-76.36976000817381,116.11566104442598, 2.041675625407972,-39.76378906635893,-1.569683169267053
2024-10-30 08:18:28,1.3057414351593855,-76.34421706034419,116.12554579204159, 2.0401602983337743,-39.7991942881999,-1.5677113459624918
2024-10-30 08:18:28,1.3057414351593855,-76.3320543766656,116.13024101809226, 2.0394403079402905,-39.81604151579872,-1.566774100614346
2024-10-30 08:18:28,1.3057414351593855,-76.31985428633857,116.13494320848206, 2.038719109259938,-39.83293309383416,-1.565835051924213
2024-10-30 08:18:28,1.3057414351593855,-76.30707685815847,116.13985990093664, 2.0379648596062894,-39.850616018491884,-1.5648527214670196
2024-10-30 08:18:28,1.3057414351593855,-76.42685208830527,116.09344798246647, 2.0450787005735704,-39.684534352841816,-1.5741077448676264
2024-10-30 08:18:28,1.3057414351593855,-76.6178078205008,116.0179431229309, 2.0566253174791096,-39.418244438110214,-1.5890828169292062
2024-10-30 08:18:28,1.3057414351593855,-77.55698214251173,115.6183102055493, 2.117377523705469,-38.08032498579347,-1.6669757029181438
2024-10-30 08:18:28,1.3057414351593855,-78.05576424910652,115.38576080810577, 2.1526100336795575,-37.34950110402283,-1.711512905699917
2024-10-30 08:18:28,1.3057414351593855,-79.58076107530215,114.5762308191842, 2.2759442303553556,-35.016715601330354,-1.8642862435371599
2024-10-30 08:18:28,1.3057414351593855,-80.06318311796232,114.28564831044648, 2.3208312609868673,-34.24433283544973,-1.9188367657552556
2024-10-30 08:18:28,1.3057414351593855,-80.5848029677516,113.95046452162863, 2.373213338632518,-33.38824783377083,-1.9818831764748772
2024-10-30 08:18:28,1.3057414351593855,-81.07308023959757,113.61537512694844, 2.426349286581713,-32.565603154849505,-2.0452223356426784
2024-10-30 08:18:28,1.3057414351593855,-81.85668209032872,113.03004635180386, 2.5213495226595946,-31.197947745538784,-2.157092571216588
2024-10-30 08:18:28,1.3057414351593855,-81.99330938201402,112.9214820159241, 2.539311373713898,-30.95299517828606,-2.178064035045291
2024-10-30 08:18:28,1.3057414351593855,-82.1227855051249,112.81670061183684, 2.5567567468652554,-30.718969257661378,-2.1983814836817435
2024-10-30 08:18:28,1.3057414351593855,-82.18574994117714,112.76506332029255, 2.565394467229742,-30.604481998795908,-2.2084230845177975
2024-10-30 08:18:29,1.3057414351593855,-82.1651495908895,112.78200737285894, 2.5625571390908215,-30.641988815733352,-2.205125919075207
2024-10-30 08:18:29,1.3057414351593855,-81.27788284381127,113.46827363623063, 2.449948070434396,-32.214017619742506,-2.0731688351099686
2024-10-30 08:18:29,1.3057414351593855,-80.38203609200481,114.08345549230955, 2.3523444059135645,-33.72372023379613,-1.956840948995767
2024-10-30 08:18:29,1.3057414351593855,-78.88702851864625,114.96395531782345, 2.2166417775990728,-36.09734183113981,-1.7913949005096643
2024-10-30 08:18:29,1.3057414351593855,-77.89466161549555,115.46248981968048, 2.1409860820387436,-37.587165824152606,-1.696867475605345
2024-10-30 08:18:29,1.3057414351593855,-76.78115434614384,115.95185638702029, 2.066708316609228,-39.1889596905806,-1.6021132819866835
2024-10-30 08:18:29,1.3057414351593855,-75.80903900291472,116.32522470549392, 2.0093993357179816,-40.533592482729915,-1.5274583267188508
2024-10-30 08:18:29,1.3057414351593855,-75.26792021730299,116.51322605936406, 1.9800983193067683,-41.26227082672281,-1.4886948513389
2024-10-30 08:18:29,1.3057414351593855,-74.94616046382798,116.6186868946628, 1.9634692851482491,-41.68923846187535,-1.4665003524735551
2024-10-30 08:18:29,1.3057414351593855,-74.84640451583394,116.65045348066296, 1.9584277986467948,-41.82068397404357,-1.459742329529944
2024-10-30 08:18:29,1.3057414351593855,-74.80614948524726,116.66314956855874, 1.9564082938534835,-41.873604194933876,-1.457031320621189
2024-10-30 08:18:29,1.3057414351593855,-74.81977816296356,116.65885908052581, 1.9570910604428082,-41.85569547809099,-1.4579481261663803
2024-10-30 08:18:29,1.3057414351593855,-74.93320599961851,116.6228367580788, 1.9628115944495383,-41.70633275048871,-1.4656195134527348
2024-10-30 08:18:29,1.3057414351593855,-75.73640774796087,116.35125451350365, 2.0053648001684996,-40.63219299968284,-1.5221459937321784
2024-10-30 08:18:29,1.3057414351593855,-77.44629704280393,115.6679446922887, 2.1098530342988435,-38.24053550055867,-1.6574060257638592
2024-10-30 08:18:29,1.3057414351593855,-78.51288542848422,115.15931338857104, 2.1869449547440643,-36.666422563555294,-1.7545086228018332
2024-10-30 08:18:29,1.3057414351593855,-79.50309911307676,114.62135681468911, 2.2690110330168123,-35.13940699367601,-1.8558142873146788
2024-10-30 08:18:29,1.3057414351593855,-80.49121577102113,114.01228218834495, 2.3634982984721544,-33.54351995194882,-1.9702374506537388
2024-10-30 08:18:29,1.3057414351593855,-81.85092900937532,113.03457336324178, 2.520602989734711,-31.208217888706535,-2.1562197766835562
2024-10-30 08:18:29,1.3057414351593855,-82.66011219230606,112.36105761272546, 2.633942553768639,-29.72701783575439,-2.287706023648666
2024-10-30 08:18:29,1.3057414351593855,-82.72820309226913,112.30080620393043, 2.6443187043067495,-29.598811651884112,-2.299647009756925
2024-10-30 08:18:29,1.3057414351593855,-82.71955107668734,112.30849469752927, 2.642992342933926,-29.615134770128183,-2.2981214654059166
2024-10-30 08:18:29,1.3057414351593855,-82.663425487458,112.35813934278774, 2.634444175532646,-29.72079285543571,-2.288283646270005
2024-10-30 08:18:30,1.3057414351593855,-81.99569701968704,112.91956664114609, 2.5396292963932154,-30.948696391670005,-2.17843474330418
2024-10-30 08:18:30,1.3057414351593855,-80.66744973099759,113.89524315358202, 2.3819138503571846,-33.25049838553444,-1.9922951914887492
2024-10-30 08:18:30,1.3057414351593855,-79.62644765449878,114.54947462073318, 2.280059512794182,-34.94433007299935,-1.8693088795179702
2024-10-30 08:18:30,1.3057414351593855,-79.39588457430304,114.68292482767848, 2.2595662307469895,-35.30805776321831,-1.8442526250483464
2024-10-30 08:18:30,1.3057414351593855,-79.29132580856515,114.74216348156475, 2.2504938041864713,-35.471728336473234,-1.8331239648503646
2024-10-30 08:18:30,1.3057414351593855,-79.25624545688575,114.76186263535591, 2.247479983708573,-35.52646564697469,-1.8294220500905403
2024-10-30 08:18:30,1.3057414351593855,-79.21289730251519,114.78608344987866, 2.243776434449579,-35.593982724902624,-1.8248694658462727
2024-10-30 08:18:30,1.3060872646852895,-79.23163374283203,114.80840039342316, 2.244174426544865,-35.59757149598458,-1.8251114890241724
2024-10-30 08:18:30,1.3339957669168667,-80.71893961313029,116.56067457898112, 2.277410937568626,-35.86322751260168,-1.845987995947969
2024-10-30 08:18:31,1.3797495479368398,-83.0592576995084,119.24007612006115, 2.336385627102113,-36.20352590000192,-1.885650120075756
2024-10-30 08:18:31,1.4101002014266917,-84.5511446042367,120.8977721954165, 2.3783514195944107,-36.37020132973008,-1.915440871152477
2024-10-30 08:18:31,1.4425316873313485,-86.09718822946218,122.57384286505416, 2.4255444384786435,-36.50120797535247,-1.9501722570106796
2024-10-30 08:18:31,1.4643531872582871,-87.11154199887329,123.65025267610241, 2.458611344956525,-36.56395501130443,-1.9751681027007892
2024-10-30 08:18:31,1.4789248785097548,-87.77798036883051,124.34739636836012, 2.4812652801792927,-36.595136252901966,-1.9925713213931568
2024-10-30 08:18:31,1.5350503642170978,-90.26936926911519,126.88267255028852, 2.572697419998759,-36.64096770693465,-2.0648032874144295
2024-10-30 08:18:31,1.5752431239219464,-91.98619807931999,128.56456407730678, 2.6421643802010024,-36.60753460093354,-2.1215032126220947
2024-10-30 08:18:31,1.618919689034151,-93.79477992718176,130.27892221056032, 2.7213790415277037,-36.515056143733595,-2.1877561251228332
2024-10-30 08:18:31,1.6236608450247287,-93.98776052047629,130.4583804865807, 2.7302111310429957,-36.50173042551617,-2.1952376792266417
2024-10-30 08:18:31,1.6241483913255539,-94.0075694396981,130.47676361054403, 2.731121952967107,-36.500324927845845,-2.196010245128427
2024-10-30 08:18:31,1.650916406474019,-95.08513120086488,131.46618820637707, 2.781873009442248,-36.413325552867825,-2.239348226101387
2024-10-30 08:18:31,1.713900062446001,-97.5476509227696,133.64975643904447, 2.907101618746842,-36.13723856245353,-2.3484956352010804
2024-10-30 08:18:31,1.7650981931500502,-99.48076693174536,135.28914260879827, 3.0150374146461436,-35.846041698472945,-2.4447433598091535
2024-10-30 08:18:31,1.8118169371987283,-101.19631678965177,136.68980663160488, 3.11849542698642,-35.53363774909786,-2.538598356734502
2024-10-30 08:18:31,1.8123990200488784,-101.21741695245929,136.7067199846735, 3.11981506002678,-35.52948292994238,-2.53980466340468
2024-10-30 08:18:32,1.81111363724463,-101.17081381296785,136.66935396901675, 3.1169020018685507,-35.53864944639662,-2.5371420642810483
2024-10-30 08:18:32,1.8078447455898916,-101.05215143603643,136.5740442841079, 3.1095104674698724,-35.56182316240754,-2.5303908796193086
2024-10-30 08:18:32,1.7526584972151455,-99.01636769643147,134.9012511009282, 2.9882958838809093,-35.92191643878313,-2.4207289353651706
2024-10-30 08:18:32,1.7231841310690752,-97.9025475577726,133.95562303831693, 2.9262602280634264,-36.08865385016007,-2.3654434453285074
2024-10-30 08:18:32,1.68832970860984,-96.55971180020839,132.78662760531955, 2.8552690609042455,-36.2608534360122,-2.3029632015144976
2024-10-30 08:18:32,1.6674170337014476,-95.73986817397781,132.05725297010048, 2.8138879095796194,-36.350377962016935,-2.2669663985138877
2024-10-30 08:18:32,1.6614821963755113,-95.50518982956103,131.84627418357104, 2.80230862047189,-36.37381482364338,-2.2569533783398414
2024-10-30 08:18:32,1.6561807367101808,-95.29478718685077,131.65628632073472, 2.792026289774558,-36.39399691320986,-2.2480845127894584
2024-10-30 08:18:32,1.6451782091885765,-94.85576853202197,131.25732388679432, 2.7708704199307594,-36.43357609909267,-2.2299054527968436
2024-10-30 08:18:32,1.636943320395264,-94.52506831034628,130.95452519030053, 2.755198196526584,-36.46112573584353,-2.216499623426546
2024-10-30 08:18:32,1.6306867581992113,-94.27258220063095,130.72202552998104, 2.7433835331263094,-36.48084775388745,-2.2064289222247404
2024-10-30 08:18:32,1.6262560159802224,-94.09312541783676,130.556080748456, 2.7350649318869453,-36.49417400624096,-2.1993568901588345
2024-10-30 08:18:32,1.6095841847469357,-93.41292844906562,129.92185931007137, 2.704121953896446,-36.53946175245409,-2.1731904803835285
2024-10-30 08:18:32,1.5948114592286513,-92.80351275241858,129.34658150665064, 2.677175702625842,-36.573004737440584,-2.1505907968480806
2024-10-30 08:18:32,1.5891634457803134,-92.56880684675991,129.1232423980286, 2.666990529213322,-36.58414764611573,-2.14209590088282
2024-10-30 08:18:32,1.5855974497789203,-92.42012432133717,128.98124773848193, 2.6605932614478243,-36.59069516138635,-2.1367739615527728
2024-10-30 08:18:32,1.5797659636354666,-92.17614682210838,128.7473822771945, 2.650187443967709,-36.60057935308836,-2.128140227633556
2024-10-30 08:18:32,1.5743138648587145,-91.94709254236552,128.52684585327754, 2.6405211171892145,-36.60888605093032,-2.1201459871775308
2024-10-30 08:18:32,1.557544971263829,-91.23671929764002,127.83687570535874, 2.611169658739489,-36.62865088521627,-2.096030296702976
2024-10-30 08:18:32,1.545001110087705,-90.69937262837526,127.30891663902989, 2.5895883538115454,-36.637571958840276,-2.078457750168175
2024-10-30 08:18:32,1.5357865655792915,-90.30129814928726,126.91443699179636, 2.5739401309174084,-36.64082996572258,-2.065804834426164
2024-10-30 08:18:33,1.5301267546048172,-90.0553542851799,126.66928475491183, 2.5644149797752673,-36.64141715469928,-2.0581407771761038
2024-10-30 08:18:33,1.5267531877479363,-89.90823032208802,126.5221124402317, 2.558768800842029,-36.64124782771835,-2.0536116454025803
2024-10-30 08:18:33,1.5138393634422826,-89.34134200261586,125.95138497983605, 2.537372636439275,-36.636951642795246,-2.0365449966906217
2024-10-30 08:18:33,1.511266695243631,-89.22769472284442,125.83627014209031, 2.533151384591247,-36.635394171681064,-2.0331964291791342
2024-10-30 08:18:33,1.5087217889444355,-89.11503735354636,125.72192797338123, 2.528989213939949,-36.6336207995464,-2.0299008577250657
2024-10-30 08:18:33,1.5068143760191872,-89.03044531879522,125.63592032553183, 2.52587849196222,-36.6321390418769,-2.0274418288008995
2024-10-30 08:18:33,1.5049108079070923,-88.94589062368418,125.54982162359737, 2.5227815964062907,-36.63052922920741,-2.024997172410206
2024-10-30 08:18:33,1.4999468605037864,-88.72476640799634,125.32404990664186, 2.5147413735394224,-36.625711088396216,-2.018666548838667
2024-10-30 08:18:33,1.495432873468886,-88.52288751987048,125.11715790692826, 2.5074747171547926,-36.62054400949719,-2.0129655253263303
2024-10-30 08:18:33,1.4945936766967902,-88.48527157020722,125.07852664115808, 2.5061284811747755,-36.61950019539352,-2.011911513652004
2024-10-30 08:18:33,1.4937552298597292,-88.44766261490264,125.03987705336601, 2.50478492527381,-36.618431129797344,-2.010860283529467
2024-10-30 08:18:33,1.4929175319533068,-88.41006062424604,125.00120912859678, 2.503444044773229,-36.61733682729734,-2.009811829798783
2024-10-30 08:18:33,1.4920805819748422,-88.37246556853734,124.9625228518541, 2.5021058350124368,-36.616217302431295,-2.0087661473196596
2024-10-30 08:18:33,1.49166238714577,-88.35367063201437,124.94317282680059, 2.5014377302079636,-36.61564808614124,-2.008244343698429
2024-10-30 08:18:33,1.4912443789234813,-88.3348774180975,124.92381820811377, 2.5007702913488945,-36.615072569688515,-2.0077232309713606
2024-10-30 08:18:33,1.4908265571831676,-88.31608592308086,124.90445899391203, 2.500103517857738,-36.614490754876904,-2.0072028085014137
2024-10-30 08:18:41,1.4908265571831676,-88.35579213497768,124.88287316230203, 2.503708279641806,-36.55325713673932,-2.011692008343448
2024-10-30 08:18:42,1.4908265571831676,-88.52591165892913,124.78925711915508, 2.519371593307985,-36.28977490646737,-2.0311574472848366
2024-10-30 08:18:42,1.4908265571831676,-88.78428140151578,124.64349102889847, 2.5438623202045965,-35.88603349794259,-2.0614632791981395
2024-10-30 08:18:42,1.4908265571831676,-89.07146607975407,124.47622575067024, 2.5721310293574167,-35.43203635649481,-2.09625524020626
2024-10-30 08:18:42,1.4908265571831676,-89.73876903155052,124.06500455699737, 2.6424799323577357,-34.35462845444652,-2.1820199400023346
2024-10-30 08:18:42,1.4908265571831676,-90.05779529476916,123.85654666441911, 2.6786568071651504,-33.82771286189955,-2.2257036145696607
2024-10-30 08:18:42,1.4908265571831676,-90.41133475419682,123.61594651436826, 2.720888978174288,-33.23423265864195,-2.276366097012165
2024-10-30 08:18:43,1.4908265571831676,-90.58272075864666,123.49551630894484, 2.742231669766657,-32.942748010949614,-2.301839836505397
2024-10-30 08:18:43,1.4908265571831676,-90.90898762346211,123.25908046676643, 2.7845516047897023,-32.38069959657939,-2.352108108112883
2024-10-30 08:18:43,1.4908265571831676,-91.17098544460248,123.06211072119788, 2.820252397445177,-31.92228088633482,-2.3942751883344684
2024-10-30 08:18:43,1.4908265571831676,-91.21190076223714,123.03075798477303, 2.825973879785112,-31.850100540281773,-2.401013485080498
2024-10-30 08:18:43,1.4908265571831676,-91.30947227200039,122.95532899701858, 2.8397834586738018,-31.677311458022647,-2.417255705296906
2024-10-30 08:18:43,1.4908265571831676,-91.58068535146202,122.74064443671816, 2.8794427252136003,-31.192018835669124,-2.4637363241333343
2024-10-30 08:18:43,1.4908265571831676,-91.93511344350792,122.44845054145868, 2.93430175893964,-30.546228777066336,-2.5276481349240867
2024-10-30 08:18:44,1.4908265571831676,-92.17536737076337,122.2424589976633, 2.9736190310223316,-30.100576215095703,-2.5731966252585
2024-10-30 08:18:44,1.4908265571831676,-92.45825300494849,121.99121803572336, 3.022330133506999,-29.567180574302835,-2.629348990883004
2024-10-30 08:18:44,1.4908265571831676,-92.83333162753092,121.64266321382486, 3.0913612995916524,-28.844576616101623,-2.708432510085034
2024-10-30 08:18:44,1.4908265571831676,-93.21619015914713,121.26731023217054, 3.167707538015323,-28.08749565189548,-2.7952765385875424
2024-10-30 08:18:44,1.4908265571831676,-93.35511690625175,121.12587777757616, 3.197043939268071,-27.807568784670092,-2.828485812859703
2024-10-30 08:18:44,1.4908265571831676,-93.38111109708363,121.09909206453646, 3.202636170184029,-27.754871168816244,-2.834806618444283
2024-10-30 08:18:45,1.4908265571831676,-93.37278749470443,121.10768033027783, 3.2008418718565737,-27.771756638687638,-2.832778886449006
2024-10-30 08:18:45,1.4908265571831676,-93.20637739438634,121.27719163232746, 3.1656698057473673,-28.107159744804473,-2.79296657437171
2024-10-30 08:18:45,1.4908265571831676,-92.81173880327748,121.66322843929953, 3.0872397430336167,-28.886673399746435,-2.7037262172414716
2024-10-30 08:18:45,1.4908265571831676,-92.44502758307469,122.00318097977664, 3.0199913044374465,-29.59233393187637,-2.6266596596839418
2024-10-30 08:18:45,1.4908265571831676,-91.7866978654682,122.5724591140907, 2.9108917152669767,-30.81829859981782,-2.500427555911289
2024-10-30 08:18:46,1.4908265571831676,-90.47019012672449,123.57487533798229, 2.728151926763279,-33.134419064074535,-2.2850443425261378
2024-10-30 08:18:46,1.4908265571831676,-89.40682875760713,124.27362245640168, 2.606631462119444,-34.89461963681086,-2.1384564337707843
2024-10-30 08:18:46,1.4908265571831676,-88.172445565546,124.98172471484907, 2.4872205133014003,-36.83518764617115,-1.9911295512363445
2024-10-30 08:18:46,1.4908265571831676,-87.42750614043277,125.36255342078192, 2.4241239266652057,-37.95992218682001,-1.9117107143016687
2024-10-30 08:18:47,1.4908265571831676,-87.06544559936177,125.53621364725778, 2.395527281310647,-38.49516920479555,-1.8753082097977671
2024-10-30 08:18:47,1.4908265571831676,-86.92627390510515,125.60107430409585, 2.3848669838962047,-38.69902404493684,-1.861668324851571
2024-10-30 08:18:47,1.4908265571831676,-86.71343028005238,125.69829283788361, 2.3689042632143713,-39.00881944373437,-1.8411704693037763
2024-10-30 08:18:47,1.4908265571831676,-86.19655780404037,125.92474894071837, 2.3317662073702285,-39.75152275626375,-1.7931245136114333
2024-10-30 08:18:47,1.4908265571831676,-85.14056840830654,126.34763894135064, 2.2623377247832694,-41.22921421491874,-1.7018407227585841
2024-10-30 08:18:48,1.4908265571831676,-82.560345395951,127.18487155538209, 2.121809179617931,-44.64417305471032,-1.5099751547134097
2024-10-30 08:18:48,1.4908265571831676,-81.96446479775089,127.34346128096817, 2.0940781395935493,-45.3981328680963,-1.4707439050357733
2024-10-30 08:18:48,1.4908265571831676,-81.98011045294619,127.33944966351099, 2.094786873822501,-45.378488727488694,-1.4717530691133234
2024-10-30 08:18:48,1.4908265571831676,-82.05720998479019,127.31956256323734, 2.0982943316749108,-45.28156701771692,-1.4767421820629711
2024-10-30 08:18:49,1.4908265571831676,-83.32108042229922,126.96444237537416, 2.159558504213379,-43.66369349428113,-1.5625876593995396
2024-10-30 08:18:49,1.4908265571831676,-87.50071042092767,125.32655727726203, 2.430063123076775,-37.85081972448675,-1.9192379567116555
2024-10-30 08:18:53,1.4908265571831676,-87.5795562212144,125.28744751635826, 2.4365212143813246,-37.73297052011317,-1.9274102511498181
2024-10-30 08:18:53,1.4908265571831676,-87.99486805131332,125.07549117175773, 2.4716263982940827,-37.106277594546945,-1.9716111690434914
2024-10-30 08:18:53,1.4908265571831676,-89.50892091677726,124.21033407871437, 2.617470802518355,-34.72941092829398,-2.151658552575243
2024-10-30 08:18:54,1.4908265571831676,-93.71331460793319,120.74744683467793, 3.2771553630993253,-27.072115285489602,-2.9187508351985065
2024-10-30 08:18:54,1.4908265571831676,-94.16131435136305,120.24389154909953, 3.3876279767639175,-26.122168712595577,-3.0422933354287944
2024-10-30 08:18:58,1.4908265571831676,-94.11612145869043,120.29631667798293, 3.3759104093321457,-26.219616747400504,-3.0292373008256654
2024-10-30 08:18:59,1.4908265571831676,-93.84722727869882,120.60060046226153, 3.308900582655745,-26.79181981513332,-2.954357703959268
2024-10-30 08:18:59,1.4908265571831676,-93.08527788470707,121.39798593458269, 3.140883344981385,-28.348687324966352,-2.7648345077914835
2024-10-30 08:18:59,1.4908265571831676,-89.62448419213865,124.137762665896, 2.6299382657556385,-34.54147345711438,-2.166811292555142
2024-10-30 08:19:00,1.4908265571831676,-86.78611534454228,125.66535909730412, 2.374309932041974,-38.90329110534538,-1.8481219469886152
2024-10-30 08:19:38,1.4932588087473826,-86.89330166354279,125.77882821333873, 2.377857875911849,-38.909646996323616,-1.8507192662438436
2024-10-30 08:19:38,1.5241690951930043,-88.23679268987468,127.18303156457324, 2.423864431782805,-38.971313513390825,-1.884904644687321
2024-10-30 08:19:39,1.652683639435705,-93.49615776602732,132.35784020379896, 2.6328763259370156,-38.891251209704976,-2.0498390276207603
2024-10-30 08:19:39,1.7348275035425473,-96.62863588695441,135.19708746291388, 2.7812925827734816,-38.60137465557425,-2.1742600723654464
2024-10-30 08:19:50,1.7348275035425473,-96.76237131830933,135.13534655896342, 2.793241144951831,-38.40612957336069,-2.1895284632792853
2024-10-30 08:19:50,1.7348275035425473,-98.92899194800455,134.00131856304984, 3.0172696393862575,-35.109714592881545,-2.469038863070776
2024-10-30 08:19:51,1.7348275035425473,-103.29113478580305,130.6410772814918, 3.7717892798402,-27.400672021200204,-3.349656360057268
2024-10-30 08:19:51,1.7348275035425473,-104.33033602806358,129.50621334807107, 4.07249963249093,-25.231690003024898,-3.6850750465419626
2024-10-30 08:19:52,1.7348275035425473,-104.28351904638899,129.5613815525645, 4.057193935563956,-25.33341864259258,-3.668147954019033
2024-10-30 08:19:52,1.7348275035425473,-103.38275742626467,130.54799358647244, 3.7953953393806623,-27.21636826591257,-3.3762233005410716
2024-10-30 08:19:52,1.7348275035425473,-100.90363276790323,132.70029639853902, 3.289864431397755,-31.83900008353553,-2.7957057348138283
2024-10-30 08:19:53,1.7348275035425473,-99.38892181738413,133.72400953142278, 3.073749762943964,-34.37351681344174,-2.5377706027850606
2024-10-30 08:19:53,1.7348275035425473,-98.88848895740455,134.02506484759292, 3.0124689738940305,-35.17387494189753,-2.463168142424106
2024-10-30 08:19:53,1.7348275035425473,-98.09235484499567,134.47097016866627, 2.923280932100546,-36.414248960981354,-2.3532185424151226
2024-10-30 08:19:53,1.7348275035425473,-97.90167261361815,134.57214576413256, 2.903278392699206,-36.70572959807577,-2.3283161059110253
2024-10-30 08:19:54,1.7332420852151278,-97.8418767715421,134.52082528709272, 2.900052939294137,-36.71412972745272,-2.3254738855086874
2024-10-30 08:19:54,1.7234076292122924,-97.4697093537133,134.19998760836896, 2.88015854507564,-36.76499663660318,-2.3079831318620814
2024-10-30 08:19:55,1.6964220548358075,-96.43714746800804,133.29697624527236, 2.8265641956361387,-36.89331082520278,-2.2612190805375265
2024-10-30 08:19:55,1.6753913247037946,-95.62045778915349,132.569296762311, 2.785798640492754,-36.98139096933896,-2.2260167303393588
2024-10-30 08:19:55,1.659213985990768,-94.98478057211743,131.99463611026516, 2.7550329013467953,-37.04171158519315,-2.1996745214525033
2024-10-30 08:19:55,1.6434198493042338,-94.35766781005152,131.4206032771859, 2.725489715729316,-37.094128065191065,-2.1745717739678696
2024-10-30 08:19:55,1.6391385026785226,-94.18654133402316,131.26273135778428, 2.717565161977195,-37.107205469440416,-2.167871698367002
2024-10-30 08:19:55,1.6264499332634041,-93.67646823358336,130.7890318415173, 2.6942886529660175,-37.14306068939804,-2.1482764677386403
2024-10-30 08:19:55,1.6043284117547898,-92.7764961138999,129.94176962523665, 2.65445529854836,-37.19489035567222,-2.1150490707052025
2024-10-30 08:19:56,1.5744768324661123,-91.53942294034164,128.75319828032826, 2.602206905415138,-37.24225063994769,-2.072096615320689
2024-10-30 08:19:56,1.5321030047914639,-89.73545924361738,126.97013966572544, 2.531018154415851,-37.26162379254397,-2.0148650125400165
2024-10-30 08:19:56,1.4972283663691495,-88.20480656633268,125.41083120349279, 2.4750785772048047,-37.23178250830698,-1.9710924993769625
2024-10-30 08:19:57,1.46014597522977,-86.52725850989097,123.65303688863983, 2.4182822504358885,-37.15034789840844,-1.9279179215251445
2024-10-30 08:19:57,1.4310401523856537,-85.17119720625107,122.19491600357503, 2.3757002749757223,-37.04740639429632,-1.8965294320126942
2024-10-30 08:19:57,1.4006466694684967,-83.7148766587276,120.59217683649427, 2.3331835841646997,-36.9001135533599,-1.8661801529125661
2024-10-30 08:19:57,1.3684615716875852,-82.12387908411264,118.79798161526793, 2.2904371920582305,-36.696041389947524,-1.8368606660248643
2024-10-30 08:19:57,1.3594515684268387,-81.6688560375479,118.2766036699445, 2.278909034386294,-36.629451034680514,-1.829192655511916
2024-10-30 08:19:58,1.3485657788056522,-81.11318671205605,117.63496296918596, 2.2652461607980796,-36.54320062076677,-1.8202533939149363
2024-10-30 08:19:58,1.3349271394169848,-80.40754812855019,116.81235845879789, 2.2485487248550404,-36.425893475235476,-1.8095672064207315
2024-10-30 08:19:58,1.331084025002333,-80.20675887032066,116.57669984782027, 2.2439301590477485,-36.39092965655325,-1.8066613277463661
2024-10-30 08:20:00,1.2167385178397458,-80.20985247771554,116.58033601338651, 2.051252887331578,-36.388021574553676,-1.6515434734929124
2024-10-30 08:20:01,0.026841400642063862,-80.22556301610074,116.59879930531042, 0.045260468604479076,-36.37324482531318,-0.036442411103309924
2024-10-30 08:20:01,-0.8489602352801162,-80.21791905044681,116.58981652272848, -1.4313850530826997,-36.38043620548672,1.1524872651447169
2024-10-30 08:20:02,-0.8506791066558747,-80.35881917782177,116.75523162507145, -1.4334500922475284,-36.4049781114039,1.1537859618708526
2024-10-30 08:20:03,-0.8803103720949694,-82.72337435397948,119.4793170061726, -1.4708805301446564,-36.76499588787345,1.1784109881419293
2024-10-30 08:20:03,-1.083566801124998,-96.54625306092437,133.39328886705582, -1.8065226937023176,-36.86070605687901,1.4455643788032384
2024-10-30 08:20:04,-1.1523332021404622,-100.57163498212499,136.79978752699108, -1.9493059349583612,-36.243965534578265,1.5723406696947588
2024-10-30 08:20:10,-1.1546240062871242,-100.70161245361265,136.90506833969343, -1.9543282305349563,-36.2193461526608,1.5768889831027721
2024-10-30 08:20:11,-1.184891294029312,-102.39632360458927,138.2512724170075, -2.022360889599005,-35.87189816104732,1.6390116478994246
2024-10-30 08:20:11,-1.1924834952444734,-102.81506153563308,138.57637562272132, -2.039923860618992,-35.778540490090506,1.6551942743430839
2024-10-30 08:20:11,-1.1902788335093044,-102.69372083212376,138.48247266981278, -2.0348029185448415,-35.80589730625586,1.6504699701921866
2024-10-30 08:20:11,-1.1698756168214293,-101.56074516188423,137.59365641928082, -1.988217285427692,-36.049326246849944,1.6077183338975154
2024-10-30 08:20:12,-1.0658020208059424,-95.46380810442488,132.42835631838634, -1.7720743304581321,-36.977717626607664,1.415819447375595
2024-10-30 08:20:12,-0.9767167411223521,-89.7165038826615,126.95108986058031, -1.6139242514773067,-37.245538391033854,1.284887475578355
2024-10-30 08:20:12,-0.9671973663173838,-89.06630608623304,126.29369741730686, -1.598463639726837,-37.23813412401852,1.272701507401174
2024-10-30 08:20:13,-0.9695772308653811,-89.22958930105622,126.4595100792377, -1.6023024355978719,-37.24071550621249,1.2757148758887351
2024-10-30 08:20:14,-1.0289021326187893,-93.15185710639358,130.29692784896326, -1.7036261983176115,-37.15726406952006,1.3579031054742559
2024-10-30 08:20:14,-1.0907496606778482,-96.97864248362495,133.77289496988544, -1.8207304005303677,-36.80813115640034,1.457937298557486
2024-10-30 08:20:14,-1.095397146374204,-97.25683983967131,134.0153750653309, -1.8300094064425798,-36.77255059542197,1.4660495899245711
2024-10-30 08:20:15,-1.0890036792827893,-96.87381168808713,133.68116664487547, -1.8172619766315603,-36.82118264746613,1.454911334965881
2024-10-30 08:20:15,-0.9994072951734577,-91.23598248065608,128.45741208437857, -1.651903923315594,-37.23290219410016,1.3153505652126143
2024-10-30 08:20:16,-0.9237142064670422,-85.99071132674271,123.08007367216504, -1.5314800974613365,-37.099210180421224,1.2216024930086478
2024-10-30 08:20:16,-0.9223861387384893,-85.89384510241348,122.97607917614637, -1.5295304817545108,-37.092056154888816,1.2201622545998339
2024-10-30 08:20:17,-0.925519944116739,-86.12212291703571,123.22088503008645, -1.534140288626288,-37.10864511276707,1.2235724255104334
2024-10-30 08:20:17,-0.9885864454684091,-90.51655234397742,127.74944318966385, -1.633594585544408,-37.244111725976055,1.3005752472073566
2024-10-30 08:20:17,-1.1385803814400508,-99.78602969822461,136.15723516156515, -1.919522357467415,-36.38656279267934,1.5454821978727078
2024-10-30 08:20:18,-1.1266280470474441,-99.09571242152866,135.58376828195725, -1.8941443075305922,-36.503028496483196,1.5227576219246581
2024-10-30 08:20:19,-0.9979157092884302,-91.13736133612643,128.3609184493028, -1.6493587918977026,-37.23499460797309,1.313287123529353
2024-10-30 08:20:19,-0.8604161218493744,-81.14901042318165,117.67649257922733, -1.4453734604828978,-36.53620317440929,1.1614172115530497
2024-10-30 08:20:20,-0.8552123537301063,-80.72837714415523,117.18744573583149, -1.4389539620012208,-36.46770599238048,1.157281211043161
2024-10-30 08:20:20,-0.8557963408860684,-80.77577166228816,117.24270333178312, -1.4396690124537557,-36.47557838644581,1.1577388175535834
2024-10-30 08:20:21,-0.8745909433306492,-82.27607203725354,118.97155327226584, -1.4633942688701524,-36.704436920463515,1.173337291702218
2024-10-30 08:20:21,-1.0864516352471805,-96.72026974764078,133.54646272739103, -1.8122094896255387,-36.83994652313942,1.4505096575344214
2024-10-30 08:20:22,-1.16357232741325,-101.20697570953985,137.31164620531658, -1.9741156622333385,-36.12086645132301,1.594861056811845
2024-10-30 08:20:23,-1.161512271904223,-101.09096177647285,137.21869797431532, -1.9695362656084339,-36.14386123489801,1.5906944998616592
2024-10-30 08:20:23,-1.0838549314698613,-96.56365514256703,133.408630885396, -1.8070895080805285,-36.85865428774889,1.4460568533251508
2024-10-30 08:20:23,-0.941389671979349,-87.26279880765642,124.43003971358553, -1.5579778467639207,-37.1774403326085,1.24145847721465
2024-10-30 08:20:24,-0.8272334819662321,-78.39846247056171,114.42296172853548, -1.4063612280643079,-36.032710365576655,1.137377053173004
2024-10-30 08:20:25,-0.82833125021475,-78.49216696490613,114.5359471547716, -1.407576003134301,-36.05200728155528,1.1380807466025609
2024-10-30 08:20:25,-0.8677141082983308,-81.7326385472182,118.34990725878944, -1.4545553912642855,-36.626109288282535,1.1674364280459744
2024-10-30 08:20:26,-0.9954544613875627,-90.97424803299599,128.20093600740285, -1.6451739830980077,-37.23806783828205,1.3099009520312872
2024-10-30 08:20:26,-1.1253223482586543,-99.01986338051951,135.5202510598451, -1.8914001885486413,-36.51531891726178,1.5203096754214669
2024-10-30 08:20:28,-1.125322348258655,-99.09313068363957,135.4814513534138, -1.8964128796954884,-36.40331312569481,1.5265421999619548
2024-10-30 08:20:29,-1.125322348258655,-101.81175576039031,133.79452255887168, -2.1238958303296456,-32.00045898167163,1.8013884657065653
2024-10-30 08:20:29,-1.125322348258655,-103.87061967474573,132.09880220910122, -2.3781358517503963,-28.248760682068266,2.0951716536290905
2024-10-30 08:20:29,-1.125322348258655,-103.84498314753114,132.12284690267612, -2.3743060974763512,-28.298399183170716,2.0908230992139734
2024-10-30 08:20:30,-1.125322348258655,-103.16682044935456,132.72958338169062, -2.2799476260262717,-29.58223920558313,1.9830069280781712
2024-10-30 08:20:30,-1.125322348258655,-98.2881195780248,135.891502717727, -1.843810860233443,-37.617728599667196,1.460671921424425
2024-10-30 08:20:31,-1.125322348258655,-93.20962507635905,137.81182284268058, -1.6023997228092486,-44.613401815806725,1.1408338377595693
2024-10-30 08:20:33,-1.125322348258655,-93.31415277131835,137.78179207449918, -1.606227102947061,-44.47889609809079,1.1462041961980711
2024-10-30 08:20:35,-1.1240224603214357,-93.3132678497088,137.69574809841657, -1.6068057065142376,-44.39374449060617,1.1482888362262234
2024-10-30 08:20:35,-1.1195465469992736,-93.30860628773009,137.39731354723162, -1.6088545811734598,-44.099997182667465,1.1555079094860516
2024-10-30 08:20:36,-1.1036275095037396,-93.27146716030104,136.30819257821207, -1.6168855044864683,-43.04810742458412,1.181735069532784
2024-10-30 08:20:36,-1.0610413654865325,-93.00747051375801,133.16753113782323, -1.6449523935497277,-40.17170110916538,1.2570760719772054
2024-10-30 08:20:36,-0.9716302611313838,-91.57832694127752,125.30004313309213, -1.7498050835419092,-33.73405691403417,1.455319726040931
2024-10-30 08:20:37,-0.9452880901943763,-90.89709159609698,122.58292139582134, -1.7992249799637046,-31.69846006558352,1.5309649350138212
2024-10-30 08:20:40,-0.9452880901943763,-90.83561251093164,122.63043516760156, -1.7937040795681622,-31.807399352337015,1.5244722459347153
2024-10-30 08:20:40,-0.9452880901943763,-90.5022148650403,122.88174701851372, -1.7647628835713793,-32.39182697215212,1.4903086904179552
2024-10-30 08:20:41,-0.9452880901943763,-89.42393687478015,123.62690022572124, -1.6812996462056229,-34.21443433563077,1.3904583260254766
2024-10-30 08:20:41,-0.9452880901943763,-85.26930679358226,125.75487643390258, -1.4557734948830725,-40.49470336552457,1.1071667087697408
2024-10-30 08:20:42,-0.9452880901943763,-81.5339849647567,126.9588996678716, -1.3269174604281997,-45.43259707589258,0.931245972290514
2024-10-30 08:20:46,-0.9461785853906933,-81.65514473775394,127.01010760108926, -1.3297672567042982,-45.3626785320172,0.9344016334886923
2024-10-30 08:20:46,-0.9503138513932637,-82.21550294268695,127.24464374603531, -1.3431408235563047,-45.03701307305778,0.9492172993506823
2024-10-30 08:20:46,-0.966789117766718,-84.41080578895892,128.12726477827277, -1.398788424594004,-43.724988643542,1.0109524516180761
2024-10-30 08:20:47,-1.037969785450531,-93.21542281444556,131.09639606010796, -1.6901354164414712,-37.89305685971599,1.3339307022601892
2024-10-30 08:20:47,-1.066386531338851,-96.42436931294776,131.9534423819099, -1.834651235500921,-35.542967998268445,1.4929910651854392
2024-10-30 08:21:01,-1.0644977509841496,-96.30714488259102,131.8494942273572, -1.8308095232948973,-35.55618832668925,1.489618534801787
2024-10-30 08:21:01,-1.0540801565500737,-95.65649773270083,131.268140340649, -1.8098400112655866,-35.625177474771874,1.471285194107614
2024-10-30 08:21:01,-1.0493515894841638,-95.35883828889708,130.9996929722763, -1.8004441246641194,-35.654253980104016,1.463113000506074
2024-10-30 08:21:01,-1.0441922963622194,-95.03236891486186,130.70346296314878, -1.790279110220393,-35.68434716306282,1.4543025514816392
2024-10-30 08:21:01,-1.0344907069284477,-94.41357469261484,130.13680738978752, -1.7714091610335587,-35.73621578396193,1.4380348114631203
2024-10-30 08:21:01,-1.0269573140869974,-93.92855204272003,129.68790350498125, -1.7569759901462927,-35.772129184791304,1.4256721145178601
2024-10-30 08:21:01,-1.0181013594019135,-93.35317289358676,129.1499487059528, -1.740253816552917,-35.809316870334946,1.41143992179799
2024-10-30 08:21:01,-1.0075947513869952,-92.66302390772016,128.49691104135158, -1.720757620532634,-35.84615397905535,1.3949767817054777
2024-10-30 08:21:01,-0.9961578904040972,-91.9021457315172,127.76709747311958, -1.699958126799747,-35.87692805870344,1.3775769729195158
2024-10-30 08:21:01,-0.9838052129389997,-91.06860139376859,126.95570882580611, -1.6779891899922728,-35.89877911340455,1.3593956917225787
2024-10-30 08:21:01,-0.9715130222783623,-90.22649529543503,126.1233633638216, -1.6566414005988641,-35.90824587339452,1.3419373194083053
2024-10-30 08:21:01,-0.9591849068861086,-89.36866466750377,125.26242446559124, -1.6357493563022734,-35.90485198712486,1.325067661121918
2024-10-30 08:21:01,-0.9467752959875027,-88.4911015326296,124.36805396771558, -1.615248415879946,-35.88776618612134,1.308739809053296
2024-10-30 08:21:01,-0.9356760567391365,-87.69368068390843,123.54341839924028, -1.5973676676711914,-35.86031001543093,1.2946979579636888
2024-10-30 08:21:02,-0.9240028901454054,-86.84165728926432,122.64976974561623, -1.5790334145274005,-35.81843843828533,1.2805105779608483
2024-10-30 08:21:02,-0.9131135658843252,-86.03391093867637,121.79061627850213, -1.5623734056100018,-35.766808495782435,1.2678211082729798
2024-10-30 08:21:02,-0.9031504114823619,-85.28342170847723,120.98197155168691, -1.5475126129930141,-35.708454938828,1.256680319981089
2024-10-30 08:21:02,-0.8939272587945343,-84.57850152143828,120.21333678637671, -1.5340881191961244,-35.64456191732207,1.2467744575858153
2024-10-30 08:21:02,-0.8867105538877224,-84.01984736402376,119.59795299346797, -1.5238116936603987,-35.58769592408162,1.2393018576418726
2024-10-30 08:21:02,-0.8812731560124237,-83.59468815361171,119.12593601721994, -1.5162035059018115,-35.54073730442258,1.233835788658899
2024-10-30 08:21:02,-0.8795360264329526,-83.45807384394983,118.97359055037862, -1.5137975537829857,-35.524974266954416,1.2321195819896225
2024-10-30 08:21:04,-0.8795360264329526,-83.53517647941376,118.92886327924748, -1.518322414061933,-35.40318700699611,1.2376751033208542
2024-10-30 08:21:04,-0.8795360264329526,-83.72237169362714,118.81849501846311, -1.5295179188617294,-35.10572877552238,1.2513850139489802
2024-10-30 08:21:04,-0.8795360264329526,-83.99985958732694,118.65014159584452, -1.5466834173899642,-34.660048090658805,1.2723101552094873
2024-10-30 08:21:04,-0.8795360264329526,-84.21681117459272,118.5144326856749, -1.5606041741761445,-34.30751723542555,1.289198326140284
2024-10-30 08:21:04,-0.8795360264329526,-84.36916899988891,118.41691783349083, -1.570656402838061,-34.057737838058706,1.3013496625677015
2024-10-30 08:21:04,-0.8795360264329526,-84.61512738708319,118.25552386405363, -1.5873897504451573,-33.65054015944334,1.3214990654126246
2024-10-30 08:21:04,-0.8795360264329526,-84.7845959894585,118.14138275175186, -1.5993001278524488,-33.3670401000662,1.3357834558095438
2024-10-30 08:21:04,-0.8795360264329526,-84.96534698950276,118.01691630717467, -1.6123636454785126,-33.06194252160164,1.3513979292761584
2024-10-30 08:21:04,-0.8795360264329526,-85.15663158523556,117.88204067823901, -1.6266128528347092,-32.7359125751118,1.368368677247861
2024-10-30 08:21:05,-0.8795360264329526,-85.35914684868845,117.73559627673488, -1.6421990220601972,-32.387094874024804,1.3868615989140882
2024-10-30 08:21:05,-0.8795360264329526,-85.57349617091228,117.57636231212328, -1.6592882570938763,-32.01366662109729,1.4070570063479344
2024-10-30 08:21:05,-0.8795360264329526,-85.80429902131931,117.39985390286255, -1.6784123398746893,-31.606528119086054,1.4295610852038447
2024-10-30 08:21:05,-0.8795360264329526,-86.04505561453456,117.20991927449533, -1.6992139270603277,-31.176023966560994,1.45392929795107
2024-10-30 08:21:05,-0.8795360264329526,-86.31003219060052,116.99369841572158, -1.723189759516057,-30.695041113000887,1.481881178548147
2024-10-30 08:21:05,-0.8795360264329526,-86.59397266489101,116.75322588734659, -1.7502437102163022,-30.170868984665617,1.5132578457794401
2024-10-30 08:21:05,-0.8795360264329526,-86.88541352320416,116.49642308249595, -1.7796121086524008,-29.62288538612931,1.547134016284542
2024-10-30 08:21:05,-0.8795360264329526,-87.20760095771854,116.20002071901916, -1.8141576461753983,-29.004599735362767,1.5867520681915257
2024-10-30 08:21:05,-0.8795360264329526,-87.53084916243621,115.8885318099286, -1.8512556074792454,-28.37018727061905,1.6290402598249236
2024-10-30 08:21:05,-0.8795360264329526,-87.88437536755757,115.53042869753158, -1.8949759383160707,-27.65893814148763,1.6785623368268279
2024-10-30 08:21:05,-0.8795360264329526,-88.23476773222335,115.15600647585379, -1.9419958764009473,-26.934529766019963,1.731473323542969
2024-10-30 08:21:05,-0.8795360264329526,-88.58158798893466,114.76453959933191, -1.9926858997440196,-26.196677726239642,1.7881455900460312
2024-10-30 08:21:05,-0.8795360264329526,-88.94392123351135,114.33120897748202, -2.050754159730347,-25.40150902244597,1.852640987075936
2024-10-30 08:21:05,-0.8795360264329526,-89.28774642832622,113.89458907548021, -2.1115017117104644,-24.621578574495786,1.9196732397764569
2024-10-30 08:21:05,-0.8795360264329526,-89.62346648722851,113.44171424347311, -2.177072599372424,-23.833535733974028,1.9915755235080121
2024-10-30 08:21:05,-0.8795360264329526,-89.93767381235995,112.99138430325269, -2.245068137044232,-23.069567530023424,2.065691779434316
2024-10-30 08:21:05,-0.8795360264329526,-90.25550574602175,112.50669079984519, -2.3216227015423887,-22.267679083714174,2.148653304823576
2024-10-30 08:21:05,-0.8795360264329526,-90.5583262423261,112.01417305334277, -2.4033005867122355,-21.47301661411699,2.236663382956377
2024-10-30 08:21:05,-0.8795360264329526,-90.8405039147187,111.52470180068667, -2.488703197287264,-20.702070513294558,2.3281936796112177
2024-10-30 08:21:05,-0.8795360264329526,-91.11337612013253,111.0195481034602, -2.581671741040345,-19.924805828317062,2.4273253228475293
2024-10-30 08:21:05,-0.8795360264329526,-91.37257445271113,110.50663791052264, -2.6815662095580923,-19.153511263237604,2.5333215140408503
2024-10-30 08:21:05,-0.8795360264329526,-91.61950111762086,109.98360236665145, -2.7897079641936253,-18.38442614821872,2.6475342443770917
2024-10-30 08:21:05,-0.8795360264329526,-91.84564750204146,109.4706192742451, -2.9025600963943807,-17.646208019027906,2.7662018439204057
2024-10-30 08:21:05,-0.8795360264329526,-92.06551904894927,108.9357544596861, -3.0281548522361055,-16.892481770775255,2.897722876740892
2024-10-30 08:21:05,-0.8795360264329526,-92.27752075350892,108.3806196263912, -3.1680399915299624,-16.126465825255824,3.0436198124675156
2024-10-30 08:21:05,-0.8795360264329526,-92.46821921837392,107.84232141906774, -3.3140574506624234,-15.398634549727433,3.1953396289322615
2024-10-30 08:21:05,-0.8795360264329526,-92.6451052300153,107.30391575365387, -3.4715866027673887,-14.684595893035928,3.3584544223431347
2024-10-30 08:21:05,-0.8795360264329526,-92.80585733102492,106.7757794815956, -3.6386777324724062,-13.997032458711853,3.530916535712785
2024-10-30 08:21:05,-0.8795360264329526,-92.95075957270625,106.26183070519659, -3.814773561954826,-13.339573834447911,3.71214175811829
2024-10-30 08:21:05,-0.8795360264329526,-93.07460381435392,105.78853660391277, -3.9902260647932217,-12.743819346713533,3.8922372474532128
2024-10-30 08:21:06,-0.8795360264329526,-93.18837180687882,105.32068520009383, -4.17778839223278,-12.163676053594603,4.084316713943311
2024-10-30 08:21:06,-0.8795360264329526,-93.28388059460778,104.89878666619597, -4.360473980883434,-11.64770366321794,4.271016638709294
2024-10-30 08:21:06,-0.8795360264329526,-93.35708969314756,104.55414133944014, -4.520351453237945,-11.2311030567394,4.4341333623091455
2024-10-30 08:21:06,-0.8795360264329526,-93.41717234148872,104.25529466923419, -4.667530937881836,-10.87332654856826,4.5840934531466395
2024-10-30 08:21:06,-0.8795360264329526,-93.46294717237188,104.01661218459745, -4.7912814657810125,-10.589837583525583,4.710046480562957
2024-10-30 08:21:06,-0.8795360264329526,-93.48912652606015,103.87537136675121, -4.867281721967457,-10.42301172197771,4.787342565891189
2024-10-30 08:21:09,-0.8801497481269792,-93.52775834750196,103.99752149370244, -4.832419411680494,-10.506282038977092,4.751777635686769
2024-10-30 08:21:10,-0.8825466142362992,-93.67679150757876,104.47163724828302, -4.70190800365898,-10.830436052207165,4.618521203247954
2024-10-30 08:21:10,-0.8844575169904058,-93.79352566677049,104.84631367292987, -4.603870655238572,-11.087680548062151,4.518294167268595
2024-10-30 08:21:10,-0.8858198928418871,-93.87563428482517,105.11166724375026, -4.536990079909101,-11.270449352030283,4.4498517312163655
2024-10-30 08:21:10,-0.8871944658543378,-93.95754346752955,105.37791754475718, -4.471901903393597,-11.454326967013342,4.383187053039691
2024-10-30 08:21:10,-0.8886222014633527,-94.04163385882852,105.65290703451524, -4.4067052750478,-11.64476166554514,4.31635220816314
2024-10-30 08:21:10,-0.8901502684576239,-94.13052794888064,105.94547864887589, -4.3395001860066404,-11.847960341488095,4.2473928920063395
2024-10-30 08:21:10,-0.8916925610544615,-94.21909931581337,106.23896540223052, -4.274219264627663,-12.052410438899836,4.180340427836817
2024-10-30 08:21:10,-0.8932891100258634,-94.30957875624219,106.54088224832927, -4.209189644781142,-12.263384185471276,4.113475843964906
2024-10-30 08:21:10,-0.8950343763985353,-94.4070920046693,106.86874082603246, -4.140898186119526,-12.493242409393629,4.043177145608986
2024-10-30 08:21:10,-0.896816819891979,-94.50519185225686,107.20125715276977, -4.0739888002781885,-12.727181434957796,3.9742162290711462
2024-10-30 08:21:10,-0.8987369853187698,-94.60920090394862,107.55686589049205, -4.004920925059023,-12.978288029589462,3.902936483891426
2024-10-30 08:21:10,-0.90077607196178,-94.71777187463137,107.93158204468999, -3.934779457086107,-13.243932187784118,3.8304439761968663
2024-10-30 08:21:10,-0.9029611042778789,-94.83198547500471,108.32982660251496, -3.8630394042239713,-13.52745039079599,3.7561819838746615
2024-10-30 08:21:10,-0.9052749784981557,-94.95055763161648,108.74789159095171, -3.7906644265559337,-13.82642557741687,3.6811332417863873
2024-10-30 08:21:10,-0.9077527237456988,-95.07484591346632,109.19144696471686, -3.7169724748166564,-14.145165199525314,3.6045744261954895
2024-10-30 08:21:10,-0.9103876045825712,-95.20400770833552,109.65853015151065, -3.64260996229918,-14.482553858757006,3.5271587721203166
2024-10-30 08:21:10,-0.9132626988659129,-95.3414478864954,110.1628701100558, -3.5658123444058507,-14.848902912983696,3.4470241435317965
2024-10-30 08:21:10,-0.9163592975363947,-95.48544514357697,110.69995415616391, -3.4877599769991843,-15.241429333380324,3.3653708872098202
2024-10-30 08:21:10,-0.9195944567364189,-95.63147717731495,111.25442138524336, -3.410946693778331,-15.64931233663801,3.2847876783739114
2024-10-30 08:21:10,-0.9231914299783852,-95.78862388741145,111.86307325550165, -3.3307227670868076,-16.100239917618353,3.2003622146600517
2024-10-30 08:21:10,-0.927095620850278,-95.95306381965065,112.51457198360289, -3.2492554738172648,-16.586711140088948,3.1143219954851715
2024-10-30 08:21:10,-0.9311216849772537,-96.11605494361784,113.17665749971319, -3.1707792251103677,-17.08523838514866,3.0311156834435815
2024-10-30 08:21:10,-0.9356005831521176,-96.28964786212597,113.90184001172216, -3.089428453181768,-17.636238679137325,2.9444847550549578
2024-10-30 08:21:10,-0.9401608496591248,-96.45816161226165,114.6281776594793, -3.0123958877958676,-18.19350305262124,2.8620555336137947
2024-10-30 08:21:10,-0.9450823533521874,-96.63085668658596,115.3987761911988, -2.9351464655457438,-18.790843690266005,2.7789574712028142
2024-10-30 08:21:10,-0.9503258500488265,-96.80455405995149,116.20501001263557, -2.8588615246570375,-19.422822361428423,2.696411845054321
2024-10-30 08:21:10,-0.9556745409220319,-96.97097675388005,117.012113856946, -2.7867641066205326,-20.062974219846133,2.617895341731681
2024-10-30 08:21:10,-0.9611669623711169,-97.13075388141901,117.82524414813376, -2.718101277592286,-20.71582103649103,2.5426047978690436
2024-10-30 08:21:10,-0.9666502986578681,-97.27921395842492,118.62161220335997, -2.654417658382367,-21.36325706243839,2.4722662277919687
2024-10-30 08:21:11,-0.9724892295151094,-97.42535730251744,119.45313445063297, -2.591397634120805,-22.04816634703709,2.402115853949084
2024-10-30 08:21:11,-0.9782919447673376,-97.55858199176289,120.26308965149663, -2.533169975755535,-22.724460276064487,2.336755379219637
2024-10-30 08:21:11,-0.9842749746006307,-97.68360289975365,121.0815350704926, -2.477264562333045,-23.417462783971246,2.273444739646732
2024-10-30 08:21:11,-0.9900444964890158,-97.7924687319633,121.85514633844485, -2.4269414378119327,-24.08182559014233,2.2159299199657125
2024-10-30 08:21:11,-0.9961909511103197,-97.89599856549452,122.66284933342187, -2.376834725232797,-24.78561474005209,2.1581047861671725
2024-10-30 08:21:11,-1.0022655592843706,-97.98587530129828,123.44485473321397, -2.330535017838491,-25.477385455422134,2.1041171194217148
2024-10-30 08:21:11,-1.0084486986208712,-98.06482655108536,124.22465032759642, -2.2863937192472075,-26.177885311388174,2.0520873156671393
2024-10-30 08:21:11,-1.0145518008769636,-98.13051781494417,124.97873291699989, -2.245514382074139,-26.865954363095955,2.003356931295372
2024-10-30 08:21:11,-1.0207957013294953,-98.18529845270389,125.73453938849009, -2.206217044493387,-27.56666701001501,1.9559587455460363
2024-10-30 08:21:11,-1.0306045330323848,-98.24633257455513,126.89075160649274, -2.1491272990483603,-28.661383155505334,1.8859973750440817
2024-10-30 08:21:11,-1.033638453862334,-98.2590901373435,127.24085439894237, -2.1325213974685227,-28.99859223684384,1.865373040275706
2024-10-30 08:21:11,-1.0403032395887963,-98.27707578260048,127.99776310282306, -2.0976419256449153,-29.73722632744516,1.8216024504226684
2024-10-30 08:21:11,-1.0500016312264053,-98.2788607991753,129.06996234526997, -2.0505009573726753,-30.807242621396732,1.761362564947655
2024-10-30 08:21:11,-1.0567035097342312,-98.26340679458504,129.79117017360429, -2.0201984955815306,-31.54364342309315,1.7218930996621296
2024-10-30 08:21:11,-1.0629149975072991,-98.23704183542752,130.44557971695681, -1.9936269942130949,-32.224185112029375,1.6867384825065996
2024-10-30 08:21:11,-1.0694458409023766,-98.19694266166847,131.1193886772308, -1.9671448091361805,-32.937857076605106,1.651139280586863
2024-10-30 08:21:11,-1.0759149194439468,-98.14482180565444,131.77272002158415, -1.9422804761525123,-33.64308328199826,1.617148090664308
2024-10-30 08:21:11,-1.0819294411446598,-98.08538311866663,132.36779789369265, -1.920301301961122,-34.297396201263446,1.5865954111215659
2024-10-30 08:21:11,-1.088186933468622,-98.01240127650024,132.97452610272853, -1.8985224442098187,-34.97690044401979,1.5558045278496127
2024-10-30 08:21:11,-1.0908195943969132,-97.97832098047103,133.22606935682654, -1.889674351581694,-35.26243912559711,1.5431362524706007
2024-10-30 08:21:11,-1.0991603850747071,-97.85723816309796,134.00870186269938, -1.8628024353099533,-36.165891763522666,1.5040468377829626
2024-10-30 08:21:11,-1.1040358912623676,-97.7772875802605,134.45625961823478, -1.8478698890506058,-36.6932505958856,1.4818905781727876
2024-10-30 08:21:11,-1.1084051631662524,-97.6999261664493,134.85122959873863, -1.834946553398028,-37.16545033564662,1.4624409961512597
2024-10-30 08:21:11,-1.1121125101758365,-97.63007044938735,135.18188280073878, -1.8243073520819444,-37.565849165589675,1.4462246583694516
2024-10-30 08:21:11,-1.1153903786456205,-97.56509799264171,135.47084029990756, -1.8151414652691966,-37.919682957731474,1.4320970422676784
2024-10-30 08:21:11,-1.1181344075884598,-97.50839914067481,135.71031158804993, -1.8076370160011375,-38.21577340168745,1.4204165483262718
2024-10-30 08:21:11,-1.1199977065811708,-97.46870283103594,135.8716699817874, -1.8026267635427509,-38.416774391128556,1.4125588650561858
2024-10-30 08:21:19,-1.118025857279888,-97.35488212918544,135.77336790342716, -1.7988401908019482,-38.43223679846667,1.409289292706193
2024-10-30 08:21:19,-1.1114152229681191,-96.97185198542005,135.44084080734, -1.7862251324748495,-38.48255317528611,1.3984283050765702
2024-10-30 08:21:19,-1.1011439794365727,-96.37221387028468,134.91492554544192, -1.7668660366818598,-38.55599141116957,1.3818584011955741
2024-10-30 08:21:19,-1.09153637962061,-95.80621416086697,134.4125132953465, -1.7490218878262846,-38.61931852128524,1.3666937772998817
2024-10-30 08:21:19,-1.0837766368476045,-95.3453639732673,133.9991197268784, -1.734794885882969,-38.66656894605,1.3546809149420678
2024-10-30 08:21:19,-1.074774095303766,-94.80642802563746,133.51075068901247, -1.7184954289297514,-38.71690113767671,1.3410063839120778
2024-10-30 08:21:19,-1.0639325413319831,-94.15111472644328,132.9097421176487, -1.6991587839116027,-38.77092951496119,1.324911277164309
2024-10-30 08:21:19,-1.0511945245300542,-93.3720691992059,132.18497068146763, -1.6768459660163508,-38.82488757020623,1.306519806205942
2024-10-30 08:21:19,-1.037588401939918,-92.52859872861364,131.3876314938641, -1.6534955257297403,-38.87069139736325,1.287493292517683
2024-10-30 08:21:19,-1.0235701946213616,-91.64675049286166,130.53993622212155, -1.6299586250869786,-38.90451768199671,1.2685583864602925
2024-10-30 08:21:19,-1.0104197742019871,-90.80706614625436,129.71937287435742, -1.60835935750219,-38.923341880353235,1.25141282400563
2024-10-30 08:21:19,-0.9968961759103661,-89.93037244705478,128.8486802015812, -1.586633816332869,-38.92904723192521,1.2344061939356339
2024-10-30 08:21:19,-0.9838076930890773,-89.06851574235125,127.97881480660958, -1.566079842390706,-38.92076142018752,1.2185542387242507
2024-10-30 08:21:19,-0.9712642032289192,-88.22957768957905,127.11884239967546, -1.5468215922639337,-38.89946967496277,1.2039276268849675
2024-10-30 08:21:19,-0.9595123102107552,-87.43149756552586,126.28864435644417, -1.5291735845779586,-38.867117760615855,1.1907310902123305
2024-10-30 08:21:19,-0.9488993624986315,-86.70024412373166,125.5176157643181, -1.5135684696619676,-38.82713715073192,1.1792398640292598
2024-10-30 08:21:19,-0.9398227127851231,-86.06658268237699,124.84150252079857, -1.500476181614717,-38.784513985573604,1.1697370481958413
2024-10-30 08:21:20,-0.9330941055829943,-85.5917467912624,124.33000646552331, -1.4909238732667658,-38.74772935385189,1.1628881908201818
2024-10-30 08:21:20,-0.9304808972901747,-85.4061334199305,124.12893534092873, -1.4872495357193098,-38.732223845757936,1.1602736043085256
2024-10-30 08:24:49,-0.9310079978384057,-85.44362752158594,124.1696029483618, -1.4879890643166793,-38.73540695771697,1.1607989319955774
2024-10-30 08:24:49,-0.9543061990953314,-87.0740619992441,125.9130016754534, -1.5214788852606351,-38.84880916925261,1.1850432664511032
2024-10-30 08:24:49,-0.9565237894341942,-87.22661227232382,126.07361160014764, -1.524747193693705,-38.8569118828547,1.1874541032427883
2024-10-30 08:24:49,-0.9606804516830673,-87.51136633255487,126.37225843773327, -1.5309105642401029,-38.870886027450126,1.1920207159518343
2024-10-30 08:24:49,-0.9629276052071145,-87.66467134363435,126.53242162768517, -1.5342627260376036,-38.877788549846215,1.1945153350674291
2024-10-30 08:24:49,-0.9640555561843963,-87.74145535552277,126.61247707537267, -1.5359506472533444,-38.88108233798348,1.1957743183418545
2024-10-30 08:24:50,-0.9663175437028003,-87.89510395132709,126.77234414450523, -1.5393462791481958,-38.88734582689536,1.1983127835174665
2024-10-30 08:24:50,-0.969859117591853,-88.13478386894906,127.02085120205261, -1.5446913518071266,-38.89624395896012,1.2023238911736271
2024-10-30 08:24:50,-0.9710023871776187,-88.21192703004074,127.10060900554095, -1.546424240564808,-38.89888165233932,1.2036282636292932
2024-10-30 08:24:50,-0.9732970048608123,-88.36642443320247,127.26001116172323, -1.5499131723198751,-38.90383286776787,1.2062602329690528
2024-10-30 08:24:50,-0.975025921202376,-88.4825403969399,127.37952211598096, -1.552551567654276,-38.90726304074255,1.2082556656719918
2024-10-30 08:24:50,-0.9790298435095326,-88.75049292373028,127.65435475953807, -1.5586933242583894,-38.914225213256366,1.212917405870537
2024-10-30 08:24:50,-0.9809098129045953,-88.87584929563089,127.78247257822626, -1.5615922746260222,-38.91702546744487,1.215125768937062
2024-10-30 08:24:50,-0.9835141695975923,-89.0490317164294,127.95899036187498, -1.5656242543822334,-38.920414887263675,1.2182056273674995
2024-10-30 08:24:50,-0.9873150571802556,-89.30079808197947,128.21461285308044, -1.571541966097916,-38.924350525652535,1.2227432767222057
2024-10-30 08:24:50,-0.9879070306578761,-89.33990575688462,128.25421394943046, -1.5724671777027932,-38.924856397351824,1.2234545620447173
2024-10-30 08:24:50,-0.9890931028738605,-89.41817779796314,128.3333882812333, -1.574323798517678,-38.92578368731671,1.2248833830333445
2024-10-30 08:24:50,-0.9917409893205759,-89.59251810996635,128.50932956983655, -1.5784825044309536,-38.927440734958466,1.2280909809324925
2024-10-30 08:24:50,-0.9948698527736314,-89.79781938627542,128.71579269444223, -1.5834212097234763,-38.92866930496686,1.2319128341422176
2024-10-30 08:24:50,-0.995470888729918,-89.8371695233196,128.7552761608251, -1.5843729513014784,-38.9288155090732,1.2326509049152996
2024-10-30 08:24:50,-0.9974134951212282,-89.96416255326204,128.88250338840328, -1.5874557785161858,-38.92909144723071,1.2350450427192805
2024-10-30 08:24:50,-1.0016030761993202,-90.23706416485929,129.15489524027126, -1.5941392785009003,-38.92867237629067,1.2402532066540863
2024-10-30 08:24:50,-1.005214325054505,-90.47123075273731,129.38752223941606, -1.5999383125886004,-38.927211693384464,1.2447914498481711
2024-10-30 08:24:50,-1.010088377201943,-90.78574507740946,129.69836701739172, -1.6078210645842133,-38.92364973175984,1.250988482274009
2024-10-30 08:24:50,-1.0119491836061023,-90.90535990567412,129.81610435101433, -1.6108474371827606,-38.92181364182511,1.2533761096514822
2024-10-30 08:24:50,-1.014580740206058,-91.07409063001924,129.9817352141456, -1.6151432763768736,-38.91877264903334,1.2567731790100964
2024-10-30 08:24:50,-1.0206580463907624,-91.46186133130027,130.36038011264148, -1.6251353520734264,-38.909784209164265,1.2647099526908203
2024-10-30 08:24:50,-1.0212905523262368,-91.50206895510657,130.39948189977488, -1.6261810063394886,-38.90869278257022,1.2655433243341543
2024-10-30 08:24:50,-1.0225579115125305,-91.58254898306,130.4776584150325, -1.6282794346418958,-38.90641820834014,1.2672173211436792
2024-10-30 08:24:50,-1.0246067899589277,-91.71242002228581,130.60355900226722, -1.631681001429432,-38.90249472308951,1.2699353289256954
2024-10-30 08:24:50,-1.0258823824815728,-91.79312805579333,130.68164207443792, -1.6338044546816108,-38.89989911703495,1.2716348322870081
2024-10-30 08:24:50,-1.027161145119221,-91.87392391421078,130.75968918354994, -1.635937577162691,-38.89717988451804,1.2733441988534495
2024-10-30 08:24:50,-1.0284430897028378,-91.9548080222472,130.83770036253503, -1.6380804209324893,-38.894336634874314,1.2750634853145177
2024-10-30 08:24:50,-1.03101657232723,-92.11684269486463,130.99361506006238, -1.642395482775356,-38.88827651095764,1.2785320470839712
2024-10-30 08:24:50,-1.0358421060269136,-92.41946684609483,131.28350702686316, -1.6505346445478521,-38.87565753036754,1.2850975370440583
2024-10-30 08:24:50,-1.0371452683217095,-92.50092499408375,131.36124840337223, -1.6527434070573568,-38.87197154977198,1.2868843586296326
2024-10-30 08:24:50,-1.0384522113058283,-92.58250633960454,131.43898427757213, -1.6549631638144526,-38.86815705281443,1.2886822464082972
2024-10-30 08:24:50,-1.039762442074227,-92.66417971819828,131.51668449251946, -1.6571931153582553,-38.864215036292855,1.2904905697682325
2024-10-30 08:24:50,-1.0466013504373124,-93.08866432352802,131.91853254676246, -1.6689075787918637,-38.841742610697956,1.300025424865925
2024-10-30 08:24:50,-1.0635446002989375,-94.12753562440007,132.88796980626674, -1.6984727670914466,-38.772726543439205,1.3243428844371132
2024-10-30 08:24:50,-1.0686280644782236,-94.43579106824235,133.17179740902262, -1.7074944389641828,-38.74842731332261,1.3318321996579134
2024-10-30 08:24:51,-1.0895128294226146,-95.68635940402262,134.30537413086614, -1.7452959316034748,-38.6319799941014,1.3635409027498515
2024-10-30 08:24:51,-1.1071449982574797,-96.72322873455184,135.22357674525944, -1.7781410912330182,-38.51379323959874,1.3914944132802123
2024-10-30 08:24:51,-1.1086337635685957,-96.81001640721597,135.29954512031154, -1.7809537388994112,-38.50301534417089,1.3939045497812004
2024-10-30 08:24:51,-1.1101265188128377,-96.89692043534721,135.37547845962933, -1.7837801147083778,-38.492086307268835,1.3963289746545968
2024-10-30 08:24:51,-1.1108744096972134,-96.94041695331943,135.41343260373532, -1.7851985009337956,-38.48656485394732,1.3975465947182735
2024-10-30 08:24:51,-1.1116233060256169,-96.98394287774872,135.45137808861196, -1.7866203559623013,-38.4810053981546,1.398767826079837
2024-10-30 08:24:51,-1.112373209826767,-97.02749827794956,135.4893149154082, -1.788045690943571,-38.47540787197078,1.3999926808793406
2024-10-30 08:24:51,-1.1108967481980343,-96.94171568962294,135.4145653264737, -1.7852408902043901,-38.486399465789276,1.3975829937027766
2024-10-30 08:24:51,-1.1025153823013956,-96.45259920516379,134.98580691740176, -1.7694339113416748,-38.54652507187244,1.384049365183741
2024-10-30 08:24:51,-1.0769759271675388,-94.9386715299828,133.6310790457449, -1.7224615349338368,-38.70504295435312,1.3443249029906568
2024-10-30 08:24:51,-1.03239922135399,-92.20371304308544,131.07700408464353, -1.6447211790078957,-38.88482749282133,1.280405030740637
2024-10-30 08:24:51,-1.0133053647500025,-90.99237832188224,129.9015900674042, -1.6130589808116258,-38.92031123405209,1.2551238047248865
2024-10-30 08:24:51,-0.9951438041334058,-89.81575858740688,128.73379624402753, -1.583854890559131,-38.92873951940297,1.232249089374005
2024-10-30 08:24:51,-0.9827944287663982,-89.00122599841777,127.91031955025157, -1.5645081176118893,-38.91953481997189,1.2173520896306746
2024-10-30 08:24:51,-0.9761615477820434,-88.55867445101869,127.45774646449964, -1.554289063026415,-38.909376526372945,1.2095721106950257
2024-10-30 08:24:51,-0.970143100543982,-88.15395625354205,127.04068370315872, -1.5451214556536983,-38.89690979512939,1.2026474576318698
2024-10-30 08:24:52,-0.9629512406593054,-87.66628144175355,126.53410144566985, -1.5342980588793849,-38.877858737443,1.1945416695059607
2024-10-30 08:24:52,-0.9555280552459869,-87.15816959275544,126.00160612254346, -1.5232779563025414,-38.85332971942552,1.1863694023529217
2024-10-30 08:24:52,-0.9380129049178599,-85.939298093107,124.70479791347984, -1.4978939815431689,-38.77506027532753,1.16787843183841
2024-10-30 08:24:52,-0.9272036577099226,-85.17238886473694,123.8748245084355, -1.4826698323109537,-38.711798139421454,1.1570307152575567
2024-10-30 08:24:52,-0.9159657308119212,-84.36249882734201,122.98662173656062, -1.4672075309139925,-38.633285487775346,1.1462184122305794
2024-10-30 08:24:52,-0.9050618316149651,-83.56384865975342,122.09901056548271, -1.4525694126950093,-38.54413619273033,1.1361902818272032
2024-10-30 08:24:52,-0.8945412538409645,-82.78071305165528,121.21738070649377, -1.4387952194122589,-38.445465528064034,1.1269564434809671
2024-10-30 08:24:52,-0.8839527624523015,-81.9794611421701,120.30387750893544, -1.4252885662397294,-38.333041863047086,1.1181118922464266
2024-10-30 08:24:52,-0.8637467278837244,-80.41170906318595,118.48318237369935, -1.4005489671960323,-38.07978416337734,1.1025294044975384
2024-10-30 08:24:52,-0.8620416593909224,-80.27697109827885,118.3246629474964, -1.3985258093205588,-38.05597700655092,1.1012947545805556
2024-10-30 08:24:52,-0.8624931881934039,-80.31269011662971,118.36671776419621, -1.399060570792991,-38.06231959654145,1.1016204658707083
2024-10-30 08:24:52,-0.8848558768230691,-82.04832838540536,120.38284705084423, -1.4264263525636367,-38.34315866238492,1.118848400410104
2024-10-30 08:24:52,-0.914975051849292,-84.29046826832817,122.90704505857171, -1.4658626110539712,-38.62572203112438,1.145288328582774
2024-10-30 08:24:52,-0.9450089737375467,-86.42959849068244,125.22974441532666, -1.5079280517086497,-38.80983749714337,1.1751298972656385
2024-10-30 08:24:52,-0.9631712838858322,-87.68126891566526,126.54973559877232, -1.5346270782222924,-38.878509772484485,1.1947869359521275
2024-10-30 08:24:52,-0.9769684596824393,-88.61270582338145,127.51319607617387, -1.555525786894762,-38.910811283530045,1.2105102740492848
2024-10-30 08:24:52,-0.9971004129080157,-89.94371519293702,128.86203854259986, -1.5869582392809733,-38.92906722136436,1.2346582991657122
2024-10-30 08:24:52,-1.0140832805111633,-91.04223272248458,129.95050304515854, -1.6143297763076752,-38.91938723107677,1.2561291711643614
2024-10-30 08:24:52,-1.0247272583549984,-91.72004699742082,130.61094308253283, -1.6318813556265994,-38.90225459679836,1.270095591647252
2024-10-30 08:24:52,-1.0384449450683912,-92.58205308236529,131.43855272557715, -1.6549508098903125,-38.8681785855889,1.2886722343710695
2024-10-30 08:24:52,-1.0528247253218632,-93.47233327786901,132.2788770885582, -1.6796771103567836,-38.81856982919097,1.308842278400876
2024-10-30 08:24:52,-1.0821630087901664,-95.24910567590604,133.91228340436027, -1.73185709155609,-38.67594849604334,1.352209171979148
2024-10-30 08:24:53,-1.1144608763712416,-97.14860001346028,135.59461420457143, -1.7920219671189215,-38.459664205335244,1.4034130154342015
2024-10-30 08:24:53,-1.136250335975883,-98.3994939199709,136.66679644466439, -1.8342549035847737,-38.28158262487794,1.4400340594820884
2024-10-30 08:24:53,-1.1370334586343487,-98.44401854113681,136.7044414773724, -1.8357978284606002,-38.27472625408885,1.4413817442966612
2024-10-30 08:24:53,-1.1378176584311246,-98.48857500482742,136.74207788113546, -1.837344631283973,-38.267829484111694,1.442733485800294
2024-10-30 08:24:54,-1.1378176584311246,-98.51855968690867,136.72816384349835, -1.839131155495487,-38.223953355766255,1.4450082656094536
2024-10-30 08:24:54,-1.1378176584311246,-99.97265912993858,135.99758507173203, -1.934132147107425,-36.04045836448193,1.5641482592304055
2024-10-30 08:24:54,-1.1378176584311246,-100.33232129813283,135.79863334283024, -1.9604889642974013,-35.482167048063886,1.5966286640587943
2024-10-30 08:24:54,-1.1378176584311246,-102.09852315489505,134.6976992805204, -2.1112461457870952,-32.61683767828139,1.7785238584421457
2024-10-30 08:24:54,-1.1378176584311246,-103.12124030125767,133.94929148310564, -2.219471944004267,-30.846976428274623,1.9057555373116846
2024-10-30 08:24:54,-1.1378176584311246,-104.62431612718699,132.65944453231592, -2.419701351671821,-28.05633695974812,2.1356322805043177
2024-10-30 08:24:54,-1.1378176584311246,-104.94995912834466,132.3439595541185, -2.4717330563139708,-27.415792906435776,2.194417548297714
2024-10-30 08:24:54,-1.1378176584311246,-105.04833736904058,132.24574683158812, -2.48820172142782,-27.21938606567879,2.2129533711035174
2024-10-30 08:24:54,-1.1378176584311246,-105.08565388163088,132.2081275431522, -2.494544815130699,-27.144521095499993,2.2200839639818133
2024-10-30 08:24:54,-1.1378176584311246,-105.06729202749455,132.22666374629966, -2.4914169378846207,-27.18138423091988,2.2165683567098373
2024-10-30 08:24:54,-1.1378176584311246,-104.60407622754141,132.67858252716874, -2.41658662395613,-28.0956797890026,2.1321021402468983
2024-10-30 08:24:54,-1.1378176584311246,-103.34499606839091,133.77274107749284, -2.2457919663338397,-30.44697411846927,1.9363484882625652
2024-10-30 08:24:54,-1.1378176584311246,-101.75228625230227,134.93123465572378, -2.0784944536111456,-33.19622250742564,1.7395137185591532
2024-10-30 08:24:54,-1.1378176584311246,-101.1067208359051,135.34269518183748, -2.021844438857055,-34.25257199933497,1.671404551515148
2024-10-30 08:24:55,-1.1378176584311246,-100.5604689236207,135.6683290198861, -1.9778831677827167,-35.123926777349986,1.617942194538017
2024-10-30 08:24:55,-1.1378176584311246,-100.01446060338114,135.97485836167067, -1.937131137048466,-35.97596700048315,1.567855600199648
2024-10-30 08:24:55,-1.1378176584311246,-99.44832254736832,136.2741451572512, -1.8978655361560233,-36.84090732109768,1.5190681137522597
2024-10-30 08:24:55,-1.1378176584311246,-98.85012922355916,136.5713437859657, -1.859317844546846,-37.73581810150357,1.4706182864383992
2024-10-30 08:24:55,-1.1378176584311246,-98.52288765015588,136.7261518850315, -1.8393895443719483,-38.21761670036485,1.4453371584124017
2024-10-30 08:24:55,-1.1378176584311246,-98.17658268318554,136.88428954365241, -1.819123967359169,-38.72180226860058,1.419453368537689
2024-10-30 08:24:55,-1.1378176584311246,-97.8367048409875,137.0340240260938, -1.8000085009468119,-39.21117043434201,1.3948682245536055
2024-10-30 08:24:55,-1.1378176584311246,-97.4633652837032,137.19250182751435, -1.7798406961279012,-39.74272831453985,1.368740359221544
2024-10-30 08:24:55,-1.1378176584311246,-96.58863833434428,137.54059227425745, -1.7356944248002693,-40.96497043793982,1.3108134868628332
2024-10-30 08:24:55,-1.1378176584311246,-95.50591025385732,137.92984618232282, -1.6863628519607685,-42.43629632421469,1.2447466942446974
2024-10-30 08:24:55,-1.1378176584311246,-93.92916315753962,138.42318467835398, -1.623296528633392,-44.5055190624715,1.1578595941821306
2024-10-30 08:24:55,-1.1378176584311246,-92.29698829229172,138.85287317933893, -1.5669591472662998,-46.566583848643226,1.0774435287540876
2024-10-30 08:24:55,-1.1378176584311246,-90.52530032502669,139.23755291142425, -1.5140995335267262,-48.722172559475226,0.9989992854084603
2024-10-30 08:24:55,-1.1378176584311246,-89.39750579326471,139.44267532880008, -1.484197112939126,-50.054633356260425,0.9530642458632248
2024-10-30 08:24:55,-1.1378176584311246,-89.53165235181811,139.41979949324093, -1.487616614469827,-49.89766376337945,0.958381403440173
2024-10-30 08:24:55,-1.1378176584311246,-90.73908698200566,139.1953061788663, -1.5200768207505009,-48.46622891581202,1.008036755467545
2024-10-30 08:24:55,-1.1378176584311246,-93.76303740472426,138.47050276942593, -1.6171792037115074,-44.71887756993555,1.1492663705525341
2024-10-30 08:24:55,-1.1378176584311246,-94.93252555894352,138.1188280360817, -1.6623219348025788,-43.19833740283894,1.2119728932946685
2024-10-30 08:24:55,-1.1378176584311246,-96.0008504937129,137.7573455520223, -1.708239840868095,-41.76914827075761,1.2742322326913438
2024-10-30 08:24:55,-1.1378176584311246,-96.61645475454732,137.53000283278635, -1.7370356960292856,-40.926582211084174,1.3125892285026632
2024-10-30 08:24:55,-1.1378176584311246,-97.32960886260966,137.2477988188049, -1.7728162892337054,-39.93169087825824,1.3595924321143738
2024-10-30 08:24:55,-1.1378176584311246,-97.98908410986293,136.96754908128904, -1.808486841661502,-38.99242472138151,1.4057935266472548
2024-10-30 08:24:55,-1.1378176584311246,-98.37221486644184,136.7956609772215, -1.830471225550789,-38.437685673461644,1.4339686920100487
2024-10-30 08:24:56,-1.1378176584311246,-98.761631747865,136.61373658871162, -1.8538511839038092,-37.866639669578035,1.4636997097753086
2024-10-30 08:24:56,-1.1378176584311246,-99.6117650989852,136.18959952098078, -1.9089091629744246,-36.59305595811145,1.5328450871634909
2024-10-30 08:24:56,-1.1378176584311246,-100.11693835111924,135.91870635485148, -1.9445537373581168,-35.817428246950264,1.577018442164907
2024-10-30 08:24:56,-1.1378176584311246,-100.69851729433849,135.58788495161483, -1.9886762850845567,-34.905565220826404,1.6311205092299883
2024-10-30 08:24:56,-1.1378176584311246,-101.34050002334308,135.1971554596362, -2.0417353027333984,-33.8734915563911,1.6954149682355684
2024-10-30 08:24:56,-1.1378176584311246,-102.4522714751009,134.44913227113298, -2.146618515160732,-32.01493805292978,1.8203784444236395
2024-10-30 08:24:56,-1.1378176584311246,-103.01742508202109,134.0295554426618, -2.207610513156128,-31.0309182513446,1.8919264601295993
2024-10-30 08:24:56,-1.1378176584311246,-104.08110878767488,133.15519341709557, -2.3404822730616477,-29.09439719442506,2.045428632000926
2024-10-30 08:24:56,-1.1378176584311246,-104.22964611913369,133.0232235992433, -2.361279094092069,-28.814126124842165,2.069196181243051
2024-10-30 08:24:56,-1.1378176584311246,-104.14437068361264,133.0993066157282, -2.3492642002442747,-28.97534826490371,2.0554728692976814
2024-10-30 08:24:56,-1.1378176584311246,-104.0692072618875,133.16565516003885, -2.338842407792841,-29.11674182057733,2.04355176531797
2024-10-30 08:24:56,-1.1378176584311246,-103.63831736750689,133.53364745059955, -2.2819552878919165,-29.914974709548375,1.9781823421881573
2024-10-30 08:24:56,-1.1378176584311246,-103.4438792878005,133.69312932857972, -2.257765914929483,-30.268616979765,1.9502250971511097
2024-10-30 08:24:56,-1.1378176584311246,-103.07279634486784,133.98687347749623, -2.2139100678589623,-30.932938005199485,1.8992743361429894
2024-10-30 08:24:56,-1.1378176584311246,-102.86888007921479,134.14263652849954, -2.1910072306761124,-31.292351624232584,1.8725236004725694
2024-10-30 08:24:56,-1.1378176584311246,-101.781777264547,134.91170536550788, -2.0812160755468687,-33.14723449875556,1.7427652237535858
2024-10-30 08:24:56,-1.1378176584311246,-100.95509556476568,135.435071461061, -2.0092990348924546,-34.496422589122766,1.656204758386047
2024-10-30 08:24:56,-1.1378176584311246,-100.3311717689448,135.79928169044686, -1.9604026841382978,-35.48396387253843,1.5965227061512557
2024-10-30 08:24:56,-1.1378176584311246,-100.04693463204708,135.95713179957065, -1.9394723822504993,-35.925795133042314,1.5707477378228087
2024-10-30 08:24:56,-1.1378176584311246,-99.99323239539389,135.9864125845273, -1.9356060844804004,-36.00873071155597,1.565970714489652
2024-10-30 08:24:57,-1.1370487007896986,-99.94890747993873,135.9499684385353, -1.9339327001244806,-36.01658598438701,1.5644606970446577
2024-10-30 08:24:57,-1.1269983014444402,-99.36683729482235,135.46823008696762, -1.9122446400594815,-36.116588629127435,1.5449473267066705
2024-10-30 08:24:57,-1.0961877906272708,-97.54943539032715,133.92606685663083, -1.8478483892319166,-36.390863892495545,1.487678073973554
2024-10-30 08:24:57,-1.0553528221470192,-95.05734793996035,131.71660590254095, -1.7672370085052111,-36.67231463775308,1.417598090344214
2024-10-30 08:24:57,-1.027514962386867,-93.29790051879519,130.0898812303107, -1.715308634651543,-36.80429811798975,1.3735716171306107
2024-10-30 08:24:57,-1.001187231177679,-91.58367462057049,128.4513429889991, -1.6684300790380764,-36.87933060738963,1.3347150951216085
2024-10-30 08:24:57,-0.9592583791187387,-88.74058846821796,125.61660137784263, -1.5982711763761088,-36.88671568807565,1.2784548627396166
2024-10-30 08:24:57,-0.9462445496910846,-87.82690777264014,124.67453857926121, -1.5776366322442181,-36.85805594830176,1.2624196988445389
2024-10-30 08:24:58,-0.9446488554394022,-87.71378148515447,124.5568482908053, -1.5751444031101838,-36.85345854566201,1.260500854435089
2024-10-30 08:24:58,-0.9435880356547413,-87.6384398204174,124.47833876692165, -1.5734921747015895,-36.85026855800393,1.259230957288428
2024-10-30 08:24:58,-0.9420012506014547,-87.52554036222882,124.3605003604579, -1.571027638724431,-36.845296624219,1.2573400239817547
2024-10-30 08:24:58,-0.9425375973101844,-87.56372858007319,124.40038493753194, -1.5718597485571235,-36.84700411748088,1.257978022156557
2024-10-30 08:24:58,-0.9488916588966595,-88.01403899426124,124.86871185069373, -1.5817893365347806,-36.86515371579566,1.2656257654769212
2024-10-30 08:24:58,-0.9755154191764952,-89.86049773846909,126.75069384027086, -1.624812846586912,-36.90125896470184,1.2994420428939606
2024-10-30 08:24:58,-0.9996219284023911,-91.48011585481831,128.35065593035526, -1.66571125926821,-36.88216466871663,1.3324902097841314
2024-10-30 08:24:58,-1.026366884005357,-93.2242001541093,130.02052581246784, -1.7132191839932962,-36.80861361711585,1.3718207969921146
2024-10-30 08:24:58,-1.054934732229138,-95.03130279905128,131.69293037693416, -1.7664390895705497,-36.67467278574715,1.4169144821041963
2024-10-30 08:24:58,-1.0844855379428742,-96.84541364551842,133.3130613399117, -1.8242016996904957,-36.48153170148042,1.4669219317888609
2024-10-30 08:24:58,-1.094676812235367,-97.45897270952196,133.8477894146024, -1.8447702778704227,-36.403003613026925,1.4849674692928423
2024-10-30 08:24:59,-1.060967386764377,-97.13288683095485,133.69512170702117, -1.780686370818535,-36.57547756709273,1.4301838895786676
2024-10-30 08:24:59,-0.7331690755991798,-93.95996276541129,132.18343181027856, -1.1848533127285978,-38.22942461226894,0.9307995320998699
2024-10-30 08:24:59,-0.5754328830743518,-92.27568454569749,131.2787614247455, -0.9142644065898244,-39.006644670678796,0.7104740487762093
2024-10-30 08:24:59,-0.4058935803138375,-90.83258829223155,130.6691097105067, -0.6336001808494893,-39.83824474001314,0.4865218909441247
2024-10-30 08:24:59,-0.31155516183344045,-90.04104597032594,130.33893634310002, -0.4817089399172735,-40.29888926060029,0.3673938136263923
2024-10-30 08:24:59,-0.2371627049938998,-89.43603023965937,130.09731601520625, -0.36397478246587245,-40.66185720639585,0.27610130207392874
2024-10-30 08:25:00,-0.16455435567531876,-88.84058840138182,129.8553100044346, -0.25074746619974153,-41.0149932946704,0.18919898058780033
2024-10-30 08:25:00,-0.12900276130762653,-88.54287254374474,129.7299140565963, -0.19589780028448514,-41.18720747893868,0.14742548103224012
2024-10-30 08:25:00,-0.057172803934169986,-87.86985798939382,129.3995743982579, -0.08623236050586715,-41.52974861687505,0.06455456507374034
2024-10-30 08:25:00,-0.03967670014210271,-87.61102977555183,129.2174540698385, -0.05975314948468271,-41.6064397640916,0.044678839043320644
2024-10-30 08:25:00,-0.0291888677258335,-87.15957791104621,128.78981124479475, -0.043937911333674015,-41.630241699111956,0.03284128722439682
2024-10-30 08:25:00,-0.06426702521768328,-86.85414061072414,128.26903550553266, -0.09715241952244794,-41.414935756394236,0.07285838534417524
2024-10-30 08:25:00,-0.1297290405898818,-86.69440510425004,127.73740092275352, -0.19756894743669812,-41.04316451251617,0.14900974116610077
2024-10-30 08:25:00,-0.23109239891717964,-86.61660069633392,127.0955017238673, -0.35597978177362477,-40.47944708787983,0.2707735322527577
2024-10-30 08:25:00,-0.2998313078647805,-86.67828219237927,126.78512076800916, -0.465415251100226,-40.10776998054277,0.35596867763886914
2024-10-30 08:25:00,-0.4542397849388739,-86.95782017907281,126.24404917356857, -0.7173551040037853,-39.28842991606002,0.5552215968950586
2024-10-30 08:25:00,-0.5926235177227043,-87.34859476153156,125.91684030465832, -0.9505072372333964,-38.57208894938451,0.7431561541348721
2024-10-30 08:25:00,-0.8189028584872428,-88.12841589770437,125.54466744929081, -1.3476070755987688,-37.42390049234372,1.070290120781658
2024-10-30 08:25:00,-0.9789738396874647,-88.8592133018402,125.4868500495955, -1.6405996677356058,-36.63888514866048,1.3165660557603904
2024-10-30 08:25:00,-1.1830156088369945,-89.86053676058542,125.49721313569088, -2.0298673646000753,-35.65370836092828,1.6496127798035567
2024-10-30 08:25:00,-1.296311287523892,-90.4944357370582,125.59268498979277, -2.2537534974135722,-35.119109726114026,1.843790117023432
2024-10-30 08:25:00,-1.3941401144509595,-91.16774237972236,125.81622438071759, -2.4511281810914824,-34.673015600257,2.016235374289064
2024-10-30 08:25:00,-1.5378221999490016,-92.68290048275772,126.72145457122235, -2.7458901859319895,-34.06909237241149,2.27513932716123
2024-10-30 08:25:00,-1.637008880365582,-94.3481359333856,128.00285067075762, -2.952083195513911,-33.68982160931657,2.456957469283161
2024-10-30 08:25:00,-1.677165722717647,-95.37811429796733,128.88810023702763, -3.0359142760012725,-33.547037709887604,2.530952500703237
2024-10-30 08:25:00,-1.6754664448807173,-96.00675342562597,129.5524150622691, -3.029998888011658,-33.58258848527364,2.5249798153309246
2024-10-30 08:25:00,-1.6369046576039055,-96.74473876055406,130.50276182189663, -2.9439414850617087,-33.79298875744499,2.447236055680365
2024-10-30 08:25:00,-1.5814815197781382,-97.22941803384856,131.26574703427798, -2.823923644776198,-34.068627741415206,2.3398400716997103
2024-10-30 08:25:00,-1.480755495448368,-97.89672733803906,132.41887217180954, -2.611601976188934,-34.54995111361503,2.1514782707426394
2024-10-30 08:25:00,-1.3380963467197455,-98.66321139996597,133.84549951834003, -2.321510533326285,-35.20444553460743,1.8972516483672943
2024-10-30 08:25:00,-1.241506535228238,-98.81655907682395,134.447782988257, -2.1304514524228684,-35.64998503817117,1.7314601224780406
2024-10-30 08:25:00,-1.080024658608536,-98.72404335048992,135.11911062911653, -1.8198198262167333,-36.40887386698268,1.4647679248120113
2024-10-30 08:25:00,-0.9213730337721941,-98.42589949088396,135.5840731160184, -1.5251790525769813,-37.16794719421018,1.2154711965196026
2024-10-30 08:25:00,-0.6941277813166622,-97.79396271982688,136.06339263468735, -1.120629310758558,-38.27475934550861,0.8797923302281541
2024-10-30 08:25:01,-0.4646233309680395,-96.84078456900099,136.26304779111487, -0.7316311544711214,-39.424554790541535,0.5651692738580361
2024-10-30 08:25:01,-0.3428161875760729,-96.11175097157073,136.16538023021394, -0.5327242917233806,-40.054849158771056,0.4077673561226553
2024-10-30 08:25:01,-0.23860303751372614,-95.00895534985384,135.634274596541, -0.3664531047034606,-40.62589837446065,0.27813111228250553
2024-10-30 08:25:01,-0.1329612428865722,-92.63378448582728,133.8741672417978, -0.20169444418143953,-41.24055873287225,0.15166409592965585
2024-10-30 08:25:01,-0.08081279965279164,-90.60186042397422,132.11498699761583, -0.12192781117795387,-41.513190960675026,0.09129998947704646
2024-10-30 08:25:01,-0.055343247555918434,-88.90579502283597,130.502177742574, -0.0833634226928873,-41.5964128287325,0.06234249274589898
2024-10-30 08:25:01,-0.045668790693830064,-87.20219814207968,128.74643644886828, -0.06886144099495481,-41.544258846873845,0.05153891903204322
2024-10-30 08:25:01,-0.07847923411481715,-85.01086187832999,126.15596976807866, -0.11927499977938114,-41.14516940359168,0.08981948803233858
2024-10-30 08:25:01,-0.1642838612878476,-83.67592396569783,124.151039906001, -0.25308697309574446,-40.47539194642573,0.19251994817012955
2024-10-30 08:25:01,-0.3495444710920815,-83.2918533854839,122.63807875820459, -0.5513174589143356,-39.347525891068216,0.426347110160802
2024-10-30 08:25:01,-0.6475517146994749,-83.9503498644668,121.69203007100569, -1.0578387571065897,-37.74640735486213,0.8364983002887646
2024-10-30 08:25:01,-0.9793345356972112,-85.61777212737584,121.75842626111094, -1.6602346397550773,-36.152112909064755,1.3406930979570808
2024-10-30 08:25:01,-1.2131647568015689,-87.35984143906958,122.478794448441, -2.108203300895196,-35.137209949311014,1.7242960278710815
2024-10-30 08:25:01,-1.465187619588506,-90.21064181636082,124.3629526479306, -2.608671039077512,-34.179915396318854,2.1585656429448776
2024-10-30 08:25:01,-1.5070725104672094,-91.15560343657498,125.19934007180197, -2.690680661405065,-34.073060678976745,2.2292691963340294
2024-10-30 08:25:01,-1.525955854082608,-92.06295249199887,126.10482944037098, -2.7244904376138237,-34.07194221718163,2.2573240420256595
2024-10-30 08:25:01,-1.5104672996603314,-92.99926816035311,127.20781484590744, -2.6853305260507287,-34.23782118352345,2.220502416445755
2024-10-30 08:25:01,-1.4787482879398222,-93.24566130482644,127.63828814740796, -2.616659222924945,-34.420492419655474,2.158991453065915
2024-10-30 08:25:01,-1.32764627319875,-93.8306241343874,129.0385928979608, -2.3019316708791226,-35.229760819628595,1.8806588951911456
2024-10-30 08:25:01,-1.1964977143745374,-94.02978163219144,129.91560093430155, -2.0406398452887973,-35.903082652778586,1.6531792134066527
2024-10-30 08:25:01,-1.0214167483756367,-93.71899778016909,130.48427687081298, -1.7061950422196137,-36.777462580889456,1.366750616338347
2024-10-30 08:25:01,-0.8697788007113497,-93.03908766187615,130.55673252373006, -1.4280087543498412,-37.52624205845748,1.1326042482985135
2024-10-30 08:25:01,-0.7938800713935071,-92.49815507906007,130.38718517209574, -1.2925453583640003,-37.8960971825164,1.0200463342197952
2024-10-30 08:25:01,-0.7710595913560209,-92.19603080127155,130.1915044515481, -1.2524111470414612,-38.00211483212332,0.9869445739571902
2024-10-30 08:25:01,-0.7566169376934399,-91.80974071461405,129.8637855370397, -1.2273518122666833,-38.06042610920551,0.966425151062534
2024-10-30 08:25:01,-0.7447559337454603,-91.52651066200326,129.62883324329678, -1.2068167653071002,-38.10849466170597,0.9496294512559296
2024-10-30 08:25:02,-0.752293110529605,-91.51451320201647,129.57696925779524, -1.2201104711792246,-38.06876271560586,0.9606131725467071
2024-10-30 08:25:02,-0.7604169814818476,-91.54190082486046,129.5634068729514, -1.2344103640512167,-38.02795913514521,0.9724147683390743
2024-10-30 08:25:02,-0.7994370877182544,-91.54129389234087,129.56281711473574, -1.2977393978672829,-38.028655500414224,1.0222992271986326
2024-10-30 08:25:03,-0.7578015398766136,-91.54194042033586,129.5634453477632, -1.2301654718727975,-38.02791370432334,0.9690710371549573
2024-10-30 08:25:03,0.8600788386862707,-91.5402903735909,129.56184197762732, 1.3961559399153334,-38.02980683463286,-1.0998211943398766
2024-10-30 08:25:03,3.1323089293797133,-91.4497787242894,129.4738142243865, 5.07672754770036,-38.13336912274351,-3.997215193855237
2024-10-30 08:25:03,6.17299236129281,-91.1668130498044,129.19764455122132, 9.957184994027653,-38.45358530487146,-7.827980134910998
2024-10-30 08:25:03,7.3882871192931105,-91.00152648870744,129.035647928041, 11.884894582097015,-38.63818321278905,-9.335328601598576
2024-10-30 08:25:03,8.611819338814012,-90.8047430788173,128.8421275352527, 13.80873163295566,-38.85565004802963,-10.835367837064652
2024-10-30 08:25:03,9.36321150788245,-90.66869065748153,128.70791548328742, 14.980809314228328,-39.00455759007711,-11.746868239830071
2024-10-30 08:25:03,10.125174661986513,-90.51883468365742,128.55969330815356, 16.161501275105948,-39.167225162858884,-12.663060615311476
2024-10-30 08:25:03,11.22461654149684,-90.28136278076761,128.32396603839175, 17.850263709396685,-39.42214980339085,-13.969710061919823
2024-10-30 08:25:03,12.023213598488667,-90.09301791245929,128.1362685679038, 19.06531020364811,-39.621893425168594,-14.906857890783737
2024-10-30 08:25:03,12.224256871355072,-90.04348748676637,128.08680021891385, 19.369596216291182,-39.67406736311682,-15.141138997306024
2024-10-30 08:25:03,12.315875085783563,-90.02063255317825,128.0639587402354, 19.508046960718683,-39.69809274501323,-15.24768158525109
2024-10-30 08:25:03,12.38358112129061,-90.00362863107085,128.04695860576408, 19.610274719563723,-39.71594730508002,-15.326326775507871
2024-10-30 08:25:03,12.474399051893874,-89.9806679255128,128.02399458975424, 19.747281253265694,-39.74002938546205,-15.431697514072193
2024-10-30 08:25:03,12.494918158745064,-89.97545606320817,128.01878062789518, 19.778217396782665,-39.74549143324273,-15.455485468802657
2024-10-30 08:25:03,12.471224976498712,-89.98147334536411,128.02480028956555, 19.742495164093864,-39.73918515928653,-15.42801715297975
2024-10-30 08:25:03,12.312747565424374,-90.0214156656238,128.06474155035264, 19.503322989501644,-39.69727004236222,-15.24404690626862
2024-10-30 08:25:03,12.057480796034133,-90.08463592262476,128.12790024995084, 19.11722079839841,-39.63073308220461,-14.946837640285999
2024-10-30 08:25:03,11.89529882193934,-90.12408802095652,128.16727674359896, 18.871368895562266,-39.58909013167688,-14.757448163846576
2024-10-30 08:25:03,11.558523321735231,-90.20424247191136,128.24718956839286, 18.35951445905158,-39.50419646111681,-14.362801813380461
2024-10-30 08:25:03,10.01484197302522,-90.5412778066051,128.58191799604884, 15.991044815185882,-39.1429525722942,-12.530920066993927
2024-10-30 08:25:03,8.740807338478394,-90.78221261667618,128.81992531737507, 14.010465202891572,-38.88039042045066,-10.99238683981696
2024-10-30 08:25:03,7.158253436535556,-91.03511319933368,129.0686067033988, 11.521230040963339,-38.600816657732885,-9.051273662181318
2024-10-30 08:25:03,5.642049083131765,-91.2296354901229,129.25908505643915, 9.110337489915155,-38.38295277644363,-7.1646164880248335
2024-10-30 08:25:03,3.4313344596963997,-91.43018258802778,129.45473607227228, 5.559511389783397,-38.15571770920809,-4.376874211135693
2024-10-30 08:25:03,2.68417763666697,-91.47579587773544,129.49913278263006, 4.352355558929915,-38.103657525570924,-3.427358491905216
2024-10-30 08:25:03,1.8396754507865074,-91.51391383905707,129.53620480445898, 2.9849645519553825,-38.06004396784493,-2.35106518029641
2024-10-30 08:25:03,0.3141240244748684,-91.54668268070401,129.56805318082266, 0.5099702063805687,-38.02247178470075,-0.4017428602158124
2024-10-30 08:25:04,-1.161328279111496,-91.53421781847814,129.5559407732062, -1.88497289050445,-38.036772395876675,1.4848371541327703
2024-10-30 08:25:04,-3.446595199182166,-91.4291344791366,129.4537154695555, -5.584137019460345,-38.15691230407307,4.396236387563893
2024-10-30 08:25:04,-5.761899411750196,-91.21595215903628,129.2457088931152, -9.301726468863764,-38.39835942619524,7.314595700713931
2024-10-30 08:25:04,-8.769239637580052,-90.77720038587383,128.81498484220694, -14.054903542115246,-38.88588988748724,11.026967961654368
2024-10-30 08:25:04,-11.04395567995583,-90.32211532001027,128.36449278134714, -17.574014196967166,-39.37864805807918,13.756287431261743
2024-10-30 08:25:04,-13.270911560539107,-89.77178719760606,127.81463911993791, -20.943053572917375,-39.95768312566797,16.349857776332787
2024-10-30 08:25:04,-16.045412415490887,-88.93752278265755,126.97048938541415, -25.023240437227706,-40.80205690611558,19.461143189267883
2024-10-30 08:25:04,-18.149110649163376,-88.19178373021464,126.20510207126664, -28.025304415589737,-41.524657478284894,21.727251462593554
2024-10-30 08:25:04,-19.50137882455762,-87.65928745601997,125.65233606018016, -29.912560147828593,-42.02303880955719,23.14134026796395
2024-10-30 08:25:04,-19.89732389569908,-87.49533352112688,125.48109530132479, -30.458871209978664,-42.173642965572384,23.54915850457578
2024-10-30 08:25:04,-20.02991576418125,-87.43960655405951,125.4227795230557, -30.641184156376788,-42.22453292417179,23.685102668712037
2024-10-30 08:25:04,-19.963279205318187,-87.46766495882957,125.45214849391536, -30.549598940230467,-42.19892884643713,23.61682034160191
2024-10-30 08:25:04,-19.57017225481048,-87.63106485951398,125.62289420011035, -30.007682372228526,-42.04905756592017,23.212397522602124
2024-10-30 08:25:04,-18.29935735664322,-88.13469767766188,126.1460916912572, -28.23663472758966,-41.578773476863155,21.886003955763307
2024-10-30 08:25:04,-16.900269270279118,-88.64645770791512,126.67296937146739, -26.25283855792317,-41.08759837279678,20.39175764354122
2024-10-30 08:25:04,-15.505726452663723,-89.11294415412745,127.14905019528452, -24.24020260423453,-40.627743128949525,18.866769984284048
2024-10-30 08:25:04,-14.803363657677075,-89.33167486239314,127.37090417485535, -23.213366235271984,-40.408010239567346,18.08533882600028
2024-10-30 08:25:04,-13.979606395045572,-89.57454349011681,127.61621166222756, -21.998011252422664,-40.16087624897962,17.15758979802569
2024-10-30 08:25:04,-12.62134810566617,-89.94314587463981,127.98644629247312, -19.968680370423865,-39.77931670580954,15.601900312332175
2024-10-30 08:25:04,-11.16005063800363,-90.29600562732205,128.33853126386066, -17.751593153978064,-39.406530785694606,13.893494746787109
2024-10-30 08:25:04,-9.581132753232161,-90.62705722760333,128.66677732096343, -15.319316611089496,-39.049891368996065,12.009755384637131
2024-10-30 08:25:04,-7.405028339116361,-90.99904010586803,129.03320720740135, -11.91133780559145,-38.64094650223398,9.355977246832964
2024-10-30 08:25:04,-5.0521911388272915,-91.29275817212974,129.32074626135295, -8.166557016954867,-38.31171950099951,6.424572994365133
2024-10-30 08:25:04,-3.520915760211711,-91.42396345484323,129.44867985670638, -5.704046057467316,-38.16280495760013,4.490511444765524
2024-10-30 08:25:05,-2.893113719555018,-91.46416555824416,129.48781628733786, -4.690205878999805,-38.11694501461413,3.693172283394403
2024-10-30 08:25:05,-2.6019900944410446,-91.48013157175843,129.50335085050577, -4.219403917114199,-38.09870170733517,3.3227412839865624
2024-10-30 08:25:05,-2.2877738135493724,-91.49546273498441,129.51826331830156, -3.7108469308540246,-38.081167543445275,2.92250171707355
2024-10-30 08:25:05,-1.7901138461924029,-91.51570832208083,129.537949390826, -2.9046382467698804,-38.057988336281966,2.2878197366113633
2024-10-30 08:25:05,-1.1423780210253123,-91.53465317882811,129.55636387139867, -1.8542283261959138,-38.03627309673924,1.460622423701357
2024-10-30 08:25:05,-0.653937448805722,-91.54340253700424,129.56486606226875, -1.0615861241786082,-38.0262360347151,0.8362782313226138
2024-10-30 08:25:05,0.07970839492787118,-91.547603206789,129.56894756525125, 0.12940606399227295,-38.02141526916701,-0.10194365051551135
2024-10-30 08:25:05,0.6092506603858087,-91.54396540156371,129.565412977969, 0.9890523031663444,-38.0255901508479,-0.7791411757614695
2024-10-30 08:25:05,0.6489031249037822,-91.54346793892499,129.56492961131377, 1.0534147162425234,-38.026160987493625,-0.8298413960758071
2024-10-30 08:25:05,0.6853115565343505,-91.54298355815787,129.56445895148374, 1.112510029728229,-38.026716796525726,-0.8763921868026319
2024-10-30 08:25:29,0.6840406411348475,-91.46098068201212,129.42692690302948, 1.1118254979672841,-37.97117864475714,-0.8765163102736274
2024-10-30 08:25:29,0.6788057730094468,-91.12006703442279,128.85418257339893, 1.1090766508079255,-37.73931139458821,-0.8771030352444427
2024-10-30 08:25:29,0.674039808626135,-90.80519048278721,128.32380546582436, 1.106676325594168,-37.52377814052741,-0.8777461870906331
2024-10-30 08:25:29,0.6701629603225967,-90.54580630023467,127.88592791173022, 1.1047987283412481,-37.34525859742082,-0.8783490310123954
2024-10-30 08:25:29,0.6674456859485602,-90.36222772984864,127.57549985591518, 1.1035241915851404,-37.21839100052128,-0.8788155856571209
2024-10-30 08:25:29,0.6643815107175836,-90.15342212955855,127.22189607694223, 1.1021291690115302,-37.07357263123173,-0.8793864760290322
2024-10-30 08:25:30,0.6611473212504865,-89.93093504509532,126.84452600435678, 1.1007066785562396,-36.918668604249795,-0.8800419235417583
2024-10-30 08:25:30,0.6559436764360961,-89.56834143159772,126.22821868570786, 1.0985295744611872,-36.664921646649454,-0.8812145288881892
2024-10-30 08:25:30,0.6520788763729568,-89.29525616206679,125.76301041087412, 1.0970052856236376,-36.47277443231695,-0.8821832788216475
2024-10-30 08:25:30,0.6477634479078798,-88.98641364113391,125.23583520162165, 1.0954007614861305,-36.25441521602145,-0.8833677554663901
2024-10-30 08:25:30,0.6430936409600249,-88.64742975695847,124.6559503852099, 1.0937854104560716,-36.013486191270545,-0.884776789727232
2024-10-30 08:25:30,0.6381669826768532,-88.28425715244414,124.03325741808005, 1.0922240458479384,-35.75393690247946,-0.886413425672911
2024-10-30 08:25:30,0.6324544758102985,-87.85579494550169,123.2967667781195, 1.0906072233667792,-35.445875874125626,-0.8885142186198508
2024-10-30 08:25:30,0.6265285625752501,-87.40267343430834,122.51576858296119, 1.0891629495630382,-35.117966489708735,-0.8909374443733311
2024-10-30 08:25:30,0.620515736005886,-86.93354887485815,121.70496135647039, 1.087955978267409,-34.776251849702476,-0.893666412521474
2024-10-30 08:25:30,0.6143693453105676,-86.44386656996139,120.85628437002119, 1.0870100381393615,-34.41722579937695,-0.896756350368134
2024-10-30 08:25:30,0.6076619467057242,-85.89729070780051,119.90627807213362, 1.0863346903296263,-34.01376272509166,-0.9005000956543575
2024-10-30 08:25:30,0.6009200903998121,-85.33449298190561,118.92517911397351, 1.0860614121912158,-33.59543045623956,-0.9046847221042208
2024-10-30 08:25:30,0.5917033501023081,-84.54215865805025,117.5391679167447, 1.0864095149622925,-33.00171422347645,-0.9111543745209062
2024-10-30 08:25:30,0.5857157128958842,-84.01246432839775,116.60960469721506, 1.087125642293732,-32.601821800434934,-0.9158648840395397
2024-10-30 08:25:30,0.579723663097047,-83.46996639760347,115.65519808824935, 1.0882659567423403,-32.1898912953762,-0.9210169462213665
2024-10-30 08:25:30,0.5738218737654822,-82.92295186759237,114.69050001664552, 1.089838210081359,-31.772188051503086,-0.9265551711740477
2024-10-30 08:25:30,0.5682198113732633,-82.39154250792451,113.75114809731323, 1.0917778976422488,-31.36422854990438,-0.932273413969115
2024-10-30 08:25:30,0.5624428937693308,-81.83056188095297,112.75728271941188, 1.094273793294244,-30.931328248761275,-0.938680685437166
2024-10-30 08:25:30,0.5569300687968317,-81.28237451937459,111.78393872184367, 1.0971657802296986,-30.506158722285694,-0.9453199420802995
2024-10-30 08:25:30,0.5515775940964434,-80.73757486015369,110.81458626084425, 1.1004925918498782,-30.08159536094812,-0.9522993848028248
2024-10-30 08:25:30,0.5464715380707139,-80.20581076499566,109.8665512998364, 1.1041845027181036,-29.66531635143183,-0.959489546867452
2024-10-30 08:25:30,0.5415550290725071,-79.68218356838292,108.93127462597543, 1.1082591329210816,-29.25366094673886,-0.9669458621504455
2024-10-30 08:25:30,0.536884141808248,-79.1737200566527,108.02147883083211, 1.1126429473374277,-28.85232490103184,-0.9745550496707603
2024-10-30 08:25:30,0.5326870373938195,-78.7073188471188,107.18560096012334, 1.1170433766844536,-28.482846525484803,-0.9818646561584079
2024-10-30 08:25:30,0.528681165958316,-78.2534434318424,106.37097491233757, 1.1216827280448165,-28.122095831349924,-0.9892907276539278
2024-10-30 08:25:30,0.5253860225424487,-77.87348229051673,105.68812972413289, 1.125843881148011,-27.819212961358126,-0.995751858155658
2024-10-30 08:25:30,0.5225627227001355,-77.5430313276776,105.09362431184395, 1.129672889273492,-27.55516045339702,-1.0015572136541482
2024-10-30 08:25:30,0.5214059046646069,-77.40629720232809,104.84745943978935, 1.131315374136769,-27.445730761550355,-1.0040110486463512
2024-10-30 08:25:30,0.5195098044203816,-77.18047111258046,104.44068586468777, 1.1341035867608622,-27.264785342710972,-1.0081311230464707
2024-10-30 08:25:31,0.5186732347134965,-77.08015176609752,104.25989872127236, 1.1353726737260303,-27.18431859396783,-1.0099886381785321
2024-10-30 08:25:36,0.5448961905854645,-77.14207314693832,104.37973224432832, 1.1904197869977742,-27.24269211740447,-1.058405019053316
2024-10-30 08:25:36,0.7112266889272688,-77.5302024256431,105.13126696756507, 1.5348022937642727,-27.609506670389777,-1.3600991497412958
2024-10-30 08:25:36,0.7405134408687204,-77.59772541892403,105.26208496545627, 1.5946101413990286,-27.673486564390178,-1.4122791538085344
2024-10-30 08:25:36,0.8366281488126155,-77.81763844627935,105.68829600290091, 1.7892117617929455,-27.882205808532913,-1.5816162201923352
2024-10-30 08:25:36,0.9361137097511042,-78.0425784605045,106.12450071252574, 1.9880064267769542,-28.09625146061713,-1.753891219732697
2024-10-30 08:25:36,1.0487302735182265,-78.29397462373828,106.61231903090123, 2.209935369135291,-28.336150295428364,-1.9453539058864049
2024-10-30 08:25:36,1.1230621799278973,-78.45805922594188,106.930896251504, 2.3546770320450032,-28.49312441117567,-2.069730403520598
2024-10-30 08:25:36,1.2095063511954036,-78.64706372044976,107.29803902603251, 2.5213215603233072,-28.67433121687475,-2.212438470913788
2024-10-30 08:25:36,1.2980632589897099,-78.83869149532018,107.67048203211249, 2.690219955559519,-28.858489674917646,-2.3565367457453408
2024-10-30 08:25:36,1.4010884254972014,-79.05912706295965,108.09917689515068, 2.88447358758018,-29.070887306955346,-2.5215881331341246
2024-10-30 08:25:36,1.5049344463114052,-79.27864547419725,108.52637460763398, 3.0779234862983027,-29.28300278414411,-2.6852269540898925
2024-10-30 08:25:36,1.685919397962454,-79.6549561002614,109.25939146176718, 3.409683403911391,-29.648057982412798,-2.9641445720468678
2024-10-30 08:25:36,1.8249017691983411,-79.93865568917582,109.8126121551702, 3.6600253683276156,-29.924507044461112,-3.1731569433657683
2024-10-30 08:25:36,1.9715427386926931,-80.23314882917875,110.3874524801845, 3.9202131142003918,-30.212634774869368,-3.389044800499266
2024-10-30 08:25:36,2.1434413497065545,-80.57219983640663,111.05002214450758, 4.2203112608649445,-30.54587072734438,-3.6363246672445206
2024-10-30 08:25:36,2.412991125958049,-81.09088603394905,112.06528437650866, 4.68089241529707,-31.058931542988347,-4.012200030694009
2024-10-30 08:25:36,2.6163605832863768,-81.4721002357266,112.81281614530155, 5.020849888685081,-31.438654277443394,-4.2867668835328425
2024-10-30 08:25:36,2.83326667100336,-81.86943955329524,113.59327005495264, 5.376783328962619,-31.836945723400994,-4.571590968666418
2024-10-30 08:25:36,2.947750981836365,-82.07541437117139,113.99839551125535, 5.56202499871692,-32.044461423261744,-4.718743932964389
2024-10-30 08:25:36,3.181227841886004,-82.487688286718,114.81047211302933, 5.934493287714825,-32.46205896373376,-5.012368269757656
2024-10-30 08:25:36,3.313632492692323,-82.71695661181136,115.26278978102883, 6.142697696426092,-32.69562673406494,-5.175177077945915
2024-10-30 08:25:36,3.4396928745349884,-82.9322650810757,115.68805400835562, 6.338986329554856,-32.915876544455394,-5.327794057141845
2024-10-30 08:25:36,3.5671296339573155,-83.1470307530339,116.11273341643412, 6.535563178984581,-33.136468385409366,-5.47978128151587
2024-10-30 08:25:36,3.698015176850863,-83.36463604390151,116.54354181474199, 6.735585919728619,-33.36091730277193,-5.633552282485485
2024-10-30 08:25:36,3.829803186643757,-83.5807547571623,116.97193741433873, 6.935135692477772,-33.584797326291344,-5.786071515458352
2024-10-30 08:25:36,3.9639056450552963,-83.79764964014079,117.40242210218098, 7.1363484821160865,-33.81047659617397,-5.9389606068959955
2024-10-30 08:25:36,4.098595221124167,-84.01248558106067,117.82938377317956, 7.336637092346628,-34.035026054439165,-6.090246029854168
2024-10-30 08:25:36,4.235418537029231,-84.22769531969014,118.25767123456879, 7.538310172201617,-34.26100744942808,-6.2416659876134055
2024-10-30 08:25:36,4.517972744532287,-84.6627030587684,119.12524812895239, 7.949341771979739,-34.72110403835643,-6.547436314182358
2024-10-30 08:25:36,4.653648340073718,-84.86718244067092,119.53396883953583, 8.144219571166378,-34.938974202411536,-6.691072527032883
2024-10-30 08:25:37,4.794816403617153,-85.07698318265109,119.95396010163023, 8.345348434677943,-35.16362123305897,-6.8384133404161975
2024-10-30 08:25:37,4.938150919307744,-85.28697497758621,120.3750008732554, 8.547911102062892,-35.38963125789098,-6.985876285314795
2024-10-30 08:25:37,5.227900640354917,-85.7023796025248,121.20996773439711, 8.952526769668834,-35.84028585433993,-7.2776379295341735
2024-10-30 08:25:37,5.515694952618451,-86.10329927920904,122.01859002625868, 9.348314223184882,-36.27996172829504,-7.559426513189576
2024-10-30 08:25:37,5.82373135091192,-86.51998418516628,122.86212128155135, 9.765634632982659,-36.742191817246415,-7.852677550847527
2024-10-30 08:25:37,6.1293753390221,-86.92118218235629,123.67753816646143, 10.173674487271883,-37.1926650640683,-8.13556581068113
2024-10-30 08:25:37,6.440188532729459,-87.31710091624349,124.48559311746114, 10.582829880580098,-37.6427978212139,-8.415413895474103
2024-10-30 08:25:37,6.7619878667324125,-87.71465196387841,125.30062397924047, 11.00067591622129,-38.10077513841796,-8.69726687425479
2024-10-30 08:25:37,7.06512614221472,-88.07804432309078,126.04908193891949, 11.389237036099292,-38.52503083648686,-8.955797408546292
2024-10-30 08:25:37,7.222160206683877,-88.26217655778507,126.4296742501267, 11.588687611035594,-38.74217848354264,-9.087168154303274
2024-10-30 08:25:37,7.854838285615223,-88.976672187898,127.91589416581296, 12.380382531464447,-39.59981912867789,-9.599714678080222
2024-10-30 08:25:37,8.152459366176641,-89.2981864036396,128.59001071439005, 12.746631196921188,-39.994207823091244,-9.83201645802823
2024-10-30 08:25:37,8.445235756690861,-89.60572910533294,129.23826583948716, 13.1033204816911,-40.37684637087032,-10.0553368773813
2024-10-30 08:25:37,8.713213205421749,-89.87983946495007,129.81908931757548, 13.426811983881215,-40.722626668999084,-10.255385958693344
2024-10-30 08:25:37,8.959588062609292,-90.12578842462726,130.34284824034603, 13.721813042946803,-41.036922581998994,-10.435757170994107
2024-10-30 08:25:37,9.1736562820383,-90.3348781516154,130.79017527987162, 13.97632344241125,-41.3072926871172,-10.589794622455639
2024-10-30 08:25:37,9.358882370574385,-90.51240797587751,131.17155259042624, 14.195229494842419,-41.53926019576763,-10.72111590113463
2024-10-30 08:25:37,9.56309183379476,-90.70455616424691,131.58604227467183, 14.435199654148871,-41.79293726211065,-10.863834053985746
2024-10-30 08:25:37,9.604792025787146,-90.7433383114008,131.6699239703015, 14.484029136749596,-41.84447802608929,-10.89271590444017
2024-10-30 08:25:39,9.509475359503659,-90.76115994799187,131.68749001922237, 14.343745294015406,-41.82630377000129,-10.788237853544944
2024-10-30 08:25:39,9.182671077477726,-90.82088596996961,131.74631534460704, 13.862025897620997,-41.765264651168266,-10.429249261593602
2024-10-30 08:25:39,8.761803654789013,-90.89466646201961,131.81888932179413, 13.24000474329556,-41.68958160577851,-9.965208662491303
2024-10-30 08:25:39,8.127604023248281,-90.99919582864324,131.92153173552376, 12.299317825605215,-41.581822754823406,-9.262423916569029
2024-10-30 08:25:39,7.5334684060234745,-91.0898932466797,132.0104231817918, 11.414565624086212,-41.48781227356796,-8.600380117768674
2024-10-30 08:25:39,6.442559917424027,-91.2382946634637,132.15553158082514, 9.781952005542148,-41.33295671405838,-7.3762975598334375
2024-10-30 08:25:39,5.65550073898015,-91.33084228418761,132.24581316178296, 8.598189417219839,-41.235728984157944,-6.486990421621956
2024-10-30 08:25:39,4.467313499169945,-91.44760089309295,132.359480170692, 6.803097758404444,-41.11234103589183,-5.13602507395993
2024-10-30 08:25:39,3.702795239605134,-91.50817167894863,132.41834484564572, 5.64376192011666,-41.04801021927264,-4.262236914616205
2024-10-30 08:25:40,3.088268321004666,-91.54861693937085,132.45761197351186, 4.7098602400608645,-41.004931452869684,-3.557758521124516
2024-10-30 08:25:40,2.740492805803256,-91.56825554458281,132.47666729009825, 4.18066455539705,-40.98397853943749,-3.1583642981086504
2024-10-30 08:25:46,2.742225192769226,-91.68595944939419,132.57747805493335, 4.184721055704611,-40.96722589932606,-3.1622348672002905
2024-10-30 08:25:46,2.751564688574146,-92.31700011772566,133.11389454278284, 4.20694447901381,-40.873372262429676,-3.183562138427447
2024-10-30 08:25:46,2.7555245956680277,-92.5827982167022,133.33779532930976, 4.216547135798284,-40.831808329654166,-3.1928382840399605
2024-10-30 08:25:46,2.7621271770904916,-93.02369756555164,133.70653781605125, 4.232795909500376,-40.760216177387754,-3.2086123206798147
2024-10-30 08:25:46,2.766796754438683,-93.333823413265,133.96392705190476, 4.2444667189339045,-40.70788563364479,-3.21999933838651
2024-10-30 08:25:46,2.7720857476436924,-93.68342217147283,134.25212029831516, 4.257864616565674,-40.64694675555138,-3.2331271223719487
2024-10-30 08:25:46,2.777822308560195,-94.06063825762955,134.56076113786094, 4.272610975880098,-40.578885691970896,-3.24764139250779
2024-10-30 08:25:46,2.7866152161868563,-94.63493784868011,135.02605318434348, 4.295647335088978,-40.470682606787655,-3.2704431178453706
2024-10-30 08:25:47,2.7935544022681564,-95.0849112137719,135.38675114012742, 4.314197453300262,-40.38205606011423,-3.288909866128568
2024-10-30 08:25:47,2.8012078494555777,-95.57795172328277,135.77809061242235, 4.335036016207412,-40.28108505595305,-3.30975878587648
2024-10-30 08:25:47,2.8099015150345057,-96.13396402605052,136.21456811872605, 4.359189852732023,-40.16239790174261,-3.334052307234918
2024-10-30 08:25:47,2.8194143880511744,-96.73756951149849,136.68262718074, 4.386209726681877,-40.027801531681675,-3.361377939779177
2024-10-30 08:25:47,2.8302452020606337,-97.41886182111155,137.2037475663497, 4.417726344546944,-39.86874016223412,-3.3934330692507375
2024-10-30 08:25:47,2.835970723994325,-97.7765225725149,137.47429327536176, 4.434712472737851,-39.78222470620501,-3.4107842269527344
2024-10-30 08:25:47,2.8489616311713424,-98.58181483209052,138.0758627729632, 4.474092449010564,-39.579894741595055,-3.4511941564628312
2024-10-30 08:25:47,2.8560542909617617,-99.01792081441438,138.39729010386046, 4.49608728689741,-39.46599563302067,-3.4738673139849445
2024-10-30 08:25:47,2.8630403638049606,-99.44507347776873,138.70917453166436, 4.518095291528674,-39.35150854259199,-3.4966219931498292
2024-10-30 08:25:47,2.8709586720021325,-99.92640175575552,139.0571442365735, 4.543454945574122,-39.219051454149046,-3.5229207447807735
2024-10-30 08:25:47,2.8791079649675515,-100.4186986103936,139.40926245220177, 4.570017736331596,-39.07981861196092,-3.5505513042578363
2024-10-30 08:25:47,2.887352477303345,-100.91364089480176,139.75944383461783, 4.597372831376054,-38.93603332488071,-3.5790894088582843
2024-10-30 08:25:47,2.9051260351147157,-101.97030526280724,140.49432882063115, 4.658013141320501,-38.6164222657155,-3.642623365489193
2024-10-30 08:25:47,2.923761593347402,-103.063585053102,141.23666652433621, 4.724082710066915,-38.2678509741862,-3.712215304587607
2024-10-30 08:25:47,2.9435749821834216,-104.21023241061474,141.99588239886896, 4.797186321616101,-37.88305216603858,-3.7895914872143592
2024-10-30 08:25:47,2.9634124267501045,-105.34271149271152,142.72660519147792, 4.873407317273193,-37.48405068292176,-3.8706138041751483
2024-10-30 08:25:47,2.9959411806979634,-107.1676619901375,143.86506682536185, 5.005185355096254,-36.80234626293536,-4.011345071113963
2024-10-30 08:25:47,3.019788468779563,-108.48149455038941,144.65554622493903, 5.107374777887516,-36.282720397987035,-4.120908565232199
2024-10-30 08:25:47,3.041286628105606,-109.6492716067176,145.3381993045747, 5.203725374125018,-35.80112310531548,-4.224464855640949
2024-10-30 08:25:47,3.076927610978485,-111.55209484745149,146.4113982822687, 5.3727328905808935,-34.97771091935421,-4.40652386002891
2024-10-30 08:25:47,3.1019606073580785,-112.86486530396917,147.12430919942244, 5.49872075228893,-34.382501441765,-4.542459970647135
2024-10-30 08:25:47,3.1278261540769687,-114.2015938135263,147.82784557456125, 5.635581695895835,-33.754377197167955,-4.690240035942901
2024-10-30 08:25:47,3.154765703277919,-115.5732623687469,148.52692179676376, 5.785744039298958,-33.08736305808124,-4.852432244544994
2024-10-30 08:25:47,3.1810841220088086,-116.89368924487314,149.17862007415653, 5.940386146254925,-32.424396465734546,-5.019441972531181
2024-10-30 08:25:47,3.2086185244358933,-118.254992873292,149.82927170979627, 6.1110894325453415,-31.72012324851921,-5.203701542496114
2024-10-30 08:25:47,3.235404604100073,-119.56008593161755,150.43339702365682, 6.286454449724655,-31.025726391612963,-5.392828868626383
2024-10-30 08:25:47,3.274227391762148,-121.41896622074034,151.26171485670574, 6.558138539189008,-30.005375435525764,-5.685405279036312
2024-10-30 08:25:47,3.2977752497522355,-122.52809102750297,151.73850021095353, 6.7337798809618,-29.379655733367883,-5.874232686822657
2024-10-30 08:25:47,3.3187623555708177,-123.5051558918429,152.14802811433478, 6.897718419735976,-28.81830895131923,-6.050232536162935
2024-10-30 08:25:47,3.335789192590929,-124.29003539336728,152.4700382571439, 7.0361186210298525,-28.36067344618647,-6.19862344026912
2024-10-30 08:25:47,3.3499045253557393,-124.93545847872447,152.73026760305632, 7.154686653884723,-27.979969010896188,-6.325608409380866
2024-10-30 08:25:48,3.3564559592350527,-125.23341939405056,152.8490304873119, 7.21093860266624,-27.802902505072534,-6.385807357318264
2024-10-30 08:25:51,3.3467851038642893,-125.0303400791892,152.75661719751082, 7.164171244985528,-27.91162730647721,-6.337989723406085
2024-10-30 08:25:51,3.289500601744108,-123.81867427880825,152.195614290916, 6.895458264325612,-28.55121330063759,-6.063577056352391
2024-10-30 08:25:51,3.26963482246453,-123.39493719686801,151.99547697218867, 6.80547389202695,-28.771134176254552,-5.971826483012646
2024-10-30 08:25:51,3.238212589973905,-122.72090973858981,151.6728334202163, 6.666363797753255,-29.116862349990647,-5.830146603659316
2024-10-30 08:25:51,3.2169435127226413,-122.26200444739409,151.45011337733922, 6.574377494250689,-29.349329526728773,-5.736577755975614
2024-10-30 08:25:51,3.1943002306400494,-121.77104838175433,151.20906694539926, 6.478319462132469,-29.59537564231653,-5.638975251035479
2024-10-30 08:25:51,3.158562489322106,-120.99106312885469,150.82014559217842, 6.330516069753803,-29.980534330652084,-5.48903114691886
2024-10-30 08:25:52,3.146543875052427,-120.72732827322932,150.68696347890935, 6.281827497471654,-30.109152634528556,-5.439704936995033
2024-10-30 08:25:52,3.107682608144616,-119.86956555005898,150.2478615358546, 6.127785689761292,-30.521729881803026,-5.283887388377794
2024-10-30 08:25:52,3.0937733446935884,-119.56067462431969,150.0874846726508, 6.073877643968994,-30.668128505144963,-5.229450647614077
2024-10-30 08:25:52,3.0789546464780475,-119.23048153445687,149.914714983283, 6.017138034847798,-30.82333315400553,-5.172210191594752
2024-10-30 08:25:52,3.049469293658378,-118.57004651773433,149.56497859685786, 5.906321071648133,-31.129722034113005,-5.060589326222066
2024-10-30 08:25:52,3.0179021105180452,-117.85782363566753,149.18150661407986, 5.790661608709861,-31.454009283606492,-4.944355587941799
2024-10-30 08:25:52,2.984265530531482,-117.09291086029168,148.7622587507533, 5.6706947114366395,-31.795082936192863,-4.824105738298961
2024-10-30 08:25:52,2.948753539555289,-116.27846682474181,148.30729265995814, 5.547570858596167,-32.14989140157504,-4.701055112251054
2024-10-30 08:25:52,2.91135227374684,-115.41284070131115,147.81387904171916, 5.421668713983546,-32.5173756161943,-4.575647412058119
2024-10-30 08:25:52,2.871653267976101,-114.48495544024374,147.27349599144603, 5.292096730538557,-32.90006307430094,-4.4470736667311765
2024-10-30 08:25:52,2.8305244528495512,-113.5134631957859,146.6947490207801, 5.1620912867541415,-33.28803226469643,-4.318622293260436
2024-10-30 08:25:52,2.786355008168683,-112.45817863811965,146.05076049411477, 5.0270673313758465,-33.69442869969184,-4.185863285936843
2024-10-30 08:25:52,2.7641592445178826,-111.92304992577792,145.7179997685758, 4.960946348865968,-33.89442088595772,-4.1211157600823745
2024-10-30 08:25:52,2.7195264948432953,-110.83684371914964,145.02952144569468, 4.831361087932507,-34.28753928481348,-3.9947735056585705
2024-10-30 08:25:52,2.6969723751535057,-110.28265562663967,144.67143630048795, 4.767542954528323,-34.481395576691135,-3.9328405263879
2024-10-30 08:25:52,2.6513566786460188,-109.15051729404252,143.92535519528013, 4.641764097446551,-34.86307189853111,-3.8113849456231694
2024-10-30 08:25:52,2.6066561209223322,-108.0258407012613,143.16452775742937, 4.52263417338524,-35.22283141882491,-3.6971608318422735
2024-10-30 08:25:52,2.562907177735191,-106.90976234063493,142.38978407413975, 4.409834277254779,-35.56034961154346,-3.5898110644780754
2024-10-30 08:25:52,2.5193767588310108,-105.7834234677789,141.58763874812036, 4.301178958379145,-35.88092036919241,-3.4872226272917715
2024-10-30 08:25:52,2.4791866977260995,-104.72877219051293,140.81777787687673, 4.203918859225563,-36.162514107727446,-3.3961401421067308
2024-10-30 08:25:52,2.438721359343231,-103.65185410719192,140.01264703617022, 4.108858523496561,-36.43122061447188,-3.3078643424880525
2024-10-30 08:25:52,2.400356536181927,-102.6161798744817,139.21997491088968, 4.021306652197801,-36.671424688249985,-3.2272730045567224
2024-10-30 08:25:52,2.344455229866224,-101.08000382316652,138.01056063461323, 3.898073323474277,-36.994314202604855,-3.1151120057175197
2024-10-30 08:25:52,2.3093701469269594,-100.09845197507538,137.21645298586296, 3.8232800522114414,-37.17944704744969,-3.047837232273981
2024-10-30 08:25:52,2.2748913250201626,-99.11998861924332,136.4080842404771, 3.751645732855862,-37.34735614018781,-2.984023386098817
2024-10-30 08:25:52,2.241558687391619,-98.16030938095638,135.59883392993433, 3.684117551328151,-37.49575059321457,-2.924466003313847
2024-10-30 08:25:52,2.209101486737426,-97.21218560389215,134.78325080090846, 3.619964512614978,-37.62638200413352,-2.8684650943450962
2024-10-30 08:25:52,2.1782302861475182,-96.29726037054253,133.98096900940064, 3.5603913874687794,-37.73727334659512,-2.817006167156612
2024-10-30 08:25:52,2.1484424144520986,-95.40169700384035,133.18106538639944, 3.504228513525347,-37.83129986910186,-2.769008335269238
2024-10-30 08:25:52,2.1201164088402358,-94.53790379279062,132.39578436644973, 3.452012971306339,-37.90830993574156,-2.724865054199016
2024-10-30 08:25:52,2.09346339850137,-93.7137669162157,131.63391250520496, 3.4039344496423913,-37.96920580776441,-2.684658043522709
2024-10-30 08:25:53,2.056408501714799,-92.54871279484733,130.53573825860872, 3.3387806383897916,-38.034251699902285,-2.6308958497184713
2024-10-30 08:25:53,2.034322852275554,-91.84310119795249,129.85855701033793, 3.3008796374676743,-38.061626513025054,-2.600034284743648
2024-10-30 08:25:53,2.0143457872519366,-91.1973005953859,129.23077754442596, 3.267197243399346,-38.078716553916266,-2.5728810346506585
2024-10-30 08:25:53,1.9971942788971115,-90.63690804856714,128.6798212685967, 3.2387346077131696,-38.08737108622469,-2.550147322274536
2024-10-30 08:25:53,1.9825827180604059,-90.15503976770084,128.20145674856923, 3.2148201129455134,-38.09022158179812,-2.5312036221131815
2024-10-30 08:25:53,1.9708737903461184,-89.76585126748644,127.81198556010654, 3.1958782998453215,-38.089423749754594,-2.516305321039445
2024-10-30 08:25:53,1.96175781325385,-89.46093114104389,127.50490072044246, 3.181268389312728,-38.08686307064314,-2.5048806810229314
2024-10-30 08:25:53,1.957606130781027,-89.32149632649678,127.36390720005181, 3.1746545381161257,-38.085125501162096,-2.4997283143301274
2024-10-30 08:28:26,0.0,-89.13333181940895,126.46514434841475, -2.220446049250313e-16,-37.3318125290058,0.0
2024-10-30 08:29:06,0.0,-89.21159989143763,126.42475888588497, 0.0,-37.21315899444733,0.0
2024-10-30 08:29:06,0.0,-90.27894492895678,125.83634252552746, 0.0,-35.55739759657071,0.0
2024-10-30 08:29:06,0.0,-90.3793942428921,125.7771462481211, 0.0,-35.39775200522901,0.0
2024-10-30 08:29:06,0.0,-90.79379702614857,125.52546385088898, 0.0,-34.73166682474042,0.0
2024-10-30 08:29:06,0.0,-91.03000796391011,125.37642570527805, 0.0,-34.346417741367944,0.0
2024-10-30 08:29:06,0.0,-91.21939689986274,125.25388075790728, 0.0,-34.03448385804457,0.0
2024-10-30 08:29:06,0.0,-91.41304971640432,125.12568116879005, 0.0,-33.712631452385736,0.0
2024-10-30 08:29:06,0.0,-91.89197886786279,124.79547026123511, 0.0,-32.903491393372335,0.0
2024-10-30 08:29:06,0.0,-92.22707771082871,124.55266146226938, 0.0,-32.32558375144068,0.0
2024-10-30 08:29:06,0.0,-92.67020740584623,124.21560948300619, 0.0,-31.545402077159952,0.0
2024-10-30 08:29:06,0.0,-92.86620571079966,124.06038951650041, 0.0,-31.194183805700757,0.0
2024-10-30 08:29:06,0.0,-92.96133802856868,123.98363078903883, 0.0,-31.022292760470155,0.0
2024-10-30 08:29:06,0.0,-93.08796174439284,123.87998613159566, 0.0,-30.792024387202826,0.0
2024-10-30 08:29:06,0.0,-93.16972827588015,123.81214471544827, 0.0,-30.642416439568116,0.0
2024-10-30 08:29:06,0.0,-93.26345392040214,123.73348183531776, 0.0,-30.470027914915637,0.0
2024-10-30 08:29:06,0.0,-93.35919142554091,123.65212135587439, 0.0,-30.29292993033347,0.0
2024-10-30 08:29:06,0.0,-93.50237279617343,123.52849646744247, 0.0,-30.026123671269033,0.0
2024-10-30 08:29:06,0.0,-93.61100453451404,123.43311014497084, 0.0,-29.8221056104568,0.0
2024-10-30 08:29:06,0.0,-93.72136808029464,123.3347614919881, 0.0,-29.61339341169347,0.0
2024-10-30 08:29:06,0.0,-93.89468605334919,123.17729845418837, 0.0,-29.282612400839195,0.0
2024-10-30 08:29:06,0.0,-94.051478797799,123.03157630077963, 0.0,-28.98009750298066,0.0
2024-10-30 08:29:06,0.0,-94.08635602552867,122.99872777229622, 0.0,-28.912371746767555,0.0
2024-10-30 08:29:06,0.0,-94.10954128167671,122.97680238727216, 0.0,-28.867261105595457,0.0
2024-10-30 08:29:06,0.0,-94.1583334283671,122.93042823756983, 0.0,-28.772094809202745,0.0
2024-10-30 08:29:07,0.0,-94.19284501650964,122.89743442221412, 0.0,-28.7045894057045,0.0
2024-10-30 08:29:07,0.0,-94.25265736996232,122.83987069610569, 0.0,-28.5872133261434,0.0
2024-10-30 08:29:07,0.0,-94.27546219754308,122.81779457222008, 0.0,-28.54233237467701,0.0
2024-10-30 08:29:07,0.0,-94.45385483251847,122.64260277224571, 0.0,-28.188747939727236,0.0
2024-10-30 08:29:07,0.0,-94.55496524650775,122.54129229175619, 0.0,-27.986327045248448,0.0
2024-10-30 08:29:07,0.0,-94.8331852641876,122.25466282552112, 0.0,-27.42147756133351,0.0
2024-10-30 08:29:07,0.0,-95.0126789747349,122.06334311541323, 0.0,-27.050664140678325,0.0
2024-10-30 08:29:07,0.0,-95.26436684519467,121.78610250348078, 0.0,-26.521735658286122,0.0
2024-10-30 08:29:07,0.0,-95.71121530339208,121.26600879937205, 0.0,-25.55479349597996,0.0
2024-10-30 08:29:07,0.0,-95.75211067030274,121.21650468058138, 0.0,-25.46439401027866,0.0
2024-10-30 08:29:07,0.0,-95.7831371790824,121.17872310647837, 0.0,-25.39558592739597,0.0
2024-10-30 08:29:07,0.0,-95.81189902062991,121.14352512380279, 0.0,-25.33162610317287,0.0
2024-10-30 08:29:07,0.0,-95.88503497946917,121.05325871432282, 0.0,-25.16822373485364,0.0
2024-10-30 08:29:07,0.0,-95.93439840330043,120.99170331383411, 0.0,-25.057304910533688,0.0
2024-10-30 08:29:07,0.0,-96.0343272524089,120.86550513579958, 0.0,-24.83117788339069,0.0
2024-10-30 08:29:07,0.0,-96.10323947226459,120.77721062770193, 0.0,-24.67397115543735,0.0
2024-10-30 08:29:07,0.0,-96.15119417158759,120.71514434607234, 0.0,-24.56395017448476,0.0
2024-10-30 08:29:07,0.0,-96.17859260565042,120.67945012372888, 0.0,-24.50085751807846,0.0
2024-10-30 08:29:07,0.0,-96.18770256726506,120.66754390393993, 0.0,-24.479841336674873,0.0
2024-10-30 08:29:07,0.0,-96.19680111847227,120.65563362014953, 0.0,-24.458832501677268,0.0
2024-10-30 08:29:12,0.0,-96.17242908567881,120.68749475063574, 0.0,-24.515065664956918,0.0
2024-10-30 08:29:12,0.0,-94.75110559898282,122.34045095283172, 0.0,-27.589345353848895,0.0
2024-10-30 08:29:12,0.0,-93.96306550488521,123.11413591865049, 0.0,-29.151070413765293,0.0
2024-10-30 08:29:12,0.0,-92.60379407279743,124.26733163441374, 0.0,-31.66353756161633,0.0
2024-10-30 08:29:12,0.0,-91.95581692224366,124.74998330365833, 0.0,-32.79416638141468,0.0
2024-10-30 08:29:12,0.0,-91.56790913856379,125.02099674500634, 0.0,-33.45308760644257,0.0
2024-10-30 08:29:12,0.0,-91.33556742532713,125.17733194621752, 0.0,-33.84176452089041,0.0
2024-10-30 08:29:12,0.0,-91.1102870972878,125.3248174025772, 0.0,-34.21453030528939,0.0
2024-10-30 08:29:12,0.0,-90.95692373210628,125.4229835653307, 0.0,-34.46605983322443,0.0
2024-10-30 08:29:12,0.0,-90.91873609854952,125.44715113576261, 0.0,-34.52841503721308,0.0
2024-10-30 08:29:12,0.0,-90.72343142122423,125.56906512285009, 0.0,-34.84563370162586,0.0
2024-10-30 08:29:12,0.0,-90.59595992602381,125.64714031757723, 0.0,-35.05118039155343,0.0
2024-10-30 08:29:12,0.0,-90.51775317692942,125.69446784058229, 0.0,-35.17671466365287,0.0
2024-10-30 08:29:12,0.0,-90.3587703583682,125.78935665833721, 0.0,-35.430586299968994,0.0
2024-10-30 08:29:12,0.0,-90.31766840831328,125.81360399978821, 0.0,-35.49593559147494,0.0
2024-10-30 08:29:12,0.0,-90.27797140590037,125.8369128644791, 0.0,-35.55894145857872,0.0
2024-10-30 08:29:12,0.0,-90.23667170643554,125.8610490732316, 0.0,-35.624377366796075,0.0
2024-10-30 08:29:12,0.0,-90.15681404378647,125.9073927288698, 0.0,-35.750578685083326,0.0
2024-10-30 08:29:13,0.0,-90.11522027923553,125.93136159824232, 0.0,-35.81614131900679,0.0
2024-10-30 08:29:13,0.0,-90.0735244142491,125.95527387643881, 0.0,-35.8817494621897,0.0
2024-10-30 08:29:13,0.0,-90.0332679267753,125.97825164584006, 0.0,-35.944983719064766,0.0
2024-10-30 08:29:13,0.0,-89.95092957510067,126.02491794698115, 0.0,-36.07398837188049,0.0
2024-10-30 08:29:13,0.0,-89.91039540025928,126.04772902204358, 0.0,-36.137333621784315,0.0
2024-10-30 08:29:13,0.0,-89.86820450171597,126.07135962711361, 0.0,-36.20315512539764,0.0
2024-10-30 08:29:13,0.0,-89.78667110231245,126.11670182268274, 0.0,-36.33003072037029,0.0
2024-10-30 08:29:13,0.0,-89.70318424584738,126.16269239173835, 0.0,-36.45950814589098,0.0
2024-10-30 08:29:13,0.0,-89.53504604106779,126.25398962812206, 0.0,-36.71894358705428,0.0
2024-10-30 08:29:13,0.0,-89.26266013408242,126.39821771389852, 0.0,-37.1355575798161,0.0
2024-10-30 08:29:13,0.0,-89.16633036748354,126.4481613164125, 0.0,-37.28183094892897,0.0
2024-10-30 08:29:13,0.0,-88.84401089476073,126.61134996472619, 0.0,-37.76733906996547,0.0
2024-10-30 08:29:13,0.0,-88.61570419582827,126.72338184803897, 0.0,-38.107677652210704,0.0
2024-10-30 08:29:13,0.0,-88.39386070847266,126.82950213635321, 0.0,-38.43564142788056,0.0
2024-10-30 08:29:13,0.0,-88.17138722540025,126.93328261724511, 0.0,-38.76189539184486,0.0
2024-10-30 08:29:13,0.0,-88.12697070058945,126.95369147492211, 0.0,-38.82672077433266,0.0
2024-10-30 08:29:46,0.0,-88.17277719428945,126.93264228831111, 0.0,-38.75986509402165,0.0
2024-10-30 08:29:46,0.0,-89.55916539321015,126.24100081928324, 0.0,-36.68183542607312,0.0
2024-10-30 08:29:46,0.0,-91.12406909499747,125.31590791272953, 0.0,-34.19183881773207,0.0
2024-10-30 08:29:46,0.0,-91.54012702215512,125.03992146894979, 0.0,-33.499794446794674,0.0
2024-10-30 08:29:46,0.0,-91.81971623877989,124.84653291933944, 0.0,-33.02681668055954,0.0
2024-10-30 08:29:46,0.0,-91.94833273306084,124.75533451037803, 0.0,-32.80700177731721,0.0
2024-10-30 08:29:46,0.0,-92.1131338279401,124.63635342274705, 0.0,-32.523219594806974,0.0
2024-10-30 08:29:47,0.0,-92.66158176543718,124.22235173567061, 0.0,-31.560769970233437,0.0
2024-10-30 08:29:47,0.0,-93.15217219513173,123.82677211008459, 0.0,-30.674599914952857,0.0
2024-10-30 08:29:47,0.0,-93.97162632400082,123.10618611082666, 0.0,-29.13455978682584,0.0
2024-10-30 08:29:47,0.0,-94.23832347226022,122.85371009938768, 0.0,-28.615386627127478,0.0
2024-10-30 08:29:47,0.0,-94.37248504547054,122.72306738108902, 0.0,-28.35058233561848,0.0
2024-10-30 08:29:47,0.0,-94.387390544235,122.70839791295545, 0.0,-28.321007368720448,0.0
2024-10-30 08:29:47,0.0,-94.45201837507406,122.64442920460476, 0.0,-28.192410829530715,0.0
2024-10-30 08:29:47,0.0,-94.46752209859021,122.62899491008234, 0.0,-28.161472811492118,0.0
2024-10-30 08:29:47,0.0,-94.48519610361245,122.6113578738792, 0.0,-28.126161770266755,0.0
2024-10-30 08:29:47,0.0,-94.57871375731797,122.51728042967945, 0.0,-27.938566672361475,0.0
2024-10-30 08:29:47,0.0,-94.71882112086298,122.37390883728497, 0.0,-27.65508771642199,0.0
2024-10-30 08:29:47,0.0,-94.82925896136025,122.25879044463427, 0.0,-27.429531483274012,0.0
2024-10-30 08:29:47,0.0,-94.90462722249389,122.17913268954854, 0.0,-27.27450546705464,0.0
2024-10-30 08:29:47,0.0,-94.91876337547515,122.16409139794511, 0.0,-27.245328022469973,0.0
2024-10-30 08:29:47,0.0,-94.94725456412972,122.1336784036182, 0.0,-27.186423839488505,0.0
2024-10-30 08:29:47,0.0,-94.96160496425826,122.11831043319734, 0.0,-27.156705468939098,0.0
2024-10-30 08:29:47,0.0,-94.9756609684659,122.10322536826801, 0.0,-27.12756439980211,0.0
2024-10-30 08:29:47,0.0,-95.01771580016305,122.05789922128494, 0.0,-27.0401834211219,0.0
2024-10-30 08:29:47,0.0,-95.03169637544921,122.04276687942821, 0.0,-27.011070503979006,0.0
2024-10-30 08:29:47,0.0,-95.15570992648166,121.90711118598443, 0.0,-26.75140125950279,0.0
2024-10-30 08:29:47,0.0,-95.2308468081731,121.82365104071157, 0.0,-26.592804232538484,0.0
2024-10-30 08:29:47,0.0,-95.32951740056419,121.7125568820887, 0.0,-26.383039481524502,0.0
2024-10-30 08:29:48,0.0,-95.31593141075034,121.72795556918844, 0.0,-26.41202415843812,0.0
2024-10-30 08:29:48,0.0,-95.22830334584869,121.82649218902563, 0.0,-26.598188843176953,0.0
2024-10-30 08:29:48,0.0,-94.85789205428563,122.22863359232932, 0.0,-27.370741538043692,0.0
2024-10-30 08:29:48,0.0,-94.06830765678887,123.01574628597032, 0.0,-28.947438629181487,0.0
2024-10-30 08:29:48,0.0,-93.05701486956437,123.90547451215994, 0.0,-30.84845964259557,0.0
2024-10-30 08:29:48,0.0,-92.06524657231788,124.67117592560112, 0.0,-32.605929353283265,0.0
2024-10-30 08:29:48,0.0,-91.41961384887983,125.12128332106832, 0.0,-33.70166947218846,0.0
2024-10-30 08:29:48,0.0,-91.20761143000266,125.26158744854682, 0.0,-34.05397601854416,0.0
2024-10-30 08:29:48,0.0,-91.1718520357806,125.28490489152566, 0.0,-34.11305285574507,0.0
2024-10-30 08:29:48,0.0,-91.13506895698875,125.3087864759669, 0.0,-34.173717518978165,0.0
2024-10-30 08:29:48,0.0,-90.97462645667318,125.41174308644385, 0.0,-34.43711662977067,0.0
2024-10-30 08:29:48,0.0,-90.7816023697567,125.5330459964309, 0.0,-34.7514436266742,0.0
2024-10-30 08:29:48,0.0,-90.30463184493831,125.82127052273209, 0.0,-35.516638677793786,0.0
2024-10-30 08:29:48,0.0,-89.9678960440726,126.01533819656233, 0.0,-36.047442152489715,0.0
2024-10-30 08:29:48,0.0,-89.62032888651389,126.2079017118543, 0.0,-36.58757282534042,0.0
2024-10-30 08:29:48,0.0,-89.5403711466763,126.25112502224262, 0.0,-36.71075387556633,0.0
2024-10-30 08:29:48,0.0,-89.50154972993559,126.27196880268717, 0.0,-36.7704190727516,0.0
2024-10-30 08:29:48,0.0,-89.42112960639187,126.3148543855099, 0.0,-36.89372477911805,0.0
2024-10-30 08:29:48,0.0,-89.33205177451244,126.36189941371684, 0.0,-37.02984763920441,0.0
2024-10-30 08:29:48,0.0,-89.22705592011208,126.41674110956247, 0.0,-37.189685189450394,0.0
2024-10-30 08:29:48,0.0,-89.10685433100195,126.47872522259247, 0.0,-37.37187089159053,0.0
2024-10-30 08:29:49,0.0,-88.69683119051238,126.6839037863242, 0.0,-37.98707259581184,0.0
2024-10-30 08:29:49,0.0,-88.32245990081655,126.86309444556439, 0.0,-38.540634544747824,0.0
2024-10-30 08:29:49,0.0,-88.23910003485086,126.90197153761643, 0.0,-38.662871502765576,0.0
2024-10-30 08:29:49,0.0,-88.19654414681277,126.92167777870475, 0.0,-38.725133631892,0.0
2024-10-30 08:29:49,0.0,-88.1752362507792,126.93150920710687, 0.0,-38.75627295632767,0.0
2024-10-30 08:29:49,0.0,-88.13256055162097,126.95112863856697, 0.0,-38.818568086946,0.0
2024-10-30 08:29:49,0.0,-88.03332539733253,126.9963860814361, 0.0,-38.96306068410357,0.0
2024-10-30 08:29:49,0.0,-87.74564432542499,127.12475399633522, 0.0,-39.379109670910225,0.0
2024-10-30 08:29:49,0.0,-87.30570967809344,127.31315930369372, 0.0,-40.00744962560031,0.0
2024-10-30 08:29:49,0.0,-87.16232135947634,127.37256653330573, 0.0,-40.210245173829385,0.0
2024-10-30 08:29:49,0.0,-86.99375108027908,127.44118284265599, 0.0,-40.447431762376894,0.0
2024-10-30 08:29:49,0.0,-86.71222132215044,127.55288992769006, 0.0,-40.84066860553965,0.0
2024-10-30 08:29:49,0.0,-86.47387848938817,127.64470171575661, 0.0,-41.17082322636847,0.0
2024-10-30 08:29:49,0.0,-85.77967060577497,127.89827036130335, 0.0,-42.118599755528365,0.0
2024-10-30 08:29:49,0.0,-85.38001990257568,128.03529146511048, 0.0,-42.65527156253479,0.0
2024-10-30 08:29:49,0.0,-84.13332507604152,128.42358203078004, 0.0,-44.290256954738524,0.0
2024-10-30 08:29:49,0.0,-83.33002350407256,128.6445190892644, 0.0,-45.31449558519185,0.0
2024-10-30 08:29:49,0.0,-81.80853499708303,129.00591043080777, 0.0,-47.197375433724716,0.0
2024-10-30 08:29:49,0.0,-79.65475228619145,129.40289114589845, 0.0,-49.74813885970697,0.0
2024-10-30 08:29:49,0.0,-77.99923766894675,129.62682063843806, 0.0,-51.627582969491314,0.0
2024-10-30 08:29:49,0.0,-77.25246519548651,129.70673342713903, 0.0,-52.45426823165253,0.0
2024-10-30 08:29:49,0.0,-75.65882437367094,129.8364196258235, 0.0,-54.17759525215257,0.0
2024-10-30 08:29:49,0.0,-73.94754630982698,129.91764650862558, 0.0,-55.97010019879863,0.0
2024-10-30 08:29:49,0.0,-73.91627632524329,129.918599206876, 0.0,-56.00232288163271,0.0
2024-10-30 08:29:49,0.0,-73.77584082712085,129.9226488337767, 0.0,-56.146808006655874,0.0
2024-10-30 08:29:50,0.0,-73.23729728269548,129.93473906566882, 0.0,-56.69744178297336,0.0
2024-10-30 08:29:50,0.0,-72.41544088530874,129.94287967203098, 0.0,-57.52743878672226,0.0
2024-10-30 08:29:50,0.0,-72.24742465395552,129.94304009601183, 0.0,-57.6956154420563,0.0
2024-10-30 08:29:50,0.0,-72.27999175297207,129.9430484101947, 0.0,-57.66305665722265,0.0
2024-10-30 08:29:50,0.0,-72.31254342282928,129.9430378067236, 0.0,-57.63049438389431,0.0
2024-10-30 08:29:50,0.0,-72.34507964568512,129.94300828982986, 0.0,-57.59792864414473,0.0
2024-10-30 08:29:50,0.0,-72.40517078701093,129.94290397412226, 0.0,-57.53773318711132,0.0
2024-10-30 08:29:50,0.0,-72.60895111338743,129.942067340817, 0.0,-57.33311622742958,0.0
2024-10-30 08:29:50,0.0,-73.4872802190724,129.92980155514275, 0.0,-56.44252133607034,0.0
2024-10-30 08:29:50,0.0,-74.62659143434172,129.892322827206, 0.0,-55.265731392864254,0.0
2024-10-30 08:29:50,0.0,-77.04086638080521,129.72710347208843, 0.0,-52.6862370912832,0.0
2024-10-30 08:29:50,0.0,-78.68328537412535,129.5423199777324, 0.0,-50.85903460360706,0.0
2024-10-30 08:29:50,0.0,-80.19142780823677,129.31565995624106, 0.0,-49.12423214800427,0.0
2024-10-30 08:29:50,0.0,-81.70117970964102,129.02875726452442, 0.0,-47.32757755488342,0.0
2024-10-30 08:29:50,0.0,-82.63678760039684,128.81809169442386, 0.0,-46.18130409402703,0.0
2024-10-30 08:29:50,0.0,-83.56194824426004,128.58296829408226, 0.0,-45.02102004982224,0.0
2024-10-30 08:29:50,0.0,-84.425474840529,128.33769845498392, 0.0,-43.912223614454916,0.0
2024-10-30 08:29:50,0.0,-84.88377516226777,128.19676283165433, 0.0,-43.31298766938655,0.0
2024-10-30 08:29:50,0.0,-85.14854189078223,128.11178328784433, 0.0,-42.96324139706212,0.0
2024-10-30 08:29:50,0.0,-85.30254221092454,128.0611249936019, 0.0,-42.758582782677394,0.0
2024-10-30 08:29:50,0.0,-85.87628696626014,127.86418153766687, 0.0,-41.987894571406734,0.0
2024-10-30 08:29:51,0.0,-86.17406098708135,127.75669860108165, 0.0,-41.582637614000305,0.0
2024-10-30 08:29:51,0.0,-86.5214724247516,127.62656706256801, 0.0,-41.10509463781643,0.0
2024-10-30 08:29:51,0.0,-87.56253706652066,127.20431176197405, 0.0,-39.64177469545341,0.0
2024-10-30 08:29:51,0.0,-87.99811495000577,127.01232263081344, 0.0,-39.01420768080769,0.0
2024-10-30 08:29:51,0.0,-88.58848762640085,126.73654493664138, 0.0,-38.148057310240546,0.0
2024-10-30 08:29:51,0.0,-89.12961291663078,126.46705432383997, 0.0,-37.337441407209226,0.0
2024-10-30 08:29:51,0.0,-89.4726855314798,126.28740655216816, 0.0,-36.81472102068838,0.0
2024-10-30 08:29:51,0.0,-90.53213591960541,125.68579641865264, 0.0,-35.15366049904722,0.0
2024-10-30 08:29:51,0.0,-91.07648203016751,125.34660930048257, 0.0,-34.27012727031507,0.0
2024-10-30 08:29:51,0.0,-92.24068931261041,124.54258434541389, 0.0,-32.301895032803486,0.0
2024-10-30 08:29:51,0.0,-92.96070325741755,123.98414609157408, 0.0,-31.023442834156533,0.0
2024-10-30 08:29:51,0.0,-93.29001595012174,123.71101168330354, 0.0,-30.420995733181808,0.0
2024-10-30 08:29:51,0.0,-93.41555913674956,123.60373373093816, 0.0,-30.1881745941886,0.0
2024-10-30 08:29:51,0.0,-93.49429876773975,123.53553069180555, 0.0,-30.041231924065794,0.0
2024-10-30 08:29:51,0.0,-93.50998978815771,123.52185344912732, 0.0,-30.011863660969624,0.0
2024-10-30 08:29:51,0.0,-93.5256618542084,123.50816401246013, 0.0,-29.982502158251762,0.0
2024-10-30 08:29:51,0.0,-93.5569491477054,123.48074858733213, 0.0,-29.92379943962672,0.0
2024-10-30 08:29:51,0.0,-93.58816069735643,123.45328447673117, 0.0,-29.865123779374734,0.0
2024-10-30 08:29:51,0.0,-93.78527842028376,123.27713140406415, 0.0,-29.491852983780397,0.0
2024-10-30 08:29:51,0.0,-93.94278375750643,123.13293255627546, 0.0,-29.190148798769034,0.0
2024-10-30 08:29:51,0.0,-94.05422134615266,123.02899906410501, 0.0,-28.974777717952364,0.0
2024-10-30 08:29:51,0.0,-94.10214680230818,122.98380278151288, 0.0,-28.881655979204695,0.0
2024-10-30 08:29:51,0.0,-94.11710475488634,122.9696345030446, 0.0,-28.852529748158275,0.0
2024-10-30 08:29:51,0.0,-93.86664499916272,123.20302853457892, 0.0,-29.33638353541619,0.0
2024-10-30 08:29:51,0.0,-93.63779684332637,123.40936942253694, 0.0,-29.771572579210584,0.0
2024-10-30 08:29:51,0.0,-92.67329989877187,124.21319042694736, 0.0,-31.53989052817549,0.0
2024-10-30 08:29:51,0.0,-91.60397289973818,124.99633575712556, 0.0,-33.3923628573874,0.0
2024-10-30 08:29:51,0.0,-90.52745342335555,125.68862111641343, 0.0,-35.16116769305789,0.0
2024-10-30 08:29:51,0.0,-90.0652251640665,125.96001970342209, 0.0,-35.894794539355594,0.0
2024-10-30 08:29:52,0.0,-89.54263315651752,126.24990766061856, 0.0,-36.707274504101036,0.0
2024-10-30 08:29:52,0.0,-89.20385217841029,126.4287726857832, 0.0,-37.22492050737293,0.0
2024-10-30 08:29:52,0.0,-89.02023292466684,126.52287059170037, 0.0,-37.50263766703353,0.0
2024-10-30 08:29:52,0.0,-88.85540329870636,126.60568330111568, 0.0,-37.750280002409305,0.0
2024-10-30 08:29:52,0.0,-88.7261143546093,126.669564635922, 0.0,-37.9434502813127,0.0
2024-10-30 08:29:52,0.0,-88.54351351388677,126.75820762703505, 0.0,-38.21469411314828,0.0
2024-10-30 08:29:52,0.0,-88.41753397421043,126.81830443053111, 0.0,-38.40077045632068,0.0
2024-10-30 08:29:52,0.0,-88.31007449231979,126.86889391491846, 0.0,-38.558819422598674,0.0
2024-10-30 08:29:52,0.0,-88.13079838928024,126.95193672999838, 0.0,-38.82113834071814,0.0
2024-10-30 08:29:52,0.0,-87.95460351790341,127.03192886818871, 0.0,-39.0773253502853,0.0
2024-10-30 08:29:52,0.0,-87.2268217250226,127.34596279432506, 0.0,-40.11914106930248,0.0
2024-10-30 08:29:52,0.0,-86.34992272545162,127.69147200902708, 0.0,-41.34154928357547,0.0
2024-10-30 08:29:52,0.0,-84.81988666591826,128.21687362742526, 0.0,-43.396986961507004,0.0
2024-10-30 08:29:52,0.0,-83.83134518241837,128.50921161606277, 0.0,-44.67786643364444,0.0
2024-10-30 08:29:52,0.0,-83.60769090333662,128.57061722244748, 0.0,-44.962926319110856,0.0
2024-10-30 08:29:52,0.0,-83.89518028972726,128.49137297120353, 0.0,-44.596192681476296,0.0
2024-10-30 08:29:52,0.0,-84.31117954955585,128.37165895113333, 0.0,-44.06047940157748,0.0
2024-10-30 08:29:52,0.0,-86.23573463488451,127.73397359028439, 0.0,-41.49823895539987,0.0
2024-10-30 08:29:52,0.0,-87.48930187778446,127.23567311238807, 0.0,-39.746371234603615,0.0
2024-10-30 08:29:52,0.0,-88.77139216187767,126.64729946090836, 0.0,-37.875907299030686,0.0
2024-10-30 08:29:52,0.0,-89.05896686791729,126.50318410919188, 0.0,-37.44421724127461,0.0
2024-10-30 08:29:53,0.0,-89.02032356934174,126.52282462273479, 0.0,-37.50250105339305,0.0
2024-10-30 08:29:53,0.0,-88.82574478024912,126.62042039125026, 0.0,-37.79467561100113,0.0
2024-10-30 08:29:53,0.0,-88.62669550089014,126.7180544750805, 0.0,-38.09135897419035,0.0
2024-10-30 08:29:53,0.0,-88.5367575221576,126.76145226888546, 0.0,-38.22469474672787,0.0
2024-10-30 08:29:53,0.0,-88.36402734756267,126.84357099433413, 0.0,-38.479543646771454,0.0
2024-10-30 08:29:53,0.0,-88.34341117612952,126.85326549606461, 0.0,-38.5098543199351,0.0
2024-10-30 08:30:49,0.0,-88.50843512660711,126.77502744946197, 0.0,-38.26659232285487,0.0
2024-10-30 08:30:49,0.0,-92.57564573259818,124.2891222399597, 0.0,-31.713476507361577,0.0
2024-10-30 08:30:49,0.0,-93.51629901423698,123.51634584189223, 0.0,-30.000046827655282,0.0
2024-10-30 08:30:49,0.0,-94.22670864964843,122.86490365850389, 0.0,-28.638195008855448,0.0
2024-10-30 08:30:56,0.0,-94.17420756973057,122.91527212627683, 0.0,-28.741064556546245,0.0
2024-10-30 08:30:56,0.0,-93.88745714958563,123.18394109383115, 0.0,-29.296483944245534,0.0
2024-10-30 08:30:56,0.0,-93.83746816901679,123.2296957636324, 0.0,-29.392227594615633,0.0
2024-10-30 08:30:56,0.0,-93.64006613912701,123.40735464642626, 0.0,-29.767288507299263,0.0
2024-10-30 08:30:56,0.0,-93.43680989903642,123.5853971513507, 0.0,-30.148587252314293,0.0
2024-10-30 08:30:56,0.0,-93.35608946875257,123.65477366947961, 0.0,-30.29868420072703,0.0
2024-10-30 08:30:56,0.0,-93.03500105450048,123.92354312690232, 0.0,-30.888542072401837,0.0
2024-10-30 08:30:56,0.0,-92.63665185619088,124.24179676525438, 0.0,-31.60514490906351,0.0
2024-10-30 08:30:56,0.0,-91.95093076448907,124.75347747097936, 0.0,-32.80254670649026,0.0
2024-10-30 08:30:56,0.0,-90.55049392252081,125.67470710916112, 0.0,-35.12421318664032,0.0
2024-10-30 08:30:56,0.0,-90.04360304917058,125.97236270777714, 0.0,-35.92875965860656,0.0
2024-10-30 08:30:56,0.0,-89.60454026099336,126.21646805828227, 0.0,-36.61192779728892,0.0
2024-10-30 08:30:56,0.0,-89.00867754646336,126.52872683746544, 0.0,-37.52004929100208,0.0
2024-10-30 08:30:56,0.0,-88.48744730504856,126.78505906832108, 0.0,-38.29761176327252,0.0
2024-10-30 08:30:56,0.0,-88.13640668998399,126.9493643194045, 0.0,-38.812957629420524,0.0
2024-10-30 08:30:56,0.0,-87.87474587929381,127.06766278290915, 0.0,-39.19291690361536,0.0
2024-10-30 08:30:56,0.0,-85.44204334559453,128.0144418203898, 0.0,-42.572398474795285,0.0
2024-10-30 08:30:56,0.0,-83.84343721400577,128.50584322922776, 0.0,-44.66240601522204,0.0
2024-10-30 08:30:56,0.0,-83.5040832300081,128.5984923146267, 0.0,-45.094409084618604,0.0
2024-10-30 08:30:56,0.0,-83.07982853177289,128.70893901885844, 0.0,-45.62911048708556,0.0
2024-10-30 08:30:56,0.0,-82.54032366229247,128.84104044645824, 0.0,-46.30071678416579,0.0
2024-10-30 08:30:56,0.0,-82.07526487200059,128.94767864076871, 0.0,-46.872413768768126,0.0
2024-10-30 08:30:56,0.0,-81.67120914291245,129.03507549478107, 0.0,-47.36386635186862,0.0
2024-10-30 08:30:57,0.0,-81.51087002435274,129.06843583992847, 0.0,-47.55756581557573,0.0
2024-10-30 08:30:57,0.0,-81.25869372488756,129.1194142505128, 0.0,-47.86072052562522,0.0
2024-10-30 08:30:57,0.0,-81.0965879717517,129.1512354315843, 0.0,-48.05464745983259,0.0
2024-10-30 08:30:57,0.0,-81.06596997691942,129.1571631542636, 0.0,-48.09119317734416,0.0
2024-10-30 08:30:57,0.0,-81.15913715266854,129.139044401415, 0.0,-47.97990724874648,0.0
2024-10-30 08:30:57,0.0,-81.25899623959961,129.11935417683287, 0.0,-47.86035793723325,0.0
2024-10-30 08:30:57,0.0,-81.35858476409985,129.09943716505464, 0.0,-47.7408524009548,0.0
2024-10-30 08:30:57,0.0,-81.7072894969702,129.0274660287719, 0.0,-47.320176531801714,0.0
2024-10-30 08:30:57,0.0,-82.60271611729232,128.8262302749203, 0.0,-46.223514157627996,0.0
2024-10-30 08:30:57,0.0,-84.03809135074576,128.450927847557, 0.0,-44.41283649681125,0.0
2024-10-30 08:30:57,0.0,-85.40456209575069,128.0270594522812, 0.0,-42.622497356530545,0.0
2024-10-30 08:30:57,0.0,-86.08414234172315,127.78954411802712, 0.0,-41.70540177630397,0.0
2024-10-30 08:30:57,0.0,-87.10616874202555,127.39556928933425, 0.0,-40.2894005473087,0.0
2024-10-30 08:30:57,0.0,-88.46130891948093,126.79751925112598, 0.0,-38.336210331645034,0.0
2024-10-30 08:30:57,0.0,-88.98460346125343,126.54090287676513, 0.0,-37.55629941551171,0.0
2024-10-30 08:30:57,0.0,-89.31002569785464,126.37345859461041, 0.0,-37.063432896755785,0.0
2024-10-30 08:30:57,0.0,-89.52939588155492,126.2570271873098, 0.0,-36.72763130575488,0.0
2024-10-30 08:30:57,0.0,-90.11149749712904,125.9335012758233, 0.0,-35.82200377869428,0.0
2024-10-30 08:30:57,0.0,-90.43924444736885,125.74154543138329, 0.0,-35.30230098401443,0.0
2024-10-30 08:30:57,0.0,-90.89702923537368,125.46084010572802, 0.0,-34.563810870354345,0.0
2024-10-30 08:30:57,0.0,-91.06308796030038,125.35521941124658, 0.0,-34.29213145094621,0.0
2024-10-30 08:30:57,0.0,-91.15109245951449,125.29839599155876, 0.0,-34.147303532044305,0.0
2024-10-30 08:30:58,0.0,-91.13060976319314,125.31167453184365, 0.0,-34.18106476865052,0.0
2024-10-30 08:30:58,0.0,-91.11010193744637,125.32493700141524, 0.0,-34.21483506396886,0.0
2024-10-30 08:30:58,0.0,-90.691694769941,125.5886127744168, 0.0,-34.89691800447582,0.0
2024-10-30 08:30:58,0.0,-90.58141237219988,125.6559766908862, 0.0,-35.07456431868634,0.0
2024-10-30 08:30:58,0.0,-90.51776920941688,125.69445818262825, 0.0,-35.17668897321136,0.0
2024-10-30 08:30:58,0.0,-90.47521350780042,125.72003016215307, 0.0,-35.24481665435264,0.0
2024-10-30 08:30:58,0.0,-90.4538975578489,125.73279140838169, 0.0,-35.27889385053279,0.0
2024-10-30 08:30:58,0.0,-90.49749272232444,125.70665828587657, 0.0,-35.20916556355215,0.0
2024-10-30 08:30:58,0.0,-90.72446992388225,125.56842424351262, 0.0,-34.843954319630384,0.0
2024-10-30 08:30:58,0.0,-91.03010991478158,125.37636047624005, 0.0,-34.346250561458476,0.0
2024-10-30 08:30:59,0.0,-91.33405506219995,125.17833534301778, 0.0,-33.84428028081786,0.0
2024-10-30 08:30:59,0.0,-91.63743917701326,124.97335452285292, 0.0,-33.33591534583966,0.0
2024-10-30 08:30:59,0.0,-91.93391234075155,124.76563126509885, 0.0,-32.831718924347314,0.0
2024-10-30 08:30:59,0.0,-92.35151171837676,124.45989974459208, 0.0,-32.10838802621532,0.0
2024-10-30 08:30:59,0.0,-92.80465918635116,124.1095509159988, 0.0,-31.30489172964764,0.0
2024-10-30 08:30:59,0.0,-93.30879479348381,123.69507813705162, 0.0,-30.386283343567822,0.0
2024-10-30 08:30:59,0.0,-94.24183120962148,122.85032596791251, 0.0,-28.60849475829103,0.0
2024-10-30 08:30:59,0.0,-94.639982534732,122.45494655419787, 0.0,-27.814964019465883,0.0
2024-10-30 08:30:59,0.0,-95.45301013265326,121.57106210941754, 0.0,-26.11805197676425,0.0
2024-10-30 08:30:59,0.0,-95.86150267961446,121.08242360457615, 0.0,-25.22092092496169,0.0
2024-10-30 08:30:59,0.0,-96.15997274092864,120.70372635154841, 0.0,-24.54375361061977,0.0
2024-10-30 08:30:59,0.0,-96.21417265662463,120.6328408723294, 0.0,-24.418668215704777,0.0
2024-10-30 08:30:59,0.0,-96.20085804579445,120.65031684956905, 0.0,-24.449458803774608,0.0
2024-10-30 08:30:59,0.0,-95.79880528763974,121.15956975819618, 0.0,-25.36076447055645,0.0
2024-10-30 08:30:59,0.0,-95.04216087643974,122.0314191761691, 0.0,-26.989258299729354,0.0
2024-10-30 08:30:59,0.0,-94.58552446199272,122.51037885594953, 0.0,-27.92485439395681,0.0
2024-10-30 08:30:59,0.0,-93.77080702364074,123.29022474701885, 0.0,-29.51941772337811,0.0
2024-10-30 08:30:59,0.0,-93.22680888760667,123.76435295935885, 0.0,-30.53754407175217,0.0
2024-10-30 08:30:59,0.0,-93.09428228373417,123.87476778278845, 0.0,-30.78048549905427,0.0
2024-10-30 08:30:59,0.0,-93.00968834056596,123.94425568716818, 0.0,-30.934567346602247,0.0
2024-10-30 08:30:59,0.0,-92.66968106427417,124.21602111104602, 0.0,-31.546340046771853,0.0
2024-10-30 08:30:59,0.0,-92.57268735872846,124.29140791407993, 0.0,-31.71872055535148,0.0
2024-10-30 08:30:59,0.0,-92.49830566294291,124.34859619399587, 0.0,-31.850290531052966,0.0
2024-10-30 08:31:17,0.0,-89.13333181940895,126.46514434841474, 0.0,-37.331812529005795,0.0
2024-10-30 08:31:17,0.0,-91.36960604256063,125.15470042541823, 0.0,-33.78509438285759,0.0
2024-10-30 08:31:17,0.0,-91.8776508384349,124.80563071441247, 0.0,-32.92797987597758,0.0
2024-10-30 08:31:17,0.0,-92.4983056629429,124.34859619399589, 0.0,-31.85029053105297,0.0
2024-10-30 08:31:56,0.0,-89.28660729487572,126.38571666387747, 0.0,-37.099109369001816,0.0
2024-10-30 08:31:56,0.0,-89.97613012852804,126.01068224158132, 0.0,-36.03455211305328,0.0
2024-10-30 08:31:56,0.0,-90.79349285958176,125.52565310169697, 0.0,-34.73216024211524,0.0
2024-10-30 08:31:56,0.0,-91.82606925530499,124.8420617670287, 0.0,-33.01599251172371,0.0
2024-10-30 08:31:56,0.0,-92.32974892922752,124.47622732580457, 0.0,-32.146478396577066,0.0
2024-10-30 08:31:56,0.0,-92.80658300741047,124.10802009850538, 0.0,-31.301437091094897,0.0
2024-10-30 08:31:56,0.0,-93.28837091634348,123.71240558735477, 0.0,-30.42403467101128,0.0
2024-10-30 08:31:56,0.0,-94.16288508322856,122.92608592625527, 0.0,-28.76320084302673,0.0
2024-10-30 08:31:56,0.0,-94.22670864964844,122.86490365850389, 0.0,-28.638195008855444,0.0
