time,a1,a2,a3,a4,a5,a6
2024-10-24 01:44:41,1.1102230246251565e-16,-89.13333181940895,126.46514434841474, -2.220446049250313e-16,-37.3318125290058,0.0
2024-10-24 01:44:42,0.0,-89.22071779778977,126.420030701866, 0.0,-37.199312904076216,0.0
2024-10-24 01:44:42,0.0,-89.34944103623509,126.35275307778178, 0.0,-37.0033120415467,0.0
2024-10-24 01:44:43,0.0,-89.56073590826645,126.24015381826787, 0.0,-36.679417910001426,0.0
2024-10-24 01:44:43,0.0,-89.69390230247853,126.1677783907052, 0.0,-36.47387608822667,0.0
2024-10-24 01:44:43,0.0,-90.0039154279404,125.99493840369182, 0.0,-35.99102297575142,0.0
2024-10-24 01:44:43,0.0,-90.25477819872657,125.85048158131724, 0.0,-35.59570338259068,0.0
2024-10-24 01:44:43,0.0,-90.35537539861159,125.79136384482577, 0.0,-35.435988446214196,0.0
2024-10-24 01:44:43,0.0,-90.51570039806832,125.69570428325446, 0.0,-35.18000388518615,0.0
2024-10-24 01:44:43,0.0,-90.77182122406944,125.53911966361574, 0.0,-34.76729843954631,0.0
2024-10-24 01:44:43,0.0,-90.88354432349489,125.46932643255715, 0.0,-34.58578210906226,0.0
2024-10-24 01:44:43,0.0,-90.93637998783858,125.43599851027494, 0.0,-34.499618522436364,0.0
2024-10-24 01:44:43,0.0,-91.05281923184499,125.36181119828774, 0.0,-34.30899196644276,0.0
2024-10-24 01:44:43,0.0,-91.10490366142155,125.32829360917906, 0.0,-34.223389947757525,0.0
2024-10-24 01:44:43,0.0,-91.18871861358856,125.27391916761275, 0.0,-34.08520055402418,0.0
2024-10-24 01:44:43,0.0,-91.33510086016736,125.17764151426792, 0.0,-33.84254065410057,0.0
2024-10-24 01:44:43,0.0,-91.48579969104092,125.07674557402349, 0.0,-33.590945882982574,0.0
2024-10-24 01:44:43,0.0,-91.59823542388229,125.00026633352377, 0.0,-33.402030909641475,0.0
2024-10-24 01:44:43,0.0,-91.64852327952778,124.96572253289482, 0.0,-33.31719925336703,0.0
2024-10-24 01:44:43,0.0,-91.7541780738338,124.89245601115812, 0.0,-33.138277937324304,0.0
2024-10-24 01:44:43,0.0,-91.77890792121396,124.87517069453601, 0.0,-33.09626277332204,0.0
2024-10-24 01:44:43,0.0,-91.80377156577579,124.85773927157402, 0.0,-33.053967705798236,0.0
2024-10-24 01:44:43,0.0,-91.82859350486167,124.840284277352, 0.0,-33.01169077249035,0.0
2024-10-24 01:44:43,0.0,-91.85337376619971,124.82280574315217, 0.0,-32.96943197695247,0.0
2024-10-24 01:44:43,0.0,-91.87811237757157,124.8053037002267, 0.0,-32.927191322655126,0.0
2024-10-24 01:44:43,0.0,-91.92746476180056,124.77022921303792, 0.0,-32.84276445123735,0.0
2024-10-24 01:44:43,0.0,-91.95207859047767,124.7526568311149, 0.0,-32.80057824063726,0.0
2024-10-24 01:44:43,0.0,-91.97665088082789,124.73506106514444, 0.0,-32.758410184316574,0.0
2024-10-24 01:44:43,0.0,-92.00118166088737,124.71744194621375, 0.0,-32.716260285326406,0.0
2024-10-24 01:44:43,0.0,-92.02567095874208,124.69979950537736, 0.0,-32.67412854663528,0.0
2024-10-24 01:44:43,0.0,-92.07436053376819,124.66456432027367, 0.0,-32.590203786505505,0.0
2024-10-24 01:44:43,0.0,-92.09872637465327,124.64685186251994, 0.0,-32.54812548786667,0.0
2024-10-24 01:44:43,0.0,-91.98490886772977,124.72913573668332, 0.0,-32.74422686895355,0.0
2024-10-24 01:44:43,0.0,-91.43313048783703,125.11221649110661, 0.0,-33.679086003269596,0.0
2024-10-24 01:44:43,0.0,-90.98209712691934,125.40699246033282, 0.0,-34.424895333413495,0.0
2024-10-24 01:44:43,0.0,-90.88562527000103,125.4680177319021, 0.0,-34.58239246190108,0.0
2024-10-24 01:44:43,0.0,-90.3357828140177,125.80293201255927, 0.0,-35.46714919854158,0.0
2024-10-24 01:44:43,0.0,-89.7635991054897,126.12945564620225, 0.0,-36.36585654071256,0.0
2024-10-24 01:44:43,0.0,-89.35248927988829,126.35114790475873, 0.0,-36.998658624870444,0.0
2024-10-24 01:44:43,0.0,-89.09046745814108,126.48710993660812, 0.0,-37.39664247846706,0.0
2024-10-24 01:44:43,0.0,-88.77404631431382,126.64599074312969, 0.0,-37.87194442881587,0.0
2024-10-24 01:44:43,0.0,-88.3353476917565,126.85705110543115, 0.0,-38.521703413674665,0.0
2024-10-24 01:44:43,0.0,-87.99994859529258,127.01149427172533, 0.0,-39.01154567643276,0.0
2024-10-24 01:44:43,0.0,-87.38100722213912,127.28157420284717, 0.0,-39.90056698070806,0.0
2024-10-24 01:44:43,0.0,-87.18845202377483,127.3618121451933, 0.0,-40.17336012141847,0.0
2024-10-24 01:44:43,0.0,-86.84210727973954,127.501797129915, 0.0,-40.65968985017548,0.0
2024-10-24 01:44:43,0.0,-86.330919161481,127.69858387694296, 0.0,-41.36766471546198,0.0
2024-10-24 01:44:43,0.0,-85.78232427466048,127.89733915126503, 0.0,-42.11501487660455,0.0
2024-10-24 01:44:43,0.0,-85.47399780793454,128.0036411050829, 0.0,-42.529643297148354,0.0
2024-10-24 01:44:43,0.0,-85.10235153048416,128.12680000662164, 0.0,-43.024448476137486,0.0
2024-10-24 01:44:43,0.0,-84.83676230006495,128.21157630440769, 0.0,-43.374814004342745,0.0
2024-10-24 01:44:43,0.0,-84.56911061247693,128.29435395478515, 0.0,-43.725243342308225,0.0
2024-10-24 01:44:43,0.0,-84.27256458275323,128.38302732759206, 0.0,-44.110462744838834,0.0
2024-10-24 01:44:43,0.0,-84.20182057719599,128.40371754397503, 0.0,-44.201896966779046,0.0
2024-10-24 01:44:44,0.0,-84.27407760970745,128.38258288386993, 0.0,-44.108505274162475,0.0
2024-10-24 01:44:44,0.0,-84.6691427348083,128.2637248459781, 0.0,-43.594582111169785,0.0
2024-10-24 01:44:44,0.0,-85.33234282663231,128.05121618739724, 0.0,-42.718873360764945,0.0
2024-10-24 01:44:44,0.0,-86.00559526560139,127.81795929877799, 0.0,-41.81236403317661,0.0
2024-10-24 01:44:44,0.0,-86.46886485120734,127.64660632234028, 0.0,-41.17774147113294,0.0
2024-10-24 01:44:44,0.0,-86.79245461637542,127.52141804228678, 0.0,-40.728963425911374,0.0
2024-10-24 01:44:44,0.0,-87.0595491912275,127.41455585482535, 0.0,-40.35500666359785,0.0
2024-10-24 01:44:44,0.0,-87.33031963685616,127.30286576332013, 0.0,-39.97254612646396,0.0
2024-10-24 01:44:44,0.0,-87.58587722397972,127.1942621364025, 0.0,-39.60838491242279,0.0
2024-10-24 01:44:44,0.0,-87.83734943517648,127.08428601622326, 0.0,-39.24693658104679,0.0
2024-10-24 01:44:44,0.0,-88.09091402454374,126.97018389618614, 0.0,-38.879269871642414,0.0
2024-10-24 01:44:44,0.0,-88.34793090868455,126.85114208145762, 0.0,-38.50321117277309,0.0
2024-10-24 01:44:44,0.0,-88.600165215832,126.73090212714472, 0.0,-38.130736911312724,0.0
2024-10-24 01:44:44,0.0,-88.81561610150497,126.62544190797071, 0.0,-37.809825806465724,0.0
2024-10-24 01:44:44,0.0,-88.99357243962054,126.53637049487916, 0.0,-37.542798055258636,0.0
2024-10-24 01:44:44,0.0,-89.13330346017916,126.46515891636838, 0.0,-37.33185545618922,0.0
2024-10-24 01:44:44,0.0,-89.15434203159852,126.45433860986945, 0.0,-37.29999657827095,0.0
2024-10-24 01:44:44,0.0,-89.16582127387358,126.4484238111665, 0.0,-37.28260253729293,0.0
2024-10-24 01:44:44,0.0,-89.17237710433909,126.44504238313695, 0.0,-37.27266527879787,0.0
2024-10-24 01:44:44,0.0,-89.1770588589568,126.44262603881286, 0.0,-37.26556717985608,0.0
2024-10-24 01:44:44,0.0,-89.18354335117836,126.43927713903082, 0.0,-37.25573378785246,0.0
2024-10-24 01:44:44,0.0,-89.18808385643135,126.43693073454207, 0.0,-37.24884687811074,0.0
2024-10-24 01:44:44,0.0,-89.19281537899074,126.43448432691252, 0.0,-37.2416689479218,0.0
2024-10-24 01:44:44,0.0,-89.19775464459633,126.43192910061514, 0.0,-37.23417445601881,0.0
2024-10-24 01:44:44,0.0,-89.20292066925862,126.42925502736433, 0.0,-37.22633435810573,0.0
2024-10-24 01:44:44,0.0,-89.20833519622089,126.42645063388488, 0.0,-37.218115437664004,0.0
2024-10-24 01:44:44,0.0,-89.2140232420919,126.42350271148621, 0.0,-37.20947946939431,0.0
2024-10-24 01:44:45,0.0,-89.23194656745338,126.41420115753134, 0.0,-37.182254590077974,0.0
2024-10-24 01:44:45,0.0,-89.27694922936476,126.39076253453307, 0.0,-37.113813305168314,0.0
2024-10-24 01:44:45,0.0,-89.45421364353281,126.2972593808606, 0.0,-36.84304573732779,0.0
2024-10-24 01:44:45,0.0,-89.67396605237167,126.17868408447818, 0.0,-36.50471803210652,0.0
2024-10-24 01:44:45,0.0,-89.9195280264861,126.04259882167507, 0.0,-36.123070795188966,0.0
2024-10-24 01:44:45,0.0,-90.14335863347502,125.91515918310252, 0.0,-35.7718005496275,0.0
2024-10-24 01:44:45,0.0,-90.37181245880076,125.78163846306737, 0.0,-35.40982600426661,0.0
2024-10-24 01:44:45,0.0,-90.60559342298049,125.64128052366733, 0.0,-35.03568710068685,0.0
2024-10-24 01:44:45,0.0,-90.84899277512346,125.49100891875563, 0.0,-34.64201614363217,0.0
2024-10-24 01:44:45,0.0,-91.09877309517933,125.33224954811305, 0.0,-34.23347645293373,0.0
2024-10-24 01:44:45,0.0,-91.4401764205148,125.10748430481826, 0.0,-33.66730788430346,0.0
2024-10-24 01:44:45,0.0,-91.92438295051335,124.77242565466224, 0.0,-32.84804270414891,0.0
2024-10-24 01:44:45,0.0,-92.42510522083477,124.4043553464839, 0.0,-31.979250125649124,0.0
2024-10-24 01:44:45,0.0,-92.29618360099852,124.50132292666191, 0.0,-32.20513932566342,0.0
2024-10-24 01:44:45,0.0,-91.88715092333923,124.79889589815669, 0.0,-32.91174497481747,0.0
2024-10-24 01:44:45,0.0,-91.37310352804317,125.15236978939154, 0.0,-33.779266261348376,0.0
2024-10-24 01:44:45,0.0,-91.03336097846172,125.37428000462242, 0.0,-34.34091902616072,0.0
2024-10-24 01:44:45,0.0,-90.8408604948851,125.49609942530343, 0.0,-34.65523893041835,0.0
2024-10-24 01:44:45,0.0,-90.68528501103859,125.5925519285487, 0.0,-34.907266917510135,0.0
2024-10-24 01:44:45,0.0,-90.56086104222877,125.66843424356132, 0.0,-35.10757320133255,0.0
2024-10-24 01:44:45,0.0,-90.53442179631739,125.68441691110385, 0.0,-35.14999511478648,0.0
2024-10-24 01:44:46,0.0,-90.61481204769028,125.63566689607704, 0.0,-35.020854848386776,0.0
2024-10-24 01:44:46,0.0,-90.7332900661834,125.5629780175043, 0.0,-34.829687951320906,0.0
2024-10-24 01:44:46,0.0,-90.88942643634954,125.46562636077113, 0.0,-34.57619992442159,0.0
2024-10-24 01:44:46,0.0,-90.98606290756041,125.40446889920479, 0.0,-34.418405991644384,0.0
2024-10-24 01:44:46,0.0,-91.17760940508731,125.28115741947373, 0.0,-34.10354801438643,0.0
2024-10-24 01:44:46,0.0,-91.67560042848099,124.94703530565698, 0.0,-33.27143487717599,0.0
2024-10-24 01:44:46,0.0,-92.0383100280709,124.69067330365057, 0.0,-32.65236327557969,0.0
2024-10-24 01:44:46,0.0,-92.34588485797192,124.4641255681727, 0.0,-32.11824071020078,0.0
2024-10-24 01:44:46,0.0,-92.64681575922722,124.23387647685759, 0.0,-31.58706071763035,0.0
2024-10-24 01:44:46,0.0,-92.98079683888983,123.96781372572376, 0.0,-30.98701688683394,0.0
2024-10-24 01:44:46,0.0,-93.11466069612173,123.85791369393509, 0.0,-30.743252997813375,0.0
2024-10-24 01:44:46,0.0,-93.24712978849512,123.74725227156776, 0.0,-30.500122483072644,0.0
2024-10-24 01:44:46,0.0,-93.3511810671018,123.65896834833669, 0.0,-30.30778728123489,0.0
2024-10-24 01:44:46,0.0,-93.42225251206692,123.59796383458824, 0.0,-30.175711322521327,0.0
2024-10-24 01:44:46,0.0,-93.4661366713482,123.56000661707401, 0.0,-30.093869945725828,0.0
2024-10-24 01:44:46,0.0,-93.48801956220996,123.54099598806302, 0.0,-30.052976425853053,0.0
2024-10-24 01:44:46,0.0,-93.53166711860612,123.50291083284098, 0.0,-29.97124371423485,0.0
2024-10-24 01:44:46,0.0,-93.60156506570684,123.44145405737417, 0.0,-29.839888991667337,0.0
2024-10-24 01:44:46,0.0,-93.64480347311569,123.40314665058548, 0.0,-29.75834317746982,0.0
2024-10-24 01:44:46,0.0,-93.7716672013383,123.2894472032294, 0.0,-29.51778000189112,0.0
2024-10-24 01:44:46,0.0,-93.93335932682454,123.1416489756423, 0.0,-29.208289648817757,0.0
2024-10-24 01:44:46,0.0,-94.24405679709294,122.84817793443948, 0.0,-28.60412113734653,0.0
2024-10-24 01:44:46,0.0,-94.46296946369594,122.63353073733447, 0.0,-28.170561273638526,0.0
2024-10-24 01:44:46,0.0,-94.67746519535692,122.41653555026018, 0.0,-27.739070354903248,0.0
2024-10-24 01:44:46,0.0,-94.85458543015251,122.2321227815955, 0.0,-27.377537351442996,0.0
2024-10-24 01:44:46,0.0,-95.09824604502197,121.97029041130568, 0.0,-26.872044366283735,0.0
2024-10-24 01:44:46,0.0,-95.20896674552048,121.84805525486311, 0.0,-26.63908850934264,0.0
2024-10-24 01:44:46,0.0,-95.25029400838149,121.80189053148128, 0.0,-26.551596523099782,0.0
2024-10-24 01:44:46,0.0,-95.3098826328374,121.73480083624513, 0.0,-26.424918203407742,0.0
2024-10-24 01:44:46,0.0,-95.38731939202256,121.64667315881071, 0.0,-26.25935376678814,0.0
2024-10-24 01:44:46,0.0,-95.40557196786307,121.62574321888366, 0.0,-26.220171251020606,0.0
2024-10-24 01:44:46,0.0,-95.42378813050647,121.6047945415827, 0.0,-26.18100641107625,0.0
2024-10-24 01:44:47,0.0,-95.40584411849163,121.62543068973973, 0.0,-26.219586571248108,0.0
2024-10-24 01:44:47,0.0,-95.32061504134923,121.72265074174103, 0.0,-26.40203570039181,0.0
2024-10-24 01:44:47,0.0,-95.21183275007724,121.84486333730331, 0.0,-26.633030587226095,0.0
2024-10-24 01:44:47,0.0,-95.07420709846109,121.99655533755073, 0.0,-26.922348239089636,0.0
2024-10-24 01:44:47,0.0,-94.83101838355914,122.2569411094063, 0.0,-27.425922725847155,0.0
2024-10-24 01:44:47,0.0,-94.68794644924746,122.40575678897883, 0.0,-27.71781033973138,0.0
2024-10-24 01:44:47,0.0,-94.57193889200678,122.52413889127264, 0.0,-27.95219999926587,0.0
2024-10-24 01:44:47,0.0,-94.48394826935869,122.61260457607122, 0.0,-28.128656306712518,0.0
2024-10-24 01:44:47,0.0,-94.37530648813858,122.72029301836912, 0.0,-28.344986530230553,0.0
2024-10-24 01:44:47,0.0,-94.31059918153078,122.78364011415066, 0.0,-28.473040932619867,0.0
2024-10-24 01:44:47,0.0,-94.22043690300482,122.87094029342275, 0.0,-28.65050339041793,0.0
2024-10-24 01:44:47,0.0,-94.09924750367108,122.98654558687743, 0.0,-28.887298083206336,0.0
2024-10-24 01:44:47,0.0,-94.07879718642738,123.00586051915134, 0.0,-28.927063332723968,0.0
2024-10-24 01:44:47,0.0,-93.81139215142366,123.2534387866716, 0.0,-29.442046635247955,0.0
2024-10-24 01:44:47,0.0,-93.68576969313462,123.36664517353884, 0.0,-29.680875480404232,0.0
2024-10-24 01:44:47,0.0,-93.28671812105797,123.71380576339097, 0.0,-30.427087642332985,0.0
2024-10-24 01:44:47,0.0,-93.07283343218297,123.89245889839584, 0.0,-30.81962546621287,0.0
2024-10-24 01:44:47,0.0,-92.93958066509579,124.00126917058073, 0.0,-31.06168850548495,0.0
2024-10-24 01:44:47,0.0,-92.83297163842724,124.08698405916289, 0.0,-31.254012420735673,0.0
2024-10-24 01:44:47,0.0,-92.45057981989189,124.38500871987121, 0.0,-31.934428899979327,0.0
2024-10-24 01:44:47,0.0,-92.32262325086992,124.48156373899755, 0.0,-32.15894048812762,0.0
2024-10-24 01:44:47,0.0,-92.18178608951246,124.58606989915998, 0.0,-32.404283809647524,0.0
2024-10-24 01:44:47,0.0,-92.003856319075,124.71551766971459, 0.0,-32.711661350639595,0.0
2024-10-24 01:44:47,0.0,-91.82373222480126,124.84370693522008, 0.0,-33.01997471041882,0.0
2024-10-24 01:44:47,0.0,-91.74468423523948,124.899078067289, 0.0,-33.15439383204953,0.0
2024-10-24 01:44:47,0.0,-91.60991369202695,124.99226301852488, 0.0,-33.38234932649792,0.0
2024-10-24 01:44:47,0.0,-91.58535403197796,125.00908106782889, 0.0,-33.42372703585092,0.0
2024-10-24 01:44:47,0.0,-91.53575886829874,125.04289121418314, 0.0,-33.507132345884415,0.0
2024-10-24 01:44:47,0.0,-91.51108107872163,125.059639364496, 0.0,-33.54855828577437,0.0
2024-10-24 01:44:47,0.0,-91.48618304701412,125.076486571717, 0.0,-33.59030352470289,0.0
2024-10-24 01:44:47,0.0,-91.46124445585609,125.09331065971917, 0.0,-33.63206620386308,0.0
2024-10-24 01:44:47,0.0,-91.43626527968489,125.11011159845495, 0.0,-33.67384631877007,0.0
2024-10-24 01:44:47,0.0,-91.51804472143722,125.05491837479161, 0.0,-33.53687365335441,0.0
2024-10-24 01:44:47,0.0,-91.90844888524563,124.78376881618733, 0.0,-32.87531993094173,0.0
2024-10-24 01:44:47,0.0,-92.2719592147923,124.51936946131657, 0.0,-32.247410246524275,0.0
2024-10-24 01:44:47,0.0,-92.45382948394862,124.38253631303881, 0.0,-31.9287068290902,0.0
2024-10-24 01:44:47,0.0,-92.7071592838376,124.18664206162003, 0.0,-31.47948277778243,0.0
2024-10-24 01:44:47,0.0,-92.87730301918396,124.05148390908376, 0.0,-31.1741808898998,0.0
2024-10-24 01:44:47,0.0,-93.04526337716916,123.91512639513584, 0.0,-30.86986301796668,0.0
2024-10-24 01:44:48,0.0,-93.16796800278975,123.81361285836262, 0.0,-30.645644855572886,0.0
2024-10-24 01:44:48,0.0,-93.2672730782842,123.73025585901713, 0.0,-30.462982780732933,0.0
2024-10-24 01:44:48,0.0,-93.28949196521576,123.71145570987323, 0.0,-30.42196374465748,0.0
2024-10-24 01:44:48,0.0,-93.3116712332289,123.69263403224937, 0.0,-30.38096279902048,0.0
2024-10-24 01:44:48,0.0,-93.26793690260189,123.72969497253887, 0.0,-30.461758069936995,0.0
2024-10-24 01:44:48,0.0,-92.8876247029222,124.04318932081252, 0.0,-31.155564617890313,0.0
2024-10-24 01:44:48,0.0,-92.67880127896649,124.20888470230186, 0.0,-31.530083423335398,0.0
2024-10-24 01:44:48,0.0,-92.46669708675006,124.37273646727428, 0.0,-31.90603938052422,0.0
2024-10-24 01:44:48,0.0,-92.2510982254377,124.53486676372509, 0.0,-32.28376853828738,0.0
2024-10-24 01:44:48,0.0,-91.97840001157832,124.73380651857842, 0.0,-32.755406507000096,0.0
2024-10-24 01:44:48,0.0,-91.92444241341258,124.77238328263697, 0.0,-32.8479408692244,0.0
2024-10-24 01:44:48,0.0,-91.70051192804262,124.92978839062964, 0.0,-33.22927646258702,0.0
2024-10-24 01:44:48,0.0,-91.59016683071846,125.00578927696985, 0.0,-33.4156224462514,0.0
2024-10-24 01:44:48,0.0,-91.5099234867033,125.0604237679304, 0.0,-33.5505002812271,0.0
2024-10-24 01:44:48,0.0,-91.39819143117275,125.13562315043512, 0.0,-33.73743171926239,0.0
2024-10-24 01:44:48,0.0,-91.23579629282295,125.243138913893, 0.0,-34.00734262107005,0.0
2024-10-24 01:44:48,0.0,-91.15351525229197,125.29682320021615, 0.0,-34.14330794792418,0.0
2024-10-24 01:44:48,0.0,-91.102742624699,125.32968841428652, 0.0,-34.22694578958751,0.0
2024-10-24 01:44:48,0.0,-90.9623576651187,125.41953575141363, 0.0,-34.45717808629493,0.0
2024-10-24 01:44:48,0.0,-90.91098205830161,125.4520450839778, 0.0,-34.54106302567618,0.0
2024-10-24 01:44:48,0.0,-90.85924312473595,125.48458562485634, 0.0,-34.62534250012038,0.0
2024-10-24 01:44:48,0.0,-90.77521916782388,125.53701047981508, 0.0,-34.76179131199121,0.0
2024-10-24 01:44:48,0.0,-90.72325764576581,125.56917235529173, 0.0,-34.84591470952593,0.0
2024-10-24 01:44:48,0.0,-90.61226512839386,125.63721843330134, 0.0,-35.02495330490749,0.0
2024-10-24 01:44:48,0.0,-90.55979725115277,125.66907826496576, 0.0,-35.10928101381299,0.0
2024-10-24 01:44:48,0.0,-90.50695280783746,125.70096986637809, 0.0,-35.194017058540645,0.0
2024-10-24 01:44:48,0.0,-90.48068399261399,125.71675002208275, 0.0,-35.236066029468766,0.0
2024-10-24 01:44:48,0.0,-90.40120309838036,125.76420236131831, 0.0,-35.362999262937954,0.0
2024-10-24 01:44:48,0.0,-90.37455460270608,125.7800141973069, 0.0,-35.405459594600835,0.0
2024-10-24 01:44:48,0.0,-90.25477923506317,125.85048097584453, 0.0,-35.595701740781365,0.0
2024-10-24 01:44:48,0.0,-90.2281279026629,125.86602779382183, 0.0,-35.63789989115894,0.0
2024-10-24 01:44:48,0.0,-90.17447965442311,125.89717776822616, 0.0,-35.72269811380305,0.0
2024-10-24 01:44:48,0.0,-90.12044029143281,125.92835983254912, 0.0,-35.80791954111631,0.0
2024-10-24 01:44:48,0.0,-90.09335798658348,125.94391383569788, 0.0,-35.85055584911439,0.0
2024-10-24 01:44:48,0.0,-90.06646379943054,125.95931169341685, 0.0,-35.89284789398632,0.0
2024-10-24 01:44:48,0.0,-90.03929886216865,125.97481608121343, 0.0,-35.9355172190448,0.0
2024-10-24 01:44:48,0.0,-90.01209210389166,125.99029567952617, 0.0,-35.978203575634524,0.0
2024-10-24 01:44:48,0.0,-89.95778671964176,126.02104846379503, 0.0,-36.06326174415326,0.0
2024-10-24 01:44:48,0.0,-89.93045532121637,126.03645338185635, 0.0,-36.10599806063997,0.0
2024-10-24 01:44:48,0.0,-89.90308201588851,126.05183338563559, 0.0,-36.148751369747075,0.0
2024-10-24 01:44:48,0.0,-89.8759033233977,126.06705616556565, 0.0,-36.191152842167945,0.0
2024-10-24 01:44:48,0.0,-89.8484471000427,126.0823861273347, 0.0,-36.233939027292,0.0
2024-10-24 01:44:48,0.0,-89.8209489066307,126.09769108131202, 0.0,-36.27674217468133,0.0
2024-10-24 01:44:48,0.0,-89.79340872158161,126.11297099582218, 0.0,-36.31956227424057,0.0
2024-10-24 01:44:48,0.0,-89.7384436440944,126.14332272611568, 0.0,-36.40487908202129,0.0
2024-10-24 01:44:49,0.0,-89.71077832653214,126.1585272201646, 0.0,-36.44774889363248,0.0
2024-10-24 01:44:49,0.0,-89.68307093377524,126.17370654918446, 0.0,-36.49063561540923,0.0
2024-10-24 01:44:49,0.0,-89.65556570362907,126.188727500512, 0.0,-36.53316179688294,0.0
2024-10-24 01:44:49,0.0,-89.62802029624794,126.20372301174089, 0.0,-36.57570271549294,0.0
2024-10-24 01:44:49,0.0,-89.60018850921723,126.21882644226602, 0.0,-36.61863793304881,0.0
2024-10-24 01:44:49,0.0,-89.5446465990523,126.24882380716275, 0.0,-36.70417720811045,0.0
2024-10-24 01:44:49,0.0,-89.51693839019663,126.26371747730893, 0.0,-36.7467790871123,0.0
2024-10-24 01:44:49,0.0,-89.4889398301221,126.27871935662364, 0.0,-36.78977952650155,0.0
2024-10-24 01:44:49,0.0,-89.43306806065456,126.30851285175517, 0.0,-36.875444791100605,0.0
2024-10-24 01:44:49,0.0,-89.4049437280198,126.32343829510711, 0.0,-36.91849456708732,0.0
2024-10-24 01:44:49,0.0,-89.37703115013039,126.3382040533559, 0.0,-36.9611729032255,0.0
2024-10-24 01:44:55,0.0,-89.33875417477343,126.29948164295318, 0.0,-36.960727468179776,0.0
2024-10-24 01:44:55,0.0,-89.29670419816233,126.25691172059538, 0.0,-36.96020752243306,0.0
2024-10-24 01:44:55,0.0,-89.12722071589204,126.08500777439335, 0.0,-36.95778705850133,0.0
2024-10-24 01:44:55,0.0,-88.89607426675722,125.84972134233573, 0.0,-36.953647075578516,0.0
2024-10-24 01:44:55,0.0,-88.66137804410936,125.60983134358214, 0.0,-36.94845329947278,0.0
2024-10-24 01:44:55,0.0,-88.16588574157717,125.10009834293923, 0.0,-36.9342126013621,0.0
2024-10-24 01:44:55,0.0,-87.66989191577048,124.585400033291, 0.0,-36.91550811752051,0.0
2024-10-24 01:44:55,0.0,-86.85998946095715,123.73539777427864, 0.0,-36.87540831332147,0.0
2024-10-24 01:44:55,0.0,-86.0538998999256,122.87764794301663, 0.0,-36.82374804309104,0.0
2024-10-24 01:44:55,0.0,-85.5021325358566,122.28377754427748, 0.0,-36.781645008420895,0.0
2024-10-24 01:44:55,0.0,-84.7943740519402,121.51401349553629, 0.0,-36.7196394435961,0.0
2024-10-24 01:44:55,0.0,-84.25111144536163,120.91707443972487, 0.0,-36.66596299436325,0.0
2024-10-24 01:44:55,0.0,-82.77584328332006,119.2695233412316, 0.0,-36.49368005791155,0.0
2024-10-24 01:44:55,0.0,-82.18961217351347,118.60412542937026, 0.0,-36.4145132558568,0.0
2024-10-24 01:44:55,0.0,-81.67137479196994,118.01086217312572, 0.0,-36.339487381155784,0.0
2024-10-24 01:44:55,0.0,-80.87204882818257,117.08658536047471, 0.0,-36.214536532292136,0.0
2024-10-24 01:44:55,0.0,-80.394230554176,116.52875112236894, 0.0,-36.13452056819295,0.0
2024-10-24 01:44:55,0.0,-79.95232893985413,116.00932018729179, 0.0,-36.056991247437665,0.0
2024-10-24 01:44:55,0.0,-79.52887505475283,115.50840547222406, 0.0,-35.97953041747123,0.0
2024-10-24 01:44:55,0.0,-79.27497910353065,115.2065836380139, 0.0,-35.93160453448323,0.0
2024-10-24 01:44:55,0.0,-78.91224334113465,114.77345658686004, 0.0,-35.86121324572539,0.0
2024-10-24 01:44:55,0.0,-78.76705040822335,114.59945635381135, 0.0,-35.832405945588,0.0
2024-10-24 01:44:55,0.0,-78.66418792118338,114.47596713457709, 0.0,-35.81177921339373,0.0
2024-10-24 01:44:55,0.0,-78.47232806220362,114.24515155950365, 0.0,-35.77282349730003,0.0
2024-10-24 01:44:55,0.0,-78.25744823684211,113.98589738867209, 0.0,-35.728449151829984,0.0
2024-10-24 01:44:55,0.0,-78.06707110412007,113.75554999988259, 0.0,-35.688478895762515,0.0
2024-10-24 01:44:55,0.0,-77.87977176286978,113.52832648094403, 0.0,-35.64855471807424,0.0
2024-10-24 01:44:55,0.0,-77.69297232459955,113.30111779299088, 0.0,-35.60814546839135,0.0
2024-10-24 01:44:55,0.0,-77.54265276754211,113.11785226608566, 0.0,-35.57519949854355,0.0
2024-10-24 01:44:55,0.0,-77.32566904991441,112.85263954425496, 0.0,-35.52697049434054,0.0
2024-10-24 01:44:55,0.0,-77.29459078543923,112.81458859779657, 0.0,-35.51999781235737,0.0
2024-10-24 01:44:56,0.0,-77.3261400368027,112.85321607618397, 0.0,-35.527076039381285,0.0
2024-10-24 01:44:56,0.0,-77.43044474953129,112.98080279486528, 0.0,-35.550358045334,0.0
2024-10-24 01:44:56,0.0,-77.6076073602779,113.19708994994829, 0.0,-35.589482589670396,0.0
2024-10-24 01:44:56,0.0,-77.80052613956121,113.432010195542, 0.0,-35.63148405598079,0.0
2024-10-24 01:44:56,0.0,-78.14797035178668,113.8535094982382, 0.0,-35.70553914645153,0.0
2024-10-24 01:44:56,0.0,-78.46039148681741,114.23077061210797, 0.0,-35.770379125290546,0.0
2024-10-24 01:44:56,0.0,-78.94055898576781,114.80734822220553, 0.0,-35.86678923643775,0.0
2024-10-24 01:44:56,0.0,-79.61654052578413,115.61236114663505, 0.0,-35.99582062085093,0.0
2024-10-24 01:44:56,0.0,-80.18229268407764,116.28005207419389, 0.0,-36.09775939011626,0.0
2024-10-24 01:44:56,0.0,-80.94454845482208,117.17087851832275, 0.0,-36.226330063500676,0.0
2024-10-24 01:44:56,0.0,-81.7490591793893,118.10009369714837, 0.0,-36.35103451775907,0.0
2024-10-24 01:44:56,0.0,-82.42625359759201,118.87345371982197, 0.0,-36.447200122229965,0.0
2024-10-24 01:44:56,0.0,-83.24513724397792,119.79781360718927, 0.0,-36.552676363211354,0.0
2024-10-24 01:44:56,0.0,-83.9868433173423,120.62479068054344, 0.0,-36.637947363201164,0.0
2024-10-24 01:44:56,0.0,-84.45026512276165,121.13651749665627, 0.0,-36.686252373894646,0.0
2024-10-24 01:44:56,0.0,-85.00135093626704,121.74005197846479, 0.0,-36.73870104219776,0.0
2024-10-24 01:44:56,0.0,-85.8444834497493,122.65289611364253, 0.0,-36.808412663893215,0.0
2024-10-24 01:44:56,0.0,-86.60264629172363,123.46283446398199, 0.0,-36.860188172258354,0.0
2024-10-24 01:44:56,0.0,-87.41920409338093,124.32356625970196, 0.0,-36.904362166321036,0.0
2024-10-24 01:44:56,0.0,-88.24327404804613,125.18000367360277, 0.0,-36.93672962555663,0.0
2024-10-24 01:44:56,0.0,-89.11059457449163,126.0681161559039, 0.0,-36.957521581412266,0.0
2024-10-24 01:44:56,0.0,-89.96087919015658,126.92555509829484, 0.0,-36.964675908138275,0.0
2024-10-24 01:44:56,0.0,-90.7574220831384,127.71691317298543, 0.0,-36.95949108984704,0.0
2024-10-24 01:44:56,0.0,-91.58887163934901,128.530688139058, 0.0,-36.941816499709,0.0
2024-10-24 01:44:56,0.0,-92.28250633257996,129.20000256874403, 0.0,-36.91749623616408,0.0
2024-10-24 01:44:56,0.0,-92.83669366969823,129.72850717803115, 0.0,-36.8918135083329,0.0
2024-10-24 01:44:56,0.0,-93.27314126459915,130.14082487939143, 0.0,-36.86768361479231,0.0
2024-10-24 01:44:56,0.0,-93.70008779318172,130.54084316676543, 0.0,-36.840755373583725,0.0
2024-10-24 01:44:56,0.0,-94.1028468077924,130.915190662263, 0.0,-36.812343854470605,0.0
2024-10-24 01:44:56,0.0,-94.50955356055023,131.29024770577644, 0.0,-36.78069414522622,0.0
2024-10-24 01:44:56,0.0,-94.91415284792274,131.66041506914345, 0.0,-36.74626222122074,0.0
2024-10-24 01:44:56,0.0,-95.29580169853368,132.00689659143907, 0.0,-36.711094892905415,0.0
2024-10-24 01:44:56,0.0,-95.68678009153025,132.35914654859587, 0.0,-36.672366457065614,0.0
2024-10-24 01:44:56,0.0,-96.0641908205237,132.6965845324601, 0.0,-36.632393711936395,0.0
2024-10-24 01:44:56,0.0,-96.45894812258274,133.04681713766985, 0.0,-36.587869015087115,0.0
2024-10-24 01:44:56,0.0,-96.82280288081166,133.367179871419, 0.0,-36.544376990607354,0.0
2024-10-24 01:44:56,0.0,-97.20755490082612,133.70338854806695, 0.0,-36.49583364724086,0.0
2024-10-24 01:44:56,0.0,-97.6019807622471,134.04533279488228, 0.0,-36.44335203263518,0.0
2024-10-24 01:44:56,0.0,-98.0446224567279,134.42581000471034, 0.0,-36.381187547982464,0.0
2024-10-24 01:44:56,0.0,-98.41426962249488,134.74090397235463, 0.0,-36.32663434985977,0.0
2024-10-24 01:44:56,0.0,-98.82389487960025,135.0872780406759, 0.0,-36.26338316107568,0.0
2024-10-24 01:44:56,0.0,-99.22839386231742,135.4264399731646, 0.0,-36.19804611084721,0.0
2024-10-24 01:44:56,0.0,-99.64801268259518,135.77526822439884, 0.0,-36.127255541803656,0.0
2024-10-24 01:44:56,0.0,-100.07611133720178,136.12799709796397, 0.0,-36.051885760762175,0.0
2024-10-24 01:44:56,0.0,-100.4921003207174,136.46771341834415, 0.0,-35.97561309762677,0.0
2024-10-24 01:44:56,0.0,-100.91916694901185,136.81337678350982, 0.0,-35.89420983449797,0.0
2024-10-24 01:44:56,0.0,-101.35161991062084,137.16021320319044, 0.0,-35.808593292569604,0.0
2024-10-24 01:44:56,0.0,-101.82703701449088,137.53782420799448, 0.0,-35.7107871935036,0.0
2024-10-24 01:44:56,0.0,-102.2176025946149,137.84516652157274, 0.0,-35.62756392695785,0.0
2024-10-24 01:44:56,0.0,-102.65192789542334,138.18391463136882, 0.0,-35.53198673594549,0.0
2024-10-24 01:44:56,0.0,-103.09082917268995,138.52300628155794, 0.0,-35.43217710886798,0.0
2024-10-24 01:44:56,0.0,-103.5359039999006,138.86357326449667, 0.0,-35.32766926459607,0.0
2024-10-24 01:44:56,0.0,-103.99516440780452,139.21153583220578, 0.0,-35.21637142440126,0.0
2024-10-24 01:44:56,0.0,-104.43742506574597,139.5433159493012, 0.0,-35.105890883555226,0.0
2024-10-24 01:44:56,0.0,-104.91071667946956,139.89480675433052, 0.0,-34.984090074860966,0.0
2024-10-24 01:44:56,0.0,-105.40485503707924,140.25786661218612, 0.0,-34.853011575106905,0.0
2024-10-24 01:44:57,0.0,-105.95479283345131,140.65725612109415, 0.0,-34.70246328764285,0.0
2024-10-24 01:44:57,0.0,-106.50432480970682,141.05147451498647, 0.0,-34.547149705279644,0.0
2024-10-24 01:44:57,0.0,-107.18823647811864,141.53534168416817, 0.0,-34.347105206049534,0.0
2024-10-24 01:44:57,0.0,-108.11277421917872,142.17767467403579, 0.0,-34.064900454857074,0.0
2024-10-24 01:44:57,0.0,-109.12679817871978,142.86681640960057, 0.0,-33.740018230880814,0.0
2024-10-24 01:44:57,0.0,-110.33035625047873,143.6642514492845, 0.0,-33.333895198805784,0.0
2024-10-24 01:44:57,0.0,-111.58152770871703,144.47007166149513, 0.0,-32.888543952778065,0.0
2024-10-24 01:44:57,0.0,-111.61314131549523,144.49013096171308, 0.0,-32.876989646217844,0.0
2024-10-24 01:44:57,0.0,-111.5422101398756,144.445103493743, 0.0,-32.90289335386742,0.0
2024-10-24 01:44:57,0.0,-111.24268545171354,144.25414286567297, 0.0,-33.01145741395942,0.0
2024-10-24 01:44:57,0.0,-110.95491680787588,144.06942221169857, 0.0,-33.11450540382273,0.0
2024-10-24 01:44:57,0.0,-110.55055302052465,143.80776804398573, 0.0,-33.2572150234611,0.0
2024-10-24 01:44:57,0.0,-109.86779357864496,143.3603835020974, 0.0,-33.49258992345244,0.0
2024-10-24 01:44:57,0.0,-109.27931236048722,142.9690913700405, 0.0,-33.68977900955328,0.0
2024-10-24 01:44:57,0.0,-108.22604979069641,142.2554511317972, 0.0,-34.02940134110081,0.0
2024-10-24 01:44:57,0.0,-107.5766597263042,141.80684349239343, 0.0,-34.230183766089226,0.0
2024-10-24 01:44:57,0.0,-107.36574915989354,141.65971631997232, 0.0,-34.29396716007881,0.0
2024-10-24 01:44:57,0.0,-107.14662652992632,141.5061153383947, 0.0,-34.35948880846838,0.0
2024-10-24 01:44:57,0.0,-106.15180372261818,140.7991446336137, 0.0,-34.647340910995524,0.0
2024-10-24 01:44:57,0.0,-105.43916035005132,140.28292413798772, 0.0,-34.8437637879364,0.0
2024-10-24 01:44:57,0.0,-104.63248869770352,139.688626000271, 0.0,-35.0561373025675,0.0
2024-10-24 01:44:57,0.0,-104.11195145121826,139.29946254923004, 0.0,-35.18751109801179,0.0
2024-10-24 01:44:57,0.0,-103.13903724942878,138.56005453037807, 0.0,-35.421017280949286,0.0
2024-10-24 01:44:57,0.0,-102.47238717014176,138.04426933485541, 0.0,-35.571882164713664,0.0
2024-10-24 01:44:57,0.0,-101.92296770967275,137.6135532437482, 0.0,-35.69058553407547,0.0
2024-10-24 01:44:57,0.0,-101.32262333297885,137.13705735008682, 0.0,-35.814434017107985,0.0
2024-10-24 01:44:57,0.0,-100.87185295482817,136.77523560105226, 0.0,-35.90338264622409,0.0
2024-10-24 01:44:57,0.0,-100.162090245309,136.1984563999191, 0.0,-36.03636615461013,0.0
2024-10-24 01:44:57,0.0,-99.44094712727826,135.60351763443094, 0.0,-36.16257050715269,0.0
2024-10-24 01:44:57,0.0,-98.83471358944917,135.09638642113117, 0.0,-36.26167283168201,0.0
2024-10-24 01:44:57,0.0,-98.48891950674196,134.8042459230022, 0.0,-36.31532641626025,0.0
2024-10-24 01:44:57,0.0,-97.46807048310285,133.92954843226107, 0.0,-36.46147794915821,0.0
2024-10-24 01:44:57,0.0,-96.64332207533272,133.2094463515205, 0.0,-36.56612427618781,0.0
2024-10-24 01:44:57,0.0,-96.1147475090493,132.7415937826658, 0.0,-36.62684627361653,0.0
2024-10-24 01:44:57,0.0,-96.01610600593956,132.65373368037717, 0.0,-36.6376276744376,0.0
2024-10-24 01:44:57,0.0,-95.09700529070626,131.82674382029728, 0.0,-36.729738529591025,0.0
2024-10-24 01:44:57,0.0,-94.20583394533703,131.01044441536558, 0.0,-36.80461047002859,0.0
2024-10-24 01:44:57,0.0,-93.31996978014804,130.18486025502912, 0.0,-36.86489047488107,0.0
2024-10-24 01:44:57,0.0,-92.4072405053735,129.3194401738324, 0.0,-36.91219966845889,0.0
2024-10-24 01:44:57,0.0,-91.49988113634689,128.4441876416112, 0.0,-36.944306505264315,0.0
2024-10-24 01:44:57,0.0,-90.66498239102313,127.62566495384272, 0.0,-36.960682562819585,0.0
2024-10-24 01:44:57,0.0,-89.80249573777526,126.76683201542146, 0.0,-36.96433627764621,0.0
2024-10-24 01:44:57,0.0,-88.95376641078609,125.90853743210178, 0.0,-36.95477102131571,0.0
2024-10-24 01:44:57,0.0,-87.24529689056801,124.14125979664323, 0.0,-36.895962906075226,0.0
2024-10-24 01:44:57,0.0,-86.43978497664686,123.28972412745877, 0.0,-36.84993915081191,0.0
2024-10-24 01:44:57,0.0,-85.63592076146544,122.4282769965083, 0.0,-36.792356235042874,0.0
2024-10-24 01:44:57,0.0,-84.73601875416347,121.45014538502642, 0.0,-36.714126630862964,0.0
2024-10-24 01:44:57,0.0,-83.95960984287863,120.59459937100766, 0.0,-36.63498952812903,0.0
2024-10-24 01:44:57,0.0,-83.18855365328952,119.73432362386153, 0.0,-36.54576997057202,0.0
2024-10-24 01:44:57,0.0,-82.62578549537609,119.09977897085454, 0.0,-36.47399347547847,0.0
2024-10-24 01:44:57,0.0,-82.42250473294185,118.86919472825599, 0.0,-36.44668999531415,0.0
2024-10-24 01:44:57,0.0,-82.2620101176455,118.68662836654198, 0.0,-36.42461824889648,0.0
2024-10-24 01:44:57,0.0,-82.00631526911704,118.39483211415552, 0.0,-36.388516845038474,0.0
2024-10-24 01:44:57,0.0,-81.77651744924806,118.13160807274372, 0.0,-36.35509062349566,0.0
2024-10-24 01:44:57,0.0,-81.62585667943306,117.95852897520408, 0.0,-36.33267229577101,0.0
2024-10-24 01:44:58,0.0,-81.55066261513537,117.87199707942175, 0.0,-36.32133446428638,0.0
2024-10-24 01:44:58,0.0,-81.48367386759571,117.79482423142082, 0.0,-36.311150363825114,0.0
2024-10-24 01:44:58,0.0,-81.45020635202737,117.7562392974711, 0.0,-36.30603294544373,0.0
2024-10-24 01:44:58,0.0,-81.34991080926541,117.64049040062089, 0.0,-36.290579591355495,0.0
2024-10-24 01:44:58,0.0,-81.28044675167122,117.56022025864736, 0.0,-36.27977350697615,0.0
2024-10-24 01:44:58,0.0,-81.24709006719348,117.52164448931252, 0.0,-36.27455442211903,0.0
2024-10-24 01:44:58,0.0,-81.21375102175872,117.48306967889137, 0.0,-36.26931865713265,0.0
2024-10-24 01:44:58,0.0,-81.28145783602291,117.5613892363748, 0.0,-36.27993140035188,0.0
2024-10-24 01:44:58,0.0,-81.78153166142086,118.13736154950476, 0.0,-36.35582988808393,0.0
2024-10-24 01:44:58,0.0,-82.29359581771679,118.72259372710131, 0.0,-36.42899790938452,0.0
2024-10-24 01:44:58,0.0,-82.97695245737142,119.49639215085656, 0.0,-36.519439693485154,0.0
2024-10-24 01:44:58,0.0,-83.77555008704415,120.39020251628786, 0.0,-36.61465242924372,0.0
2024-10-24 01:44:58,0.0,-84.65279704935719,121.35895636221167, 0.0,-36.70615931285448,0.0
2024-10-24 01:44:58,0.0,-85.26136300599377,122.02292240653198, 0.0,-36.76155940053822,0.0
2024-10-24 01:44:58,0.0,-85.73799515431243,122.53830736098294, 0.0,-36.80031220667053,0.0
2024-10-24 01:44:58,0.0,-86.10716739528395,122.93469032155882, 0.0,-36.82752292627488,0.0
2024-10-24 01:44:58,0.0,-86.44519208139145,123.29547917718857, 0.0,-36.85028709579713,0.0
2024-10-24 01:44:58,0.0,-86.6261922001965,123.48782258685257, 0.0,-36.86163038665609,0.0
2024-10-24 01:44:59,0.0,-86.6640222198037,123.52794881093614, 0.0,-36.86392659113245,0.0
2024-10-24 01:44:59,0.0,-86.72916876042409,123.59698913586436, 0.0,-36.8678203754403,0.0
2024-10-24 01:44:59,0.0,-86.85569336140462,123.7308573921622, 0.0,-36.87516403075761,0.0
2024-10-24 01:44:59,-1.182687741142236e-14,-87.23313635164858,124.12849150143464, -1.969979368608011e-14,-36.89535514978606,1.575458161835183e-14
2024-10-24 01:44:59,-1.1872588050779704e-14,-87.49195903808652,124.39967297260418, -1.977025274214522e-14,-36.907713934517666,1.580836950683984e-14
2024-10-24 01:44:59,-1.1930219540644365e-14,-87.81646556136144,124.73796428031, -1.985985934431339e-14,-36.92149871894855,1.5877149457252688e-14
2024-10-24 01:44:59,-1.199055931912836e-14,-88.15409048557864,125.08790993272808, -1.995459494048632e-14,-36.933819447149446,1.5950308663262488e-14
2024-10-24 01:44:59,-1.2053788325161415e-14,-88.50558677841246,125.45004160368286, -2.005486851267326e-14,-36.944454825270405,1.6028223172666885e-14
2024-10-24 01:44:59,-1.2117326566570463e-14,-88.85648197778671,125.80932283971171, -2.0156659505606486e-14,-36.952840861925,1.6107803056408472e-14
2024-10-24 01:44:59,-1.2183137702524838e-14,-89.21752567402967,126.17666719330003, -2.026317156236065e-14,-36.95914151927037,1.6191580450560693e-14
2024-10-24 01:44:59,-1.22478183932187e-14,-89.57003127882248,126.53304570881363, -2.0368919633772736e-14,-36.96301442999114,1.6275252122588645e-14
2024-10-24 01:44:59,-1.2311792198093111e-14,-89.91645062169931,126.88107713989044, -2.0474546738212708e-14,-36.96462651819114,1.6359304294689008e-14
2024-10-24 01:44:59,-1.2378755442328982e-14,-90.27672456275586,127.24072038677555, -2.0586207915828707e-14,-36.96399582401969,1.644865860952616e-14
2024-10-24 01:44:59,-1.2447771120542827e-14,-90.64559284588756,127.60650567881547, -2.070246311721247e-14,-36.960912832927896,1.6542217906016187e-14
2024-10-24 01:44:59,-1.2519202344045675e-14,-91.02480749037684,127.97998057609797, -2.082403606952166e-14,-36.95517308572113,1.6640614498677038e-14
2024-10-24 01:44:59,-1.2588409299602664e-14,-91.38977684461442,128.3369656855767, -2.094303209484473e-14,-36.94718884096229,1.6737459324263462e-14
2024-10-24 01:44:59,-1.266244253702222e-14,-91.77759739451335,128.71365885814922, -2.1071640905160176e-14,-36.93606146363589,1.6842701666675382e-14
2024-10-24 01:44:59,-1.2740494341954214e-14,-92.18361902833708,129.105114402056, -2.120869984047702e-14,-36.92149537371892,1.6955493294094475e-14
2024-10-24 01:44:59,-1.2832864638290558e-14,-92.66043174899806,129.561015518844, -2.137284847679342e-14,-36.90058376984594,1.709140828566454e-14
2024-10-24 01:44:59,-1.292504808739229e-14,-93.13238582791202,130.00822687370916, -2.1538767918506907e-14,-36.875841045797166,1.722967368773708e-14
2024-10-24 01:44:59,-1.3042450704797662e-14,-93.7279780452879,130.5668600651661, -2.1753121699874188e-14,-36.83888201987823,1.7409560112261898e-14
2024-10-24 01:44:59,-1.3201312391333789e-14,-94.5244479583303,131.30392663695105, -2.204860822166729e-14,-36.779478678620734,1.7659741664559852e-14
2024-10-24 01:45:00,-1.3388023424825938e-14,-95.44721663935834,132.14363719316387, -2.240391944382906e-14,-36.69642055380553,1.7963753372329905e-14
2024-10-24 01:45:00,0.0,-96.40453742818508,132.9987081268533, 0.0,-36.59417069866822,0.0
2024-10-24 01:45:00,0.0,-96.90576745977708,133.43989873990765, 0.0,-36.53413128013058,0.0
2024-10-24 01:45:00,0.0,-96.81086455493045,133.35670582585988, 0.0,-36.54584127092944,0.0
2024-10-24 01:45:00,0.0,-96.60451674562383,133.1752678147612, 0.0,-36.570751069137394,0.0
2024-10-24 01:45:00,0.0,-96.33883190986177,132.94054227082324, 0.0,-36.6017103609615,0.0
2024-10-24 01:45:00,0.0,-95.50945376710071,132.19972378336263, 0.0,-36.69027001626194,0.0
2024-10-24 01:45:00,0.0,-95.0179026917458,131.7548629233235, 0.0,-36.73696023157769,0.0
2024-10-24 01:45:00,0.0,-94.32427969349263,131.11976028323588, 0.0,-36.795480589743256,0.0
2024-10-24 01:45:00,0.0,-93.4101250834587,130.2695268136638, 0.0,-36.859401730205114,0.0
2024-10-24 01:45:00,0.0,-92.73097987184818,129.6281207248931, 0.0,-36.897140853044945,0.0
2024-10-24 01:45:00,0.0,-91.81988321778086,128.75456681069235, 0.0,-36.93468359291148,0.0
2024-10-24 01:45:00,0.0,-91.00774372453677,127.96323106577124, 0.0,-36.95548734123447,0.0
2024-10-24 01:45:00,0.0,-90.28282911059273,127.24679397985705, 0.0,-36.96396486926433,0.0
2024-10-24 01:45:00,0.0,-89.5185358857271,126.48112499529955, 0.0,-36.96258910957247,0.0
2024-10-24 01:45:00,0.0,-88.84656157517549,125.79919598042706, 0.0,-36.95263440525158,0.0
2024-10-24 01:45:00,0.0,-88.3521095981472,125.29219565054713, 0.0,-36.94008605239994,0.0
2024-10-24 01:45:00,0.0,-87.8618666235819,124.78514212475478, 0.0,-36.923275501172895,0.0
2024-10-24 01:45:00,0.0,-87.51471728157202,124.42346003273835, 0.0,-36.908742751166336,0.0
2024-10-24 01:45:00,0.0,-87.2895006260793,124.18765023678209, 0.0,-36.8981496107028,0.0
2024-10-24 01:45:00,0.0,-86.60421289827694,123.46449733736382, 0.0,-36.8602844390869,0.0
2024-10-24 01:45:00,0.0,-86.26936711283773,123.10807008019196, 0.0,-36.838702967354244,0.0
2024-10-24 01:45:00,0.0,-86.04895614595746,122.87235125334293, 0.0,-36.823395107385466,0.0
2024-10-24 01:45:00,0.0,-85.7801041217188,122.58364387694196, 0.0,-36.803539755223184,0.0
2024-10-24 01:45:00,0.0,-85.42865209931131,122.20427746939514, 0.0,-36.775625370083844,0.0
2024-10-24 01:45:00,0.0,-85.21561712240307,121.97324272738283, 0.0,-36.75762560497975,0.0
2024-10-24 01:45:00,0.0,-84.88464547983646,121.61269280087666, 0.0,-36.728047321040194,0.0
2024-10-24 01:45:00,0.0,-84.42473232519693,121.1084230461957, 0.0,-36.68369072099877,0.0
2024-10-24 01:45:00,0.0,-84.15447440065249,120.81033713014227, 0.0,-36.65586272948978,0.0
2024-10-24 01:45:00,0.0,-83.51539997891396,120.10027981764446, 0.0,-36.58487983873052,0.0
2024-10-24 01:45:00,0.0,-83.07060416226183,119.60179513553008, 0.0,-36.531190973268274,0.0
2024-10-24 01:45:01,0.0,-82.68492389902077,119.16672345758494, 0.0,-36.48179955856417,0.0
2024-10-24 01:45:01,0.0,-82.24623199406945,118.66865586999764, 0.0,-36.42242387592819,0.0
2024-10-24 01:45:01,0.0,-81.93559467776555,118.31392342052258, 0.0,-36.378328742757056,0.0
2024-10-24 01:45:01,0.0,-81.46874013719186,117.77760945272477, 0.0,-36.30886931553291,0.0
2024-10-24 01:45:01,0.0,-80.96100362436515,117.18999769072056, 0.0,-36.228994066355405,0.0
2024-10-24 01:45:01,0.0,-80.64068625768701,116.81697453218385, 0.0,-36.17628827449684,0.0
2024-10-24 01:45:01,0.0,-80.20017275645333,116.3010635723552, 0.0,-36.100890815901884,0.0
2024-10-24 01:45:01,0.0,-79.6534498969474,115.65608948449645, 0.0,-36.00263958754906,0.0
2024-10-24 01:45:01,0.0,-79.17162724068368,115.08340557580682, 0.0,-35.91177833512316,0.0
2024-10-24 01:45:01,0.0,-78.81957235546419,114.66244064930127, 0.0,-35.8428682938371,0.0
2024-10-24 01:45:01,0.0,-78.52500067446849,114.30858147058488, 0.0,-35.7835807961164,0.0
2024-10-24 01:45:01,0.0,-78.16568593147807,113.87494615664244, 0.0,-35.70926022516437,0.0
2024-10-24 01:45:01,0.0,-78.06268356274073,113.75023402661051, 0.0,-35.68755046386978,0.0
2024-10-24 01:45:01,0.0,-78.03094725255036,113.71177238532032, 0.0,-35.68082513276997,0.0
2024-10-24 01:45:01,0.0,-77.99922540060177,113.67331119553143, 0.0,-35.674085794929674,0.0
2024-10-24 01:45:01,0.0,-77.96751797824597,113.6348504516871, 0.0,-35.667332473441135,0.0
2024-10-24 01:45:01,0.0,-77.93582495689311,113.59639014822612, 0.0,-35.66056519133302,0.0
2024-10-24 01:45:01,0.0,-77.96571437637448,113.6326621908173, 0.0,-35.666947814442835,0.0
2024-10-24 01:45:01,0.0,-78.28076008371445,114.0140613070417, 0.0,-35.733301223327246,0.0
2024-10-24 01:45:01,0.0,-78.69735301084194,114.51580247152009, 0.0,-35.818449460678174,0.0
2024-10-24 01:45:01,0.0,-79.48472347386121,115.45599941963, 0.0,-35.971275945768795,0.0
2024-10-24 01:45:01,0.0,-80.24798262419631,116.3572194042955, 0.0,-36.10923678009921,0.0
2024-10-24 01:45:01,0.0,-81.08142303876603,117.32976855342707, 0.0,-36.24834551466104,0.0
2024-10-24 01:45:01,0.0,-81.79651511476831,118.15455144031066, 0.0,-36.35803632554234,0.0
2024-10-24 01:45:01,0.0,-82.58249974327262,119.05074047135591, 0.0,-36.468240728083295,0.0
2024-10-24 01:45:01,0.0,-83.41436490188568,119.98735757651683, 0.0,-36.572992674631145,0.0
2024-10-24 01:45:01,0.0,-84.0085258797746,120.64881874299405, 0.0,-36.64029286321946,0.0
2024-10-24 01:45:01,0.0,-84.59276546235546,121.29310069732067, 0.0,-36.700335234965216,0.0
2024-10-24 01:45:01,0.0,-84.91847552206312,121.64963619635856, 0.0,-36.73116067429545,0.0
2024-10-24 01:45:01,0.0,-85.24604406008918,122.0062903276332, 0.0,-36.76024626754403,0.0
2024-10-24 01:45:01,0.0,-85.4779291926705,122.25760212723807, 0.0,-36.77967293456757,0.0
2024-10-24 01:45:01,0.0,-85.95276226535394,122.76920256398185, 0.0,-36.81644029862792,0.0
2024-10-24 01:45:01,0.0,-86.35787503477793,123.20247889317176, 0.0,-36.844603858393825,0.0
2024-10-24 01:45:01,0.0,-86.76237528217004,123.63215095254377, 0.0,-36.869775670373734,0.0
2024-10-24 01:45:01,0.0,-87.23778391445204,124.1333716542236, 0.0,-36.89558773977157,0.0
2024-10-24 01:45:01,0.0,-87.65701827783559,124.57198168198768, 0.0,-36.9149634041521,0.0
2024-10-24 01:45:01,0.0,-88.21154759132543,125.14725843477817, 0.0,-36.93571084345273,0.0
2024-10-24 01:45:01,0.0,-88.63865515418075,125.58655263353216, 0.0,-36.947897479351425,0.0
2024-10-24 01:45:01,0.0,-89.09905704598745,126.0563914588962, 0.0,-36.95733441290876,0.0
2024-10-24 01:45:01,0.0,-89.60708232927881,126.57037304995984, 0.0,-36.96329072068102,0.0
2024-10-24 01:45:01,0.0,-90.13429128890334,127.09881763600035, 0.0,-36.96452634709701,0.0
2024-10-24 01:45:01,0.0,-90.72195958809407,127.68192606724055, 0.0,-36.95996647914648,0.0
2024-10-24 01:45:01,0.0,-91.24697558291342,128.19757571769273, 0.0,-36.950600134779286,0.0
2024-10-24 01:45:01,0.0,-91.69789227080449,128.6364629166157, 0.0,-36.93857064581121,0.0
2024-10-24 01:45:02,0.0,-92.23953537966413,129.15879114292244, 0.0,-36.91925576325832,0.0
2024-10-24 01:45:02,0.0,-92.97195134014278,129.85665443261442, 0.0,-36.88470309247164,0.0
2024-10-24 01:45:02,0.0,-93.81583239673994,130.6487218083712, 0.0,-36.832889411631264,0.0
2024-10-24 01:45:02,0.0,-94.33561258200805,131.13020641187535, 0.0,-36.79459382986732,0.0
2024-10-24 01:45:02,0.0,-95.03260333261647,131.76822994050875, 0.0,-36.735626607892264,0.0
2024-10-24 01:45:02,0.0,-95.967569776944,132.6104387706174, 0.0,-36.64286899367341,0.0
2024-10-24 01:45:02,0.0,-96.53377700750578,133.1128936356362, 0.0,-36.579116628130436,0.0
2024-10-24 01:45:02,0.0,-97.12135742349932,133.62829424258513, 0.0,-36.506936819085816,0.0
2024-10-24 01:45:02,0.0,-97.62598532005794,134.06605468774134, 0.0,-36.440069367683414,0.0
2024-10-24 01:45:02,0.0,-97.80361751010149,134.21907965106743, 0.0,-36.41546214096595,0.0
2024-10-24 01:45:02,0.0,-98.28224505668457,134.6286392009055, 0.0,-36.34639414422094,0.0
2024-10-24 01:45:02,0.0,-98.62967952787703,134.92341807366492, 0.0,-36.29373854578788,0.0
2024-10-24 01:45:02,0.0,-98.9100800174776,135.15978143362844, 0.0,-36.24970141615085,0.0
2024-10-24 01:45:02,0.0,-99.12857641103446,135.34301083695382, 0.0,-36.214434425919364,0.0
2024-10-24 01:45:02,0.0,-99.23001164515766,135.4277907143655, 0.0,-36.19777906920784,0.0
2024-10-24 01:45:02,0.0,-99.43288445550739,135.59681498065405, 0.0,-36.16393052514667,0.0
2024-10-24 01:45:02,0.0,-99.59411289974913,135.73063271739443, 0.0,-36.13651981764531,0.0
2024-10-24 01:45:02,0.0,-99.69083192072009,135.81069177248065, 0.0,-36.11985985176056,0.0
2024-10-24 01:45:02,0.0,-99.78775479562293,135.89075678611061, 0.0,-36.10300199048769,0.0
2024-10-24 01:45:02,0.0,-99.84212844890466,135.93560189541074, 0.0,-36.09347344650609,0.0
2024-10-24 01:45:02,0.0,-99.89072832582498,135.97564168920013, 0.0,-36.08491336337516,0.0
2024-10-24 01:45:02,0.0,-99.93937970296398,136.0156829496011, 0.0,-36.07630324663716,0.0
2024-10-24 01:45:02,0.0,-99.89145408686967,135.9762393091872, 0.0,-36.08478522231754,0.0
2024-10-24 01:45:02,0.0,-99.39530813755648,135.5655621572513, 0.0,-36.1702540196948,0.0
2024-10-24 01:45:02,0.0,-98.8572945557303,135.1153909742776, 0.0,-36.258096418547325,0.0
2024-10-24 01:45:02,0.0,-98.234141068435,134.58765879914833, 0.0,-36.35351773071335,0.0
2024-10-24 01:45:02,0.0,-97.41781595090549,133.88601460115026, 0.0,-36.46819865024478,0.0
2024-10-24 01:45:02,0.0,-96.44089602150444,133.03086160988198, 0.0,-36.58996558837757,0.0
2024-10-24 01:45:02,0.0,-95.7882522747887,132.45012118007665, 0.0,-36.66186890528794,0.0
2024-10-24 01:45:02,0.0,-95.26189021687648,131.97621543922213, 0.0,-36.714325222345664,0.0
2024-10-24 01:45:02,0.0,-94.61492160838013,131.38693157932786, 0.0,-36.772009970947735,0.0
2024-10-24 01:45:02,0.0,-94.13337057642175,130.94344225921367, 0.0,-36.81007168279192,0.0
2024-10-24 01:45:02,0.0,-92.47383127933051,129.38308816829, 0.0,-36.90925688895947,0.0
2024-10-24 01:45:02,0.0,-91.99206320726972,128.92080227823016, 0.0,-36.92873907096043,0.0
2024-10-24 01:45:02,0.0,-91.5814577623465,128.52348718116465, 0.0,-36.94202941881813,0.0
2024-10-24 01:45:02,0.0,-90.62109842232559,127.58229241162213, 0.0,-36.96119398929656,0.0
2024-10-24 01:45:02,0.0,-89.84682700433187,126.81130416319611, 0.0,-36.964477158864256,0.0
2024-10-24 01:45:02,0.0,-89.40954812398445,126.37107857468689, 0.0,-36.96153045070245,0.0
2024-10-24 01:45:02,0.0,-88.44313242082546,125.38586092154517, 0.0,-36.94272850071974,0.0
2024-10-24 01:45:02,0.0,-87.79490004815752,124.71554173710449, 0.0,-36.920641688946986,0.0
2024-10-24 01:45:02,0.0,-87.11928110154047,124.00881648401351, 0.0,-36.88953538247305,0.0
2024-10-24 01:45:02,0.0,-86.49112209801297,123.34434353014149, 0.0,-36.85322143212853,0.0
2024-10-24 01:45:02,0.0,-85.94654135541167,122.76252615307091, 0.0,-36.81598479765923,0.0
2024-10-24 01:45:02,0.0,-85.54499477711904,122.33010637240973, 0.0,-36.785111595290694,0.0
2024-10-24 01:45:02,0.0,-85.01434687273218,121.75421918488487, 0.0,-36.7398723121527,0.0
2024-10-24 01:45:02,0.0,-84.47897674742029,121.1680957891058, 0.0,-36.68911904168553,0.0
2024-10-24 01:45:02,0.0,-84.09549216903845,120.74510836619812, 0.0,-36.64961619715969,0.0
2024-10-24 01:45:02,0.0,-83.71450374263145,120.32227787601505, 0.0,-36.60777413338361,0.0
2024-10-24 01:45:02,0.0,-83.25464137082702,119.80847220361994, 0.0,-36.553830832792926,0.0
2024-10-24 01:45:03,0.0,-83.04937820050668,119.57791938759256, 0.0,-36.528541187085864,0.0
2024-10-24 01:45:03,0.0,-82.73451292323261,119.2228104316302, 0.0,-36.488297508397565,0.0
2024-10-24 01:45:03,0.0,-82.57330673171464,119.04032143286051, 0.0,-36.46701470114589,0.0
2024-10-24 01:45:03,0.0,-82.36682814486663,118.80591276474271, 0.0,-36.439084619876084,0.0
2024-10-24 01:45:03,0.0,-82.08876147256484,118.48904456850401, 0.0,-36.40028309593918,0.0
2024-10-24 01:45:03,0.0,-81.88740994142371,118.25874676420435, 0.0,-36.37133682278064,0.0
2024-10-24 01:45:03,0.0,-81.72842733433158,118.07640542949277, 0.0,-36.34797809516117,0.0
2024-10-24 01:45:03,0.0,-81.5282393972901,117.84617368200884, 0.0,-36.31793428471876,0.0
2024-10-24 01:45:03,0.0,-81.30341184420826,117.58676722621115, 0.0,-36.2833553820029,0.0
2024-10-24 01:45:03,0.0,-81.1539720071396,117.41385395734375, 0.0,-36.25988195020417,0.0
2024-10-24 01:45:03,0.0,-80.99683582712683,117.23161459066647, 0.0,-36.23477876353965,0.0
2024-10-24 01:45:03,0.0,-80.69223355858115,116.87712418982042, 0.0,-36.18489063123928,0.0
2024-10-24 01:45:03,0.0,-80.44639914217296,116.58984895486284, 0.0,-36.14344981268989,0.0
2024-10-24 01:45:03,0.0,-80.07096316338887,116.14910027655944, 0.0,-36.07813711317058,0.0
2024-10-24 01:45:03,0.0,-79.82746721450059,115.86193974290231, 0.0,-36.034472528401736,0.0
2024-10-24 01:45:03,0.0,-79.63312116800995,115.63200795003067, 0.0,-35.998886782020726,0.0
2024-10-24 01:45:03,0.0,-79.43934468539024,115.40210175476503, 0.0,-35.96275706937479,0.0
2024-10-24 01:45:03,0.0,-79.22165146822466,115.14304895600284, 0.0,-35.92139748777819,0.0
2024-10-24 01:45:03,0.0,-79.07691506682147,114.97036359666468, 0.0,-35.89344852984322,0.0
2024-10-24 01:45:03,0.0,-79.01247078652217,114.89335936857483, 0.0,-35.88088858205268,0.0
2024-10-24 01:45:03,0.0,-78.9480880462414,114.81635761463211, 0.0,-35.86826956839071,0.0
2024-10-24 01:45:03,0.0,-78.8438401010239,114.69152658604754, 0.0,-35.847686485023665,0.0
2024-10-24 01:45:03,0.0,-78.81172121070382,114.65302855829854, 0.0,-35.841307347594736,0.0
2024-10-24 01:45:03,0.0,-78.77961751600206,114.61453111590306, 0.0,-35.83491359990103,0.0
2024-10-24 01:45:03,0.0,-78.81220774710455,114.65361185736565, 0.0,-35.841404110261095,0.0
2024-10-24 01:45:03,0.0,-78.84723886702074,114.69559934908608, 0.0,-35.84836048206534,0.0
2024-10-24 01:45:03,0.0,-78.87986439268629,114.73468467166673, 0.0,-35.85482027898045,0.0
2024-10-24 01:45:03,0.0,-78.91493926759578,114.77668399340668, 0.0,-35.861744725810915,0.0
2024-10-24 01:45:03,0.0,-79.02029100303307,114.90270751051631, 0.0,-35.882416507483235,0.0
2024-10-24 01:45:03,0.0,-79.16866722823896,115.07987503693467, 0.0,-35.91120780869571,0.0
2024-10-24 01:45:03,0.0,-79.41388247786668,115.37184405433857, 0.0,-35.9579615764719,0.0
2024-10-24 01:45:03,0.0,-79.9111536308026,115.96074871641483, 0.0,-36.04959508561223,0.0
2024-10-24 01:45:03,0.0,-80.63428415233732,116.80950079818139, 0.0,-36.17521664584408,0.0
2024-10-24 01:45:03,0.0,-81.4227214401389,117.72453707890723, 0.0,-36.30181563876833,0.0
2024-10-24 01:45:03,0.0,-82.25879576174913,118.68296732370368, 0.0,-36.42417156195456,0.0
2024-10-24 01:45:03,0.0,-83.02376603293337,119.54909924616692, 0.0,-36.52533321323355,0.0
2024-10-24 01:45:03,0.0,-83.85650052859819,120.48017162897607, 0.0,-36.623671100377884,0.0
2024-10-24 01:45:03,0.0,-84.62244750188223,121.32567044888977, 0.0,-36.703222947007525,0.0
2024-10-24 01:45:03,0.0,-85.44289583021414,122.21969564223035, 0.0,-36.77679981201622,0.0
2024-10-24 01:45:03,0.0,-86.28969925967755,123.12977026767841, 0.0,-36.84007100800087,0.0
2024-10-24 01:45:03,0.0,-87.12885904528504,124.01889302560602, 0.0,-36.89003398032098,0.0
2024-10-24 01:45:03,0.0,-87.9402768834834,124.86653320164679, 0.0,-36.92625631816337,0.0
2024-10-24 01:45:03,0.0,-88.76909972809275,125.7200607496375, 0.0,-36.95096102154474,0.0
2024-10-24 01:45:03,0.0,-89.64678087490074,126.61034001934732, 0.0,-36.96355914444658,0.0
2024-10-24 01:45:03,0.0,-90.45068082919576,127.41352996727966, 0.0,-36.96284913808389,0.0
2024-10-24 01:45:03,0.0,-91.38282445248952,128.33018792678345, 0.0,-36.947363474293965,0.0
2024-10-24 01:45:04,0.0,-92.13203029045407,129.05554179512473, 0.0,-36.92351150467065,0.0
2024-10-24 01:45:04,0.0,-92.37658902503163,129.2901163073921, 0.0,-36.913527282360484,0.0
2024-10-24 01:45:04,0.0,-92.51543635508884,129.42281395615214, 0.0,-36.9073776010633,0.0
2024-10-24 01:45:04,0.0,-92.5987023754213,129.50222493735433, 0.0,-36.90352256193303,0.0
2024-10-24 01:45:04,0.0,-92.5576733609906,129.4631111345566, 0.0,-36.905437773566014,0.0
2024-10-24 01:45:04,0.0,-92.31797086372096,129.23398979119722, 0.0,-36.91601892747624,0.0
2024-10-24 01:45:04,0.0,-92.06482365573306,128.99088945514396, 0.0,-36.9260657994109,0.0
2024-10-24 01:45:04,0.0,-91.60829935461494,128.54955318980643, 0.0,-36.94125383519148,0.0
2024-10-24 01:45:04,0.0,-91.08554467695214,128.0395563928521, 0.0,-36.95401171589995,0.0
2024-10-24 01:45:04,0.0,-90.62213837370902,127.5833206470467, 0.0,-36.9611822733377,0.0
2024-10-24 01:45:04,0.0,-90.38721730642834,127.35054832658619, 0.0,-36.96333102015786,0.0
2024-10-24 01:45:04,0.0,-90.14400968897809,127.10851152594181, 0.0,-36.964501836963734,0.0
2024-10-24 01:45:04,0.0,-89.85357326561218,126.81806874089412, 0.0,-36.96449547528195,0.0
2024-10-24 01:45:04,0.0,-89.41139384026542,126.37294401127818, 0.0,-36.96155017101277,0.0
2024-10-24 01:45:04,0.0,-89.05318998466184,126.00975646403037, 0.0,-36.956566479368554,0.0
2024-10-24 01:45:04,0.0,-88.55114656378298,125.49681617554404, 0.0,-36.94566961176107,0.0
2024-10-24 01:45:04,0.0,-88.18023055526821,125.11491789885426, 0.0,-36.934687343586056,0.0
2024-10-24 01:45:04,0.0,-87.75652001186181,124.67561564737032, 0.0,-36.919095635508526,0.0
2024-10-24 01:45:04,0.0,-87.07027522010215,123.95723359510794, 0.0,-36.88695837500579,0.0
2024-10-24 01:45:04,0.0,-86.65615041001287,123.51960132423447, 0.0,-36.863450914221595,0.0
2024-10-24 01:45:04,0.0,-86.18118392299674,123.01386737612616, 0.0,-36.832683453129434,0.0
2024-10-24 01:45:04,0.0,-85.78157456426607,122.58522644947065, 0.0,-36.8036518852046,0.0
2024-10-24 01:45:04,0.0,-85.3183973167576,122.08480866835619, 0.0,-36.76641135159859,0.0
2024-10-24 01:45:04,0.0,-85.04379974543164,121.78631532513002, 0.0,-36.7425155796984,0.0
2024-10-24 01:45:04,0.0,-84.7796196326639,121.49787098431378, 0.0,-36.71825135164989,0.0
2024-10-24 01:45:04,0.0,-84.66508954767633,121.37243349247044, 0.0,-36.70734394479411,0.0
2024-10-24 01:45:04,0.0,-84.5945579608779,121.2950680316388, 0.0,-36.70051007076093,0.0
2024-10-24 01:45:04,0.0,-84.48892153384458,121.17903006345807, 0.0,-36.690108529613504,0.0
2024-10-24 01:45:04,0.0,-84.45375213725856,121.1403534523653, 0.0,-36.68660131510674,0.0
2024-10-24 01:45:04,0.0,-84.4186040408981,121.10167819100505, 0.0,-36.68307415010697,0.0
2024-10-24 01:45:05,0.07037587638063407,-84.89012684135831,121.41882241653103, 0.11823390360669195,-36.528753923841485,-0.09500787612169401
2024-10-24 01:45:06,0.12355669612552597,-85.3218444975623,121.67419335145215, 0.2084462142046835,-36.35252986801005,-0.1678797508542956
2024-10-24 01:45:06,0.20900327294688437,-85.97196022307433,122.06604154262097, 0.3547733090849225,-36.094604185612205,-0.286674200537338
2024-10-24 01:45:06,0.2857360352608697,-86.50248880324702,122.39773285350705, 0.48734269175860545,-35.896228471781924,-0.3947899561398243
2024-10-24 01:45:06,0.39060499897895434,-87.04678765273363,122.79797988706731, 0.6685190558274307,-35.75304159719986,-0.5425403421918495
2024-10-24 01:45:06,0.5787237395857068,-87.93118357267817,123.4780378855542, 0.9953844801847073,-35.550944522458295,-0.809871225799828
2024-10-24 01:45:06,0.7006252649356863,-88.45002244841118,123.89664841528274, 1.2079717942273651,-35.45264282192238,-0.9840570927017878
2024-10-24 01:45:06,0.8845279436303525,-89.09338727391267,124.48538258733096, 1.52700055966609,-35.40160425159902,-1.2447747291527511
2024-10-24 01:45:06,1.0979204166262369,-89.81843049733833,125.14878993832755, 1.8981014906129312,-35.345196614178576,-1.5484358293086247
2024-10-24 01:45:06,1.3350693788637358,-90.59227597038713,125.86146100294296, 2.3112983466430554,-35.29117150171254,-1.8868847966151605
2024-10-24 01:45:06,1.4169391164635388,-90.83182594559497,126.09797920592365, 2.4531041057050413,-35.29092072502698,-2.002703434562655
2024-10-24 01:45:06,1.4920108362030886,-90.98423725622054,126.3005031202252, 2.579773693775585,-35.34367537763593,-2.1047891773894603
2024-10-24 01:45:06,1.527859969733085,-91.03493608098407,126.39262797325492, 2.6390124376203605,-35.38638985872017,-2.1520056746086365
2024-10-24 01:45:06,1.5357047887004645,-91.00432043040426,126.40492424865317, 2.649757481133053,-35.429551188741534,-2.1596162943529227
2024-10-24 01:45:06,1.6050123767971205,-91.03143957688206,126.5690273826788, 2.7599595925856684,-35.56904633098688,-2.24558042280022
2024-10-24 01:45:06,1.6445874369143223,-90.97196721569169,126.6483067411803, 2.8184084611942244,-35.709199389499446,-2.2891478244813435
2024-10-24 01:45:06,1.755619825875558,-90.89028758024087,126.88536392528992, 2.9854226896764695,-36.032084614513394,-2.415030707170484
2024-10-24 01:45:06,1.8536616888573392,-90.84795442603885,127.09868556269176, 3.132754951278531,-36.29160138111478,-2.525929221370241
2024-10-24 01:45:06,1.9816473448111176,-90.68567280480283,127.35446733645385, 3.315911954082713,-36.714792695639446,-2.6591664203773133
2024-10-24 01:45:06,2.049295987631746,-90.63233925182803,127.49477606685909, 3.4134995361621163,-36.91128182924169,-2.7304843935160332
2024-10-24 01:45:06,2.130538734196408,-90.53478614478861,127.65585058676177, 3.527462076247933,-37.17336326708352,-2.812016875595152
2024-10-24 01:45:06,2.18695521181707,-90.51482183540851,127.77632197572196, 3.6090672698131256,-37.31632383953558,-2.871689291477103
2024-10-24 01:45:06,2.21636420495375,-90.39331402463209,127.81732843528542, 3.643981998572883,-37.47999157549019,-2.8931834976322603
2024-10-24 01:45:06,2.3264911077901034,-90.27430910001024,128.03489805163213, 3.795726859114851,-37.82151839157482,-2.999988200675149
2024-10-24 01:45:06,2.3853173359450115,-90.02732493493006,128.1139064583722, 3.8632929551181747,-38.149882294005465,-3.0398410953499373
2024-10-24 01:45:06,2.432389391755714,-89.82812520279175,128.17590085233618, 3.916714006496952,-38.4129836393971,-3.070797493941993
2024-10-24 01:45:06,2.4794287279539438,-89.6276750369841,128.2367571090691, 3.9695401333121447,-38.67620376486478,-3.100917003907929
2024-10-24 01:45:06,2.537675233611455,-89.25106970213001,128.28417789633528, 4.025531237636816,-39.10236184557552,-3.12593949955803
2024-10-24 01:45:06,2.5567482087866433,-89.04176181294828,128.28100657040548, 4.037893267412373,-39.30902841805729,-3.126357372950295
2024-10-24 01:45:06,2.58552861701244,-88.78932505200498,128.28876930199255, 4.060792863670426,-39.57014949593367,-3.132370148369167
2024-10-24 01:45:06,2.5868038574285044,-88.66899893185249,128.2654730694598, 4.054495815234654,-39.66700574560023,-3.1231413258249736
2024-10-24 01:45:06,2.5704975995650505,-88.19329960902486,128.12570500491313, 4.000791373354476,-40.00122699664544,-3.066787544244189
2024-10-24 01:45:06,2.5421297285425957,-87.73310204707141,127.96050215325907, 3.932662099901519,-40.29401351560278,-3.001553149566195
2024-10-24 01:45:06,2.512514666557176,-87.40682849521201,127.82107807032543, 3.872068315864332,-40.47889309907474,-2.947160033317145
2024-10-24 01:45:06,2.4784104575360457,-87.1791468539146,127.69376876624594, 3.811787489459967,-40.5773013342643,-2.8969710785963048
2024-10-24 01:45:06,2.4379595205352262,-86.87932293842736,127.53444210854867, 3.738989833611051,-40.7154709209653,-2.8357102688806193
2024-10-24 01:45:06,2.2147345184787186,-85.8906727983632,126.80054006815152, 3.3797003649335338,-40.95923440270653,-2.5535414474470866
2024-10-24 01:45:06,2.109046979383346,-85.5149047594017,126.46943062272206, 3.215733403789951,-40.99922600573896,-2.4280703162736303
2024-10-24 01:45:06,1.9797187862529977,-85.01499424507611,126.04826652134464, 3.013995946945885,-41.07255194528641,-2.273090784848299
2024-10-24 01:45:06,1.852044694132378,-84.517466772463,125.62506176647165, 2.81561737592108,-41.141883916795386,-2.121131518848827
2024-10-24 01:45:06,1.74859136456479,-84.23356763646501,125.31069892506555, 2.660090627971116,-41.10773074447354,-2.004933553833829
2024-10-24 01:45:06,1.5167196617179912,-83.5096656610914,124.56972093405511, 2.3083714070659203,-41.08309355806055,-1.7403584657443998
2024-10-24 01:45:06,1.390915757704031,-83.15694039303509,124.17219618672263, 2.118908455406926,-41.034662264318406,-1.5986333153118923
2024-10-24 01:45:06,1.1406545755591924,-82.44659577854729,123.36456977101936, 1.741210021350572,-40.93107114775277,-1.315655034784352
2024-10-24 01:45:06,1.0219565336959096,-82.10553196948055,122.97345630606087, 1.5616451008204957,-40.87845641533101,-1.1808844789998698
2024-10-24 01:45:06,0.7604009851877551,-81.34421047677625,122.09263454548528, 1.1648468337842,-40.75427993649355,-0.8824421837129744
2024-10-24 01:45:06,0.5780601212366884,-80.86617117706756,121.48273073952679, 0.8879248993111583,-40.619959628201684,-0.6739974307160025
2024-10-24 01:45:06,0.427324549629157,-80.56269388234392,121.00160382722997, 0.6587871116446778,-40.44077972976284,-0.5013968978288521
2024-10-24 01:45:06,0.27832880249784997,-80.25889568463533,120.51880496976013, 0.4306741638815918,-40.26070755165346,-0.32865508176458835
2024-10-24 01:45:06,0.12138907179712671,-79.99758780208462,120.02404354738776, 0.1887436290148448,-40.02660884874482,-0.14452986541234286
2024-10-24 01:45:06,-0.1291433621508568,-79.51578905333868,119.19857975543738, -0.20224843136505108,-39.68296611636061,0.15564851759277915
2024-10-24 01:45:06,-0.338394909501911,-79.16763361927097,118.51558472856274, -0.5337128744868557,-39.34916991094654,0.41272302847752657
2024-10-24 01:45:06,-0.482295743503522,-78.98083197436323,118.05846065700837, -0.7650687148172881,-39.08012838335347,0.5939101660859052
2024-10-24 01:45:06,-0.6106781902796835,-78.73248064515104,117.61629881592182, -0.972758608346558,-38.88785352183224,0.7572008778922567
2024-10-24 01:45:06,-0.8824671350138188,-78.41079638914754,116.74158956896272, -1.4226935145588717,-38.33938774463366,1.1159780798213812
2024-10-24 01:45:06,-1.0046478202584521,-78.26207321025703,116.34091016606251, -1.6286794152975919,-38.09007701049863,1.2819702934254584
2024-10-24 01:45:06,-1.0827614535280286,-78.2323689077339,116.10767867767308, -1.7632659152712473,-37.88846127067456,1.3917488698870837
2024-10-24 01:45:06,-1.1732094214960933,-78.235568829207,115.8503004037448, -1.9217425760510083,-37.6303172799376,1.522168857617484
2024-10-24 01:45:06,-1.2660421013578467,-78.31833063094331,115.61467687456752, -2.088807514988859,-37.31470543352175,1.6615365134931293
2024-10-24 01:45:06,-1.434042799211794,-78.49577500009407,115.19428522295904, -2.3987514815584814,-36.722580114070105,1.9230970501927012
2024-10-24 01:45:06,-1.5024476124839012,-78.59120694731169,115.03022534845546, -2.5284514516745933,-36.46568959376474,2.033879593419655
2024-10-24 01:45:07,-1.6048160116006052,-78.79479659902357,114.80578987858256, -2.72820555573063,-36.04190136485712,2.2065685080569577
2024-10-24 01:45:07,-1.6813865140436937,-78.99700245476177,114.65506472834356, -2.882682276744292,-35.692431516987504,2.3418734153566945
2024-10-24 01:45:07,-1.7595673165209151,-79.3074054819395,114.53826557356614, -3.048264827451156,-35.26909624048753,2.4895361219692482
2024-10-24 01:45:07,-1.8085972147748555,-79.60509566042366,114.50183786545924, -3.1591797605464906,-34.9376412377004,2.590679930814334
2024-10-24 01:45:07,-1.831414761974782,-79.99788568167875,114.57696375305487, -3.224607847769834,-34.62151391843362,2.654508626685479
2024-10-24 01:45:07,-1.840113600652662,-80.46702189879545,114.71935374041907, -3.266924763275013,-34.295698123187016,2.6998677824794046
2024-10-24 01:45:07,-1.836298016892789,-80.98174922503617,114.91186085559863, -3.287303153421862,-33.97382418664743,2.727071413391592
2024-10-24 01:45:07,-1.7795979074618489,-81.84587378412492,115.3756579627721, -3.2193915122840617,-33.57146580181353,2.6832496608981184
2024-10-24 01:45:07,-1.7283758865273862,-82.39311171194913,115.70811657629038, -3.1446338926710946,-33.354644561277524,2.627457622266796
2024-10-24 01:45:07,-1.6771342632472641,-82.77359766765133,115.98197409010717, -3.0601828171163543,-33.24585347603486,2.5600413490910707
2024-10-24 01:45:07,-1.6219198068650817,-83.16150915830717,116.26677022633623, -2.967712825785216,-33.140450315328366,2.485627920192896
2024-10-24 01:45:07,-1.5102155052057342,-83.9182649368509,116.82472255537708, -2.7783307634114247,-32.93720131771732,2.332301630538335
2024-10-24 01:45:07,-1.4127468958554399,-84.40966674060977,117.25200488064569, -2.6036962187957218,-32.869309195813194,2.187315689346095
2024-10-24 01:45:07,-1.3238611315595672,-84.93809847300302,117.6592819274357, -2.448039032447939,-32.74497880710378,2.0593789426244906
2024-10-24 01:45:07,-1.2338761140915353,-85.46828558431665,118.06379259399425, -2.289584435633745,-32.61627846758398,1.9288135737785101
2024-10-24 01:45:07,-1.101037826130888,-86.00530855593749,118.5836369275645, -2.0442043185054493,-32.594880111084024,1.7224552925499008
2024-10-24 01:45:07,-0.9742289029960987,-86.57532461173669,119.08676095039834, -1.8121971764566946,-32.52442914811553,1.5281235920362004
2024-10-24 01:45:07,-0.8697586344512187,-86.93530095995798,119.46689497726541, -1.617054201157759,-32.54194208792188,1.3632780247113132
2024-10-24 01:45:07,-0.8012496148751217,-87.16985379023832,119.71338184400012, -1.4892387956969304,-32.55230631835598,1.2553620920817
2024-10-24 01:45:07,-0.7636872997461032,-87.29795360089798,119.84759927127108, -1.4192072173876502,-32.55761840533617,1.196250634926532
2024-10-24 01:45:07,-0.6999006417897042,-87.51468166075195,120.07403361391953, -1.3003538009910818,-32.566046102497246,1.095955676632839
2024-10-24 01:45:07,-0.6619663120550009,-87.6430945011609,120.2078154899845, -1.2297105667081065,-32.57070799141366,1.036357307902569
2024-10-24 01:45:07,-0.5837405373919222,-87.84898690483935,120.46783508277366, -1.0828188812766086,-32.62349421242237,0.912015621837252
2024-10-24 01:45:07,-0.5040912142654785,-88.05182891573467,120.72898743299731, -0.9336083020902775,-32.680615490353574,0.7858323251345937
2024-10-24 01:45:07,-0.34348939391211786,-88.37401415923894,121.22967316954794, -0.6331133859267533,-32.85725321458555,0.5318373664174498
2024-10-24 01:45:07,-0.17743362899941273,-88.72617829345752,121.74450984865118, -0.32561919080776774,-33.01875431618685,0.2730300405158945
2024-10-24 01:45:07,-0.012829789908456318,-89.04791761372151,122.24158579641602, -0.023434657365813127,-33.19367037832918,0.019610702771335864
2024-10-24 01:45:07,0.18018553385379255,-89.44081184735134,122.81911611387989, 0.3275095733577865,-33.378734305178035,-0.2734884652186832
2024-10-24 01:45:07,0.3760181299433948,-89.83368190972743,123.39428115271784, 0.6801613349604525,-33.562459068899734,-0.5667754576555123
2024-10-24 01:45:07,0.6240476437805976,-90.2417236473636,124.09133987813323, 1.1202441288123774,-33.85468291629859,-0.9303470715410496
2024-10-24 01:45:07,0.7500993297401966,-90.43341411350302,124.43730026005878, 1.3410931657640617,-34.01116372450574,-1.1117340007549428
2024-10-24 01:45:07,0.8675868235433405,-90.66075493261606,124.76620195812723, 1.5470213559722548,-34.11514543338494,-1.2808956173158512
2024-10-24 01:45:07,0.9360007092093695,-90.69721243366409,124.93776659057795, 1.6631832061709315,-34.25178503155201,-1.374863343101563
2024-10-24 01:45:07,1.0263334104624213,-90.78546394926562,125.1707611657601, 1.8168916888428674,-34.398726969620746,-1.4993250458340057
2024-10-24 01:45:07,1.1144044338484453,-90.75924435917733,125.37498658220372, 1.9612193619049445,-34.631439374725254,-1.613943195695404
2024-10-24 01:45:07,1.193066896390144,-90.6771191306095,125.54498718495378, 2.086306620080961,-34.88569065201053,-1.7116337704737672
2024-10-24 01:45:07,1.268084490939502,-90.50328250844703,125.68748314925291, 2.200022357979878,-35.2040993132152,-1.7979399223823036
2024-10-24 01:45:07,1.3637798434275152,-90.26893048891905,125.86487956296789, 2.342137852787752,-35.61861585902755,-1.9043106862690664
2024-10-24 01:45:07,1.5102029224239872,-89.81739991265817,126.11319364448944, 2.5501223800880175,-36.322882231119515,-2.0550886781608932
2024-10-24 01:45:07,1.5681270652546093,-89.58431261588282,126.19849476218737, 2.6280292398391247,-36.64305021466126,-2.109176643318993
2024-10-24 01:45:07,1.6037763841654875,-89.19198999895937,126.19783147506138, 2.6633149504266047,-37.03560953220959,-2.1265768492308452
2024-10-24 01:45:07,1.5853480135193818,-88.81781608977231,126.07492032233618, 2.617556171539524,-37.285928703669015,-2.0831177489914197
2024-10-24 01:45:07,1.5654886658188913,-88.57978446548746,125.97697652440182, 2.5765315445223447,-37.425157098463814,-2.0466564320455105
2024-10-24 01:45:07,1.5305193226209879,-88.29842844812069,125.83358362741733, 2.5111332363753105,-37.56175237749496,-1.9910408753557411
2024-10-24 01:45:07,1.4126641557298534,-87.45303214816451,125.36494716568072, 2.29830614395695,-37.934269333466496,-1.813079505844283
2024-10-24 01:45:07,1.3393556908891158,-87.0343822611145,125.0932034237285, 2.1719753742402053,-38.07881030204152,-1.710010537187036
2024-10-24 01:45:07,1.2575281390708208,-86.51696564613549,124.77323484115625, 2.030433499212481,-38.273766531386386,-1.5942682747721193
2024-10-24 01:45:07,1.1962027519413125,-86.26552509789995,124.5648638961092, 1.9296259466879633,-38.31514708049772,-1.5142286600681703
2024-10-24 01:45:07,1.0175183519307396,-85.31825484139624,123.89138442994485, 1.631642341575874,-38.584456825547235,-1.2755721051738749
2024-10-24 01:45:07,0.8606452802922056,-84.71474935109747,123.34776198373397, 1.3783484093569367,-38.64109941344305,-1.0766713652455813
2024-10-24 01:45:07,0.7552173131979429,-84.32815698446241,122.98208911656108, 1.2089831448196542,-38.66015451595887,-0.9441073435191513
2024-10-24 01:45:07,0.5707982741102778,-83.77446074792196,122.36758039795673, 0.9150074954930151,-38.59668201743756,-0.7151538067191832
2024-10-24 01:45:07,0.344434268996002,-83.08521814887858,121.59483895400587, 0.5531677622457607,-38.51092186624939,-0.432853167392276
2024-10-24 01:45:07,0.2342495611572889,-82.74577034025084,121.21110037933978, 0.3765788868152571,-38.46593278705649,-0.2948546853915665
2024-10-24 01:45:07,0.14604845619168053,-82.59921979412239,120.93970453748177, 0.23543460979522154,-38.340720095515245,-0.18466016838374572
2024-10-24 01:45:07,0.13422081087127616,-82.56237433026031,120.89783503849222, 0.2163921893504221,-38.33565952016012,-0.16973628440150307
2024-10-24 01:45:07,-0.040036555869862406,-82.49224419137306,120.42432606458406, -0.06512899077575512,-37.93209982105595,0.05136983612050866
2024-10-24 01:45:07,-0.17305390819860345,-82.4847807648877,120.07336361526299, -0.2836993939527182,-37.58892234900763,0.2248062380474512
2024-10-24 01:45:07,-0.326193088982786,-82.42550476355396,119.64918641332166, -0.5392159530428955,-37.22490387572481,0.429364535656947
2024-10-24 01:45:08,-0.5051484759412259,-82.29931503388944,119.12947720179893, -0.8426546313446137,-36.833135435173325,0.6744654415289139
2024-10-24 01:45:08,-0.6789840696854873,-82.17449898130482,118.61741656881918, -1.1429310928744019,-36.448365495894365,0.919408335582553
2024-10-24 01:45:08,-0.9111889462590628,-82.07491511724234,117.94504993966787, -1.5548118517588032,-35.88015356290183,1.2598842892413369
2024-10-24 01:45:08,-1.0915024238725437,-81.9816898349408,117.40988817034177, -1.8824823703030218,-35.442809657910665,1.5338340708112235
2024-10-24 01:45:08,-1.2397281531909126,-81.89316253595986,116.96074957199018, -2.1570835416591105,-35.086688364551044,1.7653809571678434
2024-10-24 01:45:08,-1.3844431278171705,-81.81024856828024,116.51868909164912, -2.4304187998076743,-34.73258012464598,1.99775613851186
2024-10-24 01:45:08,-1.5475574645877426,-81.75083720591576,116.02615721489033, -2.7465022541714577,-34.305972359220604,2.2692714675731316
2024-10-24 01:45:08,-1.7113885752469566,-81.60100400486635,115.49509624206642, -3.066857822059209,-33.932114977422664,2.5453277060750876
2024-10-24 01:45:08,-1.8566529626427946,-81.42067692521356,115.0025001493283, -3.353985967107677,-33.6271007691232,2.793706161233139
2024-10-24 01:45:08,-2.0639703233740527,-81.24245881143062,114.31722808025594, -3.7781658679104035,-33.13180121867545,3.165264412591888
2024-10-24 01:45:08,-2.153939364206774,-81.13219159264735,114.00501792352163, -3.963909062255427,-32.935414388103425,3.328414155286209
2024-10-24 01:45:08,-2.2769628510408877,-81.04115599722782,113.59554965252994, -4.226034836038212,-32.62518585176481,3.561107836323323
2024-10-24 01:45:08,-2.3330507270150576,-80.99889427616658,113.40734074337493, -4.347149134854981,-32.483183373809254,3.669062971964214
2024-10-24 01:45:08,-2.396607358977782,-80.98375012846361,113.20467908578881, -4.488306009704083,-32.30036030801404,3.795994111421318
2024-10-24 01:45:08,-2.429804770910146,-81.02192034301187,113.1147207775839, -4.566437829494052,-32.174850019078264,3.8674763998356476
2024-10-24 01:45:08,-2.497658728472735,-81.10267754928444,112.93102236485635, -4.728249299469105,-31.915928018406383,4.0160008846215005
2024-10-24 01:45:08,-2.539233629574809,-81.16978429225506,112.82414018326135, -4.830231550884358,-31.745489790486786,4.11029139957787
2024-10-24 01:45:08,-2.580139762912903,-81.31441354401444,112.74611787220336, -4.938786389254877,-31.52661517890594,4.212658500016621
2024-10-24 01:45:08,-2.6024601715525346,-81.39289035945008,112.70313875431424, -4.998616710351295,-31.40726624526629,4.269181475577036
2024-10-24 01:45:08,-2.6313547833203756,-81.58382832303924,112.67824057875195, -5.085273211789342,-31.19443727261702,4.353079960167134
2024-10-24 01:45:08,-2.642041749472771,-81.96134217744049,112.77414356843538, -5.147636583407035,-30.91476578226773,4.41946025160112
2024-10-24 01:45:08,-2.6368355564753054,-82.09674667802359,112.83658270316344, -5.148471444114112,-30.841693385234088,4.42353687883206
2024-10-24 01:45:08,-2.6375636884705878,-82.26008993489549,112.88938938955454, -5.166567369583625,-30.731660630571003,4.444168676774633
2024-10-24 01:45:08,-2.628165507945756,-82.46970865445084,112.98915337228252, -5.164875707330857,-30.621523538379744,4.4477600309156635
2024-10-24 01:45:08,-2.597307374971347,-82.7588489120937,113.1818564379302, -5.119017999396659,-30.523090797179936,4.412673176818971
2024-10-24 01:45:08,-2.5803799663874907,-82.93492355367844,113.2925475481346, -5.095639850826451,-30.456667002163556,4.395481057812592
2024-10-24 01:45:08,-2.552109449833687,-83.16174785264515,113.45450468646459, -5.049741350213852,-30.389896257744716,4.3588067989657
2024-10-24 01:45:08,-2.53502796590896,-83.33808419697083,113.56437472162074, -5.0260048474671,-30.322391091167894,4.341274262468295
2024-10-24 01:45:08,-2.5099891082387256,-83.48798179832767,113.69010158400289, -4.980137453635831,-30.29642546819634,4.3027401568106365
2024-10-24 01:45:08,-2.4590892239328506,-83.8025991045731,113.94707147734931, -4.887924182791227,-30.235206989701744,4.225594874577194
2024-10-24 01:45:08,-2.434625297456007,-83.95571320291462,114.07032344705061, -4.843798112769563,-30.203657735417394,4.188740248510005
2024-10-24 01:45:08,-2.3796263594956466,-84.23963748817127,114.32710124756433, -4.738605304721238,-30.17263183177828,4.0989539488978375
2024-10-24 01:45:08,-2.295960518947036,-84.62707952046053,114.70037619019845, -4.574482003875037,-30.15263403807332,3.9576303651013958
2024-10-24 01:45:08,-2.214252727532274,-85.06221613613008,115.07719991996936, -4.419917154835795,-30.08895473192231,3.826231014221891
2024-10-24 01:45:08,-2.1657495093297405,-85.24758367744934,115.27769456321181, -4.3214097469965305,-30.100837432547753,3.7404247257985532
2024-10-24 01:45:08,-2.112301463190643,-85.50847316704328,115.51328988388782, -4.218264640509242,-30.072167800982708,3.6521204871071182
2024-10-24 01:45:08,-2.0504003741686048,-85.74290743289599,115.76499883069758, -4.092838759330557,-30.085512926909452,3.5429574838886233
2024-10-24 01:45:08,-1.9929880304153076,-85.95926974754606,115.99648633660622, -3.976706096948075,-30.097103248402018,3.4419427175892774
2024-10-24 01:45:08,-1.9718240609946271,-86.03876977580823,116.081346621919, -3.9339420218248127,-30.10118696989934,3.404759571514338
2024-10-24 01:45:08,-1.9506133685275717,-86.11830688326168,116.16614032218375, -3.8911076411742127,-30.10517850417998,3.367522642559999
2024-10-24 01:45:08,-1.9293558039535204,-86.19788129357556,116.25086750171529, -3.848202325658914,-30.10907775162887,3.3302312898033066
2024-10-24 01:45:08,-1.91870939787767,-86.23768255724121,116.29320616611787, -3.8267228699468125,-30.110992736637954,3.3115650034449247
2024-10-24 01:45:08,-1.8973812443197633,-86.31731334151979,116.37783368362528, -3.783709966424173,-30.114753366874073,3.2741908071214505
2024-10-24 01:45:08,-1.8548405183590304,-86.4189792137156,116.53075026324996, -3.6933638156041106,-30.16349492382226,3.1943807833719475
2024-10-24 01:45:08,-1.8189885428608974,-86.45078738048753,116.64483476325734, -3.61319990204706,-30.243628749280813,3.122462274997528
2024-10-24 01:45:08,-1.7830630694019287,-86.48242463536553,116.75878249094661, -3.533277888308542,-30.323844770457498,3.050859593500597
2024-10-24 01:45:08,-1.7329495652849258,-86.5597214676895,116.92598734904536, -3.424974105308984,-30.410961985161812,2.9546566856406917
2024-10-24 01:45:08,-1.658215687868865,-86.5556453034006,117.142714023955, -3.2561698783145583,-30.6276366390067,2.8027052362978844
2024-10-24 01:45:08,-1.563451307396029,-86.4334513073629,117.38489334368167, -3.0377971552953777,-30.98699083458456,2.604902310748809
2024-10-24 01:45:08,-1.439033640837966,-86.22473020782449,117.68690712203377, -2.755562997840976,-31.49169635229218,2.3502066313057965
2024-10-24 01:45:08,-1.342319719091566,-85.88589904886672,117.871347342726, -2.5329070433188106,-32.01061596338848,2.1481713724856113
2024-10-24 01:45:08,-1.288650869248996,-85.69536974492785,117.97158890136903, -2.412178040185185,-32.29915552782434,2.039284959633059
2024-10-24 01:45:08,-1.195496878180468,-85.36042264738862,118.14198343237696, -2.2072325832553648,-32.80092180792245,1.8555760872616156
2024-10-24 01:45:08,-1.169129875651876,-85.0693054365562,118.13433979923602, -2.1421689100879315,-33.08335139801765,1.7951240242344244
2024-10-24 01:45:08,-1.1316778141231418,-84.72622927629888,118.14158155470342, -2.05435058137693,-33.432287606648806,1.7146556488656153
2024-10-24 01:45:08,-1.11913520100889,-84.38511632922886,118.07770622195005, -2.016839640951951,-33.70897900255091,1.6779560876346198
2024-10-24 01:45:08,-1.1179720616142377,-83.84941906232352,117.92197936432252, -1.9949617545471083,-34.0886827858857,1.6523793174855694
2024-10-24 01:45:08,-1.1055419892790628,-83.50671399942078,117.85302418933165, -1.9589878081488423,-34.36191511825096,1.6173233410521202
2024-10-24 01:45:08,-1.1224704280832905,-83.21547694818902,117.71579388939654, -1.9811885719991413,-34.51631088842744,1.632638762938037
2024-10-24 01:45:08,-1.129991135581394,-83.08565066563415,117.65425584253516, -1.9910070713904222,-34.58477281672986,1.6393833210038042
2024-10-24 01:45:08,-1.148313735412449,-82.91818265984269,117.55015023725342, -2.020034715192699,-34.648624210425865,1.6620125433430066
2024-10-24 01:45:09,-1.155783004505228,-82.78846380166078,117.488154095952, -2.029697526421349,-34.71652170470379,1.6685968285831314
2024-10-24 01:45:09,-1.1757649136328874,-82.60879189930498,117.37457269819161, -2.0613382677099374,-34.78315623615269,1.6932497780261768
2024-10-24 01:45:09,-1.1902272913641534,-82.50644552963483,117.30087494633938, -2.085178065236459,-34.81221583719498,1.7122348880259135
2024-10-24 01:45:09,-1.210087799273374,-82.3270244049717,117.18675759882596, -2.116483751851478,-34.87807336343103,1.7365596480198395
2024-10-24 01:45:09,-1.2538113221000606,-82.06385374803905,116.97670315983304, -2.1899973914339523,-34.93249964473361,1.7957061313172127
2024-10-24 01:45:09,-1.2883195290109957,-81.94260710117248,116.83834723799374, -2.2511930910280484,-34.91649977613782,1.8462604508537817
2024-10-24 01:45:09,-1.3428639389306087,-81.68588913572403,116.59690181159556, -2.345537806971459,-34.93355396587922,1.9232632195279804
2024-10-24 01:45:09,-1.4057125346839294,-81.46325226610192,116.34117972235713, -2.457256223152287,-34.90265769448466,2.0156625988271686
2024-10-24 01:45:09,-1.475014424242272,-81.15210149984381,116.03467886681587, -2.5779922429522846,-34.90980042740885,2.1145600912827005
2024-10-24 01:45:09,-1.5216204604067838,-80.98534142275632,115.84166827523163, -2.661118194498897,-34.885324979774744,2.1834244127565507
2024-10-24 01:45:09,-1.6773055297217399,-80.4235793522376,115.18796076026861, -2.939851700456992,-34.79973453742366,2.4147546873864774
2024-10-24 01:45:09,-1.7707050143555012,-80.08301335715912,114.78902103419703, -3.107899428471749,-34.74549105743021,2.5545489976019295
2024-10-24 01:45:09,-1.8811983771175085,-79.81268134998089,114.36022640657518, -3.3147734666006192,-34.5923705212344,2.7297424787832676
2024-10-24 01:45:09,-1.972577971175861,-79.60326150262944,114.00754861276755, -3.488174923002794,-34.453834373348236,2.87742462449054
2024-10-24 01:45:09,-2.02644662264917,-79.53088994588221,113.81726485160237, -3.594045789705742,-34.33889436613899,2.968898028209384
2024-10-24 01:45:09,-2.1155455170158795,-79.38940369310745,113.49261458090207, -3.7694098025873854,-34.160840629382776,3.120471720453084
2024-10-24 01:45:09,-2.251268800588517,-79.29777580349163,113.04033760387728, -4.048301053406743,-33.8087073526272,3.3654659320235956
2024-10-24 01:45:09,-2.4045317572147327,-79.22737381583603,112.53660206366912, -4.372647034256586,-33.38592307045319,3.6532324510300542
2024-10-24 01:45:09,-2.5201596815859926,-79.17966761624592,112.15479740055316, -4.623234501573257,-33.06044587820249,3.877214364891977
2024-10-24 01:45:09,-2.6190280597084348,-79.18669415960352,111.8440025722919, -4.845328497642244,-32.75056636643418,4.077926929300134
2024-10-24 01:45:09,-2.8120034419602162,-79.18116321121322,111.22329079472382, -5.289421806933748,-32.15218687360982,4.481825148210247
2024-10-24 01:45:09,-2.9206678114293143,-79.23803793394767,110.89289317804202, -5.552661483873649,-31.775366428471493,4.724520592655182
2024-10-24 01:45:09,-3.0047242793142237,-79.27580622508253,110.63299412315835, -5.760004428694507,-31.486211561255974,4.916447572380841
2024-10-24 01:45:09,-3.0775299611173597,-79.28135990875465,110.39603993536946, -5.939880294615232,-31.25131133715112,5.082897925481622
2024-10-24 01:45:09,-3.1515510173350183,-79.36819574496744,110.18511452772324, -6.134474056204881,-30.96187673847045,5.265689232442485
2024-10-24 01:45:09,-3.2431331950519207,-79.50577880492796,109.93387370218683, -6.3838739330652885,-30.58396242709128,5.501662128292671
2024-10-24 01:45:09,-3.3041933067212,-79.5531675887963,109.748168473786, -6.548328312997469,-30.35828731791089,5.656714045745954
2024-10-24 01:45:09,-3.3595429578867577,-79.64848677933516,109.59912762380472, -6.7060605930152075,-30.121087861477378,5.807185460514684
2024-10-24 01:45:09,-3.381280363433093,-79.72203856802926,109.5541946140067, -6.773250203742002,-30.00563351493787,5.872302040871789
2024-10-24 01:45:09,-3.421145477284705,-79.85615488705295,109.47105715181873, -6.897762255654022,-29.7940443357919,5.993130644052155
2024-10-24 01:45:09,-3.4511562356106498,-79.95645810187258,109.40784589088345, -6.9926151200289945,-29.63488703561944,6.085311491273934
2024-10-24 01:45:09,-3.489789906104257,-80.16950886269116,109.35766264146184, -7.127776415617452,-29.37778909119674,6.218877516873077
2024-10-24 01:45:09,-3.5075930798868047,-80.39638072504933,109.38239886871438, -7.208950120444297,-29.179174747563803,6.302017124433066
2024-10-24 01:45:09,-3.5003802048080668,-80.59291082570805,109.47988704009882, -7.216536825717765,-29.080124010601224,6.314697514142402
2024-10-24 01:45:09,-3.4512640471230362,-81.36461473058412,109.92647825368094, -7.189368810911518,-28.75217649065791,6.31062725675755
2024-10-24 01:45:09,-3.409181153109197,-81.7339386903892,110.19871803274816, -7.124359393541748,-28.65124169607982,6.259414235309555
2024-10-24 01:45:09,-3.3517292556194462,-82.17366756178771,110.54357432246435, -7.026483902325645,-28.550867592497095,6.17907628933206
2024-10-24 01:45:09,-3.3131966827802346,-82.45726533869654,110.76859341396339, -6.959369833336192,-28.488595724902382,6.123511478563571
2024-10-24 01:45:09,-3.2781005159571324,-82.66855255033599,110.95618864269086, -6.891441121608554,-28.461350582233923,6.0651624184318225
2024-10-24 01:45:09,-3.2182110373261605,-83.04035674630124,111.27737562768733, -6.777475482636914,-28.40481572933958,5.967812006910071
2024-10-24 01:45:09,-3.184057587785547,-83.24020445025054,111.45502616818911, -6.71085758459045,-28.379238236707703,5.91044677433365
2024-10-24 01:45:09,-3.1141099078539343,-83.53109942099542,111.77779714355101, -6.557702887447379,-28.403780904210457,5.773962565764202
2024-10-24 01:45:09,-3.0436128926092416,-83.82237122024614,112.09959538798147, -6.403922332228302,-28.427103798514846,5.637069828446746
2024-10-24 01:45:09,-2.903419518231842,-84.39603157033076,112.72930079111705, -6.0997143960599605,-28.469374181435008,5.366688199823937
2024-10-24 01:45:09,-2.850594642071756,-84.61029885959135,112.96311212140742, -5.9856076890663585,-28.48391544269068,5.265406121566199
2024-10-24 01:45:09,-2.775502570141902,-84.91314132454681,113.29228729460206, -5.823857595727409,-28.503310916979856,5.121956408653567
2024-10-24 01:45:09,-2.621919142150847,-85.43959708043195,113.92930178008599, -5.483710692059084,-28.60002678068863,4.817970117139763
2024-10-24 01:45:09,-2.5299809653345373,-85.67797597049875,114.28374283151786, -5.272723753558382,-28.708008462498675,4.627606085863766
2024-10-24 01:45:09,-2.410363177622139,-86.02744064170402,114.75108335643982, -5.005659430993088,-28.816008983309676,4.388410005750559
2024-10-24 01:45:09,-2.29808168788718,-86.33164008445696,115.17812065318098, -4.754825358612581,-28.930029846760906,4.163710562217686
2024-10-24 01:45:09,-2.211669995188423,-86.48852636655566,115.48292186301987, -4.555384844721826,-29.071318583820606,3.9834572267240875
2024-10-24 01:45:09,-2.1416753983183145,-86.69937712832053,115.75037487400205, -4.403841802666349,-29.12296755432502,3.8488896107330515
2024-10-24 01:45:09,-2.0135988351786795,-86.88997056803083,116.18415821332466, -4.109946272709527,-29.357185989488,3.583624854038116
2024-10-24 01:45:09,-1.9253699685139996,-87.04549852118417,116.48664145026147, -3.9124842020578052,-29.498402775584292,3.4065895942910562
2024-10-24 01:45:09,-1.8100189154057564,-87.22414722977878,116.87249063993725, -3.6552545077937375,-29.698529335902467,3.176172829896674
2024-10-24 01:45:09,-1.7180318544449145,-87.30574444632548,117.16227486285754, -3.4479086179087686,-29.901369533930488,2.9898361397206146
2024-10-24 01:45:09,-1.5677875162811026,-87.42783594645861,117.62851438455726, -3.114393963745486,-30.23750912037271,2.6913379937041246
2024-10-24 01:45:09,-1.439004751466413,-87.53987543220111,118.0258578837159, -2.83472251558557,-30.516661795903925,2.4425748138655363
2024-10-24 01:45:10,-1.3553387916575674,-87.53645032871985,118.26315662471947, -2.6512199576158904,-30.75366391919903,2.278813894833571
2024-10-24 01:45:10,-1.297383270729684,-87.51481312204032,118.42191909792403, -2.5246199710600825,-30.93163231635829,2.1659419536434545
2024-10-24 01:45:10,-1.2610407368736987,-87.47870128535521,118.51554117408433, -2.4447352961253817,-31.059893388451446,2.09456807421475
2024-10-24 01:45:10,-1.1665127815279657,-87.15291208480696,118.69966228755278, -2.2287817619724533,-31.566086692063422,1.8992668403065578
2024-10-24 01:45:10,-1.0865874745712,-86.87312565421922,118.8517919012895, -2.051069509363921,-31.99516436059469,1.7397059127449124
2024-10-24 01:45:10,-1.0194534309106784,-86.63505342387614,118.97704536463294, -1.9051199561997416,-32.35631197558411,1.6094937518825647
2024-10-24 01:45:10,-0.9790585440434488,-86.39184558209915,119.02546287683181, -1.8151118472515677,-32.64667770805978,1.5284969071187846
2024-10-24 01:45:10,-0.9589995874905448,-86.23031475827021,119.03830959147426, -1.7695442574914386,-32.82044211553969,1.4872166051025533
2024-10-24 01:45:10,-0.9335626220950355,-85.74150936505117,118.97733894897485, -1.7029620312982852,-33.24743428241932,1.4243314408911394
2024-10-24 01:45:10,-0.9213368623285196,-85.39853840720451,118.91695911739376, -1.6681410561009935,-33.529602844307384,1.3906831685171108
2024-10-24 01:45:10,-0.933910981908393,-85.02705058007255,118.77833037583777, -1.680605898385276,-33.76266840125086,1.3972900137263562
2024-10-24 01:45:10,-0.9435705138213477,-84.6848798231765,118.65411204950622, -1.6883877680283041,-33.98076243478309,1.4001804120271553
2024-10-24 01:45:10,-0.9723917267983457,-84.01894016845638,118.37947862682137, -1.7225275118400065,-34.372605060943414,1.4218823714886462
2024-10-24 01:45:10,-0.9964638140616147,-83.61386694260987,118.19086450465882, -1.755469958139887,-34.5895667265475,1.4453183962775846
2024-10-24 01:45:10,-1.0282620548750443,-83.25893065558537,117.99352835229449, -1.8042752801123818,-34.747903244864105,1.4826740908472338
2024-10-24 01:45:10,-1.059843018487883,-82.90445629661467,117.79476847981891, -1.8524147764368686,-34.90436572280249,1.519354003701974
2024-10-24 01:45:10,-1.0912089053040244,-82.55044624434305,117.59458939028933, -1.8999073777186437,-35.058955745701326,1.555378953034428
2024-10-24 01:45:10,-1.1331310678882562,-82.15952360034696,117.35044004653518, -1.965692744786998,-35.20680209965803,1.6063307200799457
2024-10-24 01:45:10,-1.1655453215069422,-81.93035362719854,117.1838013390098, -2.0187719038217313,-35.270216117768115,1.6484292409892334
2024-10-24 01:45:10,-1.2040946987533743,-81.6086898032906,116.96783738601619, -2.080081594945107,-35.37697341139081,1.6962662003488005
2024-10-24 01:45:10,-1.2510567378682171,-81.32175885033884,116.73760561980025, -2.1581527992611957,-35.43504953297199,1.7586847742954757
2024-10-24 01:45:10,-1.301244889267071,-81.08745320940297,116.51426385501185, -2.244069651697531,-35.44757613390502,1.8284379104312085
2024-10-24 01:45:10,-1.3406441483036184,-80.89053152589378,116.33339306272961, -2.311058614983439,-35.46489007883967,1.8826343492899453
2024-10-24 01:45:10,-1.3746305752209103,-80.77052648186869,116.19387652097983, -2.3707351390565523,-35.446525938212616,1.931706996849885
2024-10-24 01:45:10,-1.3955363880560854,-80.69654246516495,116.10773953287672, -2.4074792249831307,-35.43509374037449,1.961936715389479
2024-10-24 01:45:10,-1.4163982772245758,-80.62258702073866,116.02154136363222, -2.4441736547873774,-35.42358169960923,1.99213686865863
2024-10-24 01:45:10,-1.4605059686494024,-80.46580544697531,115.8384938558672, -2.5218478127959827,-35.398898313101775,2.0561017665565746
2024-10-24 01:45:10,-1.5069212447324618,-80.30020140883076,115.6446858778985, -2.6037238895741908,-35.37241518024304,2.1235833882086164
2024-10-24 01:45:10,-1.5609359118605155,-80.16555469399326,115.43867141116839, -2.7017028607767966,-35.303163943692915,2.205420808016526
2024-10-24 01:45:10,-1.608969162256989,-80.10411804635476,115.27554899820885, -2.791752012788476,-35.2034753824246,2.2817682481217463
2024-10-24 01:45:10,-1.6670337671990056,-80.00552260514534,115.06877517597079, -2.900151113505028,-35.0977885917892,2.373492112560312
2024-10-24 01:45:10,-1.7223984755022586,-79.97359152216146,114.89318213611729, -3.0070864562522,-34.956654580482464,2.4653080117061243
2024-10-24 01:45:10,-1.7775915180442907,-79.94114931300405,114.71719587513549, -3.114486496664233,-34.815733841110635,2.5577908474223645
2024-10-24 01:45:10,-1.86614365193991,-79.92538829015982,114.44654579547878, -3.2904824332765132,-34.56531232492437,2.7106053175342475
2024-10-24 01:45:10,-1.9334539932297117,-79.92152662053832,114.24259397321143, -3.426356909015309,-34.3688184813301,2.829260762783684
2024-10-24 01:45:10,-1.9976931278615842,-79.91487295298467,114.04591533522988, -3.557260399985166,-34.1823812142793,2.9439491503434754
2024-10-24 01:45:10,-2.0631598970734415,-79.97840838319262,113.87020725868172, -3.69636038107298,-33.94704956804334,3.0676570533914127
2024-10-24 01:45:10,-2.1272976581665453,-80.04514263234324,113.69878383838204, -3.8347306747690184,-33.712907323312244,3.191307760242263
2024-10-24 01:45:10,-2.191309316619887,-80.11058344452549,113.52635949471153, -3.9746112692056665,-33.479227653557174,3.316785157078266
2024-10-24 01:45:10,-2.2592650694687384,-80.19879938621496,113.34912240738467, -4.1265037237316715,-33.21845036495107,3.4539744591545802
2024-10-24 01:45:10,-2.3008681100363777,-80.27071067725994,113.24659318657146, -4.221930711878462,-33.04701044604459,3.5408257216770895
2024-10-24 01:45:10,-2.3339963187506885,-80.31086861322306,113.1584512354805, -4.297347673820843,-32.92113067370511,3.60927507646536
2024-10-24 01:45:10,-2.3856207546890627,-80.41856906266804,113.03692154375739, -4.419452763848865,-32.69586354321834,3.721341451719621
2024-10-24 01:45:10,-2.3994149412681893,-80.46899734980033,113.01214959851565, -4.454036281030541,-32.621787828975265,3.7535965272292464
2024-10-24 01:45:10,-2.4201102949595827,-80.54443280295186,112.97477569771335, -4.506197032109705,-32.51068676606219,3.802299222684415
2024-10-24 01:45:10,-2.4339099117168375,-80.5945849851701,112.94971584936306, -4.541162726903988,-32.43662806498326,3.8349826095776045
2024-10-24 01:45:10,-2.4477116986411973,-80.64462656456708,112.92454092886021, -4.57628315694235,-32.362576571552204,3.867839174705303
2024-10-24 01:45:10,-2.4615156546425037,-80.69455745032812,112.89925098724872, -4.611559400797874,-32.28853251583625,3.900869990598263
2024-10-24 01:45:10,-2.4655395733277734,-80.78261832043057,112.91813614941513, -4.627910824410221,-32.21985588308762,3.917671617180528
2024-10-24 01:45:10,-2.4416765310660584,-80.93384120021443,113.04651848161866, -4.586154856379982,-32.19546587356917,3.8833187907449664
2024-10-24 01:45:10,-2.4387759234553066,-80.99702610159343,113.07793418248579, -4.584757326001404,-32.16360191236445,3.883488584811645
2024-10-24 01:45:10,-2.41481123530421,-81.14841677596166,113.20597157268523, -4.542782838216453,-32.138706804318424,3.848939848515659
2024-10-24 01:45:10,-2.4020227588355807,-81.25000557505295,113.28134251321428, -4.5220875659258954,-32.11171432247869,3.8325150079186225
2024-10-24 01:45:10,-2.372362399988644,-81.36511364697222,113.41357990342381, -4.464287348813943,-32.12682132301113,3.7828480313233417
2024-10-24 01:45:10,-2.3624547391435295,-81.4034965981659,113.45762523554681, -4.444998153832907,-32.131814368277034,3.7662790806981024
2024-10-24 01:45:10,-2.3525366144445683,-81.44188639247882,113.50165368874225, -4.425697630800836,-32.1367860840168,3.7497033842017906
2024-10-24 01:45:10,-2.2992823314562343,-81.48170181129817,113.68003060114783, -4.309226257524109,-32.27151087734945,3.645527188680984
2024-10-24 01:45:11,-2.244819869615371,-81.52505424238525,113.86262171258271, -4.19131515552734,-32.40695365689875,3.540384485901746
2024-10-24 01:45:11,-2.2012853258682155,-81.52559069591446,113.99633316221548, -4.095259428877465,-32.537124984320634,3.454180832049755
2024-10-24 01:45:11,-2.0489474206536222,-81.547036313572,114.46752124345085, -3.76626259600438,-32.97702221074527,3.1608240254824014
2024-10-24 01:45:11,-2.0249877418382427,-81.53450598487305,114.53571658627523, -3.714252517675876,-33.056264542892066,3.1143435842558786
2024-10-24 01:45:11,-2.0079045329807093,-81.54729408426512,114.59167995862252, -3.67872354213764,-33.09842654265994,3.0830534440952153
2024-10-24 01:45:11,-1.9839037437904115,-81.53452312290698,114.65970140333286, -3.626997013249487,-33.17777361852093,3.036926102313787
2024-10-24 01:45:11,-1.9632047268663708,-81.45781953612106,114.69581618335404, -3.5784612236878663,-33.28928043601963,2.9924433603033984
2024-10-24 01:45:11,-1.930602348111151,-81.41276760110001,114.77838413231088, -3.5072579114228293,-33.41497259209858,2.9286309841475884
2024-10-24 01:45:11,-1.8979738473392356,-81.3673496679077,114.8606645261891, -3.436489167353907,-33.54078751536814,2.8653371288708436
2024-10-24 01:45:11,-1.884171523799603,-81.31566905242862,114.88424932944793, -3.4047994814138973,-33.61523235801903,2.836451663904454
2024-10-24 01:45:11,-1.8703714414000066,-81.26387901806261,114.90772095854832, -3.3732435465752073,-33.689682960943045,2.8077185738728896
2024-10-24 01:45:11,-1.8325372701908857,-81.12128807207213,114.97150892403107, -3.2873828168799095,-33.89388585125994,2.729694905556149
2024-10-24 01:45:11,-1.8288871085640077,-81.03171724583679,114.95134915833634, -3.2749447229174256,-33.96300968889015,2.717157136531861
2024-10-24 01:45:11,-1.8219953021692705,-81.0055903658809,114.96282660012749, -3.2594485197947196,-34.000227023225044,2.703109552313562
2024-10-24 01:45:13,-1.8219953021692705,-80.95603518570938,114.99434449164048, -3.252632083464053,-34.08116921788628,2.6948835032293803
2024-10-24 01:45:13,-1.8219953021692705,-80.80712124502719,115.08786121366764, -3.2324562733234137,-34.32321176357771,2.6704889159315357
2024-10-24 01:45:13,-1.8219953021692705,-80.32777061461897,115.37711197790985, -3.170480963264885,-35.09061377553696,2.595101766379766
2024-10-24 01:45:13,-1.8219953021692705,-79.83335505899102,115.65760673346706, -3.110909708734643,-35.864360317610085,2.5219509591014857
2024-10-24 01:45:13,-1.8219953021692705,-79.31817265844249,115.931875702736, -3.0530397082655125,-36.652669988491645,2.4501854150097224
2024-10-24 01:45:13,-1.8219953021692705,-78.85948872661443,116.1615625949222, -3.004763771462618,-37.3400792479557,2.389741364668498
2024-10-24 01:45:13,-1.8219953021692705,-78.32563187924643,116.41273377808675, -2.9520481972619415,-38.12404696970205,2.323088700931001
2024-10-24 01:45:13,-1.8219953021692705,-77.77369090931825,116.65522156120454, -2.901093808973704,-38.9174397301971,2.2579630752283846
2024-10-24 01:45:13,-1.8219953021692705,-77.34015435329313,116.83411979781349, -2.863366128561469,-39.52909984089293,2.209263269752452
2024-10-24 01:45:13,-1.8219953021692705,-77.04843539053378,116.94902817539855, -2.8390308183135247,-39.93522382546732,2.1776197538194673
2024-10-24 01:45:13,-1.8219953021692705,-76.65372469375328,117.09777099800121, -2.8073631355310895,-40.4780177739501,2.1361552546255798
2024-10-24 01:45:13,-1.8219953021692705,-76.2984426905219,117.2252628089164, -2.7800249105364276,-40.96021783563585,2.100085351116144
2024-10-24 01:45:13,-1.8219953021692705,-75.82858305893322,117.38493451391992, -2.745454350646508,-41.58901750744451,2.0540874238924878
2024-10-24 01:45:13,-1.8219953021692705,-75.58157962494212,117.46492950061021, -2.7279628437315986,-41.915642988824644,2.0306414111457833
2024-10-24 01:45:13,-1.8219953021692705,-75.22716173813328,117.57511943390412, -2.703640042299042,-42.379728998781815,1.997835875417891
2024-10-24 01:45:13,-1.8219953021692705,-75.07252991558317,117.62153745829487, -2.693303183587377,-42.58055590909181,1.983820034744507
2024-10-24 01:45:13,-1.8219953021692705,-74.78522746795963,117.70516962319357, -2.674523431205116,-42.95108363695852,1.9582393819533457
2024-10-24 01:45:13,-1.8219953021692705,-74.58661684188412,117.76103565780113, -2.6618544486499642,-43.20528441555781,1.9408946899546755
2024-10-24 01:45:13,-1.8219953021692705,-74.33661503361616,117.82913991192754, -2.6462582938414925,-43.52304925884697,1.919442139964257
2024-10-24 01:45:13,-1.8219953021692705,-74.13481400503753,117.88234352013298, -2.633945402254161,-43.777783229730865,1.902425195906571
2024-10-24 01:45:13,-1.8219953021692705,-73.75300683610963,117.97877647365797, -2.611297911535914,-44.25552244982003,1.8709329124659981
2024-10-24 01:45:13,-1.8219953021692705,-73.54712918739662,118.02852731904028, -2.599425010780579,-44.51088670824488,1.8543200106142699
2024-10-24 01:45:13,-1.8219953021692705,-73.33983330624105,118.07706284529648, -2.5877014844957658,-44.76645605943765,1.83784405724349
2024-10-24 01:45:13,-1.8219953021692705,-73.22664527606321,118.10291336237891, -2.581395718247447,-44.90535317242812,1.8289517946317844
2024-10-24 01:45:13,-1.8219953021692705,-73.1130393329828,118.12840210010388, -2.5751331776635866,-45.04430704896195,1.8200991194265685
2024-10-24 01:45:13,-1.8219953021692705,-73.00755471194795,118.15166205054983, -2.569377081363578,-45.17292190015697,1.8119432996357947
2024-10-24 01:45:13,-1.8219953021692705,-72.97231183831201,118.15934658392864, -2.5674664082615104,-45.215806183151194,1.8092319868623832
2024-10-24 01:45:14,-1.8219953021692705,-72.93702733897715,118.16699687384258, -2.565559682502081,-45.25869790503436,1.8065242340986423
2024-10-24 01:45:14,-1.8219953021692705,-72.86634616281613,118.18219185282597, -2.5617587228905334,-45.34448811034181,1.8011203473112884
2024-10-24 01:45:14,-1.8219953021692705,-72.8309433774445,118.18973779333581, -2.559864142880646,-45.38739394604741,1.7984237289043006
2024-10-24 01:45:14,-1.8219953021692705,-72.76002284506983,118.20472440283717, -2.556087244501359,-45.47321548781778,1.7930418186880528
2024-10-24 01:45:14,-1.8219953021692705,-72.72450316226482,118.21216542249499, -2.5542048050464214,-45.516133477732,1.7903563622470804
2024-10-24 01:45:14,-1.8219953021692705,-72.68894275243676,118.21957177508605, -2.5523263017177484,-45.55905758442184,1.7876744762341747
2024-10-24 01:45:14,-1.8219953021692705,-72.72503335303453,118.21205467014153, -2.5542328588071017,-45.51549317138748,1.7903963983036804
2024-10-24 01:45:14,-1.8219953021692705,-72.79710312500205,118.19691032286151, -2.5580589133932556,-45.42836583028603,1.7958523789963334
2024-10-24 01:45:14,-1.8219953021692705,-72.95679105394308,118.1627170915603, -2.5666269234561554,-45.23467851764332,1.808040081239323
2024-10-24 01:45:14,-1.8219953021692705,-73.1156684407478,118.12781737927656, -2.575277362089049,-45.04109646599238,1.8203031791360165
2024-10-24 01:45:14,-1.8219953021692705,-73.230320952442,118.1020810553938, -2.581599447507275,-44.90084976391589,1.8292394252849213
2024-10-24 01:45:14,-1.8219953021692705,-73.38779964544892,118.06596988345555, -2.5903939222959385,-44.70745704474753,1.8416343775335855
2024-10-24 01:45:14,-1.8219953021692705,-73.51771235857353,118.03550947478608, -2.597747387617758,-44.54724826333814,1.8519667557589794
2024-10-24 01:45:14,-1.8219953021692705,-73.80239001285396,117.96661080551631, -2.614180591477696,-44.19403758744968,1.8749555795538908
2024-10-24 01:45:14,-1.8219953021692705,-74.08435275002014,117.89540360279176, -2.6309041466606615,-43.84123753579209,1.8982108609753647
2024-10-24 01:45:14,-1.8219953021692705,-74.3462586284299,117.82655811482731, -2.646852804339941,-43.510836906775005,1.9202619613194836
2024-10-24 01:45:14,-1.8219953021692705,-74.54758110929416,117.77183129995474, -2.6593937701006776,-43.25506207271854,1.9375174579991952
2024-10-24 01:45:14,-1.8219953021692705,-74.69813610991328,117.72986103261736, -2.668937100610764,-43.062744896288784,1.9506001826399513
2024-10-24 01:45:14,-1.8219953021692705,-74.79915174155968,117.70119366600466, -2.6754211099341134,-42.93320291103833,1.9594656486335993
2024-10-24 01:45:14,-1.8219953021692705,-74.83276663352886,117.69156298559945, -2.67759339650041,-42.89000451499347,1.9624316119272245
2024-10-24 01:45:14,-1.8219953021692705,-74.76650020039344,117.7105047229097, -2.6733180858651546,-42.97511980544704,1.9565922690158823
2024-10-24 01:45:14,-1.8219953021692705,-74.65873080654718,117.74093313046863, -2.6664254511552876,-43.113167594524505,1.9471610083742636
2024-10-24 01:45:14,-1.8219953021692705,-74.55864612888267,117.76877729659861, -2.6600903032938206,-43.24095825981596,1.9384737158158007
2024-10-24 01:45:14,-1.8219953021692705,-74.45007084843198,117.79853623742008, -2.6532884633221974,-43.37914379957057,1.9291260730869781
2024-10-24 01:45:14,-1.8219953021692705,-74.38289040961878,117.81671808730336, -2.6491162269324215,-43.46441471931987,1.9233816726857362
2024-10-24 01:45:14,-1.8219953021692705,-74.31555068870868,117.83476675255841, -2.644961668614557,-43.54971199538312,1.917653536360574
2024-10-24 01:45:14,-1.8219953021692705,-74.28189806645209,117.84372063001656, -2.6428957119500125,-43.592273140335195,1.9148020568448572
2024-10-24 01:45:15,-1.7983994093193514,-74.34628476423269,117.87552019196018, -2.6102529867997224,-43.558936474918916,1.8921829135885229
2024-10-24 01:45:15,-1.7461194869405543,-74.4339228813703,117.93758580641503, -2.5356151049698488,-43.53168783312503,1.838874026884299
2024-10-24 01:45:15,-1.6351533264303741,-74.67487046690351,118.07650022641184, -2.3790392434943826,-43.4262946671496,1.7282685916433231
2024-10-24 01:45:15,-1.482691420622714,-74.9596338935561,118.25869825680522, -2.161424517334538,-43.319418080728106,1.5728745601053535
2024-10-24 01:45:15,-1.1009457615052896,-75.61993007808968,118.69872512866338, -1.6116913833592432,-43.090105160867886,1.1771312968606757
2024-10-24 01:45:15,-0.698859888126737,-76.20234202049089,119.1353794626183, -1.0259515220745716,-42.937618495865294,0.7511320542500527
2024-10-24 01:45:15,-0.2847008890113865,-76.72329927156649,119.56435978422536, -0.4186941204276152,-42.84182326049945,0.3070031693403115
2024-10-24 01:45:15,0.1675884959746714,-77.44680256913689,120.03698388556028, 0.24763646240920556,-42.59044794687451,-0.18231294062786563
2024-10-24 01:45:15,0.32896043054331026,-77.73076403029073,120.20447067635949, 0.4871606709053064,-42.474738164301456,-0.35932154556872553
2024-10-24 01:45:15,0.4911559172951108,-78.01462497303754,120.37049724948382, 0.7289848022931683,-42.35818122996745,-0.5386945471419672
2024-10-24 01:45:15,0.6541786572421526,-78.2983765910707,120.53505924502315, 0.97314682463063,-42.24079580353531,-0.7204773302328529
2024-10-24 01:45:15,0.8624607848211014,-78.62026296043092,120.7386838713688, 1.2858594775891827,-42.12559960803266,-0.9537634396852489
2024-10-24 01:45:15,1.1963191986838773,-79.15502074343041,121.06011136010596, 1.790845597522674,-41.91900540250513,-1.3327439609662173
2024-10-24 01:45:15,1.4207334041673683,-79.4403333899678,121.2661187283306, 2.12991214125946,-41.84546356720346,-1.586996711613491
2024-10-24 01:45:15,1.633696247309596,-79.76129331379073,121.46236963772428, 2.454945943037826,-41.72720823419069,-1.8326774102173236
2024-10-24 01:45:15,1.8565505288241773,-80.08269097718208,121.66348245184936, 2.7961345921688543,-41.61467870108671,-2.0912005050394322
2024-10-24 01:45:15,2.1589922032181326,-80.4596000078857,121.92775186931755, 3.2583415097660042,-41.514154101444966,-2.440975779539302
2024-10-24 01:45:15,2.2514831062342036,-80.62046623435216,122.01014110010848, 3.4030136417168166,-41.439838649833696,-2.552387057528546
2024-10-24 01:45:15,2.4770295718377877,-80.950874991935,122.20503816817593, 3.753451028537645,-41.31516279237727,-2.8209357074555665
2024-10-24 01:45:15,2.7506059892387236,-81.3184683757143,122.43544009368698, 4.178597079933126,-41.192540015431035,-3.1468158968540663
2024-10-24 01:45:15,3.143419933064609,-81.78144034662874,122.75585563302515, 4.787473120639161,-41.073575990092955,-3.6127429069884474
2024-10-24 01:45:15,3.608554404261673,-82.33387040027868,123.12474134616883, 5.513810015596531,-40.92234309651659,-4.171745584838774
2024-10-24 01:45:15,4.1462161568471885,-82.89369638775621,123.5349403361975, 6.350858072218705,-40.81563616311675,-4.8148510055654
2024-10-24 01:45:15,4.566219160946002,-83.2268168214266,123.84367492382543, 6.994126610458975,-40.828453379915196,-5.303494829860536
2024-10-24 01:45:15,4.9180371702989,-83.57382460654138,124.09779652407607, 7.5436839307498325,-40.770127015216445,-5.7271919267661255
2024-10-24 01:45:15,5.39344078159254,-84.04455549943962,124.43228642346182, 8.290099299785195,-40.68500899108214,-6.3050875160022235
2024-10-24 01:45:16,5.5405906705338985,-84.18623577831136,124.53372432831289, 8.521318696782512,-40.66158793947809,-6.484287235769162
2024-10-24 01:45:16,5.738519322838386,-84.35841682576273,124.66856392083258, 8.829668844452438,-40.647433614447344,-6.721887426948552
2024-10-24 01:45:16,5.937268717281693,-84.53010406775282,124.80231992711663, 9.139550420802891,-40.63364298721423,-6.960887274266584
2024-10-24 01:45:16,6.181539328988848,-84.78980649374287,124.96448916238228, 9.53046775511486,-40.56765434027396,-7.267992829387069
2024-10-24 01:45:16,6.620908498387954,-85.11242891252486,125.25006273302476, 10.20751258797745,-40.58870973611245,-7.786354440212002
2024-10-24 01:45:16,7.062964326364317,-85.43169116963686,125.53005021759891, 10.88848637980078,-40.61198189273492,-8.30807708175238
2024-10-24 01:45:16,7.396775430432027,-85.67379326452217,125.73665075554638, 11.403592821212717,-40.62652394631908,-8.703538983382934
2024-10-24 01:45:16,7.920620977271207,-85.96785771947663,126.05385676810724, 12.191863026683116,-40.7311344839183,-9.298263691568849
2024-10-24 01:45:16,8.557663793536209,-86.3710505490345,126.42626445016327, 13.161385624528632,-40.8080818473679,-10.036942809678298
2024-10-24 01:45:16,9.111939510001267,-86.66737984124538,126.7401730942752, 13.989970148936617,-40.92474382701722,-10.660854235975263
2024-10-24 01:45:16,9.592176527077097,-86.97348035517216,127.00290126940483, 14.72179651332607,-40.97387256673323,-11.220646533062393
2024-10-24 01:45:16,9.927961925751784,-87.14431304000011,127.18319421379616, 15.220579920123775,-41.04942891179014,-11.595413970067348
2024-10-24 01:45:16,10.092914269389226,-87.22721715195055,127.27049186393928, 15.465125644393007,-41.08708013984981,-11.7790201293857
2024-10-24 01:45:16,10.29552726379725,-87.32813780395082,127.37658663499909, 15.765067506064922,-41.133813862112156,-12.004093877310213
2024-10-24 01:45:16,10.332787745272384,-87.34658802688968,127.3959620994906, 15.820173962177961,-41.1424668198117,-12.045430302966826
2024-10-24 01:45:16,10.51252612449316,-87.37851135667988,127.49045296072133, 16.067358869109878,-41.24040473145936,-12.220121453701305
2024-10-24 01:45:16,10.683258654582042,-87.41067357034127,127.57927075545778, 16.302189727647725,-41.33119546626406,-12.386160189770566
2024-10-24 01:45:16,11.1234455294532,-87.44036752064692,127.80573606058995, 16.8872991431217,-41.61569902333424,-12.7873437035949
2024-10-24 01:45:16,11.541963762917435,-87.51141085035047,128.01467061229, 17.454357311018367,-41.84148901910996,-13.183448399835934
2024-10-24 01:45:16,11.976600456798531,-87.51632631668468,128.22802687764164, 18.015876200512196,-42.140538331304725,-13.558319438137326
2024-10-24 01:45:16,12.404219518229251,-87.51808882024991,128.43265666229246, 18.56322830634571,-42.43472236594947,-13.920402284671386
2024-10-24 01:45:16,12.858314354782834,-87.444516213252,128.6456734814238, 19.11305107740497,-42.816522517066566,-14.262291642403516
2024-10-24 01:45:16,13.403012947816677,-87.23244757708157,128.89469340716172, 19.72126903036746,-43.387149078768836,-14.601635210752127
2024-10-24 01:45:16,13.644070864806134,-87.16768619186334,129.0014363646049, 19.99863820847463,-43.6095518239511,-14.762732237088713
2024-10-24 01:45:16,13.780339551623655,-87.06997384191907,129.06149058697946, 20.132695277980226,-43.792534093502084,-14.822251710909928
2024-10-24 01:45:16,13.826021518150979,-86.99374083946101,129.08172943722968, 20.161852194499982,-43.894788526956056,-14.82026366553616
2024-10-24 01:45:16,13.91396203644148,-86.88683601862297,129.12002154652964, 20.23233153863271,-44.053563323417364,-14.83617779764283
2024-10-24 01:45:16,13.965095278420888,-86.80073159520204,129.14211639725806, 20.264717417814996,-44.16816768749996,-14.833365721801695
2024-10-24 01:45:16,13.971881631921772,-86.70821344668192,129.14511635526492, 20.24014149519291,-44.25951558750424,-14.792694165748426
2024-10-24 01:45:16,14.017526662971209,-86.63108478140352,129.16448423948646, 20.269098778558615,-44.361698321873654,-14.790078966232105
2024-10-24 01:45:16,14.072000680224065,-86.49788395168962,129.18720876018173, 20.28921843473278,-44.52185391163282,-14.76660368438509
2024-10-24 01:45:16,14.172866926164438,-86.27501491552513,129.2283015062407, 20.335263840666716,-44.7950833211931,-14.73495087827115
2024-10-24 01:45:16,14.18374593058152,-86.12355099741848,129.23140867706587, 20.29626728551502,-44.942800131382214,-14.669452411364045
2024-10-24 01:45:16,14.225971335172748,-86.0920069449459,129.24868475437407, 20.337095540076636,-44.99928234195279,-14.686356985791187
2024-10-24 01:45:16,14.229317625359396,-86.0451889163814,129.24951619556163, 20.325128915138773,-45.04481107689495,-14.66618750610268
2024-10-24 01:45:16,14.222522502521052,-86.14021301773391,129.24778535827642, 20.349461374561788,-44.95236476680554,-14.707170720519137
2024-10-24 01:45:16,14.206581991539357,-86.36240575065777,129.24306943231957, 20.407046764675663,-44.7355973516398,-14.803718851241147
2024-10-24 01:45:16,14.19143086336855,-86.5726548539527,129.23773816356726, 20.462440660241082,-44.52970026278178,-14.896018535338342
2024-10-24 01:45:16,14.118572462337731,-86.90091132185029,129.20700133870528, 20.49020157820604,-44.174593622550944,-15.003659902812238
2024-10-24 01:45:16,13.937498480552106,-87.3607577897562,129.12627097080872, 20.434402823002973,-43.6211101318543,-15.094487215543895
2024-10-24 01:45:16,13.768950930629288,-87.64491201694231,129.04906656514038, 20.330645586077367,-43.23846888136995,-15.105658925136877
2024-10-24 01:45:16,13.567152220472313,-87.84309451489595,128.9565626515438, 20.152904270884815,-42.91324975753452,-15.04451558152374
2024-10-24 01:45:16,13.422754963005067,-87.99373827246275,128.88878937523918, 20.028660247158715,-42.670691144638404,-15.004311817391946
2024-10-24 01:45:16,13.22108828735476,-88.18770868116081,128.79264157083173, 19.848268773917695,-42.34586491305104,-14.938180173073489
2024-10-24 01:45:16,12.914678218445705,-88.39831593704201,128.6454611181956, 19.54011312182816,-41.93040056441544,-14.790570164605962
2024-10-24 01:45:16,12.67057107439126,-88.51074984168496,128.5274993850718, 19.271472466080283,-41.6510833734492,-14.641290382760703
2024-10-24 01:45:16,12.484010122118802,-88.6352130699948,128.43419521313456, 19.079916488648088,-41.398393085177595,-14.54529821264174
2024-10-24 01:45:16,12.22437231220409,-88.75880150784948,128.30413623737857, 18.792458556165712,-41.093620192108965,-14.38343092791637
2024-10-24 01:45:16,11.629376162392587,-88.9833911504624,127.99945460381127, 18.103295187266948,-40.44580862384525,-13.970871761906137
2024-10-24 01:45:16,11.183444069657023,-89.16893258906617,127.76147328778193, 17.585901395387715,-39.93617179073113,-13.659390730594366
2024-10-24 01:45:16,10.674200214252387,-89.2430197329568,127.4894394253444, 16.934346387169803,-39.4872547080033,-13.223785349748288
2024-10-24 01:45:16,10.433984778166009,-89.33437746523745,127.35424626751566, 16.64521851593815,-39.215781741369064,-13.041706560334791
2024-10-24 01:45:16,10.07309571362441,-89.38310261163774,127.15332480010588, 16.173778890142607,-38.89585018518483,-12.720054581123119
2024-10-24 01:45:16,9.541791275748027,-89.52317043701093,126.84400723438799, 15.496213189782537,-38.34857113220914,-12.267226975483991
2024-10-24 01:45:16,9.046747659003978,-89.50851382688157,126.5582019892103, 14.802808648618552,-37.9837741579746,-11.765844242137627
2024-10-24 01:45:16,8.548315489145025,-89.5481968464269,126.25746395903393, 14.115108212545787,-37.554585398003844,-11.274287131708649
2024-10-24 01:45:17,7.987287117033296,-89.48924115738254,125.91755624156781, 13.294725827861242,-37.17487687498727,-10.662650582322199
2024-10-24 01:45:17,7.552035831045933,-89.50011092887213,125.6412053208208, 12.669010305236807,-36.81618030175393,-10.201728310831184
2024-10-24 01:45:17,7.32930087054394,-89.47132117294666,125.5003174398678, 12.334923262357156,-36.667774466151336,-9.948527988852526
2024-10-24 01:45:17,6.924035104268966,-89.4046906884537,125.24083004528259, 11.71821508293755,-36.41077513931191,-9.476958160507687
2024-10-24 01:45:17,6.56516089894728,-89.36081183005717,125.00470100831785, 11.17171317328491,-36.16454741264893,-9.059023681626822
2024-10-24 01:45:17,6.237219266671839,-89.21693397054898,124.79493398532708, 10.638924939179256,-36.04940803428451,-8.635919102736686
2024-10-24 01:45:17,5.635488442558139,-89.0631052104243,124.38927606065431, 9.684356157935508,-35.715046799809066,-7.888541108665796
2024-10-24 01:45:17,5.096686264456133,-88.96258848399077,124.01093314620931, 8.828063005938937,-35.37000547874439,-7.21776366247543
2024-10-24 01:45:17,4.835770026524616,-88.85286831101604,123.82985627855057, 8.39523396928659,-35.267454785839604,-6.87077395615749
2024-10-24 01:45:17,4.209953322289289,-88.58878428238489,123.38496354070432, 7.350075531678879,-35.01803212271902,-6.030374803689066
2024-10-24 01:45:17,3.595166059637622,-88.32700657545146,122.93316315020499, 6.312923706523918,-34.76923319162614,-5.192610357525654
2024-10-24 01:45:17,2.9840319451369126,-88.06454764852887,122.46914117487378, 5.2710219795533355,-34.51787161163492,-4.346989856422354
2024-10-24 01:45:17,2.3778808938648623,-87.75495438005439,121.99837754545865, 4.220543341747426,-34.31583368520754,-3.487930017246053
2024-10-24 01:45:17,1.93795265089481,-87.56127768102111,121.64387729364759, 3.4553610627320412,-34.13100393163201,-2.8612903437689066
2024-10-24 01:45:17,1.6779148534348671,-87.46506136423301,121.42861357797592, 3.001544375194797,-34.00000743848907,-2.489104632687962
2024-10-24 01:45:17,1.1275963321809215,-87.20565192726879,120.96854154258246, 2.0283509240183206,-33.77948328862825,-1.6861497768383928
2024-10-24 01:45:17,0.7688240798462452,-87.03226642593243,120.66162917292267, 1.3880360521395299,-33.63711698786365,-1.1556962328330675
2024-10-24 01:45:17,0.5225504248494572,-86.93542748355975,120.44538764386586, 0.9464489726922084,-33.51355875758045,-0.7891286190888657
2024-10-24 01:45:17,0.22266367912980012,-86.79740308232186,120.18016528177878, 0.40466946806139437,-33.38341878508111,-0.33790359450714397
2024-10-24 01:45:17,-0.14458644841359597,-86.60028686802477,119.85222472816491, -0.2636878743622113,-33.25221609446311,0.22051339469452463
2024-10-24 01:45:17,-0.29639049950862334,-86.52385864869319,119.71428173565567, -0.5414170227213132,-33.191595000296594,0.453085969162114
2024-10-24 01:45:17,-0.4477211724995332,-86.44690705779055,119.57572055120984, -0.8191780333671794,-33.13149384674299,0.6860087323859221
2024-10-24 01:45:17,-0.5905636015214795,-86.3714495665488,119.44416421929172, -1.0821167115644985,-33.07738798162218,0.906774684786791
2024-10-24 01:45:17,-0.732978947259316,-86.29553663488487,119.3120566665521, -1.345035911854637,-33.02373427706715,1.1278000075418022
2024-10-24 01:45:17,-1.0332688399874301,-86.08850836415603,119.03455356331114, -1.899428381271474,-32.9604185023038,1.5938817727199792
2024-10-24 01:45:17,-1.1757562607791219,-85.96587740717143,118.90348123712086, -2.1616855787641516,-32.9562194034784,1.8140958474334787
2024-10-24 01:45:17,-1.367360287215158,-85.89273229053296,118.71714828371307, -2.5213463100608027,-32.84969991985916,2.118576235212234
2024-10-24 01:45:17,-1.5015069612765697,-85.7756080164823,118.59158105731551, -2.769078310316601,-32.846468761072884,2.3269102323778945
2024-10-24 01:45:17,-1.6708579515061357,-85.6707897535668,118.4277765243418, -3.085910666291758,-32.79483066331624,2.594800057659779
2024-10-24 01:45:17,-1.7671775409440276,-85.58565961009346,118.33621124961985, -3.264107577638648,-32.7928919592243,2.744789848356724
2024-10-24 01:45:17,-1.8264737111251235,-85.53307997667102,118.27959477084114, -3.373824706019915,-32.79174915368463,2.8371489527207374
2024-10-24 01:45:17,-1.8909663637625556,-85.51497095286925,118.21434663656524, -3.4972130913723367,-32.7479461268066,2.94242925085647
2024-10-24 01:45:17,-2.0234225696641066,-85.39669795477514,118.0867868812435, -3.742647484653665,-32.74571585022708,3.1491737558771913
2024-10-24 01:45:17,-2.1483109909807387,-85.2845764515151,117.96563977024032, -3.974112555990487,-32.74378374071506,3.344184968774912
2024-10-24 01:45:17,-2.249435516583297,-85.23716066544685,117.86317946170023, -4.166945860718507,-32.694921771008396,3.508533094418428
2024-10-24 01:45:17,-2.3443942044804165,-85.15112815084883,117.77000874602923, -4.343225775435952,-32.69373738396069,3.6571700865957304
2024-10-24 01:45:17,-2.475358719212874,-85.03190792080979,117.64068684846796, -4.586394491917136,-32.69225399140615,3.8622400851273224
2024-10-24 01:45:17,-2.6048038316003184,-84.95711778385902,117.50831092818422, -4.833008947577817,-32.6438185082053,4.072395317775233
2024-10-24 01:45:17,-2.783879956678912,-84.83571864568303,117.32513217797137, -5.172729024708723,-32.59544197574707,4.361434982528141
2024-10-24 01:45:17,-2.913419904266015,-84.7155372295058,117.19412811424111, -5.414029712195789,-32.594746461553285,4.565268405466444
2024-10-24 01:45:17,-3.0485170572419875,-84.63303186523757,117.0529924531261, -5.673009599528988,-32.54740331349573,4.786566198109009
2024-10-24 01:45:17,-3.1771896472612657,-84.5122878512451,116.92096176532525, -5.913095352619965,-32.54713838424624,4.989558956446558
2024-10-24 01:45:17,-3.29850541315582,-84.39784381112503,116.79559008140241, -6.139502558158345,-32.54702438808608,5.181026107539328
2024-10-24 01:45:17,-3.327044504062004,-84.37083577941542,116.76597058490928, -6.192770911789083,-32.54701636542359,5.226079586689641
2024-10-24 01:45:17,-3.4547720495861007,-84.24955976827368,116.63281467640391, -6.4312075232868855,-32.5470665177988,5.4277724901948705
2024-10-24 01:45:17,-3.546845109758547,-84.16172934180061,116.53622393310984, -6.60311913869117,-32.547188415905985,5.573220211173393
2024-10-24 01:45:17,-3.7081136035225546,-84.05042540133117,116.36262656319862, -6.9130761144811235,-32.50136120618815,5.838506153952309
2024-10-24 01:45:17,-3.73634775468748,-84.02323216519505,116.33264418101933, -6.965876583563637,-32.50147556764752,5.883217986454732
2024-10-24 01:45:17,-3.764560414713773,-83.99602705348771,116.30263610166222, -7.018639539915264,-32.50159622049269,5.927900398468492
2024-10-24 01:45:17,-3.8263189480851194,-83.97504643056516,116.23394790857373, -7.1422526492170375,-32.46068825954874,6.035334488587495
2024-10-24 01:45:17,-3.887998391332258,-83.95393578612055,116.16513110889238, -7.265999728676456,-32.41990139064938,6.142980123133491
2024-10-24 01:45:17,-3.955005733768649,-83.96601515908415,116.08749242016727, -7.408461981741753,-32.338161869945694,6.269428751682162
2024-10-24 01:45:17,-4.016530996651039,-83.94458821486009,116.01838761410502, -7.532643711561381,-32.29766525898956,6.3776881212292444
2024-10-24 01:45:17,-4.093417540614287,-83.99344039603949,115.92588626291932, -7.705612637612648,-32.166204465300616,6.533997598827148
2024-10-24 01:45:17,-4.132245160965241,-84.03214913729153,115.87783995009197, -7.7967817726601005,-32.084688445660454,6.617429616689661
2024-10-24 01:45:17,-4.2090395278869766,-84.08012664739248,115.78461549351084, -7.9716065963212674,-31.953776292888826,6.775927726675208
2024-10-24 01:45:17,-4.22655041536884,-84.18607814484513,115.75530264179578, -8.034791492399087,-31.82190506048377,6.839525455251835
2024-10-24 01:45:17,-4.2753926590224385,-84.2607278370517,115.69161670823749, -8.158398804274372,-31.690813668944976,6.954882257498074
2024-10-24 01:45:17,-4.286274055870497,-84.32606045830914,115.67301670798064, -8.198352683965394,-31.60905603764636,6.995158967102152
2024-10-24 01:45:17,-4.297160697878592,-84.39126646072093,115.65427247518329, -8.238523162132434,-31.52729759706694,7.035667321250155
2024-10-24 01:45:18,-4.308052588053283,-84.45634564698341,115.63538406797706, -8.278911932004346,-31.44553874081969,7.076409012961254
2024-10-24 01:45:18,-4.313500502143679,-84.48883762271748,115.6258858172279, -8.299188709916598,-31.404659279976862,7.096867893920421
2024-10-24 01:45:18,-4.3189497294033,-84.52129782095015,115.61635154482825, -8.31952070311092,-31.36377986307605,7.117385751541429
2024-10-24 01:45:18,-4.374767137263638,-84.46581193375846,115.55567052376186, -8.42716618149389,-31.365600644851007,7.209694949726393
2024-10-24 01:45:18,-4.568502227562139,-84.12865262656105,115.35657311038455, -8.76173321392909,-31.526887492142624,7.484360536537548
2024-10-24 01:45:18,-4.714836909013816,-83.85120850341448,115.20556113384995, -9.006830325781005,-31.671115305043667,7.68288745304009
2024-10-24 01:45:18,-4.859728535589715,-83.56962128319059,115.05419105354703, -9.246297263684367,-31.81929638771573,7.875661990830383
2024-10-24 01:45:18,-5.086118772366379,-83.06818263511079,114.81697308956745, -9.600427441134785,-32.11151681130218,8.153191862869509
2024-10-24 01:45:18,-5.228952609528276,-82.78588645995536,114.6615441573585, -9.831794961226718,-32.25704881681806,8.337602847612049
2024-10-24 01:45:18,-5.305331962810852,-82.62722695458267,114.57788564945045, -9.952824550828609,-32.342073132002156,8.433020014731127
2024-10-24 01:45:18,-5.332365289519496,-82.59932910656697,114.54645928090498, -10.003772755066198,-32.342572628668385,8.476391553765428
2024-10-24 01:45:18,-5.359377755006875,-82.5714203345149,114.5150074689426, -10.054684918826998,-32.34307552348247,8.51973541485852
2024-10-24 01:45:18,-5.407951964962018,-82.48342692733564,114.46047113841034, -10.135166842805399,-32.383238104805756,8.584577181625859
2024-10-24 01:45:18,-5.461829055915387,-82.42755838629603,114.39738453996885, -10.236635624325933,-32.384216151649106,8.670949207338028
2024-10-24 01:45:18,-5.515622967721827,-82.37164644530561,114.33419624858008, -10.337961514338652,-32.385206750076,8.757211958722282
2024-10-24 01:45:18,-5.56933379823816,-82.3156912213882,114.27090629197852, -10.439144851160949,-32.386209515925586,8.843365818848577
2024-10-24 01:45:18,-5.649744481358175,-82.23167748359204,114.17578079409829, -10.590653316824811,-32.38773564355728,8.972393283169772
2024-10-24 01:45:18,-5.703248038629692,-82.17561455789834,114.11223679214639, -10.691481770975,-32.38876716135536,9.05827661040167
2024-10-24 01:45:18,-5.729968784856998,-82.14756700759774,114.08042669988392, -10.741842971736505,-32.38928700861944,9.10117792652307
2024-10-24 01:45:18,-5.756668859315189,-82.11950875115556,114.04859121766532, -10.79216888009545,-32.38980951890811,9.144052410157206
2024-10-24 01:45:18,-5.783348274397813,-82.09143980262344,114.01673034862874, -10.842459540127926,-32.39033464547232,9.186900110898447
2024-10-24 01:45:18,-5.815491606720849,-82.0957980352705,113.97630958329029, -10.915052152064119,-32.351510462815774,9.252736567582883
2024-10-24 01:45:18,-5.868749121903502,-82.03958119833771,113.912465871792, -11.015559847790884,-32.35262539730987,9.33841937341168
2024-10-24 01:45:18,-5.9345093809858165,-82.01271418452892,113.83117857332506, -11.153398399647699,-32.309960040400796,9.46048435980892
2024-10-24 01:45:18,-5.966554135580519,-82.01685872560768,113.79056719896381, -11.226305520359354,-32.27134033828086,9.526756164638607
2024-10-24 01:45:18,-6.051587464800037,-81.964508168093,113.68575460418926, -11.399723592342287,-32.2340826340998,9.678908351056927
2024-10-24 01:45:18,-6.078059669297006,-81.9362778890662,113.65364401182559, -11.449863554088521,-32.234739637811934,9.721730359436343
2024-10-24 01:45:18,-6.110010410999495,-81.94022023568964,113.6128517081831, -11.523067869338048,-32.19631456517412,9.78841383856489
2024-10-24 01:45:18,-6.055760942506954,-82.03617158148651,113.67666185437255, -11.432832849702761,-32.15562721339453,9.715443321964033
2024-10-24 01:45:18,-5.727414484020791,-82.49572354931061,114.06383969202001, -10.8455398273498,-32.03058959022912,9.225324450061148
2024-10-24 01:45:18,-5.23277246825447,-83.06678727652248,114.63841760298953, -9.922015598702997,-31.958084795351645,8.441742596444229
2024-10-24 01:45:18,-4.941096567858968,-83.41707958440344,114.96769396627768, -9.381783953260493,-31.895696650244165,7.985097671855047
2024-10-24 01:45:18,-4.742307177303944,-83.66567300623568,115.18768325414908, -9.016130156719958,-31.84037462498167,7.67697415353048
2024-10-24 01:45:18,-4.714336351021459,-83.69387836745342,115.21893070454772, -8.962816807400422,-31.839653800807092,7.63143239486898
2024-10-24 01:45:18,-4.533295012080167,-83.96546185993155,115.41254448223228, -8.641341647984708,-31.73897774897544,7.364466516996564
2024-10-24 01:45:18,-4.414029632240553,-84.12709163699968,115.54003024945742, -8.42449044597262,-31.690111779257563,7.182659222471701
2024-10-24 01:45:19,-4.246759994152836,-84.29302679881609,115.7223500481159, -8.104648515575088,-31.6858080386932,6.9092614802018595
2024-10-24 01:45:19,-4.189707913001687,-84.39197863301376,115.78030406694336, -8.006054830142528,-31.63839150194135,6.8283582311487505
2024-10-24 01:45:19,-3.841073074117535,-84.84129714700919,116.14288449568919, -7.363465828732598,-31.512615308606037,6.286975874317486
2024-10-24 01:45:19,-3.3501668188971445,-85.45656676508196,116.63978580846971, -6.450290385146716,-31.344630101015145,5.515190146312691
2024-10-24 01:45:19,-2.855326498477537,-86.06610510245027,117.12415946358846, -5.522008562023257,-31.175966355628233,4.728446846309465
2024-10-24 01:45:19,-2.3304084188243523,-86.63388751755261,117.62902626289389, -4.5184759578489295,-31.07392757920792,3.8722207249314677
2024-10-24 01:45:19,-1.832114655372819,-87.26106320530864,118.07993990869578, -3.5726550145655778,-30.86793872625582,3.067642081075337
2024-10-24 01:45:19,-1.3324047376316086,-87.9050920605671,118.5124264222624, -2.6155650706256304,-30.63351170058821,2.2509535166616423
2024-10-24 01:45:19,-0.915426280216774,-88.44856688302889,118.85882901779671, -1.8080235992184437,-30.42271911427765,1.5592148479286299
2024-10-24 01:45:19,-0.43851222230457815,-89.13585617318068,119.22868666509495, -0.8745204736805424,-30.095726013923723,0.7566401180520295
2024-10-24 01:45:19,-0.10119748717682936,-89.59205128432691,119.48500880807741, -0.2030517451774847,-29.893112984988278,0.17603724615245242
2024-10-24 01:45:19,0.366447570431778,-90.28062988898562,119.81576039804476, 0.7433344444571746,-29.537198709462043,-0.6467364050489589
2024-10-24 01:45:19,0.8572895890844956,-90.94927211889868,120.15553643419305, 1.756483285411314,-29.217734903606136,-1.5331221439981542
2024-10-24 01:45:19,1.3644403686567084,-91.63320576715105,120.48965703456759, 2.8254132217990495,-28.88591932480042,-2.474352419243696
2024-10-24 01:45:19,1.8490230720179377,-92.32014536473363,120.78354891022877, 3.8750618153385297,-28.518383909565934,-3.406060240532957
2024-10-24 01:45:19,2.2797277153797335,-92.8801186918065,121.0424100282098, 4.821370250224399,-28.246881795172353,-4.249468979202492
2024-10-24 01:45:19,2.828958029925513,-93.51093626870784,121.37593299372134, 6.035177006646739,-27.996782061998687,-5.333243738422508
2024-10-24 01:45:19,3.3758590128797854,-94.14201461081723,121.68878287027405, 7.2687986853825475,-27.736775885585615,-6.441045720518792
2024-10-24 01:45:19,3.920725028219901,-94.7870668018769,121.97731887185392, 8.530101036350825,-27.45013438333585,-7.581582360742923
2024-10-24 01:45:19,4.4821529950430365,-95.41656059946433,122.26579154961036, 9.846283503414138,-27.19334142359601,-8.775934124329961
2024-10-24 01:45:19,5.054338016591169,-96.03680363685612,122.54716374229764, 11.20775603496216,-26.95357177415673,-10.016405329203916
2024-10-24 01:45:19,5.405753123753829,-96.42050741117407,122.7095829815878, 12.060361080573704,-26.800306913140897,-10.797086414962065
2024-10-24 01:45:19,5.667850540289721,-96.63703254576882,122.84952826904443, 12.663560624952447,-26.775827113281284,-11.342940261537732
2024-10-24 01:45:19,5.873129028251126,-96.84918845853278,122.94235815254557, 13.163481169927225,-26.70069758336811,-11.801403062253822
2024-10-24 01:45:19,6.025566083881777,-97.02638511860896,123.0029697814036, 13.549461481343679,-26.618906692086533,-12.158432730862845
2024-10-24 01:45:19,6.175616142495793,-97.16208589020214,123.07475794011735, 13.907095651519716,-26.58884055194663,-12.48499450821529
2024-10-24 01:45:19,6.207738995754028,-97.21760563487015,123.08069937151231, 14.00111370726026,-26.547694241065035,-12.574431729630803
2024-10-24 01:45:19,6.244614765391043,-97.24120002445285,123.1015213197712, 14.082968584449723,-26.55305587755882,-12.647955015435583
2024-10-24 01:45:19,6.281515493769291,-97.26477101803735,123.12231369191123, 14.164849996424385,-26.55846414400709,-12.721501046141706
2024-10-24 01:45:19,6.431361681370591,-97.19704375060017,123.26331538562938, 14.38786799934689,-26.79397014612479,-12.89767187079578
2024-10-24 01:45:19,6.62098233684661,-97.19595670154155,123.41055276068064, 14.722839223201337,-26.980314831331064,-13.179574802192217
2024-10-24 01:45:19,7.004109299794124,-97.19637319006405,123.70200007700521, 15.391622850761657,-27.350537800299314,-13.74006803491692
2024-10-24 01:45:19,7.6411389001951875,-97.28095953758194,124.14429468997355, 16.5362645984885,-27.851007180304002,-14.70887040552574
2024-10-24 01:45:19,8.30618535141536,-97.43069860924575,124.56856127982579, 17.748305201725678,-28.28800588536327,-15.740281683967002
2024-10-24 01:45:19,8.980685267197172,-97.60136812557383,124.97572704879806, 18.96838109579044,-28.701330704950642,-16.777033152350555
2024-10-24 01:45:19,9.658147388836179,-97.74865573883298,125.37565576817246, 20.15297619261461,-29.140591890789267,-17.772997846545834
2024-10-24 01:45:19,10.36415407193125,-97.93732124427444,125.76393784365439, 21.39486783206801,-29.54889841526564,-18.82085347053522
2024-10-24 01:45:19,10.956527467560598,-98.13263350108045,126.06489940399308, 22.454468041038126,-29.842426411335886,-19.721760850883264
2024-10-24 01:45:19,11.190301281966397,-98.25113935303474,126.16738201550214, 22.906470692172412,-29.907288457802817,-20.116777419172383
2024-10-24 01:45:19,11.32212547509525,-98.28076732581125,126.23609892644421, 23.127750024286048,-29.98880331687013,-20.30088125965693
2024-10-24 01:45:19,11.53868346709084,-98.38856792251441,126.32906859683997, 23.543408765006117,-30.050963463433387,-20.6637197528124
2024-10-24 01:45:19,11.715992386347907,-98.47594549502271,126.40428659333405, 23.88256443396944,-30.102828156722115,-20.9596602791523
2024-10-24 01:45:19,11.90330818231339,-98.56739205104368,126.48287469927264, 24.239700667396566,-30.158567318005883,-21.271173107079697
2024-10-24 01:45:19,12.140250196897556,-98.6818015766844,126.58100601039388, 24.68972022233418,-30.23046501703583,-21.663526405903518
2024-10-24 01:45:19,12.377979613873027,-98.79517815732069,126.6780421468596, 25.13925746618658,-30.304159577092722,-22.055254403855752
2024-10-24 01:45:19,12.548352153898326,-98.87556413117113,126.74671637099496, 25.460188420380792,-30.35793133750594,-22.334784739587537
2024-10-24 01:45:19,12.58874607997331,-98.89451710490853,126.76289277649741, 25.53612550501392,-30.370797180588564,-22.400909605333375
2024-10-24 01:45:19,12.717612012110525,-98.88133648357282,126.83789051136853, 25.706313992899936,-30.499546644603353,-22.528331336679017
2024-10-24 01:45:19,12.811861739323817,-98.88388435221187,126.88844200584239, 25.842197406953822,-30.578966347577236,-22.63475888765966
2024-10-24 01:45:19,12.900405276003932,-98.85114376832954,126.94683931503849, 25.93534410361302,-30.69507713135916,-22.69462502161323
2024-10-24 01:45:19,13.043277661907824,-98.7969653376462,127.04068336986585, 26.083821562246047,-30.883339604702833,-22.788948741324695
2024-10-24 01:45:19,13.087591975003011,-98.7801743207062,127.06958304074497, 26.12976164818125,-30.941543700727856,-22.818034191800397
2024-10-24 01:45:19,13.334601070269208,-98.68368152626817,127.2298128858296, 26.381998239261492,-31.26788442233342,-22.975334858423317
2024-10-24 01:45:19,13.547295667678155,-98.55539517514042,127.37898212850583, 26.555047002676513,-31.599421623500284,-23.05849557463379
2024-10-24 01:45:19,13.736889467062852,-98.5548966249741,127.47603500194363, 26.815978047944707,-31.761143988048357,-23.257537969378816
2024-10-24 01:45:20,13.83582853939873,-98.51374299631398,127.53829240763996, 26.91302090683195,-31.892508117779947,-23.315346997120525
2024-10-24 01:45:20,14.191557185981194,-98.41334802655614,127.74461964567462, 27.304374912094335,-32.307064809362544,-23.57260039702747
2024-10-24 01:45:20,14.375898393862048,-98.37294024673106,127.84618513313414, 27.51650276477005,-32.507031685631,-23.71666396855328
2024-10-24 01:45:20,14.458090734042479,-98.40769618893506,127.87606509181107, 27.65995036111792,-32.53584925067286,-23.838831624999223
2024-10-24 01:45:20,14.461584318761368,-98.37096263117661,127.88819085646877, 27.630383285506046,-32.58054165177575,-23.801710915831446
2024-10-24 01:45:20,14.502705665718898,-98.38828538802595,127.90308547855109, 27.701986756026567,-32.59500658856915,-23.86264888823349
2024-10-24 01:45:20,14.49916542707263,-98.42558314691088,127.89077287126072, 27.732092134462363,-32.54965548925085,-23.900441297151353
2024-10-24 01:45:20,14.437950024131094,-98.57175500447451,127.81909477152288, 27.78743649530989,-32.332027452751824,-24.001578613714823
2024-10-24 01:45:20,14.376673802122834,-98.71693175088105,127.74662470730033, 27.843625998024784,-32.11455417008186,-24.103267230167862
2024-10-24 01:45:20,14.261921538090018,-98.92312691949482,127.62817553518123, 27.88909534660883,-31.780583835421147,-24.22214264609943
2024-10-24 01:45:20,14.195223198336985,-99.11888029959141,127.53451270976909, 27.99330829830669,-31.497455414615143,-24.38200268791456
2024-10-24 01:45:20,14.143051017074761,-99.21816266420399,127.47710530162874, 28.022632605839487,-31.337552849967402,-24.44538318569457
2024-10-24 01:45:20,14.025822721366879,-99.38945559009153,127.36290547796087, 28.038256496825326,-31.036959611446722,-24.528224426650073
2024-10-24 01:45:20,13.965450799394535,-99.56642116390185,127.27389454438486, 28.140585964630123,-30.77717547228581,-24.680349505842425
2024-10-24 01:45:20,13.903740325150162,-99.70443714185511,127.19583538379042, 28.202721645041034,-30.56087797439689,-24.785828260262594
2024-10-24 01:45:20,13.855869619280213,-99.75737609533557,127.15309588385837, 28.19384358147184,-30.456480340306992,-24.801131258239366
2024-10-24 01:45:20,13.748628484092642,-99.87391563579205,127.05714928692196, 28.172608528343737,-30.224174187538527,-24.833497745453023
2024-10-24 01:45:20,13.66023261565149,-99.90817428586217,126.99885098726068, 28.088010753438365,-30.105461371177537,-24.78228384208572
2024-10-24 01:45:20,13.65282333748992,-99.9780066751977,126.97037962917405, 28.15464404989665,-30.015651711127855,-24.863164356004184
2024-10-24 01:45:20,13.649116755972889,-100.01285507258645,126.95608612230897, 28.18811298685652,-29.9707715510511,-24.903749108506926
2024-10-24 01:45:20,13.601192825388262,-100.06444380851684,126.91236855349518, 28.179189412565535,-29.86657880473067,-24.91846593812072
2024-10-24 01:45:20,13.512784010425127,-100.09774551991113,126.85340864429985, 28.09380426811458,-29.74800760247611,-24.866004297489344
2024-10-24 01:45:20,13.45537045691038,-100.18883723297049,126.78967849969486, 28.11662429394443,-29.58727401334835,-24.921933524933873
2024-10-24 01:45:20,13.34707829066521,-100.30910650716551,126.68701268311604, 28.102920538079204,-29.344968289496748,-24.9616718271853
2024-10-24 01:45:20,13.302878922531109,-100.32508424207316,126.65706783452988, 28.059566974890878,-29.28580852074929,-24.93445417303149
2024-10-24 01:45:20,13.299109420459052,-100.35925203281337,126.64226371670847, 28.09370945925381,-29.241009304876993,-24.975506254020292
2024-10-24 01:45:24,13.235697930336801,-100.37715799114059,126.65715109114677, 27.97846995725917,-29.211620760545674,-24.87562972221483
2024-10-24 01:45:24,13.000470418759125,-100.44279675003364,126.7116809833441, 27.549077737730176,-29.103535800589714,-24.503169451660447
2024-10-24 01:45:24,12.509919094334995,-100.57571945156249,126.82189828594876, 26.64396301207814,-28.882932277850642,-23.716494204883322
2024-10-24 01:45:24,11.777631796338008,-100.76422967852514,126.97772793510555, 25.268684225525647,-28.566024892014262,-22.517312987040906
2024-10-24 01:45:24,11.21265688852774,-100.90160367703757,127.09093227246862, 24.18805513219897,-28.332010409230897,-21.57198754334998
2024-10-24 01:45:24,10.663354943051957,-101.02847123119088,127.19521374476952, 23.12127896109996,-28.113529128819387,-20.636312335217887
2024-10-24 01:45:24,10.277792280502434,-101.11359644573824,127.26504172606435, 22.363133627165283,-27.96563304404199,-19.969933054354208
2024-10-24 01:45:24,9.890632682083552,-101.19582923310958,127.3323884686653, 21.594197565041124,-27.82175246463225,-19.292937911928036
2024-10-24 01:45:24,9.530181886567615,-101.26947537967484,127.39261242676663, 20.871521274442507,-27.69204054612192,-18.655680497436432
2024-10-24 01:45:24,9.261614969639112,-101.3225265447749,127.43594191415703, 20.328876162343125,-27.598094897957466,-18.176570541051465
2024-10-24 01:45:24,8.966211689330631,-101.37908674516994,127.4820885633253, 19.727940723908947,-27.497461753238007,-17.645414110225904
2024-10-24 01:45:24,8.564627649908676,-101.45297361122108,127.54229589505407, 18.904292822824033,-27.365255659810554,-16.916455866168914
2024-10-24 01:45:24,8.326520640978478,-101.49515182207807,127.57662663335383, 18.412353700383658,-27.289403336845606,-16.480569854536274
2024-10-24 01:45:24,8.096040553799842,-101.53482505690191,127.60889291097804, 17.933680911710816,-27.217799454998058,-16.056092607226436
2024-10-24 01:45:24,7.8589500636079785,-101.57445358192992,127.64109810923476, 17.4387652339945,-27.14602607834717,-15.616864691474422
2024-10-24 01:45:24,7.5267499922260725,-101.62796528868509,127.68454666575713, 16.741111257714966,-27.048707789293196,-14.99713485215504
2024-10-24 01:45:24,7.167957489321835,-101.68312559488861,127.7292866821541, 15.982243417827366,-26.947904997735773,-14.322298772291939
2024-10-24 01:45:24,7.063498934892108,-101.69867144564842,127.7418871424175, 15.760284333471905,-26.91940578231615,-14.124780031145376
2024-10-24 01:45:24,7.0013338665355045,-101.70781324922523,127.7492951237647, 15.627977345911269,-26.90262813335926,-14.007012760142583
2024-10-24 01:45:24,6.896134273360265,-101.72309704272358,127.76167728128074, 15.403716448908392,-26.874547502687697,-13.807348226008125
2024-10-24 01:45:24,6.652907331132487,-101.75753681389243,127.78956519603791, 14.88349153879461,-26.81113013310635,-13.343950505474956
2024-10-24 01:45:24,6.53396607138619,-101.77392269769784,127.8028272737918, 14.628233508767075,-26.780887895471093,-13.116461393248311
2024-10-24 01:45:24,6.490138633100167,-101.77988516407439,127.80765200904628, 14.534035614419595,-26.769872274924452,-13.03249247473328
2024-10-24 01:45:24,6.470166976852823,-101.78258872818115,127.80983950723963, 14.491085801387786,-26.76487549648877,-12.994203302100255
2024-10-24 01:45:24,6.51176810617103,-101.77694767428493,127.80527510765435, 14.580533040419766,-26.775300012641313,-13.073941974643333
2024-10-24 01:45:24,6.712686383125261,-101.74918841687379,127.78280671679575, 15.01157031202294,-26.82652095516032,-13.458067809794317
2024-10-24 01:45:24,7.0106972032624615,-101.70644154484424,127.74818365871779, 15.647915723008811,-26.905146455021303,-14.024761401239926
2024-10-24 01:45:24,7.443091529810965,-101.64107125880935,127.69518112847436, 16.564660804800354,-27.02480217777566,-14.840289690473092
2024-10-24 01:45:24,7.869580922080951,-101.57270234152044,127.63967543770757, 17.46101064162076,-27.149203153242468,-15.636614452900194
2024-10-24 01:45:24,8.204571766741493,-101.51628454896536,127.59381698125392, 18.159386783717366,-27.25129319667131,-16.256285750957314
2024-10-24 01:45:24,8.313875681265971,-101.49735785145592,127.57842144924027, 18.386155170320606,-27.28542835109639,-16.457346255251437
2024-10-24 01:45:24,8.35355128892535,-101.49042461824901,127.5727803430665, 18.468332554949423,-27.29791857158395,-16.530188696203513
2024-10-24 01:45:24,8.410837346577114,-101.48035463328807,127.56458572553248, 18.586856861209267,-27.316046142168094,-16.63523143812725
2024-10-24 01:45:24,8.450360053055384,-101.4733662627496,127.55889788494144, 18.66854023739185,-27.32861692767435,-16.70761141696418
2024-10-24 01:45:24,8.507374418105435,-101.4632261722617,127.55064349017057, 18.786246340761718,-27.346843417578018,-16.811893488960646
2024-10-24 01:45:25,8.507374418105435,-101.42205997239948,127.59685898368944, 18.732006495281187,-27.42958331167004,-16.750806410295834
2024-10-24 01:45:25,8.507374418105435,-101.36258870860931,127.6631062315905, 18.65456837805478,-27.548669931548154,-16.66351274795566
2024-10-24 01:45:25,8.507374418105435,-101.13808030133949,127.90782693146201, 18.371635902237333,-27.993618541720643,-16.34375105291603
2024-10-24 01:45:25,8.507374418105435,-101.01155628396735,128.0421334728124, 18.218405309281994,-28.241265099699415,-16.170017395430925
2024-10-24 01:45:25,8.507374418105435,-100.88350298648949,128.1755207424678, 18.067623410086956,-28.489707680642137,-15.998662086783504
2024-10-24 01:45:25,8.507374418105435,-100.75293404094259,128.30897739512886, 17.91813142771278,-28.740821342886083,-15.828370264280418
2024-10-24 01:45:25,8.507374418105435,-100.5881439743989,128.47385894891158, 17.73528780935054,-29.054664848856902,-15.619522385172498
2024-10-24 01:45:25,8.507374418105435,-100.50109103126114,128.55940771835031, 17.641209008798985,-29.219106678631572,-15.51181417848486
2024-10-24 01:45:25,8.507374418105435,-100.39136230211632,128.6657539322603, 17.524997318965756,-29.425086684654588,-15.378525851475729
2024-10-24 01:45:25,8.507374418105435,-100.32118714385308,128.73291432528038, 17.452022461427156,-29.556074239274807,-15.294688839808407
2024-10-24 01:45:25,8.507374418105435,-100.25781742727837,128.79300126439145, 17.387002929774553,-29.67386900214938,-15.219899271663472
2024-10-24 01:45:25,8.507374418105435,-100.18949216137354,128.85720014225652, 17.317812256524682,-29.80036178761404,-15.140215059822113
2024-10-24 01:45:25,8.507374418105435,-100.15929384775859,128.88538294035754, 17.287528181313018,-29.856100977726914,-15.105306291311306
2024-10-24 01:45:25,8.507374418105435,-100.11015947313268,128.9309894699229, 17.23863684689637,-29.946574023550387,-15.048907447318513
2024-10-24 01:45:25,8.507374418105435,-100.07974324613723,128.9590688012255, 17.208605763246982,-30.002446430991572,-15.014239444356255
2024-10-24 01:45:25,8.507374418105435,-100.0492436879127,128.9871085090611, 17.178670495219876,-30.058369649267032,-14.979662579006947
2024-10-24 01:45:25,8.507374418105435,-100.01866068998379,129.01510851001595, 17.148830658751617,-30.114343671677496,-14.94517645961264
2024-10-24 01:45:25,8.507374418105435,-99.98427130438334,129.04645512906555, 17.115486883770068,-30.177162830171333,-14.906617634546558
2024-10-24 01:45:25,8.507374418105435,-99.95351095444379,129.0743706264327, 17.085848216173872,-30.23324459644581,-14.872322719723773
2024-10-24 01:45:25,8.507374418105435,-99.93898673638905,129.08751138210624, 17.07191429518348,-30.25968958188541,-14.856193005792719
2024-10-24 01:45:25,8.507374418105435,-99.92355845369373,129.10144196672042, 17.05715540713665,-30.28775592058612,-14.83910357926383
2024-10-24 01:45:26,8.507374418105435,-99.87714777732941,129.14317362736176, 17.01301932331334,-30.372031067048525,-14.78796880397285
2024-10-24 01:45:26,8.507374418105435,-99.84701496473006,129.17012982569895, 16.98457103238057,-30.426625912761438,-14.75498603174786
2024-10-24 01:45:26,8.507374418105435,-99.83238152482359,129.18318146235052, 16.970814085255125,-30.45310443280495,-14.739029683939194
2024-10-24 01:45:26,8.507374418105435,-99.80122716276786,129.21088341402748, 16.941652013987532,-30.50940213610908,-14.70519093858952
2024-10-24 01:45:26,8.507374418105435,-99.78654746079928,129.22389654858046, 16.927970242514277,-30.535894122463706,-14.689308283739237
2024-10-24 01:45:26,8.507374418105435,-99.77092198761257,129.23772017887467, 16.913448379546203,-30.564068328843803,-14.672445653581601
2024-10-24 01:45:27,8.376042018258572,-99.7940266564601,129.2570506734171, 16.665187890917696,-30.52742590753768,-14.459191813527125
2024-10-24 01:45:27,8.18234412478947,-99.82743531927665,129.2849866053593, 16.29801817958477,-30.474330003932277,-14.143618283220961
2024-10-24 01:45:27,7.9868458292446425,-99.86034850457158,129.31249043859037, 15.92622194053769,-30.421891397493567,-13.823857461602794
2024-10-24 01:45:27,7.701341566288746,-99.90696196355682,129.3514126795285, 15.381103926947091,-30.34740261449522,-13.354660502503872
2024-10-24 01:45:27,7.274338315685481,-99.97346499044657,129.4068814546984, 14.561184904068535,-30.24067539713363,-12.64813759786614
2024-10-24 01:45:27,7.104406896520556,-99.99886143951649,129.42804509985947, 14.23338527650535,-30.199775856497123,-12.365416382910006
2024-10-24 01:45:27,6.976519799156825,-100.01757337048247,129.44363161300132, 13.986139218761194,-30.16959080061238,-12.152077597940565
2024-10-24 01:45:27,6.869722165638372,-100.03293592025234,129.45642392628528, 13.779308702717016,-30.14477661745487,-11.97355125376813
2024-10-24 01:45:27,6.762375309166765,-100.04813580449506,129.46907700941907, 13.571091131722776,-30.120196558664468,-11.793772968950199
2024-10-24 01:45:27,6.68287506322001,-100.05923663633817,129.47831547762672, 13.416680129234951,-30.1022271383512,-11.660417218637106
2024-10-24 01:45:27,6.628803111285375,-100.06671098770377,129.48453474316074, 13.31155818202546,-30.09011947846968,-11.569612759893902
2024-10-24 01:45:27,6.57459196325441,-100.07414294414416,129.49071783160758, 13.206085278876053,-30.078073631554005,-11.478491620386057
2024-10-24 01:45:27,6.520241178378916,-100.08153210691118,129.49686442672024, 13.100260457476779,-30.066090353386436,-11.38705295391799
2024-10-24 01:45:27,6.425515688439271,-100.09426215826701,129.507451699293, 12.915632745019101,-30.045429651222424,-11.227492104261955
2024-10-24 01:45:27,6.385214356892228,-100.09962112357304,129.51190783143664, 12.837009316936408,-30.036726093385923,-11.159531139002361
2024-10-24 01:45:27,6.330388391766017,-100.10685677051313,129.5179237367192, 12.729980669651594,-30.024968919366206,-11.06700549985479
2024-10-24 01:45:27,6.234857254143516,-100.11931388995664,129.52827891551064, 12.543300056209805,-30.004712096033256,-10.90558951137543
2024-10-24 01:45:27,6.194226291815189,-100.1245541253717,129.53263419057413, 12.463829416697749,-29.996185030887855,-10.836862025281826
2024-10-24 01:45:27,6.153527857311052,-100.12976838235929,129.53696743119764, 12.38418387454302,-29.98769683004424,-10.76797610869431
2024-10-24 01:45:27,6.138920233031188,-100.13163143827597,129.5385155924508, 12.355586783044293,-29.984663167787424,-10.743240567276432
2024-10-24 01:45:27,6.09812323876642,-100.13681100990661,129.54281941368254, 12.275690144883576,-29.976226853062446,-10.67412775797585
2024-10-24 01:45:27,6.05725845022328,-100.14196423997058,129.54710091425014, 12.195617997968386,-29.967830106498205,-10.604856000478762
2024-10-24 01:45:27,6.001611436259242,-100.14892534062724,129.55288377731023, 12.086512585309846,-29.956482301350555,-10.510455683803535
2024-10-24 01:45:27,5.9605794774129714,-100.15401666013118,129.55711284003007, 12.006012282808205,-29.948178712989506,-10.440796757644039
2024-10-24 01:45:31,5.890502661472873,-100.16934361037944,129.5698415016286, 11.868837990810038,-29.933008656884525,-10.322197507925619
2024-10-24 01:45:31,5.680314221233797,-100.21468271528443,129.6074721787942, 11.456620023096686,-29.88844039895363,-9.965662183697996
2024-10-24 01:45:31,5.5415947953938405,-100.29753094818123,129.60313538051355, 11.21177861097919,-29.779192057143156,-9.761793306589256
2024-10-24 01:45:31,5.401156487731388,-100.3268842145223,129.62744398996625, 10.934579557967004,-29.750719698620102,-9.521646207841112
2024-10-24 01:45:31,5.173268156390935,-100.37361738138304,129.66611674076591, 10.483719795045019,-29.70586866310114,-9.130867797831053
2024-10-24 01:45:31,4.85757974200187,-100.43652265656269,129.71811634429918, 9.857075177418599,-29.646515802398497,-8.58736758795235
2024-10-24 01:45:31,4.381447738676755,-100.46829962582112,129.82498311668724, 8.882863757406517,-29.65301463115035,-7.73466131613503
2024-10-24 01:45:31,4.045597158367493,-100.46380406594534,129.91067822079916, 8.18670643442292,-29.69878323157155,-7.1231835606007605
2024-10-24 01:45:31,3.5144326324474173,-100.4236645547357,130.0565676010455, 7.080551244769225,-29.8217789526791,-6.150647285985431
2024-10-24 01:45:31,3.08656734477814,-100.30675954968379,130.21152566023906, 6.172966468388018,-30.04896914641346,-5.3484867843999115
2024-10-24 01:45:31,2.3514168162210503,-100.11588345027107,130.45657080377558, 4.647371121703023,-30.42301206507461,-4.009729146895145
2024-10-24 01:45:31,1.7026235045408258,-99.874737870406,130.6919461615057, 3.3207392188594023,-30.859587572357277,-2.8514515651440515
2024-10-24 01:45:31,1.3621444698546943,-99.72374224718209,130.82032267440997, 2.635985777600677,-31.123413734733436,-2.2569765827193824
2024-10-24 01:45:31,0.9338830170312937,-99.64163039759005,130.92457770100035, 1.7980405160218893,-31.29547079550412,-1.5365615198558131
2024-10-24 01:45:31,0.6907661355297302,-99.47885682466972,131.0348215421225, 1.3197712941501112,-31.56274411839795,-1.1245886767997104
2024-10-24 01:45:31,0.46435226422974135,-99.26143939046855,131.16405333583955, 0.8786115082561182,-31.905636515995504,-0.7458869472665406
2024-10-24 01:45:31,0.3206529119451961,-99.21877150874909,131.2017967009502, 0.60536851732912,-31.98446202099187,-0.5134739569243603
2024-10-24 01:45:31,0.24841257918171197,-99.16857418636891,131.23322498619964, 0.4679222429634077,-32.06551042591344,-0.3965392808204846
2024-10-24 01:45:31,0.10397600870635579,-99.06744348302874,131.2955276834153, 0.19496995958371743,-32.22823385281999,-0.1649312117662151
2024-10-24 01:45:31,-0.12213353141623279,-98.8425104586423,131.419155802494, -0.22683297902909816,-32.576849070224625,0.19114564137896356
2024-10-24 01:45:31,-0.3648262475674204,-98.66714574438778,131.5199550388984, -0.6724903976602576,-32.854607898237965,0.5649331440729928
2024-10-24 01:45:31,-0.6875629886636772,-98.49538872701649,131.62407674303125, -1.2579298626150244,-33.135008927357774,1.053422016669628
2024-10-24 01:45:31,-1.036955246033693,-98.24046122403116,131.75927351258161, -1.8773580791274571,-33.53297615519713,1.565076558221677
2024-10-24 01:45:31,-1.118341819109147,-98.11180772846878,131.81693083606484, -2.014750250061242,-33.72148124364803,1.6759734146032288
2024-10-24 01:45:31,-1.6020648848476027,-97.80414983398514,131.97348356838222, -2.850861927539645,-34.20231310797747,2.3584426346733554
2024-10-24 01:45:31,-1.941530675941069,-97.6104168180744,132.06897260820287, -3.428633853344762,-34.50645945580199,2.8264902831258953
2024-10-24 01:45:31,-2.1745773407870375,-97.4226988307436,132.15155475631795, -3.813293972564505,-34.78833648660085,3.1332314740754543
2024-10-24 01:45:31,-2.496299570998839,-97.22867975308377,132.2380379816331, -4.345554240703704,-35.08690702664711,3.5581377038676756
2024-10-24 01:45:31,-3.162509128488092,-96.74181002150189,132.43228901701076, -5.410141715655174,-35.811774018537335,4.391784210182826
2024-10-24 01:45:31,-3.3691695482642947,-96.64026841655584,132.47221515316593, -5.742568739933681,-35.96886790287011,4.653038117055421
2024-10-24 01:45:31,-4.013482871252091,-96.14353866137527,132.64391257338838, -6.7272719534007805,-36.68983904150206,5.403326744492616
2024-10-24 01:45:32,-4.604606483099754,-95.63801443114454,132.79951437080274, -7.5943801745267185,-37.40479084296581,6.045741586849657
2024-10-24 01:45:32,-5.203147278982619,-95.18907401711328,132.92249103077998, -8.463387235510472,-38.03747515590871,6.684248753330554
2024-10-24 01:45:32,-5.8680507966387205,-94.68112149859321,133.04427468292891, -9.40265197822285,-38.74088093428423,7.359726177342893
2024-10-24 01:45:32,-6.4802625694860705,-94.17337125486489,133.1505521160198, -10.23614954887326,-39.4274318151488,7.9406796375817965
2024-10-24 01:45:32,-7.08201398842657,-93.62847223602921,133.2503075212178, -11.024071689999046,-40.14692277785161,8.4700351851135
2024-10-24 01:45:32,-7.706277345290658,-93.08935227748064,133.33113642687874, -11.830369502595378,-40.84942170861085,9.003395529516416
2024-10-24 01:45:32,-8.388069828866746,-92.59709332538071,133.3814559679137, -12.720555565325135,-41.48979985418702,9.597555421251085
2024-10-24 01:45:32,-8.718183451564364,-92.3531784495317,133.40117045679483, -13.143820571573952,-41.80257014278429,9.874638497199319
2024-10-24 01:45:32,-8.944925890076878,-92.18354973061054,133.41293667473315, -13.43169828030916,-42.01835747689342,10.061025012802768
2024-10-24 01:45:32,-9.172096747793832,-92.08381101232632,133.4094433661477, -13.740283206322404,-42.152013699419605,10.274888259709662
2024-10-24 01:45:32,-9.311881788259218,-91.99974008604667,133.41097357300052, -13.922418532321407,-42.260211855869976,10.396054058580624
2024-10-24 01:45:32,-9.885291670801394,-91.69425589718986,133.40394607255587, -14.676663524677219,-42.65539535902328,10.902757170261184
2024-10-24 01:45:32,-10.300226095790613,-91.39910969338231,133.4064339157504, -15.192848463453164,-43.02262078434602,11.229103208533665
2024-10-24 01:45:32,-10.627379934235385,-91.10981627831323,133.41422408243318, -15.57750749003666,-43.37340160190123,11.45556355148083
2024-10-24 01:45:32,-11.14227694909341,-90.68562446730162,133.41324076818046, -16.18692457237484,-43.884314494069585,11.816762976787833
2024-10-24 01:45:32,-11.809685961006027,-90.15076180705344,133.39587936821266, -16.971302964229682,-44.519607276115735,12.276123377248032
2024-10-24 01:45:32,-12.065205722845691,-89.93159989456694,133.38735866304742, -17.26371494181369,-44.77560627095778,12.44058844281498
2024-10-24 01:45:32,-12.370215069829229,-89.55491300509108,133.3903036290375, -17.571224280481054,-45.203896992925074,12.577730169345198
2024-10-24 01:45:32,-12.773834287637545,-89.04946877243407,133.3878195074743, -17.972540299702267,-45.771343612995764,12.749603136731587
2024-10-24 01:45:32,-13.076804114706356,-88.66486601884364,133.38113083612987, -18.26977296758494,-46.19769222425027,12.87160500596607
2024-10-24 01:45:32,-13.611949113738106,-87.9746922313029,133.359084290438, -18.786865037713234,-46.95132513265703,13.072859204998634
2024-10-24 01:45:32,-13.829257668862471,-87.69049785452937,133.34636196286553, -18.994099881056982,-47.25747062012383,13.149527215442797
2024-10-24 01:45:32,-13.894765716901945,-87.52624120380388,133.34988820588254, -19.03048105865122,-47.43099474037174,13.13398064808934
2024-10-24 01:45:32,-14.028452747077223,-87.34965856412991,133.34032400846382, -19.15695724253843,-47.61925355338689,13.179089078489651
2024-10-24 01:45:32,-14.16195342834504,-87.1724721563197,133.32993713531903, -19.28270659934824,-47.807243672042944,13.22307721195018
2024-10-24 01:45:32,-14.377987695437723,-86.8839498106931,133.31135040013365, -19.485060590264506,-48.11142167516627,13.29204875603667
2024-10-24 01:45:32,-14.512496837625491,-86.7822675249138,133.29197042646132, -19.636059059238175,-48.21999147429256,13.372230862278288
2024-10-24 01:45:32,-14.577427311258718,-86.61562666549304,133.29222902003607, -19.670658378288408,-48.39217462847512,13.353329555496021
2024-10-24 01:45:32,-14.643812035875301,-86.52589655151641,133.28544439041616, -19.732184057062273,-48.48560780711591,13.3732239439537
2024-10-24 01:45:32,-14.574887551007508,-86.53858017223331,133.29904396147236, -19.6423373911434,-48.470563432815894,13.313432973755926
2024-10-24 01:45:32,-14.367938648134274,-86.57612915873227,133.33928502182152, -19.372334850930933,-48.425761104640706,13.133668053114668
2024-10-24 01:45:32,-14.228367988371499,-86.52331711620666,133.37215683716857, -19.165598073926734,-48.475119053456964,12.975384972351481
2024-10-24 01:45:32,-14.088724039356112,-86.4699986489677,133.4045509913669, -18.95908329851048,-48.52496443871864,12.817578324711848
2024-10-24 01:45:32,-13.949008403643772,-86.41617445522266,133.4364668638389, -18.752795621988916,-48.57529476323702,12.660253296276887
2024-10-24 01:45:32,-13.946170978459634,-86.26049205710214,133.44871535554418, -18.701664797264154,-48.73371496652413,12.585999221895698
2024-10-24 01:45:32,-13.859295674265663,-85.74699793346237,133.50081793160797, -18.432640388961623,-49.25117552724477,12.273575116844745
2024-10-24 01:45:32,-13.785654712021218,-85.5030953254853,133.5298656435977, -18.26408258646693,-49.49470470197363,12.098609433366473
2024-10-24 01:45:32,-13.781140805513763,-85.24665195144856,133.5451494553061, -18.186021027078723,-49.7518592581846,11.98330053857704
2024-10-24 01:45:32,-13.778358704335215,-85.08797933675285,133.55398714906397, -18.138383184760894,-49.910447913813194,11.912672742552951
2024-10-24 01:45:32,-13.773851854110179,-84.82994625745039,133.56735835054852, -18.06197357910961,-50.167495862620264,11.798968101657795
2024-10-24 01:45:32,-13.839029703967208,-84.65917365303336,133.56260512047146, -18.10210351884784,-50.33863576400976,11.78500779686617
2024-10-24 01:45:32,-13.904143418789012,-84.48802790111073,133.55730617145562, -18.14216377570263,-50.50954676388384,11.770768969527854
2024-10-24 01:45:32,-13.969192925252681,-84.31651278454713,133.551461607342, -18.182156972525984,-50.68022513353069,11.756255000899383
2024-10-24 01:45:32,-14.11661265074616,-84.0306290085279,133.53286319306457, -18.300155912918797,-50.964127688593585,11.765942110495654
2024-10-24 01:45:32,-14.249162237937417,-83.84669331758465,133.51254514705877, -18.42533194449557,-51.146486650856055,11.804534825056496
2024-10-24 01:45:32,-14.313902743174138,-83.67380910156211,133.504575960316, -18.464707545185355,-51.31616496778044,11.788508600821633
2024-10-24 01:45:32,-14.447637993664497,-83.56983546608181,133.4805297117204, -18.611963913128672,-51.419349515930705,11.860592494676895
2024-10-24 01:45:32,-14.446154731799954,-83.48897474156303,133.48280023795883, -18.588984709501656,-51.49783406037991,11.825534804580265
2024-10-24 01:45:32,-14.513703103088815,-83.47729856326266,133.46944798106784, -18.67387768940928,-51.5101193921922,11.87879641013477
2024-10-24 01:45:32,-14.510718502962693,-83.31535599069312,133.47364944359126, -18.628019583843248,-51.66692573024903,11.808671072256304
2024-10-24 01:45:32,-14.576718183364328,-83.22256193777788,133.46213598337994, -18.689795169179916,-51.75745075047805,11.826536905398976
2024-10-24 01:45:32,-14.710096049677931,-83.11782067244549,133.43679093364523, -18.835783982256544,-51.860043472858365,11.896728591521892
2024-10-24 01:45:32,-14.774434499393717,-82.94345084528648,133.4263678794469, -18.874262164141857,-52.028446148501885,11.87872784889274
2024-10-24 01:45:32,-14.840245284200812,-82.85017379148073,133.4140362344784, -18.935468549666332,-52.1185812682051,11.895661168631687
2024-10-24 01:45:33,-14.90600853769385,-82.75677820447072,133.40150027069166, -18.996535593486712,-52.20861633047752,11.912365237307622
2024-10-24 01:45:33,-15.03895746473896,-82.65116612806811,133.37467798617277, -19.141091741991243,-52.31060278929817,11.98049013980734
2024-10-24 01:45:33,-15.104586495172997,-82.55748249243575,133.36164280834797, -19.201739561157215,-52.40041070917608,11.996560500009133
2024-10-24 01:45:33,-15.170167494053775,-82.46368335186558,133.3484036601532, -19.262252160429483,-52.49011494553182,12.012407114736291
2024-10-24 01:45:33,-15.235700342450587,-82.3697695940447,133.33496064169935, -19.322630675483676,-52.57971449263569,12.028031502140292
2024-10-24 01:45:33,-15.368232399064823,-82.26335700137453,133.30677867249477, -19.4658718923689,-52.68119944194042,12.094326757855093
2024-10-24 01:45:33,-15.432008805477848,-82.0873494945937,133.29340939103506, -19.50297294089718,-52.847875013645286,12.07358639057749
2024-10-24 01:45:33,-15.497347876094041,-81.9929861452086,133.2791519261058, -19.562826301260976,-52.93704584324033,12.088336928661962
2024-10-24 01:45:33,-15.561000431381672,-81.81649829699732,133.26492469418736, -19.599794279717973,-53.103241004222305,12.067132548842613
2024-10-24 01:45:33,-15.627879697427304,-81.80392979755304,133.2500270722207, -19.682148496538602,-53.115057590501344,12.117195304500212
2024-10-24 01:45:33,-15.62623296320731,-81.72185743511848,133.25014782197482, -19.659403553493604,-53.192108943059914,12.081415052015922
2024-10-24 01:45:33,-15.689761364347605,-81.54489916576917,133.23506356292108, -19.69624561220857,-53.35781452571068,12.059756762060102
2024-10-24 01:45:33,-15.753223362946615,-81.36764171706481,133.21943867560805, -19.733079069404265,-53.52322028251602,12.037900650029663
2024-10-24 01:45:33,-15.814947378754347,-81.10753207326312,133.20260716334138, -19.74756158114552,-53.76504449346952,11.980310975498295
2024-10-24 01:45:33,-15.884258317241294,-80.82518291087865,133.18255814617925, -19.766822105327602,-54.02625561066536,11.920022664493034
2024-10-24 01:45:33,-15.878813019057029,-80.5562476129736,133.1784454563478, -19.695647690831887,-54.2744102936865,11.805869885075008
2024-10-24 01:45:33,-15.93742473810892,-80.15024623365602,133.1549744682157, -19.674123923040394,-54.64651853620394,11.688508584046492
2024-10-24 01:45:33,-15.918607382420301,-79.21323092216923,133.12582582240466, -19.439406405487965,-55.498263909464505,11.304969166830308
2024-10-24 01:45:33,-15.911077256273426,-78.83493285160124,133.11020097947315, -19.348214047637452,-55.838892344368766,11.154090023402135
2024-10-24 01:45:33,-15.90563930042692,-78.5605784490311,133.0975031643479, -19.283312281901743,-56.084773432607726,11.04604143707176
2024-10-24 01:45:33,-15.903963209134119,-78.47582187330886,133.09334982958254, -19.263468062945634,-56.16053855564441,11.012891432183663
2024-10-24 01:45:33,-15.900612489404644,-78.30610926636679,133.0847078386317, -19.224021355428434,-56.31197118073576,10.946835135697537
2024-10-24 01:45:33,-15.89726371875929,-78.13613309797613,133.07561889624162, -19.184895016433874,-56.46327113842705,10.881102192655426
2024-10-24 01:45:33,-15.89559006381849,-78.05104707172536,133.07090687421882, -19.165451261975818,-56.53887042873815,10.848356383907303
2024-10-24 01:45:33,-15.893916895519691,-77.9658962279542,133.06608318257813, -19.146086733897512,-56.614435427123844,10.815690702092427
2024-10-24 01:45:33,-15.892244213653592,-77.88068092494508,133.06114784520133, -19.126801145727228,-56.68996575944452,10.783104912446266
2024-10-24 01:45:33,-15.75762022917807,-77.90467333610472,133.09222709328128, -18.96699591471951,-56.67158111252957,10.693390763631507
2024-10-24 01:45:33,-15.688617071453306,-77.83121358136466,133.10257920189696, -18.868019508060833,-56.73810784677827,10.616345344381015
2024-10-24 01:45:33,-15.55219941750786,-77.769279517574,133.12794071727748, -18.689275433569247,-56.79576637339831,10.494879823342734
2024-10-24 01:45:33,-15.33290530190286,-77.71056606212491,133.17043839529003, -18.410530645276392,-56.852113339336775,10.315396916105742
2024-10-24 01:45:33,-14.964702535519333,-77.7717732126246,133.25006692717406, -17.973824650918285,-56.80445159340606,10.071638326100642
2024-10-24 01:45:33,-14.746394314950381,-77.80702546122876,133.29589137311694, -17.714743410698507,-56.77660882008275,9.927028428374786
2024-10-24 01:45:33,-14.527786105684923,-77.8415542107383,133.34074867475823, -17.45518960351738,-56.74904024097527,9.78215526136551
2024-10-24 01:45:33,-14.392019797323636,-77.86261012061429,133.3680900560985, -17.293935682368996,-56.73207696136533,9.692149067332215
2024-10-24 01:45:33,-14.257604601710835,-77.970658492254,133.40043799933903, -17.15009938975121,-56.63721083139148,9.631877098303967
2024-10-24 01:45:33,-14.123039982151377,-78.07844705110409,133.43229941403945, -17.005862234012515,-56.54218696749229,9.571068688972783
2024-10-24 01:45:33,-13.989751977006408,-78.27313282617118,133.4687089395345, -16.87873860648107,-56.36865457081414,9.539263582740299
2024-10-24 01:45:33,-13.923038421489078,-78.37033269991718,133.48660148176668, -16.814993846412747,-56.28170418788533,9.523046071230388
2024-10-24 01:45:33,-13.856278674160238,-78.46743599318279,133.50428568154138, -16.751125847973736,-56.194632363277506,9.506616718641597
2024-10-24 01:45:33,-13.72262113861333,-78.66134911896607,133.5390284771585, -16.623016269613846,-56.02012846750544,9.473116856854107
2024-10-24 01:45:33,-13.655723619390022,-78.75815708973235,133.55608678883254, -16.558772738175968,-55.932698449808086,9.456043519732413
2024-10-24 01:45:33,-13.58878044633754,-78.85486475659829,133.57293618972736, -16.494402065279726,-55.845151097324205,9.438752685660994
2024-10-24 01:45:33,-13.590148543430923,-78.94167135557315,133.5771630515969, -16.511972482558463,-55.76619802191664,9.468030506035552
2024-10-24 01:45:33,-13.523150271150094,-79.03822811908748,133.59368772646133, -16.447468523212887,-55.67844272092427,9.450461652587105
2024-10-24 01:45:33,-13.454757684239164,-79.04797544679555,133.60600770910813, -16.36527531084386,-55.669708557088875,9.40351282111436
2024-10-24 01:45:33,-13.456106601115817,-79.13468214991344,133.61000314885894, -16.382834918133753,-55.590572651059624,9.432671797573732
2024-10-24 01:45:33,-13.460458105692132,-79.41373194544741,133.6220931760684, -16.439955333218364,-55.335206043669714,9.527187327212651
2024-10-24 01:45:33,-13.389781877605834,-79.80850621592128,133.65047257668047, -16.42720049900303,-54.97203358333347,9.604967247034008
2024-10-24 01:45:33,-13.394107165098951,-80.08583048355754,133.6596883574613, -16.485907277779543,-54.71563339861217,9.7008681257885
2024-10-24 01:45:33,-13.400081347720425,-80.46715801469635,133.6704177116798, -16.56822696933643,-54.36135966690365,9.834493958968372
2024-10-24 01:45:33,-13.317045554544988,-81.1311516989433,133.6998986668495, -16.598518831954358,-53.73893857882751,9.99887989849063
2024-10-24 01:45:33,-13.332036807801906,-82.0800422904026,133.70676000470468, -16.818887486567046,-52.83932740970414,10.34772628802998
2024-10-24 01:45:34,-13.346898495419799,-83.00725772431258,133.69912341822825, -17.047068385934306,-51.94771617616345,10.702668165486921
2024-10-24 01:45:34,-13.361991155540782,-83.93477494911818,133.6768088811491, -17.28906444573403,-51.043052995227185,11.07272591087005
2024-10-24 01:45:34,-13.377135210793119,-84.85079876444894,133.6398359150266, -17.542674630630398,-50.136697850317724,11.45410716895649
2024-10-24 01:45:34,-13.392695526809092,-85.77635547232813,133.58681377097335, -17.814943962086872,-49.20747238997881,11.856853504511257
2024-10-24 01:45:34,-13.40748709365573,-86.64117359689716,133.5224622166399, -18.085164662014893,-48.32661414154789,12.250306433534586
2024-10-24 01:45:34,-13.422655149411273,-87.5125200528323,133.4425399816384, -18.37424946492273,-47.426356769398545,12.664913530300527
2024-10-24 01:45:34,-13.45463263357129,-88.1490273681903,133.37026286790922, -18.625856014786574,-46.76129996496609,13.000936540673738
2024-10-24 01:45:34,-13.49087957611405,-88.57816610167285,133.31376809040972, -18.822247689606932,-46.309598230240276,13.249181591870485
2024-10-24 01:45:34,-13.519441671136919,-88.9478249732565,133.2623023526673, -18.9920616274276,-45.91779328231003,13.465249259491818
2024-10-24 01:45:34,-13.548279508420299,-89.28744991393276,133.21175236696558, -19.155472549935478,-45.55580427842173,13.670612479363891
2024-10-24 01:45:34,-13.57894485177028,-89.63099924485999,133.1575727312446, -19.326701824444875,-45.18759472568376,13.884180167483873
2024-10-24 01:45:34,-13.610572587893047,-89.97127801562793,133.1008711960501, -19.50203651233181,-44.82083399494551,14.101463925234125
2024-10-24 01:45:34,-13.643490588507344,-90.28367165321201,133.04553882386546, -19.672228410591238,-44.48246476162908,14.309174558893996
2024-10-24 01:45:34,-13.645063844038512,-90.29817838169521,133.042901157335, -19.680283761262995,-44.46671039199436,14.318966790586327
2024-10-24 01:45:34,-13.62219342224573,-90.42296376581534,133.02733533158118, -19.696903408156967,-44.32889943532761,14.363924085644367
2024-10-24 01:45:34,-13.562470725447765,-90.72702164140102,132.98864499863902, -19.732939797568697,-43.991372340374845,14.47032673272307
2024-10-24 01:45:34,-13.496219210666991,-91.0580795635157,132.94420066647254, -19.772598478029174,-43.62134455663281,14.586794460912612
2024-10-24 01:45:34,-13.427191845077909,-91.39763774333325,132.89599793520995, -19.814160685603916,-43.23903790534986,14.707246929078698
2024-10-24 01:45:35,-13.356361175293692,-91.73130253067512,132.84637834966816, -19.853039393162067,-42.860436462119125,14.824430308555659
2024-10-24 01:45:35,-13.283239056505572,-92.06894821171164,132.7935125923929, -19.89279092432523,-42.47439780319962,14.94362850982188
2024-10-24 01:45:35,-13.207093111793021,-92.40850904700876,132.73781395353421, -19.9315137956641,-42.083056177905206,15.062840517708844
2024-10-24 01:45:35,-13.125355462786903,-92.75353179923106,132.67887644469832, -19.96702354542763,-41.68201188438407,15.18129142874032
2024-10-24 01:45:35,-13.0355200913357,-93.11046035782596,132.61545826024158, -19.998666560709804,-41.26335642770545,15.300133583385264
2024-10-24 01:45:35,-12.926120733284034,-93.50907854807555,132.54210421994622, -20.02357828634585,-40.790895916875655,15.42494444196014
2024-10-24 01:45:35,-12.794322975646896,-93.98391464490092,132.44888842970127, -20.055906878933712,-40.222013642421196,15.575959499542424
2024-10-24 01:45:35,-12.600927158297534,-94.62954014961366,132.31379586964331, -20.086437175816368,-39.436462573371486,15.771015104078709
2024-10-24 01:45:35,-12.338978962122065,-95.38625185264846,132.1450424255968, -20.078662778842233,-38.4956422802325,15.96480829100863
2024-10-24 01:45:35,-12.021636381719803,-96.07851217138558,131.9877942693122, -19.95525449924048,-37.60994650762842,16.046869013455623
2024-10-24 01:45:35,-12.063693522136269,-95.93168235078494,132.02728648195443, -19.93911940081595,-37.7966980047272,15.995228833762626
2024-10-24 01:45:35,-12.062528248860094,-95.86832377518672,132.04764972539334, -19.900567053995633,-37.87509013817649,15.947284363835069
2024-10-24 01:45:35,-12.132707423639712,-95.85761491677422,132.03806647387051, -20.00993449300036,-37.895480781767766,16.03336582906949
2024-10-24 01:45:35,-12.204068153155154,-95.91110840601192,132.00772796418096, -20.158656923722226,-37.83653714752949,16.16844512576413
2024-10-24 01:45:35,-12.205272999350894,-95.9752773708531,131.98695419795928, -20.19832332926082,-37.75714397694832,16.217746359813674
2024-10-24 01:45:35,-12.20647822206554,-96.03931564143942,131.96607298162994, -20.238162622915485,-37.67779406922163,16.267214833082267
2024-10-24 01:45:35,-12.279076740470824,-96.15605118999989,131.9142434958301, -20.428341273328016,-37.54018200514121,16.453618366894542
2024-10-24 01:45:35,-12.280293862953336,-96.21968772835902,131.89304376758892, -20.468883927986152,-37.46103686033607,16.50382607874303
2024-10-24 01:45:35,-12.35292510956453,-96.33549459254672,131.84049925131288, -20.660870824484775,-37.32416099120824,16.69227017223137
2024-10-24 01:45:35,-12.356888740853757,-96.53888195488926,131.7707474486557, -20.794521975902164,-37.0698449983121,16.857174582774977
2024-10-24 01:45:35,-12.445720923192125,-97.0333258366564,131.57876148720277, -21.266107635870842,-36.455281205121565,17.382396441176052
2024-10-24 01:45:35,-12.531943058314798,-97.38340408042075,131.4317779010286, -21.653278032322493,-36.01873516326492,17.802172454825218
2024-10-24 01:45:35,-12.626818993215716,-97.72719079369345,131.2798345140826, -22.063380614529706,-35.58799497260174,18.24274730824672
2024-10-24 01:45:35,-12.63499410316935,-98.10991603559026,131.12464974662035, -22.363581956474484,-35.092589249751725,18.60525874235606
2024-10-24 01:45:35,-12.73199886654964,-98.5291299320125,130.92813161297147, -22.864671712487976,-34.55557877381534,19.15180793914008
2024-10-24 01:45:35,-12.832101945087954,-99.06794752327923,130.66768699563934, -23.495386509993256,-33.8542433918631,19.85027489870705
2024-10-24 01:45:35,-12.83633335825959,-99.25115746994486,130.58234058397193, -23.663436701563725,-33.60955315799446,20.04968811573685
2024-10-24 01:45:35,-12.93379201793089,-99.64970277121071,130.37046515906945, -24.20599720892575,-33.08549953242868,20.639045344146126
2024-10-24 01:45:35,-12.935121968294615,-99.70524274146624,130.34303440480707, -24.260624136285625,-33.010309520431335,20.703406321700207
2024-10-24 01:45:36,-13.027204663273784,-100.217463119185,130.063126652629, -24.93406894949227,-32.32316228418488,21.448279665023346
2024-10-24 01:45:36,-13.035169875396907,-100.53524934919966,129.89329086021885, -25.277770927771176,-31.884544422042133,21.849377562459036
2024-10-24 01:45:36,-13.1225594552193,-100.83417375375002,129.70839856092928, -25.769693468180076,-31.480837800842927,22.37747660610929
2024-10-24 01:45:36,-13.128628947898541,-101.06660549129698,129.57573156293893, -26.042646267065077,-31.15475260372137,22.693569755238613
2024-10-24 01:45:36,-13.216210759776235,-101.35700275063101,129.3847880320707, -26.554959602950177,-30.75740427855204,23.242603191190433
2024-10-24 01:45:36,-13.231504131822666,-101.9144303361397,129.04020368963734, -27.279866385945283,-29.95923400067046,24.0744740926805
2024-10-24 01:45:36,-13.337290990914637,-102.21186909327234,128.82111499038908, -27.892474261240736,-29.545121876925485,24.72502361698361
2024-10-24 01:45:36,-13.435998212734303,-102.5515166097919,128.5673416644917, -28.575283919226568,-29.06415267009478,25.4578515121938
2024-10-24 01:45:36,-13.524165717674022,-102.81664340178033,128.35882788579607, -29.15431687145791,-28.68767825150987,26.075305361483803
2024-10-24 01:45:36,-13.535852802542296,-103.19434495826887,128.082819923328, -29.770844544493695,-28.123699380718,26.7705516152465
2024-10-24 01:45:36,-13.622143189448229,-103.38199863575554,127.91741028298242, -30.266954857150772,-27.85720979136743,27.29152613779114
2024-10-24 01:45:36,-13.628610339159769,-103.58209640805075,127.76206487739199, -30.622265483417085,-27.55375888450628,27.689834331521013
2024-10-24 01:45:36,-13.633303648220659,-103.72548016988658,127.64832265177914, -30.884440954748968,-27.334981727262775,27.983101019858612
2024-10-24 01:45:36,-13.63800176509821,-103.86747624257916,127.53362386865898, -31.15058858129222,-27.117206192546718,28.28027726978013
2024-10-24 01:45:36,-13.642377948886159,-103.99836668712972,127.42603415328075, -31.401882602836203,-26.915465565788388,28.56038914904908
2024-10-24 01:45:36,-13.645297724106223,-104.08496113198372,127.35385059997259, -31.571384314264847,-26.78146566785651,28.749072881129916
2024-10-24 01:45:36,-13.64821935686803,-104.17102347507206,127.28130236375146, -31.74248383510849,-26.647864726880165,28.939330590103182
2024-10-24 01:45:36,-13.649680870374006,-104.21385526766599,127.24489175103675, -31.828638167593496,-26.581214912903018,29.035055099943207
2024-10-24 01:45:36,-13.651142848924113,-104.25655422745402,127.20839028116104, -31.91519844803924,-26.514666099395054,29.13117962434486
2024-10-24 01:45:36,-13.65260529274174,-104.29912042028421,127.17179805841515, -32.002166866019614,-26.448218711029476,29.22770636127902
2024-10-24 01:45:36,-13.418565446726001,-104.34310708450764,127.20583334320115, -31.552275697832403,-26.32619563264901,28.827017377559425
2024-10-24 01:45:36,-13.150570374202614,-104.39203880595524,127.24366052248634, -31.032084611502444,-26.18843847346168,28.363052286632776
2024-10-24 01:45:36,-13.077809334151329,-104.40505947132753,127.25372018075642, -30.88992449228966,-26.15140463313004,28.236136809140156
2024-10-24 01:45:36,-12.611272921208027,-104.48586923402647,127.31609578824134, -29.96898997662999,-25.917740278246953,27.412743014950625
2024-10-24 01:45:36,-12.178155737345326,-104.50432791654598,127.41543205366234, -29.001657819017527,-25.791717645209545,26.524873691904304
2024-10-24 01:45:36,-11.47425856679582,-104.55846088265199,127.5422810439955, -27.467439118510615,-25.549115934063664,25.127159552231582
2024-10-24 01:45:36,-11.148009414304466,-104.60439707320651,127.5776324433881, -26.789151436690815,-25.402733443069287,24.516898676976826
2024-10-24 01:45:36,-10.60503806000549,-104.62308447426133,127.6771849398628, -25.553881230253097,-25.25487806223837,23.38511028366903
2024-10-24 01:45:36,-9.935787834606757,-104.70269883519879,127.73834613103458, -24.116227756066607,-24.97945658687742,22.08667302284656
2024-10-24 01:45:36,-9.100748867153456,-104.78890363709067,127.80446223340834, -22.279227131268428,-24.658240031324837,20.422629079367347
2024-10-24 01:45:36,-8.427652302676506,-104.79483512911239,127.89421245550955, -20.688787864163388,-24.509400505945102,18.963568528542872
2024-10-24 01:45:36,-7.8815975430191685,-104.8357079131504,127.92551233457891, -19.44262806589883,-24.328064932654556,17.83022835245854
2024-10-24 01:45:36,-7.443425159918478,-104.8640293955568,127.94718578641232, -18.429582259451465,-24.190967357033628,16.907522473107385
2024-10-24 01:45:36,-7.004912384098072,-104.88838772866225,127.96581669293337, -17.40454612189575,-24.061407831688513,15.97274132793968
2024-10-24 01:45:36,-6.457479051490322,-104.91320726688403,127.98479115107313, -16.109892834602817,-23.910596594640793,14.790563862403221
2024-10-24 01:45:36,-5.623537914908922,-104.93910036135458,128.00457643425196, -14.107785873373189,-23.704687359831095,12.959433944523989
2024-10-24 01:45:36,-4.789136578009199,-104.95062105076231,128.01337630667473, -12.072005428145632,-23.52814588287664,11.094367413951083
2024-10-24 01:45:36,-3.956045197520527,-104.97670873820708,127.98678816591504, -10.03282827311063,-23.329449670225284,9.227292614425357
2024-10-24 01:45:36,-3.126844359709651,-104.9706206008249,127.96446260788296, -7.960902054398793,-23.194033938997297,7.324762006398446
2024-10-24 01:45:36,-2.3676658825182217,-104.94796524250043,127.93840086326072, -6.042908745031079,-23.10544948459626,5.561341774667637
2024-10-24 01:45:36,-1.8881184200008079,-104.93475525534419,127.91109969607473, -4.827272638150534,-23.049603121709733,4.443503196203574
2024-10-24 01:45:36,-1.5140186211685733,-104.91967914281243,127.88850494868434, -3.8747939339501625,-23.01597438186064,3.5671751112071695
2024-10-24 01:45:36,-1.1508969067456236,-104.90161853614103,127.8649962930355, -2.947731790965945,-22.990641293237115,2.7139546470804863
2024-10-24 01:45:36,-0.8053941283659957,-104.88074398585472,127.84165208363707, -2.0638108841546368,-22.974265134861543,1.9002351205233945
2024-10-24 01:45:36,-0.4525430047680788,-104.85626892753221,127.81634956601637, -1.159965489657109,-22.964298739858307,1.0680582794168423
2024-10-24 01:45:36,-0.1057556143072968,-104.82934266156536,127.78983483567936, -0.27109957898088977,-22.960722548020534,0.2496213182578616
2024-10-24 01:45:36,0.23407599239696836,-104.80028103215962,127.76218679994447, 0.5999931368292186,-22.963034268464007,-0.552450805072539
2024-10-24 01:45:36,0.5754012720394743,-104.76620461303045,127.73463160186643, 1.4742657627565945,-22.97524312444818,-1.3573632003053728
2024-10-24 01:45:36,0.9204378459348851,-104.72926893877928,127.7048748215168, 2.3569187942077736,-22.993037334423132,-2.169853784562616
2024-10-24 01:45:36,1.2612169617032287,-104.69033737025507,127.67359431251312, 3.2271670368118985,-23.015962257370674,-2.970751519406526
2024-10-24 01:45:36,1.6041723339683436,-104.64870184747339,127.6402021596995, 4.101056631252987,-23.04436630319253,-3.774787560094095
2024-10-24 01:45:36,1.9475306786686708,-104.60453651327937,127.60484913111239, 4.973650183219928,-23.078155933982764,-4.577378480624153
2024-10-24 01:45:36,2.289761161272509,-104.55805075875209,127.56768271404847, 5.840681340517029,-23.117119244905748,-5.374564263947899
2024-10-24 01:45:37,2.635251208188704,-104.50860089360586,127.52821595159325, 6.712847139036203,-23.161809818542203,-6.1761387538996155
2024-10-24 01:45:37,2.9823587305275603,-104.45637308572728,127.48657694629144, 7.5855580384046934,-23.21207476367665,-6.977840106391126
2024-10-24 01:45:37,3.329606439819844,-104.40155413315368,127.44292634695564, 8.454692207109614,-23.26772019490836,-7.775841030400947
2024-10-24 01:45:37,3.680699389071531,-104.34639779952181,127.3943224753942, 9.331082478482813,-23.324138726931267,-8.580385073261334
2024-10-24 01:45:37,4.0327979881402145,-104.28840945864593,127.34353107893644, 10.205545734724407,-23.386201429019938,-9.382717739608115
2024-10-24 01:45:37,4.390832437991405,-104.22942232983533,127.28747204844065, 11.09204428486364,-23.449956196497943,-10.195982390874944
2024-10-24 01:45:37,4.754312636315179,-104.16665491197367,127.22839723645113, 11.986861656414426,-23.520477435900624,-11.01638413270071
2024-10-24 01:45:37,5.12460795534583,-104.10307723881134,127.16313559716158, 12.895863078830908,-23.59223632496345,-11.849784068064599
2024-10-24 01:45:37,5.500712579919154,-104.03505353446536,127.09479473785032, 13.812847708673303,-23.671858444850525,-12.68990158623946
2024-10-24 01:45:37,5.8846162971607665,-103.96577952718593,127.01973006160509, 14.7458289444691,-23.753374384069307,-13.544692668988596
2024-10-24 01:45:37,6.287677455843358,-103.8891867222184,126.9385097768442, 15.717775922401847,-23.84635085661165,-14.434480284401172
2024-10-24 01:45:37,6.715714171170482,-103.80351603873672,126.84951766372293, 16.74086628016138,-23.95324507177736,-15.370226735191647
2024-10-24 01:45:37,7.215170434978379,-103.69823054065355,126.74178530091021, 17.92249000505984,-24.087830758014974,-16.449825194491694
2024-10-24 01:45:37,7.698775093335449,-103.57393566762008,126.64757400926854, 19.030939666056533,-24.257388130985106,-17.45718359588409
2024-10-24 01:45:37,8.237795753852861,-103.41471858139184,126.54969271838993, 20.22788183173808,-24.481720507627855,-18.538987935253445
2024-10-24 01:45:37,8.83207788337295,-103.22488853719935,126.44105270615842, 21.512773629829674,-24.752226425085624,-19.695061423053303
2024-10-24 01:45:37,9.585731943337574,-102.9609597935266,126.30311921240803, 23.085137553088067,-25.13150963900958,-21.100640240959777
2024-10-24 01:45:37,10.333289671739298,-102.62207444493126,126.20710488098473, 24.498887242434925,-25.630405731372328,-22.335949679161985
2024-10-24 01:45:37,11.0702064343776,-102.23326969243354,126.13312308442084, 25.777100929470535,-26.2019786871792,-23.427179418767224
2024-10-24 01:45:37,11.78919406701695,-101.81628390569207,126.06690101240207, 26.937654071800154,-26.80773400635288,-24.396265163958944
2024-10-24 01:45:37,12.448364153866706,-101.35937260293841,126.04104752291211, 27.862904994124225,-27.466554714149495,-25.129181526575273
2024-10-24 01:45:37,13.01251514730365,-100.81718928789792,126.10940868639733, 28.409662802027317,-28.246086697318216,-25.47804903453943
2024-10-24 01:45:37,13.277298552746451,-100.53323458087523,126.15385808876982, 28.621843272179248,-28.64878559106476,-25.589926580065626
2024-10-24 01:45:37,13.566300125853695,-100.2660193590946,126.16668741173184, 28.91704939490127,-29.019531562386295,-25.783530622807252
2024-10-24 01:45:37,13.694516499914034,-100.12282161749319,126.18715980986879, 29.01196338350205,-29.21854516090025,-25.827878402143796
2024-10-24 01:45:37,13.827016886950007,-99.9189108444628,126.24376860150294, 29.03059555042601,-29.50403262937366,-25.782147711165273
2024-10-24 01:45:37,13.892661722054417,-99.74010296059929,126.3213445356864, 28.93182477176074,-29.756788183530812,-25.63487648421104
2024-10-24 01:45:37,14.10240924409382,-99.44257268744137,126.38619834805951, 29.00603257565845,-30.164537558231807,-25.61151425357529
2024-10-24 01:45:37,14.242047375477899,-99.09835269512668,126.51598927655391, 28.86423682015456,-30.639476682983595,-25.373158585315025
2024-10-24 01:45:37,14.459099590711682,-98.66827086379715,126.6431993470229, 28.79759748817251,-31.220366653841953,-25.177866425352736
2024-10-24 01:45:37,14.523716683986358,-98.48092146475624,126.71316054905165, 28.706878101354683,-31.473370704721802,-25.036000646262657
2024-10-24 01:45:37,14.520901340324027,-98.43228379973213,126.74259922899176, 28.640878570374316,-31.54068244150922,-24.960152824562712
2024-10-24 01:45:37,14.518086797282864,-98.38352443250281,126.7719450866657, 28.575153359617047,-31.60806626142694,-24.88457576761874
2024-10-24 01:45:37,14.659874920914145,-97.94876744747538,126.92929370962075, 28.365389073829366,-32.187863223882964,-24.557342717090485
2024-10-24 01:45:37,14.644373039078866,-97.6743724817112,127.0846562906931, 28.018767855388692,-32.56024699281523,-24.15588738548732
2024-10-24 01:45:37,14.70709135801986,-97.59667457529068,127.08887468981769, 28.064755100235086,-32.65822137190409,-24.173872113583766
2024-10-24 01:45:37,14.697914750162234,-97.43239822574208,127.1790561447626, 27.863901056670045,-32.87922820767771,-23.940399639933748
2024-10-24 01:45:37,14.695086280009614,-97.38147663052919,127.20666907652371, 27.802491522089056,-32.94753099396227,-23.868922631526083
2024-10-24 01:45:37,14.756324328924325,-97.13360272925323,127.2959380792008, 27.664502294417805,-33.27062524561254,-23.66763870700314
2024-10-24 01:45:37,14.747140268140084,-96.96604923139458,127.38348606000044, 27.470032565518437,-33.493094903019426,-23.440294938880765
2024-10-24 01:45:37,14.744309497495768,-96.91411765691512,127.4102852741625, 27.41057155100249,-33.56184333348385,-23.370687637330708
2024-10-24 01:45:37,14.665770803652626,-96.82721236407322,127.49656356095161, 27.16085913246253,-33.684761314771045,-23.11879137169964
2024-10-24 01:45:37,14.584404437527706,-96.68690190138511,127.60859714019472, 26.854817878800482,-33.877846831405414,-22.80070452411074
2024-10-24 01:45:37,14.348650774622111,-96.41830804545287,127.86194472404186, 26.121511921222808,-34.25504688655978,-22.06284681045918
2024-10-24 01:45:37,14.345875467014967,-96.3646980491426,127.88752491050192, 26.065866070643395,-34.32512470393725,-21.997249240137315
2024-10-24 01:45:37,14.194813311983465,-96.30249096878023,127.99671601177721, 25.70809494394722,-34.42315544953763,-21.659706563997887
2024-10-24 01:45:37,13.714071927975885,-96.03693509607638,128.36353914456618, 24.52986522272582,-34.822696514197574,-20.537612499736085
2024-10-24 01:45:37,13.27236117963145,-95.6479329990629,128.74447771167053, 23.363148459270985,-35.37553434455437,-19.40337680773007
2024-10-24 01:45:37,12.767436688507907,-95.3663000580658,129.095998995304, 22.19938599025171,-35.79610819000344,-18.314289924437972
2024-10-24 01:45:37,12.229219901083688,-95.1106288807033,129.4370205625723, 21.02462406850423,-36.186572569474066,-17.234632709018754
2024-10-24 01:45:37,11.594424851250128,-94.89904366264523,129.7880769949242, 19.732617827358176,-36.53207121888585,-16.07800526795357
2024-10-24 01:45:37,10.933480379545117,-94.75967230250552,130.10773580095628, 18.464212525863395,-36.78895105872161,-14.970825290356395
2024-10-24 01:45:37,10.249174660833248,-94.65792622705385,130.40763794111552, 17.19645270135066,-37.000829198390306,-13.883107102439944
2024-10-24 01:45:37,9.558653443571856,-94.58373950284351,130.68500484359225, 15.949732499430631,-37.17828310564738,-12.828123340554477
2024-10-24 01:45:37,8.930835482967431,-94.51186321604479,130.92518106785656, 14.827946283045613,-37.344805566079785,-11.885171955232035
2024-10-24 01:45:37,8.200382078755851,-94.45433492060062,131.18122996835007, 13.549050602910022,-37.50502341591739,-10.822814006339584
2024-10-24 01:45:37,7.458141487005822,-94.42554403158641,131.41645491235727, 12.274550655791877,-37.62966164060792,-9.776616284810245
2024-10-24 01:45:37,6.744436535922048,-94.38067660956756,131.63281221170246, 11.054380340371473,-37.77043645517121,-8.778880807890836
2024-10-24 01:45:37,6.230471778130403,-94.41459039007324,131.76102623917174, 10.202050965958191,-37.78771230475526,-8.09455837992675
2024-10-24 01:45:38,5.7129997613262535,-94.36238207230173,131.90735595152083, 9.323070642553748,-37.91371218825477,-7.379843528700891
2024-10-24 01:45:38,5.383159456226429,-94.28248577727433,132.0095716647462, 8.754638907942962,-38.052527142285605,-6.914201544001048
2024-10-24 01:45:38,4.647079728149605,-94.11425873029623,132.22308707796412, 7.5031833267194905,-38.34832846404602,-5.8973518873388775
2024-10-24 01:45:38,4.426538089965948,-94.05307026199604,132.2867791727859, 7.12983971777602,-38.45011200669715,-5.594883256066898
2024-10-24 01:45:38,3.6569428655847283,-93.98933097342608,132.45936992106104, 5.8657501452547045,-38.61662719215649,-4.5893806154377
2024-10-24 01:45:38,3.3306002309939613,-93.88822558110154,132.5467476959946, 5.322362913321759,-38.779339212922224,-4.153804840111711
2024-10-24 01:45:38,2.945070913577394,-93.79579540089844,132.63915028523945, 4.689276381013531,-38.93723244990412,-3.650700355223121
2024-10-24 01:45:38,2.611850433426849,-93.67578379697495,132.7254814250155, 4.141478509434838,-39.12301167742719,-3.215158536204288
2024-10-24 01:45:38,2.1903690235236226,-93.49614898474951,132.83644070740993, 3.4527486404204857,-39.391337108224015,-2.6696871779766727
2024-10-24 01:45:38,1.873911832370072,-93.3834872959835,132.91084522725484, 2.9427946429895284,-39.56447807089174,-2.2694341755182212
2024-10-24 01:45:38,1.6445362100638539,-93.26596723726018,132.9711532339453, 2.5732395663754013,-39.733598121782144,-1.9794288657214232
2024-10-24 01:45:38,0.9596715212417672,-93.01701934190817,133.1183409770456, 1.4896499402110543,-40.110864235551425,-1.1393897149108592
2024-10-24 01:45:38,0.432712473579137,-92.81070181860315,133.22554779716782, 0.6674219448169465,-40.41676484174458,-0.5081504471579725
2024-10-24 01:45:38,-0.09447939695869711,-92.59701212499859,133.32626766413088, -0.14479906774059548,-40.72934600934572,0.10972886804303372
2024-10-24 01:45:38,-0.6225677091053717,-92.28775597554342,133.43804517683898, -0.9460504409728673,-41.154159429251045,0.7123488298946796
2024-10-24 01:45:38,-1.3084688620368528,-91.98858501499593,133.5501455533177, -1.9718595157342735,-41.57840800953933,1.4753025424510664
2024-10-24 01:45:38,-1.9586101062431298,-91.74777252557683,133.6363585647792, -2.932018667568128,-41.925894273410634,2.1823004617016166
2024-10-24 01:45:38,-2.4856974577643793,-91.5010392804636,133.70712713985355, -3.6972423778171235,-42.26549654673872,2.737811762238016
2024-10-24 01:45:38,-3.0125237130866513,-91.24723893246036,133.7712681980224, -4.452188678085562,-42.61029413521847,3.2797257633147985
2024-10-24 01:45:38,-3.7756103767636993,-90.9156001209839,133.84467614822282, -5.53422430550199,-43.06259510674292,4.049216289942013
2024-10-24 01:45:38,-4.515308783886883,-90.59193245501723,133.9014986859692, -6.567407442873572,-43.497880511301176,4.773892333173455
2024-10-24 01:45:38,-5.265942111267608,-90.28700633840702,133.94120503038485, -7.605010051806504,-43.90707106783445,5.494646541054989
2024-10-24 01:45:38,-5.776419535390639,-90.00510646875804,133.9705753851752, -8.290631813731446,-44.26628784088556,5.957176900938573
2024-10-24 01:45:38,-6.249397131414369,-89.90783492312215,133.9691415840558, -8.94873413687437,-44.412024054023725,6.417825306663105
2024-10-24 01:45:38,-6.477052330093749,-89.8157221799621,133.9728378010286, -9.256152399732658,-44.53248586014864,6.626577583339994
2024-10-24 01:45:38,-6.61730692720708,-89.73512221556201,133.97767338524324, -9.44052176936288,-44.63311975540896,6.748150849643764
2024-10-24 01:45:38,-6.931566858008499,-89.55269847341786,133.98675428249652, -9.85134318427475,-44.85957856078639,7.017339656381021
2024-10-24 01:45:38,-7.24546555260533,-89.36796324920711,133.99339591163528, -10.258573250858836,-45.08708525545506,7.281813460042472
2024-10-24 01:45:38,-7.542103871903862,-89.20032335440511,133.99630054561362, -10.642481005079144,-45.293039029777745,7.530429061000307
2024-10-24 01:45:38,-7.612199244364158,-89.19637054670753,133.99228378925582, -10.740253313826004,-45.30220409341157,7.599212910898711
2024-10-24 01:45:38,-7.611726271355983,-89.12029367243149,134.00156942185433, -10.72388811207427,-45.386011048028344,7.576403264770066
2024-10-24 01:45:38,-7.681801693803528,-89.11625551888578,133.99745931742123, -10.821467114480846,-45.395221227218755,7.644939620275105
2024-10-24 01:45:38,-7.681318129237046,-89.04007591428756,134.00663193768875, -10.805024103452395,-45.47899369688381,7.621992893323825
2024-10-24 01:45:38,-7.750879260441325,-88.9596708022023,134.01148803172518, -10.885890853282499,-45.57198558306037,7.667199937715384
2024-10-24 01:45:38,-7.749891425159796,-88.80678430953864,134.02926998117505, -10.85306680733611,-45.73946072253602,7.621240998058866
2024-10-24 01:45:38,-7.748410809490154,-88.57665202904701,134.0550993045547, -10.804363971643022,-45.99066902224374,7.552813710830622
2024-10-24 01:45:38,-7.747424489724813,-88.42269873740707,134.0717559356985, -10.772247188902146,-46.15813425123439,7.5075327344155305
2024-10-24 01:45:38,-7.745826741907219,-88.1722104774951,134.09780200849534, -10.720769700895074,-46.42961095564953,7.434688916948631
2024-10-24 01:45:38,-7.742889246608231,-87.70815760008159,134.14265285148178, -10.62787267537552,-46.9293321005405,7.302376671731282
2024-10-24 01:45:38,-7.432316412105764,-87.29549666611821,134.19820972426356, -10.129158769030393,-47.35149634952312,6.901321087123678
2024-10-24 01:45:38,-7.202811804479889,-87.13991261894218,134.22398583566476, -9.79086810187424,-47.50304768713412,6.649358589276373
2024-10-24 01:45:38,-6.885726049986432,-86.79935864565721,134.2662788581827, -9.30686253239155,-47.84490198365394,6.27650045517618
2024-10-24 01:45:38,-6.465881411153566,-86.62754901685553,134.29682278349222, -8.715767830156324,-48.00038851851638,5.856861857285079
2024-10-24 01:45:38,-5.8206191196577794,-86.43818678984401,134.33067673014762, -7.82379337428064,-48.15891681343477,5.237041504823302
2024-10-24 01:45:38,-5.226632790883831,-86.44859554634726,134.3418715500061, -7.029085153781705,-48.10821712781352,4.706575680893866
2024-10-24 01:45:38,-5.084897220625551,-86.61216346533425,134.3326473887171, -6.857837804289938,-47.9251843701334,4.607553500833178
2024-10-24 01:45:38,-4.943066657583488,-86.7749739139327,134.3225688593596, -6.685552846379648,-47.74223202802405,4.5070113784764745
2024-10-24 01:45:38,-4.792710579421301,-87.03550133690935,134.3042034032671, -6.51181988024196,-47.453493511581684,4.413524118822054
2024-10-24 01:45:38,-4.5541583326029125,-87.56997056808703,134.2609905434855, -6.246931857983563,-46.86130534972346,4.280469176537709
2024-10-24 01:45:38,-4.474493464752581,-88.03898852176194,134.21778417485618, -6.190061386205994,-46.34614787488159,4.281713087981341
2024-10-24 01:45:38,-4.394681687478551,-88.50413589546211,134.1703861088936, -6.13254248852058,-45.83060435517034,4.281451314350285
2024-10-24 01:45:38,-4.306252518264655,-88.87006902295907,134.12972575646765, -6.051387896219521,-45.419725035110396,4.255538637257965
2024-10-24 01:45:38,-4.208860286303374,-89.7046966626029,134.02647567652184, -6.0126441069762375,-44.47977699422076,4.297747325679134
2024-10-24 01:45:38,-4.20828404293883,-90.55295877710985,133.90625491961652, -6.11779218667843,-43.51667084852333,4.44446560023034
2024-10-24 01:45:38,-4.11064526186537,-91.07882792307495,133.8225496598673, -6.0443545751192564,-42.902967940821505,4.435154180230412
2024-10-24 01:45:38,-4.110001985721951,-91.78673200755131,133.70037386934422, -6.139575151033041,-42.07752474378144,4.5648697381215175
2024-10-24 01:45:38,-4.109257954326985,-92.58913614250591,133.5465913338164, -6.254711583653331,-41.12686474261909,4.719495374033822
2024-10-24 01:45:39,-4.026331141585449,-93.39968279418956,133.37299880855676, -6.2527343116178224,-40.14170934396897,4.7878081937110775
2024-10-24 01:45:39,-4.006688390841001,-94.16572239236332,133.19255544998708, -6.34731011562056,-39.199278444112956,4.926905221711033
2024-10-24 01:45:39,-4.000281403127589,-94.90834150175098,133.00110746559403, -6.467057712751695,-38.27048573217795,5.0855327081786905
2024-10-24 01:45:39,-3.9996525449810703,-95.40528308445154,132.86339000305165, -6.558325790182817,-37.6398656349743,5.201769630112659
2024-10-24 01:45:39,-3.9990222143614096,-95.89512131049972,132.7197071646433, -6.652868598576782,-37.010492078580185,5.3211372175436855
2024-10-24 01:45:39,-3.998430097536294,-96.34772033653341,132.57965783517105, -6.744575940723052,-36.4218338221363,5.435979724782072
2024-10-24 01:45:39,-3.9981534163772596,-96.5567035398216,132.512548772122, -6.788419741575919,-36.14763828701443,5.490572747779186
2024-10-24 01:45:39,-3.9976454299939177,-96.93624456664303,132.38659971202313, -6.870607627712085,-35.64568573346815,5.592394754414626
2024-10-24 01:45:39,-3.9972625266198416,-97.21877883064606,132.28934178489448, -6.934040497014552,-35.26860844655124,5.670540479989638
2024-10-24 01:45:39,-3.996666535359778,-97.65247783042852,132.13403335306, -7.035389673856129,-34.68391242253258,5.794642344472409
2024-10-24 01:45:39,-3.996388042311858,-97.85260568064272,132.05983825823165, -7.083869182921459,-34.4116408872294,5.853692031401226
2024-10-24 01:45:39,-3.9960692289986772,-98.0797325815409,131.97364380956282, -7.1402671177973325,-34.10069751486344,5.922142414299766
2024-10-24 01:45:39,-3.995240109863792,-98.66055333769287,131.74326841452393, -7.291576332313767,-33.29583839895424,6.10455615554301
2024-10-24 01:45:39,-4.0753243417200204,-99.01397194787417,131.59685008110208, -7.536668507855618,-32.80886282100948,6.345161778300165
2024-10-24 01:45:39,-4.1553360233404835,-99.57701263063818,131.35081635375266, -7.855637208936471,-32.016142928058976,6.672508949167506
2024-10-24 01:45:39,-4.155138137654443,-99.763084464692,131.2658354011197, -7.91504922580688,-31.74762989760038,6.742598385819253
2024-10-24 01:45:39,-4.154940047224309,-99.9477281761497,131.17978683276647, -7.975462192657631,-31.479512676983656,6.8136595781810945
2024-10-24 01:45:39,-4.154817054738455,-100.06155724578133,131.12586983942325, -8.013453275684908,-31.31338219883708,6.85824183483013
2024-10-24 01:45:39,-4.15463241786923,-100.23126861870668,131.04422845455122, -8.071189691391279,-31.064479300149436,6.9258439563068945
2024-10-24 01:45:39,-4.154570832701981,-100.28756367384722,131.01681085569476, -8.090637840278905,-30.98159042780978,6.948575060984014
2024-10-24 01:45:39,-4.154509227750473,-100.34372097305334,130.98929153638764, -8.110188485183095,-30.89874121435202,6.971405856130784
2024-10-24 01:45:39,-4.1545699133694205,-100.28840285525618,131.01640086709253, -8.090928885724002,-30.98035358042706,6.948915084518789
2024-10-24 01:45:39,-4.154902423577945,-99.98261490306452,131.16333328023848, -7.987044290394183,-31.428665234025715,6.827259570805987
2024-10-24 01:45:39,-4.155412923659516,-99.50426600981226,131.38357540431468, -7.8327982674803645,-32.1206702825821,6.64550979254244
2024-10-24 01:45:39,-4.065446170496713,-99.07306237460142,131.57151943433146, -7.535731147477515,-32.72407880089967,6.350365935089116
2024-10-24 01:45:39,-4.065890642784939,-98.72306430703043,131.7185181825208, -7.436719469644928,-33.21688826419081,6.232062033839242
2024-10-24 01:45:39,-3.98498330458064,-98.23304214065175,131.91409288956558, -7.159833457827259,-33.8883455214477,5.953178022316962
2024-10-24 01:45:39,-3.985178365489573,-98.09792209730807,131.96649788146593, -7.125587326415464,-34.07443544497269,5.9117480506129265
2024-10-24 01:45:39,-3.9857403722228963,-97.70437745543092,132.1147997132989, -7.028870874786139,-34.6122111444855,5.794230701719447
2024-10-24 01:45:39,-3.9861292899507,-97.428348890566,132.21507108964101, -6.963598422445193,-34.98574829079348,5.714474029758606
2024-10-24 01:45:39,-3.9863235434927256,-97.28934891983478,132.2644259074563, -6.931492096852858,-35.17273933358494,5.675105719115581
2024-10-24 01:45:39,-3.9865832094988787,-97.10236436933833,132.32963812527643, -6.8890808949858044,-35.42312966649585,5.622958473905219
2024-10-24 01:45:39,-3.9866697105233992,-97.03977588316984,132.35116746648237, -6.875079950126105,-35.50664987711812,5.605706926707349
2024-10-24 01:45:39,-3.986842631195311,-96.91420908638786,132.39391348745409, -6.847279848176824,-35.67377417089517,5.571397747955246
2024-10-24 01:45:39,-3.987015443444268,-96.78812324280223,132.43624200300098, -6.819746178119555,-35.841008861361914,5.537344516314503
2024-10-24 01:45:39,-3.9872744587370015,-96.59802320405653,132.498950326457, -6.778938471331453,-36.09206409009459,5.486737839652708
2024-10-24 01:45:39,-3.987360743065192,-96.53439797338278,132.51964354459636, -6.765465794921259,-36.17580247365892,5.469993613504346
2024-10-24 01:45:39,-3.9874470003632436,-96.47064366113166,132.54023183133205, -6.752057440274656,-36.25956714207276,5.453311099175921
2024-10-24 01:45:41,-3.9793618498114927,-96.33717882926341,132.42206657026068, -6.73600243762855,-36.273993465495515,5.43930358632668
2024-10-24 01:45:41,-3.938991558862042,-95.66637310109233,131.82338309509618, -6.656681314921289,-36.341821139430714,5.370403185005282
2024-10-24 01:45:41,-3.884214123924188,-94.74410198095094,130.98722761232787, -6.551290321411834,-36.42228175180542,5.279680430719151
2024-10-24 01:45:41,-3.8318756489868044,-93.84933293778894,130.16151595763097, -6.452986974506599,-36.48611698310314,5.195965367667369
2024-10-24 01:45:41,-3.780317623170526,-92.95431316220714,129.32124437180477, -6.358430771048592,-36.53588984836218,5.116332314945433
2024-10-24 01:45:41,-3.736217137710172,-92.17754676898275,128.58034537647626, -6.279346990186075,-36.56763180064529,5.050451786977144
2024-10-24 01:45:41,-3.7067111696899313,-91.65184088503086,128.07276161561535, -6.227360602819584,-36.583059611892885,5.007526634680719
2024-10-24 01:45:41,-3.6838952560458793,-91.24192926102519,127.67353067682153, -6.18767131167759,-36.59169260845237,4.974969789042733
2024-10-24 01:45:41,-3.663160177560902,-90.86676662281572,127.3054923865946, -6.151988451276454,-36.59698277993072,4.945864396618254
2024-10-24 01:45:41,-3.643832791017364,-90.51476657353733,126.95787218262163, -6.119060597847542,-36.5996757259851,4.919149673735512
2024-10-24 01:45:41,-3.624134733882074,-90.15367933486151,126.59895893476002, -6.085832402189975,-36.60015288318741,4.892335674792977
2024-10-24 01:45:41,-3.606657100962784,-89.83128237278869,126.27651830333521, -6.056630661621563,-36.59862246477763,4.868894574638861
2024-10-24 01:45:41,-3.5893754022049835,-89.51060435406521,125.95393942591727, -6.028016939770429,-36.595268798982026,4.846041359323304
2024-10-24 01:45:41,-3.5723602913648653,-89.19299899484126,125.63262568282576, -6.000098842172644,-36.59014669503375,4.823857719650113
2024-10-24 01:45:41,-3.555706501700934,-88.88030541896221,125.31450639445224, -5.973018929656878,-36.583353208822835,4.802451043296433
2024-10-24 01:45:41,-3.538601140653206,-88.55721205353429,124.98395772461954, -5.945458601677197,-36.574509347185206,4.780780348732327
2024-10-24 01:45:41,-3.521923295700059,-88.24028598851753,124.65789343992886, -5.918836058236046,-36.564033090899706,4.759961487951876
2024-10-24 01:45:41,-3.5051060017894318,-87.9187682000389,124.32525880747492, -5.892241212496181,-36.55158274599441,4.739280294359116
2024-10-24 01:45:41,-3.4887066594425886,-87.60332940858194,123.99710728778331, -5.8665508010067375,-36.537584780591736,4.7194161860138095
2024-10-24 01:45:41,-3.470963382306782,-87.2598750739727,123.6377783368965, -5.839027599811327,-36.52033632943428,4.698263294906386
2024-10-24 01:45:41,-3.4532938194427163,-86.9155687638314,123.27543259815243, -5.811902270175115,-36.500945960613016,4.677550788178769
2024-10-24 01:45:41,-3.4360099021919233,-86.57653400803908,122.9165570933462, -5.78564483039487,-36.47980026391477,4.657633058294066
2024-10-24 01:45:41,-3.418480460175715,-86.23037293365914,122.54801349466912, -5.759295364748055,-36.45611084670109,4.6377811473211175
2024-10-24 01:45:41,-3.401321068066932,-85.88922194204893,122.18270587781113, -5.733778591283083,-36.43069102444166,4.618691138698507
2024-10-24 01:45:41,-3.384409482529787,-85.5507301223452,121.81818983088544, -5.708900388159205,-36.403437364381794,4.600211392019452
2024-10-24 01:45:41,-3.3674200234667717,-85.208368627912,121.44742630994723, -5.684180199364508,-36.37381569365888,4.58198385590285
2024-10-24 01:45:41,-3.349735991821061,-84.84950109156357,121.05654491166715, -5.658742567436271,-36.34054870667566,4.563373509628891
2024-10-24 01:45:41,-3.3341176853493,-84.53038350250372,120.70703446869366, -5.636527722963132,-36.309062953038676,4.547247371040198
2024-10-24 01:45:41,-3.3173417959654503,-84.18530135548905,120.32705069802645, -5.612931918930384,-36.273001841610686,4.530253383197065
2024-10-24 01:45:41,-3.3007607120413427,-83.84182695971505,119.94674024005057, -5.589883474865245,-36.235034380210074,4.513793286201368
2024-10-24 01:45:41,-3.2840839313422263,-83.49391579977124,119.55938839670877, -5.56697950556214,-36.19447038944576,4.497579331368366
2024-10-24 01:45:41,-3.2669857677079652,-83.13460603246892,119.15710144185894, -5.543789499710375,-36.15035669422016,4.481314942534776
2024-10-24 01:45:41,-3.2497083898626205,-82.76879223586405,118.74519487951427, -5.520661613692084,-36.10313108531702,4.465254037252821
2024-10-24 01:45:41,-3.231675298559201,-82.38397872235684,118.30935518439401, -5.496854185907721,-36.05093917377726,4.448896793981202
2024-10-24 01:45:41,-3.2118478210115113,-81.95725722107298,117.82301414851801, -5.471075725849092,-35.990057520587264,4.431397661979638
2024-10-24 01:45:41,-3.1896380184694424,-81.4746509824418,117.26914449137597, -5.4427041789874755,-35.91740468329034,4.412410088648368
2024-10-24 01:45:41,-3.161481458114692,-80.85560677187495,116.5527518980763, -5.407519918440732,-35.81833179529221,4.389290469745333
2024-10-24 01:45:41,-3.1275411887528413,-80.0982791734044,115.66729936552206, -5.366308375822223,-35.68818298700247,4.362873836998067
2024-10-24 01:45:41,-3.09309312129849,-79.31664946147927,114.74307650168942, -5.325871356248074,-35.54359706391877,4.337737880016014
2024-10-24 01:45:41,-3.059394924388363,-78.53880061357184,113.81295465707296, -5.28772802312478,-35.38943467442268,4.3148435370998985
2024-10-24 01:45:41,-3.07748491151093,-78.9580324139577,114.31553646349049, -5.308026753438188,-35.473791559421095,4.326921485267075
2024-10-24 01:45:41,-3.0841917673288464,-79.11247825384714,114.49993449200852, -5.315657460536277,-35.504121403590105,4.331524840144814
2024-10-24 01:45:41,-3.0909492161966248,-79.26755841749754,114.68468032377935, -5.323402365478431,-35.534169955457514,4.336230726465608
2024-10-24 01:45:41,-3.1108426074586153,-79.72105561770341,115.22256767298418, -5.346528141102346,-35.619701130888636,4.350474697561676
2024-10-24 01:45:42,-3.1473778640746284,-80.54240947193773,116.18776974903871, -5.3902330500726485,-35.76569865848176,4.378117890194124
2024-10-24 01:45:42,-3.1806768126371834,-81.27851900785929,117.04289054767467, -5.431410223707973,-35.88672938863429,4.404935415818827
2024-10-24 01:45:42,-3.2177749192379004,-82.08522086980909,117.96919094567286, -5.478737670840223,-36.00864580868386,4.43657497051278
2024-10-24 01:45:42,-3.2548439313349027,-82.87781790871148,118.86820425414021, -5.527503862863532,-36.11744988099916,4.469988451598479
2024-10-24 01:45:42,-3.292776021387161,-83.67556042083872,119.76189204660727, -5.578882323301116,-36.21591306915708,4.505987271524473
2024-10-24 01:45:42,-3.329700010105373,-84.43974551297528,120.60743405749396, -5.630287328639239,-36.29979375174413,4.5427392423259425
2024-10-24 01:45:42,-3.3676892176768565,-85.21381156318016,121.45333713716408, -5.684569741068647,-36.37430279018631,4.582270015751499
2024-10-24 01:45:42,-3.408062711959221,-86.02352850260746,122.32677098882222, -5.743770935815335,-36.44094396850429,4.626150664533011
2024-10-24 01:45:42,-3.4501759379517987,-86.8545748312693,123.21102123816331, -5.807145403875619,-36.49729192653551,4.6739326605153595
2024-10-24 01:45:42,-3.483854363700034,-87.50962942346393,123.8992865978935, -5.858995744960823,-36.533086646540234,4.713596353174342
2024-10-24 01:45:42,-3.516977230175001,-88.14592967004926,124.56046738071412, -5.910988201990515,-36.560569524595934,4.753846457814529
2024-10-24 01:45:42,-3.557715527106544,-88.91812434740355,125.3530751289605, -5.976272797275275,-36.58426718337311,4.805017337853719
2024-10-24 01:45:42,-3.6033515644461986,-89.77009186095593,126.21510808862305, -6.051137528969689,-36.59812355277971,4.864498313160164
2024-10-24 01:45:42,-3.649888010271269,-90.62528941497689,127.06726015668679, -6.1293422362370205,-36.59906700827369,4.92747620520282
2024-10-24 01:45:42,-3.697640506839411,-91.48923675617336,127.91475615726792, -6.211528460995375,-36.58684049433615,4.994516898372121
2024-10-24 01:45:42,-3.7469564954397345,-92.36768230744292,128.76270307609536, -6.298452907971212,-36.560847664073165,5.066305013884654
2024-10-24 01:45:42,-3.783542460870083,-93.01070251546066,129.3746082211792, -6.364278721525585,-36.53317069545593,5.121230692679172
2024-10-24 01:45:42,-3.7904649627509537,-93.13156284695694,129.48879180375178, -6.376861940948715,-36.52715373588189,5.1317828413915105
2024-10-24 01:45:42,-3.8108978586224516,-93.48683430478737,129.82292050049531, -6.414241205447225,-36.50797579538342,5.163225067031859
2024-10-24 01:45:42,-3.82889063228391,-93.79788879472426,130.1136072543389, -6.447450815882021,-36.489359834131,5.191278205926041
2024-10-24 01:45:42,-3.876124704328312,-94.60668889578866,130.86134889775252, -6.535943919766345,-36.43299753561911,5.266552071126421
2024-10-24 01:45:42,-3.895351323172784,-94.93276923316672,131.15950993149727, -6.572510116801357,-36.40703073350344,5.297868401882629
2024-10-24 01:45:42,-3.9080990646291887,-95.14799025949567,131.35526582931195, -6.5969286694085145,-36.38887337655268,5.318847772830361
2024-10-24 01:45:42,-3.9286777226752405,-95.4938000113451,131.66807394810291, -6.636641142949924,-36.35800528757691,5.353078201813899
2024-10-24 01:45:42,-3.9569868718243186,-95.96630199836844,132.09205026660808, -6.691865791906324,-36.31246029726578,5.4009018791940155
2024-10-24 01:45:42,-3.97744249209701,-96.30545252993278,132.39393084869863, -6.732199391763314,-36.27737738900243,5.435988533088398
2024-10-24 01:45:42,-3.9979082186571686,-96.64290236424891,132.69227867721267, -6.772914634049763,-36.24049173619478,5.471538595635139
2024-10-24 01:45:42,-4.019000845391644,-96.98876749374018,132.99598108428467, -6.815256925502103,-36.20064309723174,5.508645497154922
2024-10-24 01:45:42,-4.024667423636375,-97.08135690898668,133.0769257010641, -6.8266981626128445,-36.189625182767884,5.518695422091983
2024-10-24 01:45:42,-4.036072148947335,-97.2672885001538,133.23901736766524, -6.849809941850562,-36.16705366206198,5.53902646464433
2024-10-24 01:45:42,-4.044466887753731,-97.40379500421787,133.35763424607978, -6.866894470542778,-36.1501034363491,5.554080752209228
