time,a1,a2,a3,a4,a5,a6
2024-09-06 01:46:56,0.0,-89.12820048729014,126.4677795156978, 0.0,-37.33957902840766,0.0
2024-09-06 01:46:56,0.0,-89.39733966912128,126.32746550707819, 0.0,-36.930125837956915,0.0
2024-09-06 01:46:56,0.0,-89.49506323412807,126.27544248338646, 0.0,-36.78037924925838,0.0
2024-09-06 01:46:56,0.0,-89.70794238867093,126.16008308874767, 0.0,-36.45214070007676,0.0
2024-09-06 01:46:56,0.0,-90.14715483245054,125.9129692439339, 0.0,-35.76581441148336,0.0
2024-09-06 01:46:56,0.0,-90.3535199863866,125.79246047688257, 0.0,-35.43894049049598,0.0
2024-09-06 01:46:56,0.0,-90.6501747626974,125.61407668662682, 0.0,-34.96390192392943,0.0
2024-09-06 01:46:56,0.0,-90.8336548727914,125.50060580436899, 0.0,-34.66695093157759,0.0
2024-09-06 01:46:56,0.0,-90.92473749527979,125.44336028742107, 0.0,-34.51862279214127,0.0
2024-09-06 01:46:56,0.0,-91.10424448843314,125.32871909934698, 0.0,-34.22447461091384,0.0
2024-09-06 01:46:56,0.0,-91.4949188946509,125.07058123086716, 0.0,-33.57566233621629,0.0
2024-09-06 01:46:56,0.0,-91.5827689838062,125.0108483624695, 0.0,-33.42807937866329,0.0
2024-09-06 01:46:56,0.0,-91.67018068705359,124.95078064047175, 0.0,-33.28059995341816,0.0
2024-09-06 01:46:56,0.0,-91.75197391017998,124.89399412141385, 0.0,-33.142020211233856,0.0
2024-09-06 01:46:56,0.0,-91.82951193540445,124.8396374142326, 0.0,-33.010125478828144,0.0
2024-09-06 01:46:56,0.0,-91.91054861515467,124.7822753247442, 0.0,-32.87172670958955,0.0
2024-09-06 01:46:56,0.0,-91.98992076021554,124.72553663441553, 0.0,-32.73561587420001,0.0
2024-09-06 01:46:56,0.0,-92.06891775816935,124.66851360570202, 0.0,-32.59959584753267,0.0
2024-09-06 01:46:56,0.0,-92.2547183553797,124.5321803115872, 0.0,-32.277461956207496,0.0
2024-09-06 01:46:56,0.0,-92.83827424608675,124.0827484176348, 0.0,-31.244474171548056,0.0
2024-09-06 01:46:56,0.0,-93.95089088481697,123.12542538956023, 0.0,-29.17453450474328,0.0
2024-09-06 01:46:56,0.0,-94.97306260840169,122.1060163765772, 0.0,-27.13295376817552,0.0
2024-09-06 01:46:56,0.0,-95.9911924847172,120.92024283503228, 0.0,-24.92905035031511,0.0
2024-09-06 01:46:56,0.0,-96.25907128852334,120.57360662934362, 0.0,-24.31453534082029,0.0
2024-09-06 01:46:56,0.0,-96.39014081458255,120.39795991474236, 0.0,-24.007819100159796,0.0
2024-09-06 01:46:56,0.0,-96.449541904547,120.31698325564881, 0.0,-23.867441351101796,0.0
2024-09-06 01:46:56,0.0,-96.50325876721801,120.24299790678606, 0.0,-23.73973913956806,0.0
2024-09-06 01:46:56,0.0,-96.55750044678834,120.16754582167229, 0.0,-23.610045374883953,0.0
2024-09-06 01:46:57,0.0,-96.4477748126972,120.31940480602837, 0.0,-23.87162999333118,0.0
2024-09-06 01:46:57,0.0,-96.17299870945975,120.6867516411047, 0.0,-24.51375293164498,0.0
2024-09-06 01:46:57,0.0,-95.84886761874682,121.09803552291832, 0.0,-25.249167904171497,0.0
2024-09-06 01:46:57,0.0,-95.61929057752235,121.37607903564877, 0.0,-25.756788458126426,0.0
2024-09-06 01:46:57,0.0,-95.15181555069913,121.91141057493869, 0.0,-26.759595024239577,0.0
2024-09-06 01:46:57,0.0,-94.15450095465518,122.93408229083404, 0.0,-28.77958133617887,0.0
2024-09-06 01:46:57,0.0,-92.87421488614811,124.05396341734392, 0.0,-31.17974853119583,0.0
2024-09-06 01:46:57,0.0,-91.51648543123463,125.0559758373456, 0.0,-33.53949040611097,0.0
2024-09-06 01:46:57,0.0,-90.40945361815199,125.75929697982836, 0.0,-35.349843361676406,0.0
2024-09-06 01:46:57,0.0,-89.71260196969592,126.15752645509752, 0.0,-36.444924485401614,0.0
2024-09-06 01:46:57,0.0,-89.05785160152726,126.50375215470461, 0.0,-37.44590055317735,0.0
2024-09-06 01:46:57,0.0,-88.96205943850678,126.55227490137493, 0.0,-37.59021546286815,0.0
2024-09-06 01:46:57,0.0,-88.7658692823206,126.65002143766601, 0.0,-37.884152155345426,0.0
2024-09-06 01:46:57,0.0,-88.66639558906148,126.69875691521354, 0.0,-38.03236132615207,0.0
2024-09-06 01:46:57,0.0,-88.66181716536143,126.70098684117944, 0.0,-38.039169675818044,0.0
2024-09-06 01:46:57,0.0,-88.65712097197513,126.7032729257389, 0.0,-38.046151953763776,0.0
2024-09-06 01:46:58,0.0,-88.5654096107337,126.74767470710721, 0.0,-38.18226509637351,0.0
2024-09-06 01:46:58,0.0,-88.47416789111664,126.79139397787776, 0.0,-38.31722608676113,0.0
2024-09-06 01:47:03,0.0,-88.565718369825,126.7475259945692, 0.0,-38.18180762474421,0.0
2024-09-06 01:47:03,0.0,-89.14926148715443,126.45695394751614, 0.0,-37.30769246036173,0.0
2024-09-06 01:47:03,0.0,-89.71806841827839,126.1545253641111, 0.0,-36.4364569458327,0.0
2024-09-06 01:47:03,0.0,-89.9110796736833,126.04734482232179, 0.0,-36.136265148638486,0.0
2024-09-06 01:47:03,0.0,-90.00692356917968,125.99323088753454, 0.0,-35.986307318354875,0.0
2024-09-06 01:47:03,0.0,-90.19587296084576,125.8847792995276, 0.0,-35.68890633868184,0.0
2024-09-06 01:47:03,0.0,-90.5338199766401,125.68478013998693, 0.0,-35.15096016334686,0.0
2024-09-06 01:47:03,0.0,-90.86604687617005,125.48031782452858, 0.0,-34.614270948358545,0.0
2024-09-06 01:47:03,0.0,-91.65653050801237,124.96020275157281, 0.0,-33.30367224356044,0.0
2024-09-06 01:47:03,0.0,-92.40851208629272,124.4169237252909, 0.0,-32.0084116389982,0.0
2024-09-06 01:47:03,0.0,-92.70526764264046,124.18812827492476, 0.0,-31.482860632284293,0.0
2024-09-06 01:47:03,0.0,-93.1726030597265,123.80974629520439, 0.0,-30.637143235477883,0.0
2024-09-06 01:47:03,0.0,-93.50171672346553,123.52906833233014, 0.0,-30.027351608864617,0.0
2024-09-06 01:47:03,0.0,-93.6715565046842,123.37933226652794, 0.0,-29.707775761843727,0.0
2024-09-06 01:47:03,0.0,-94.81932590587657,122.26922201329, 0.0,-27.44989610741342,0.0
2024-09-06 01:47:03,0.0,-95.64489918682104,121.34558134207452, 0.0,-25.700682155253517,0.0
2024-09-06 01:47:03,0.0,-96.51200916289633,120.23087672408184, 0.0,-23.718867561185505,0.0
2024-09-06 01:47:03,0.0,-96.76680434735032,119.86912841420134, 0.0,-23.102324066851015,0.0
2024-09-06 01:47:03,0.0,-96.823143500812,119.78675486597571, 0.0,-22.963611365163715,0.0
2024-09-06 01:47:03,0.0,-96.87966956305388,119.70320108961374, 0.0,-22.823531526559872,0.0
2024-09-06 01:47:03,0.0,-96.93243892861616,119.62436356176525, 0.0,-22.69192463314911,0.0
2024-09-06 01:47:03,0.0,-97.12962690155715,119.32233282502828, 0.0,-22.192705923471134,0.0
2024-09-06 01:47:03,0.0,-97.43637063474209,118.82742113244063, 0.0,-21.391050497698558,0.0
2024-09-06 01:47:03,0.0,-97.72926341293578,118.32304266157027, 0.0,-20.5937792486345,0.0
2024-09-06 01:47:03,0.0,-97.77842025118548,118.23504553313617, 0.0,-20.456625281950686,0.0
2024-09-06 01:47:03,0.0,-97.88531009292018,118.04014257719065, 0.0,-20.15483248427047,0.0
2024-09-06 01:47:03,0.0,-97.98072864505593,117.86187008855055, 0.0,-19.88114144349461,0.0
2024-09-06 01:47:03,0.0,-98.02537336689878,117.77701336433027, 0.0,-19.751639997431504,0.0
2024-09-06 01:47:03,0.0,-98.06794593171846,117.69520969830945, 0.0,-19.627263766590993,0.0
2024-09-06 01:47:03,0.0,-98.02646469920789,117.77492723758107, 0.0,-19.748462538373197,0.0
2024-09-06 01:47:03,0.0,-97.97968807160203,117.86383675026305, 0.0,-19.884148678661035,0.0
2024-09-06 01:47:03,0.0,-97.93251601533605,117.95246494130801, 0.0,-20.019948925971953,0.0
2024-09-06 01:47:03,0.0,-97.83698314793706,118.12887575076229, 0.0,-20.29189260282524,0.0
2024-09-06 01:47:03,0.0,-97.72946695548302,118.32268036649101, 0.0,-20.593213411008016,0.0
2024-09-06 01:47:03,0.0,-97.68022392396333,118.40983570502355, 0.0,-20.729611781060218,0.0
2024-09-06 01:47:03,0.0,-97.51934555831455,118.68786676467316, 0.0,-21.168521206358626,0.0
2024-09-06 01:47:03,0.0,-97.40614637877196,118.87763056073288, 0.0,-21.471484181960925,0.0
2024-09-06 01:47:03,0.0,-97.35432812956972,118.96295483182767, 0.0,-21.608626702257947,0.0
2024-09-06 01:47:03,0.0,-97.24948184625192,119.13274303112331, 0.0,-21.883261184871373,0.0
2024-09-06 01:47:03,0.0,-97.19967805101271,119.21209529252529, 0.0,-22.012417241512566,0.0
2024-09-06 01:47:03,0.0,-97.15032893679361,119.28991969738603, 0.0,-22.139590760592405,0.0
2024-09-06 01:47:03,0.0,-97.09981602738641,119.3687674965621, 0.0,-22.268951469175683,0.0
2024-09-06 01:47:03,0.0,-97.04894496634722,119.44736045368849, 0.0,-22.39841548734128,0.0
2024-09-06 01:47:03,0.0,-96.9949472575803,119.52990808772734, 0.0,-22.534960830147035,0.0
2024-09-06 01:47:03,0.0,-96.87349831092104,119.7123678557914, 0.0,-22.83886954487037,0.0
2024-09-06 01:47:03,0.0,-96.75011134160654,119.89336467220689, 0.0,-23.14325333060033,0.0
2024-09-06 01:47:03,0.0,-96.33158555601165,120.47693867501035, 0.0,-24.1453531189987,0.0
2024-09-06 01:47:03,0.0,-96.11449438937191,120.76269009695508, 0.0,-24.64819570758317,0.0
2024-09-06 01:47:03,0.0,-95.66357063101785,121.32326481019302, 0.0,-25.659694179175183,0.0
2024-09-06 01:47:03,0.0,-95.4580815858302,121.5651918669849, 0.0,-26.107110281154704,0.0
2024-09-06 01:47:03,0.0,-95.31385563526081,121.73030541048084, 0.0,-26.41644977522002,0.0
2024-09-06 01:47:03,0.0,-95.10139417144617,121.96684360077818, 0.0,-26.865449429332017,0.0
2024-09-06 01:47:03,0.0,-94.85468978287238,122.23201269373973, 0.0,-27.377322910867342,0.0
2024-09-06 01:47:03,0.0,-94.60255145345594,122.49309465302206, 0.0,-27.890543199566114,0.0
2024-09-06 01:47:03,0.0,-93.84045492327694,123.22697081263642, 0.0,-29.386515889359497,0.0
2024-09-06 01:47:04,0.0,-93.0327153002463,123.92541628060722, 0.0,-30.892700980360953,0.0
2024-09-06 01:47:04,0.0,-92.45073365219093,124.38489170407728, 0.0,-31.934158051886357,0.0
2024-09-06 01:47:04,0.0,-92.06825690298659,124.66899294255775, 0.0,-32.60073603957118,0.0
2024-09-06 01:47:04,0.0,-91.8827533365022,124.80201441624014, 0.0,-32.919261079737936,0.0
2024-09-06 01:47:04,0.0,-91.79910993863037,124.86101147478702, 0.0,-33.061901536156654,0.0
2024-09-06 01:47:04,0.0,-91.62887854636627,124.9792419591278, 0.0,-33.35036341276156,0.0
2024-09-06 01:47:04,0.0,-91.54405158065016,125.03725197227351, 0.0,-33.49320039162335,0.0
2024-09-06 01:47:04,0.0,-91.35298606324012,125.16576221384484, 0.0,-33.812776150604726,0.0
2024-09-06 01:47:04,0.0,-91.03340901044874,125.37424926123047, 0.0,-34.34084025078176,0.0
2024-09-06 01:47:04,0.0,-90.50870288590365,125.69991684286259, 0.0,-35.191213956958975,0.0
2024-09-06 01:47:04,0.0,-89.90026994614311,126.05341063500721, 0.0,-36.15314068886409,0.0
2024-09-06 01:47:04,0.0,-89.71497670625138,126.15622295129445, 0.0,-36.441246245043075,0.0
2024-09-06 01:47:04,0.0,-89.61949587411128,126.20835406193827, 0.0,-36.588858187827,0.0
2024-09-06 01:47:04,0.0,-89.53087017565372,126.25623478735584, 0.0,-36.72536461170211,0.0
2024-09-06 01:47:04,0.0,-89.34751996709771,126.35376440586835, 0.0,-37.00624443877065,0.0
2024-09-06 01:47:04,0.0,-89.25042693856429,126.40459061258476, 0.0,-37.15416367402048,0.0
2024-09-06 01:47:04,0.0,-89.03679924531141,126.51446138326844, 0.0,-37.47766213795702,0.0
2024-09-06 01:47:04,0.0,-88.93837051333526,126.56419312840943, 0.0,-37.625822615074185,0.0
2024-09-06 01:47:04,0.0,-88.84197158352957,126.61236356020402, 0.0,-37.77039197667447,0.0
2024-09-06 01:47:04,0.0,-88.64554765452955,126.70890157275998, 0.0,-38.063353918230455,0.0
2024-09-06 01:47:04,0.0,-88.54547601607695,126.75726464785255, 0.0,-38.211788631775605,0.0
2024-09-06 01:47:05,0.0,-88.67481227810775,126.88633388696614, 0.0,-38.2115216088584,0.0
2024-09-06 01:47:05,0.0,-88.36619362608214,126.56931470536885, 0.0,-38.20312107928673,0.0
2024-09-06 01:47:05,0.0,-88.22704569492257,126.42580654757896, 0.0,-38.198760852656406,0.0
2024-09-06 01:47:05,0.0,-87.58480253635999,125.75882910979195, 0.0,-38.17402657343198,0.0
2024-09-06 01:47:05,0.0,-86.10798819973658,124.19644681467153, 0.0,-38.088458614934964,0.0
2024-09-06 01:47:05,0.0,-85.25779799732024,123.27891360611287, 0.0,-38.02111560879265,0.0
2024-09-06 01:47:06,0.0,-84.28345216242221,122.2112159536951, 0.0,-37.92776379127291,0.0
2024-09-06 01:47:06,0.0,-83.31813335672408,121.13645590236655, 0.0,-37.81832254564246,0.0
2024-09-06 01:47:06,0.0,-82.83865875414529,120.59637904664945, 0.0,-37.75772029250415,0.0
2024-09-06 01:47:06,0.0,-81.6703522572221,119.26316072361132, 0.0,-37.59280846638921,0.0
2024-09-06 01:47:06,0.0,-80.51310498608203,117.91862559910331, 0.0,-37.40552061302127,0.0
2024-09-06 01:47:06,0.0,-80.0444868537638,117.36744295952766, 0.0,-37.32295610576387,0.0
2024-09-06 01:47:06,0.0,-79.01128609863505,116.1386243959638, 0.0,-37.127338297328734,0.0
2024-09-06 01:47:06,0.0,-78.601571209673,115.64619587981387, 0.0,-37.04462467014087,0.0
2024-09-06 01:47:06,0.0,-78.4742404993868,115.49256804016785, 0.0,-37.018327540781065,0.0
2024-09-06 01:47:06,0.0,-78.34701283320669,115.33878505879615, 0.0,-36.99177222558945,0.0
2024-09-06 01:47:06,0.0,-78.21988684702893,115.18484635009044, 0.0,-36.964959503061515,0.0
2024-09-06 01:47:06,0.0,-77.81989730837692,114.69868078131034, 0.0,-36.878783472933435,0.0
2024-09-06 01:47:06,0.0,-77.35955396254305,114.13576667315138, 0.0,-36.776212710608334,0.0
2024-09-06 01:47:06,0.0,-76.8930606865907,113.56164865574237, 0.0,-36.66858796915168,0.0
2024-09-06 01:47:06,0.0,-75.76634145095474,112.15981670074729, 0.0,-36.39347524979257,0.0
2024-09-06 01:47:06,0.0,-74.64515156787053,110.74381516448074, 0.0,-36.098663596610194,0.0
2024-09-06 01:47:06,0.0,-73.73442211612695,109.578377686159, 0.0,-35.843955570032065,0.0
2024-09-06 01:47:06,0.0,-72.82180775846669,108.3970194481966, 0.0,-35.575211689729954,0.0
2024-09-06 01:47:06,0.0,-71.91554545872029,107.21068420563972, 0.0,-35.29513874691946,0.0
2024-09-06 01:47:06,0.0,-70.55658590433401,105.40750812788443, 0.0,-34.85092222355041,0.0
2024-09-06 01:47:06,0.0,-69.8292249707067,104.43063249193672, 0.0,-34.601407521230016,0.0
2024-09-06 01:47:06,0.0,-69.55611078742466,104.06174050126039, 0.0,-34.50562971383574,0.0
2024-09-06 01:47:06,0.0,-69.42846491837948,103.88894236117619, 0.0,-34.46047744279672,0.0
2024-09-06 01:47:06,0.0,-69.18158284145854,103.55403108633045, 0.0,-34.37244824487194,0.0
2024-09-06 01:47:06,0.0,-69.05815767452373,103.38625227821825, 0.0,-34.32809460369454,0.0
2024-09-06 01:47:06,0.0,-69.17036196922761,103.53878740108262, 0.0,-34.368425431855016,0.0
2024-09-06 01:47:06,0.0,-69.28631516035082,103.69621958574652, 0.0,-34.40990442539571,0.0
2024-09-06 01:47:06,0.0,-69.41163055880935,103.86613474796026, 0.0,-34.45450418915092,0.0
2024-09-06 01:47:06,0.0,-69.69116089002794,104.24429281932595, 0.0,-34.553131929298004,0.0
2024-09-06 01:47:06,0.0,-70.60287735585787,105.46940407415258, 0.0,-34.86652671829471,0.0
2024-09-06 01:47:06,0.0,-72.17666136244249,107.55383394587606, 0.0,-35.3771725834336,0.0
2024-09-06 01:47:06,0.0,-72.63813772616683,108.15764446567248, 0.0,-35.519506739505644,0.0
2024-09-06 01:47:06,0.0,-73.75911828753655,109.61015920898338, 0.0,-35.85104092144685,0.0
2024-09-06 01:47:06,0.0,-75.09464318005931,111.31400002185923, 0.0,-36.21935684179995,0.0
2024-09-06 01:47:06,0.0,-76.67132983546836,113.28746806247183, 0.0,-36.616138227003475,0.0
2024-09-06 01:47:06,0.0,-78.25915971081454,115.23243214021932, 0.0,-36.97327242940477,0.0
2024-09-06 01:47:06,0.0,-79.86070688172163,117.15023102637355, 0.0,-37.289524144651935,0.0
2024-09-06 01:47:06,0.0,-81.72417059640456,119.32511098814419, 0.0,-37.60094039173964,0.0
2024-09-06 01:47:06,0.0,-83.36697221626726,121.19123558889669, 0.0,-37.824263372629446,0.0
2024-09-06 01:47:06,0.0,-85.03177238242874,123.03276881927093, 0.0,-38.0009964368422,0.0
2024-09-06 01:47:06,0.0,-87.19410024267276,125.34937618933064, 0.0,-38.15527594665787,0.0
2024-09-06 01:47:06,0.0,-88.65981580254186,126.87096969016065, 0.0,-38.2111538876188,0.0
2024-09-06 01:47:06,0.0,-89.91640082486225,128.1440162425826, 0.0,-38.22761541772037,0.0
2024-09-06 01:47:06,0.0,-91.42797892320408,129.63689706898197, 0.0,-38.20891814577793,0.0
2024-09-06 01:47:06,0.0,-92.96806800683078,131.11473913413693, 0.0,-38.14667112730616,0.0
2024-09-06 01:47:06,0.0,-95.4134212748693,133.37207419298485, 0.0,-37.958652918115575,0.0
2024-09-06 01:47:06,0.0,-98.27217401968026,135.87366486888078, 0.0,-37.60149084920057,0.0
2024-09-06 01:47:06,0.0,-102.10887953222742,139.0032086697807, 0.0,-36.89432913755324,0.0
2024-09-06 01:47:06,0.0,-105.4954725673592,141.55569351757407, 0.0,-36.060220950214884,0.0
2024-09-06 01:47:06,0.0,-106.44292535253952,142.23570910716614, 0.0,-35.7927837546266,0.0
2024-09-06 01:47:06,0.0,-109.07522597593046,144.0493446114757, 0.0,-34.97411863554525,0.0
2024-09-06 01:47:06,0.0,-110.79025521537633,145.1727914846175, 0.0,-34.38253626924117,0.0
2024-09-06 01:47:06,0.0,-112.89649183111709,146.49196311341248, 0.0,-33.59547128229548,0.0
2024-09-06 01:47:06,0.0,-116.2108739613347,148.43854121844757, 0.0,-32.22766725711284,0.0
2024-09-06 01:47:07,0.0,-118.16480937742784,149.5155846267883, 0.0,-31.350775249360467,0.0
2024-09-06 01:47:07,0.0,-118.98335568492968,149.95188301761166, 0.0,-30.968527332681997,0.0
2024-09-06 01:47:07,0.0,-120.84195538073021,150.91096276618745, 0.0,-30.069007385457226,0.0
2024-09-06 01:47:07,0.0,-121.3167474529678,151.14909698103818, 0.0,-29.83234952807038,0.0
2024-09-06 01:47:07,0.0,-121.55806131732831,151.26907827751089, 0.0,-29.711016960182583,0.0
2024-09-06 01:47:07,0.0,-122.08641948009293,151.5293285305463, 0.0,-29.44290905045337,0.0
2024-09-06 01:47:07,0.0,-122.33117785402251,151.64875673922407, 0.0,-29.317578885201577,0.0
2024-09-06 01:47:07,0.0,-123.11529000787239,152.02659472274183, 0.0,-28.911304714869463,0.0
2024-09-06 01:47:07,0.0,-123.61002008987512,152.26129652433744, 0.0,-28.651276434462314,0.0
2024-09-06 01:47:07,0.0,-123.8617105837103,152.37961604034837, 0.0,-28.517905456638065,0.0
2024-09-06 01:47:07,0.0,-124.09944419464176,152.49070861133345, 0.0,-28.39126441669167,0.0
2024-09-06 01:47:07,0.0,-123.56562264492686,152.24034977726748, 0.0,-28.674727132340628,0.0
2024-09-06 01:47:07,0.0,-122.98824054426781,151.96586330154966, 0.0,-28.977622757281843,0.0
2024-09-06 01:47:07,0.0,-121.59763214512049,151.28868569999022, 0.0,-29.69105355486976,0.0
2024-09-06 01:47:07,0.0,-120.24009074165207,150.60511471646774, 0.0,-30.365023974815678,0.0
2024-09-06 01:47:07,0.0,-118.59211211175273,149.74442268724073, 0.0,-31.15231057548801,0.0
2024-09-06 01:47:07,0.0,-116.92357929574302,148.83729026963096, 0.0,-31.913710973887895,0.0
2024-09-06 01:47:07,0.0,-115.36820303941894,147.95817389831376, 0.0,-32.589970858894844,0.0
2024-09-06 01:47:07,0.0,-114.14629987011577,147.24415619001547, 0.0,-33.09785631989973,0.0
2024-09-06 01:47:07,0.0,-112.94719531801505,146.5229161149175, 0.0,-33.5757207969025,0.0
2024-09-06 01:47:07,0.0,-111.77336275726381,145.79669937452582, 0.0,-34.02333661726202,0.0
2024-09-06 01:47:07,0.0,-110.6236213373889,145.06560337531488, 0.0,-34.441982037925996,0.0
2024-09-06 01:47:07,0.0,-109.2248031894801,144.14912626103984, 0.0,-34.924323071559755,0.0
2024-09-06 01:47:07,0.0,-108.12744683013563,143.40897551308404, 0.0,-35.281528682948434,0.0
2024-09-06 01:47:07,0.0,-106.78566885512237,142.47811523480544, 0.0,-35.69244637968315,0.0
2024-09-06 01:47:07,0.0,-105.47643501656239,141.5418793092328, 0.0,-36.06544429267046,0.0
2024-09-06 01:47:07,0.0,-103.2810085414197,139.9084911539492, 0.0,-36.62748261252952,0.0
2024-09-06 01:47:07,0.0,-100.61831935297344,137.817925935649, 0.0,-37.199606582675514,0.0
2024-09-06 01:47:07,0.0,-99.75473072108073,137.1135346593849, 0.0,-37.35880393830416,0.0
2024-09-06 01:47:07,0.0,-97.23116488848875,134.979715466839, 0.0,-37.74855057835027,0.0
2024-09-06 01:47:07,0.0,-96.10505710298965,133.99079828805992, 0.0,-37.88574118507028,0.0
2024-09-06 01:47:07,0.0,-94.99721616816129,132.995565026845, 0.0,-37.99834885868372,0.0
2024-09-06 01:47:07,0.0,-94.45007826594872,132.4958189634302, 0.0,-38.04574069748149,0.0
2024-09-06 01:47:07,0.0,-93.78947831230316,131.88516719856705, 0.0,-38.09568888626389,0.0
2024-09-06 01:47:07,0.0,-93.4617344827212,131.57924571888867, 0.0,-38.117511236167466,0.0
2024-09-06 01:47:07,0.0,-93.13472708375525,131.27205299207264, 0.0,-38.13732590831739,0.0
2024-09-06 01:47:07,0.0,-92.84096780849075,130.99442385645398, 0.0,-38.15345604796324,0.0
2024-09-06 01:47:07,0.0,-92.54838414821265,130.71633338406673, 0.0,-38.16794923585408,0.0
2024-09-06 01:47:07,0.0,-92.40252697482201,130.57711474941058, 0.0,-38.1745877745886,0.0
2024-09-06 01:47:07,0.0,-92.27017822542683,130.45045185501294, 0.0,-38.18027362958611,0.0
2024-09-06 01:47:07,0.0,-92.12325620626369,130.30946515184596, 0.0,-38.18620894558227,0.0
2024-09-06 01:47:07,0.0,-91.97732526220149,130.16903708965225, 0.0,-38.191711827450774,0.0
2024-09-06 01:47:07,0.0,-91.45091546555125,129.65922617025538, 0.0,-38.20831070470414,0.0
2024-09-06 01:47:07,0.0,-90.17222840582332,128.39963517176562, 0.0,-38.227406765942305,0.0
2024-09-06 01:47:07,0.0,-89.6570342326007,127.88363154246906, 0.0,-38.226597309868374,0.0
2024-09-06 01:47:07,0.0,-88.09596646108915,126.29029446901359, 0.0,-38.19432800792441,0.0
2024-09-06 01:47:07,0.0,-87.4825364312042,125.65192558945029, 0.0,-38.169389158246105,0.0
2024-09-06 01:47:07,0.0,-87.2080405991901,125.36403373498429, 0.0,-38.1559931357942,0.0
2024-09-06 01:47:07,0.0,-87.47212348850418,125.64102969140113, 0.0,-38.168906202896956,0.0
2024-09-06 01:47:08,0.0,-87.975427820475,126.16540084066357, 0.0,-38.189973020188575,0.0
2024-09-06 01:47:08,0.0,-88.48330330510763,126.68981824177746, 0.0,-38.206514936669855,0.0
2024-09-06 01:47:08,0.0,-89.30742882265483,127.53069477394534, 0.0,-38.22326595129053,0.0
2024-09-06 01:47:08,0.0,-90.3414716037471,128.568078324329, 0.0,-38.22660672058193,0.0
2024-09-06 01:47:08,0.0,-91.38720140837867,129.59717560281035, 0.0,-38.20997419443171,0.0
2024-09-06 01:47:08,0.0,-92.2392693903522,130.4208245850309, 0.0,-38.1815551946787,0.0
2024-09-06 01:47:08,0.0,-92.71364560494027,130.87360151554975, 0.0,-38.15995591060949,0.0
2024-09-06 01:47:08,0.0,-92.86251367381004,131.0148403927793, 0.0,-38.152326718969256,0.0
2024-09-06 01:47:08,0.0,-93.01237705691713,131.15661326500955, 0.0,-38.144236208092444,0.0
2024-09-06 01:47:08,0.0,-93.30264842058614,131.43004382120773, 0.0,-38.1273954006216,0.0
2024-09-06 01:47:08,0.0,-93.16345842294712,131.29912183679113, 0.0,-38.13566341384401,0.0
2024-09-06 01:47:08,0.0,-92.88194148456297,131.0332425968955, 0.0,-38.151301112332526,0.0
2024-09-06 01:47:08,0.0,-92.7344903413506,130.8934024652218, 0.0,-38.15891212387122,0.0
2024-09-06 01:47:08,0.0,-92.58728724054339,130.7533999045332, 0.0,-38.16611266398982,0.0
2024-09-06 01:47:08,0.0,-92.29442786490668,130.47368376039725, 0.0,-38.17925589549058,0.0
2024-09-06 01:47:08,0.0,-92.00262266412119,130.19340858217944, 0.0,-38.19078591805827,0.0
2024-09-06 01:47:08,0.0,-91.85667059038816,130.0526367474728, 0.0,-38.19596615708464,0.0
2024-09-06 01:47:08,0.0,-91.72062209150259,129.9210645321557, 0.0,-38.200442440653106,0.0
2024-09-06 01:47:08,0.0,-91.59138309504314,129.79576272885953, 0.0,-38.204379633816394,0.0
2024-09-06 01:47:08,0.0,-91.4461303842955,129.65456861339922, 0.0,-38.20843822910373,0.0
2024-09-06 01:47:08,0.0,-91.30110602422585,129.51320947605535, 0.0,-38.21210345182952,0.0
2024-09-06 01:47:08,0.0,-91.15630788027578,129.37168497816157, 0.0,-38.21537709788579,0.0
2024-09-06 01:47:08,0.0,-90.8379329555026,129.05915179570042, 0.0,-38.22121884019783,0.0
2024-09-06 01:47:08,0.0,-90.37839330262966,128.60475544237786, 0.0,-38.226362139748225,0.0
2024-09-06 01:47:08,0.0,-89.92122974802557,128.14885238102502, 0.0,-38.22762263299945,0.0
2024-09-06 01:47:08,0.0,-89.77981011723864,128.0070436871061, 0.0,-38.227233569867444,0.0
2024-09-06 01:47:08,0.0,-89.6374260579382,127.86389606184115, 0.0,-38.22647000390294,0.0
2024-09-06 01:47:08,0.0,-89.50501131517169,127.73043638775833, 0.0,-38.22542507258665,0.0
2024-09-06 01:47:08,0.0,-89.37920212500549,127.60333547295279, 0.0,-38.2241333479473,0.0
2024-09-06 01:47:54,0.0,-89.56292842475183,127.5157897308637, 0.0,-37.952861306111885,0.0
2024-09-06 01:47:54,0.0,-89.76536300884997,127.41536297772724, 0.0,-37.649999968877275,0.0
2024-09-06 01:47:54,0.0,-89.9870436306148,127.30272690396899, 0.0,-37.315683273354196,0.0
2024-09-06 01:47:54,0.0,-90.2065554622638,127.18837718339157, 0.0,-36.98182172112777,0.0
2024-09-06 01:47:54,0.0,-90.7726535102284,126.87998277206415, 0.0,-36.107329261835766,0.0
2024-09-06 01:47:54,0.0,-91.452740442302,126.48203069742229, 0.0,-35.02929025512027,0.0
2024-09-06 01:47:54,0.0,-92.2566921737502,125.96903022055804, 0.0,-33.71233804680786,0.0
2024-09-06 01:47:54,0.0,-93.02400944903354,125.4312105651833, 0.0,-32.40720111614975,0.0
2024-09-06 01:47:54,0.0,-93.76187171835713,124.86366540449089, 0.0,-31.101793686133767,0.0
2024-09-06 01:47:54,0.0,-94.73900792327674,124.02375114936106, 0.0,-29.284743226084295,0.0
2024-09-06 01:47:54,0.0,-95.00926268016995,123.77122213923754, 0.0,-28.761959459067597,0.0
2024-09-06 01:47:54,0.0,-95.64881891729895,123.13365443417615, 0.0,-27.484835516877183,0.0
2024-09-06 01:47:54,0.0,-96.1449984831985,122.59577369279236, 0.0,-26.45077520959387,0.0
2024-09-06 01:47:55,0.0,-96.52785995880663,122.15138991494574, 0.0,-25.62352995613913,0.0
2024-09-06 01:47:55,0.0,-96.8080000800171,121.80824007631237, 0.0,-25.000239996295267,0.0
2024-09-06 01:47:55,0.0,-96.8712173495965,121.72854947858654, 0.0,-24.85733212899003,0.0
2024-09-06 01:47:55,0.0,-96.9339990674778,121.64855242572668, 0.0,-24.714553358248885,0.0
2024-09-06 01:47:55,0.0,-96.9953661245388,121.56951801515318, 0.0,-24.574151890614363,0.0
2024-09-06 01:47:55,0.0,-97.05360892596462,121.49372461373405, 0.0,-24.44011568776942,0.0
2024-09-06 01:47:55,0.0,-97.11057373553041,121.41884313578974, 0.0,-24.30826940025933,0.0
2024-09-06 01:47:55,0.0,-97.17076406410649,121.33889931003608, 0.0,-24.168135245929587,0.0
2024-09-06 01:47:55,0.0,-97.30239614652973,121.16104263908541, 0.0,-23.858646492555685,0.0
2024-09-06 01:47:55,0.0,-97.36644565871839,121.07295675425594, 0.0,-23.70651109553755,0.0
2024-09-06 01:47:55,0.0,-97.4951132519865,120.89283407725027, 0.0,-23.397720825263796,0.0
2024-09-06 01:47:55,0.0,-97.610663472354,120.72733753526973, 0.0,-23.116674062915713,0.0
2024-09-06 01:47:55,0.0,-97.66740868995089,120.64472306021285, 0.0,-22.977314370261986,0.0
2024-09-06 01:47:55,0.0,-97.72040047173495,120.56675356128949, 0.0,-22.846353089554558,0.0
2024-09-06 01:47:55,0.0,-97.77377926517893,120.48739828991218, 0.0,-22.71361902473327,0.0
2024-09-06 01:47:55,0.0,-98.09094294204085,119.99805967516146, 0.0,-21.90711673312062,0.0
2024-09-06 01:47:55,0.0,-98.46665550743126,119.37474364065787, 0.0,-20.908088133226595,0.0
2024-09-06 01:47:55,0.0,-98.66208488724888,119.02931625776982, 0.0,-20.36723137052096,0.0
2024-09-06 01:47:55,0.0,-99.00565538917378,118.38152510758194, 0.0,-19.37586971840817,0.0
2024-09-06 01:47:55,0.0,-99.10597609005809,118.18153464115836, 0.0,-19.075558551100254,0.0
2024-09-06 01:47:55,0.0,-99.19578405578726,117.9979365113165, 0.0,-18.80215245552923,0.0
2024-09-06 01:47:55,0.0,-99.24010212131907,117.90567509637873, 0.0,-18.66557297505967,0.0
2024-09-06 01:47:55,0.0,-99.2844594146251,117.81219526863688, 0.0,-18.527735854011787,0.0
2024-09-06 01:47:55,0.0,-99.24542008602619,117.8945284438834, 0.0,-18.64910835785723,0.0
2024-09-06 01:47:55,0.0,-99.20137173836676,117.98636560834268, 0.0,-18.784993869975928,0.0
2024-09-06 01:47:55,0.0,-99.15692436940395,118.07792323386228, 0.0,-18.920998864458344,0.0
2024-09-06 01:47:55,0.0,-99.05718034458845,118.27946465656562, 0.0,-19.222284311977187,0.0
2024-09-06 01:47:55,0.0,-99.0114466452465,118.37012165038462, 0.0,-19.35867500513811,0.0
2024-09-06 01:47:55,0.0,-98.90941237112288,118.56858512286809, 0.0,-19.659172751745206,0.0
2024-09-06 01:47:55,0.0,-98.69957711730767,118.9612311704904, 0.0,-20.26165405318273,0.0
2024-09-06 01:47:55,0.0,-98.52096468645074,119.28030084611007, 0.0,-20.759336159659316,0.0
2024-09-06 01:47:55,0.0,-98.2228278152626,119.78498604681278, 0.0,-21.56215823155017,0.0
2024-09-06 01:47:55,0.0,-97.71075147870883,120.5810102782686, 0.0,-22.87025879955975,0.0
2024-09-06 01:47:55,0.0,-97.45953175384112,120.94307579951166, 0.0,-23.483544045670545,0.0
2024-09-06 01:47:55,0.0,-97.24765929967965,121.23551299994485, 0.0,-23.987853700265198,0.0
2024-09-06 01:47:55,0.0,-97.11582552264262,121.41190166776994, 0.0,-24.296076145127323,0.0
2024-09-06 01:47:55,0.0,-96.98199715916849,121.58680741483364, 0.0,-24.604810255665143,0.0
2024-09-06 01:47:55,0.0,-96.86028192591091,121.74239585218288, 0.0,-24.88211392627198,0.0
2024-09-06 01:47:55,0.0,-96.7978179151779,121.82099582207873, 0.0,-25.02317790690083,0.0
2024-09-06 01:47:55,0.0,-96.65929126012102,121.99238443206424, 0.0,-25.333093171943226,0.0
2024-09-06 01:47:55,0.0,-96.51875717826896,122.16227597600695, 0.0,-25.643518797737986,0.0
2024-09-06 01:47:55,0.0,-96.23165234125084,122.49755027568982, 0.0,-26.265897934438975,0.0
2024-09-06 01:47:55,0.0,-96.08507473621076,122.66292412511348, 0.0,-26.577849388902706,0.0
2024-09-06 01:47:55,0.0,-95.47058837686463,123.31729931346129, 0.0,-27.84671093659668,0.0
2024-09-06 01:47:55,0.0,-94.82621705244107,123.94329208552429, 0.0,-29.117075033083196,0.0
2024-09-06 01:47:55,0.0,-94.14455949913466,124.54757949901958, 0.0,-30.40301999988492,0.0
2024-09-06 01:47:55,0.0,-93.79571445179852,124.83633963182855, 0.0,-31.04062518003004,0.0
2024-09-06 01:47:55,0.0,-93.61821715031463,124.97834695788647, 0.0,-31.360129807571845,0.0
2024-09-06 01:47:55,0.0,-93.25495638942671,125.25918947021475, 0.0,-32.004233080788055,0.0
2024-09-06 01:47:55,0.0,-93.07125496233199,125.3964194224281, 0.0,-32.32516446009612,0.0
2024-09-06 01:47:55,0.0,-92.57443520764524,125.75237432515318, 0.0,-33.17793911750793,0.0
2024-09-06 01:47:55,0.0,-91.93539405932927,126.17990301831368, 0.0,-34.24450895898441,0.0
2024-09-06 01:47:55,0.0,-91.11938187308886,126.68099735485052, 0.0,-35.56161548176168,0.0
2024-09-06 01:47:55,0.0,-90.70753619577687,126.91647846515438, 0.0,-36.20894226937751,0.0
2024-09-06 01:47:55,0.0,-90.28484513660209,127.14690115986876, 0.0,-36.86205602326669,0.0
2024-09-06 01:47:55,0.0,-90.08837873568868,127.25029156213687, 0.0,-37.16191282644819,0.0
2024-09-06 01:47:55,0.0,-89.99224333301062,127.3000509416203, 0.0,-37.3078076086097,0.0
2024-09-06 01:47:55,0.0,-89.77509692284646,127.41047607892955, 0.0,-37.63537915608308,0.0
2024-09-06 01:47:55,0.0,-89.55593768438584,127.5192170814735, 0.0,-37.96327939708769,0.0
2024-09-06 01:47:55,0.0,-89.18952008605095,127.69514185912597, 0.0,-38.505621773075035,0.0
2024-09-06 01:47:55,0.0,-88.9650283912842,127.7994032996139, 0.0,-38.834374908329686,0.0
2024-09-06 01:47:55,0.0,-88.2129521266298,128.130167603247, 0.0,-39.917215476617194,0.0
2024-09-06 01:47:55,0.0,-87.83090859341866,128.2877959166054, 0.0,-40.45688732318675,0.0
2024-09-06 01:47:55,0.0,-87.04706155576474,128.590715672706, 0.0,-41.5436541169413,0.0
2024-09-06 01:47:55,0.0,-86.24229687084772,128.87487692582462, 0.0,-42.6325800549769,0.0
2024-09-06 01:47:55,0.0,-85.58211341592619,129.0890824080171, 0.0,-43.506968992090904,0.0
2024-09-06 01:47:55,0.0,-84.74054123279154,129.33908673744585, 0.0,-44.59854550465435,0.0
2024-09-06 01:47:55,0.0,-83.88426180522814,129.56864578980333, 0.0,-45.68438398457518,0.0
2024-09-06 01:47:55,0.0,-83.00350726655151,129.78038722166332, 0.0,-46.776879955111795,0.0
2024-09-06 01:47:56,0.0,-82.09793725579252,129.9739678106605, 0.0,-47.87603055486801,0.0
2024-09-06 01:47:56,0.0,-81.36310331824644,130.11411207673044, 0.0,-48.75100875848401,0.0
2024-09-06 01:47:56,0.0,-80.7976113610009,130.21212613940233, 0.0,-49.41451477840142,0.0
2024-09-06 01:47:56,0.0,-80.67142889524284,130.23286489868508, 0.0,-49.56143600344224,0.0
2024-09-06 01:47:56,0.0,-80.38549898539533,130.27836177491608, 0.0,-49.89286278952077,0.0
2024-09-06 01:47:56,0.0,-80.09794488971545,130.32205148112394, 0.0,-50.22410659140849,0.0
2024-09-06 01:47:56,0.0,-79.80878290510242,130.36393252006212, 0.0,-50.55514961495971,0.0
2024-09-06 01:47:56,0.0,-79.38878113063019,130.42116829147454, 0.0,-51.03238716084436,0.0
2024-09-06 01:47:56,0.0,-79.25924348261313,130.43797551098967, 0.0,-51.178732028376544,0.0
2024-09-06 01:47:56,0.0,-79.129418271626,130.45442522628102, 0.0,-51.32500695465503,0.0
2024-09-06 01:47:56,0.0,-78.99930711894675,130.47051749457418, 0.0,-51.47121037562743,0.0
2024-09-06 01:47:56,0.0,-78.72710233534305,130.50292178550157, 0.0,-51.775819450158515,0.0
2024-09-06 01:47:56,0.0,-78.60403065112655,130.51701736198677, 0.0,-51.91298671086023,0.0
2024-09-06 01:47:56,0.0,-78.47274787098539,130.53167579037333, 0.0,-52.05892791938796,0.0
2024-09-06 01:47:56,0.0,-77.67892300644219,130.6121591805271, 0.0,-52.9332361740849,0.0
2024-09-06 01:47:56,0.0,-77.3772730629621,130.6391516313702, 0.0,-53.26187856840809,0.0
2024-09-06 01:47:56,0.0,-76.87464258254876,130.6798521306151, 0.0,-53.805209548066344,0.0
2024-09-06 01:47:56,0.0,-75.85758280154036,130.74632999649944, 0.0,-54.88874719495908,0.0
2024-09-06 01:47:56,0.0,-75.03103880951971,130.7852551850085, 0.0,-55.75421637548881,0.0
2024-09-06 01:47:56,0.0,-74.57853812246158,130.80102038508784, 0.0,-56.22248226262626,0.0
2024-09-06 01:47:56,0.0,-74.43939397866534,130.805095108376, 0.0,-56.36570112971066,0.0
2024-09-06 01:47:56,0.0,-74.29343960431744,130.80898243116164, 0.0,-56.515542826844204,0.0
2024-09-06 01:47:56,0.0,-74.14719779772479,130.81248246802872, 0.0,-56.66528467030392,0.0
2024-09-06 01:47:56,0.0,-74.00955902592588,130.8154175424259, 0.0,-56.80585851650002,0.0
2024-09-06 01:47:56,0.0,-73.88462029120127,130.8177819453307, 0.0,-56.933161654129414,0.0
2024-09-06 01:47:56,0.0,-74.16671759376023,130.8120380751949, 0.0,-56.64532048143469,0.0
2024-09-06 01:47:56,0.0,-74.49191797608582,130.80359939448996, 0.0,-56.31168141840415,0.0
2024-09-06 01:47:56,0.0,-74.81567989036897,130.79324041208355, 0.0,-55.97756052171458,0.0
2024-09-06 01:47:56,0.0,-75.32781669398366,130.77280115642964, 0.0,-55.444984462445966,0.0
2024-09-06 01:47:56,0.0,-76.14050446973944,130.7299301374582, 0.0,-54.58942566771879,0.0
2024-09-06 01:47:56,0.0,-77.42445180670163,130.63505810145847, 0.0,-53.210606294756815,0.0
2024-09-06 01:47:56,0.0,-78.68347816621966,130.507957462232, 0.0,-51.824479296012356,0.0
2024-09-06 01:47:56,0.0,-79.68256788349649,130.38157649556746, 0.0,-50.69900861207098,0.0
2024-09-06 01:47:56,0.0,-80.44114840261189,130.269668534726, 0.0,-49.82852013211411,0.0
2024-09-06 01:47:56,0.0,-81.20038994178175,130.1431739002451, 0.0,-48.94278395846336,0.0
2024-09-06 01:47:56,0.0,-81.60991293304171,130.06868117376507, 0.0,-48.45876824072333,0.0
2024-09-06 01:47:56,0.0,-81.73572345472425,130.04488991411566, 0.0,-48.30916645939141,0.0
2024-09-06 01:47:56,0.0,-81.86609832843946,130.01977949954247, 0.0,-48.15368117110301,0.0
2024-09-06 01:47:56,0.0,-82.41786798955839,129.90827433658495, 0.0,-47.49040634702656,0.0
2024-09-06 01:47:56,0.0,-82.69378317550333,129.84926966469135, 0.0,-47.155486489188014,0.0
2024-09-06 01:47:56,0.0,-83.09000186750575,129.76064251833196, 0.0,-46.67064065082621,0.0
2024-09-06 01:47:56,0.0,-83.36156640791005,129.69718466879533, 0.0,-46.3356182608853,0.0
2024-09-06 01:47:56,0.0,-84.0670569208988,129.52165646821118, 0.0,-45.454599547312384,0.0
2024-09-06 01:47:56,0.0,-84.59511739702262,129.37979012177135, 0.0,-44.78467272474875,0.0
2024-09-06 01:47:56,0.0,-85.2781793347869,129.18226967250263, 0.0,-43.904090337715736,0.0
2024-09-06 01:47:56,0.0,-85.5344690238573,129.10391186142547, 0.0,-43.569442837568175,0.0
2024-09-06 01:47:56,0.0,-86.19949593408215,128.88926734650337, 0.0,-42.68977141242124,0.0
2024-09-06 01:47:56,0.0,-86.44882874565947,128.80443083476908, 0.0,-42.35560208910962,0.0
2024-09-06 01:47:56,0.0,-86.67077425813264,128.7268411580156, 0.0,-42.05606689988295,0.0
2024-09-06 01:47:56,0.0,-87.02993899151441,128.59703738186977, 0.0,-41.56709839035535,0.0
2024-09-06 01:47:56,0.0,-87.42486034600563,128.44806167941397, 0.0,-41.02320133340833,0.0
2024-09-06 01:47:56,0.0,-88.05091809728876,128.19784895564752, 0.0,-40.14693085835875,0.0
2024-09-06 01:47:56,0.0,-88.43598294455985,128.03497148154315, 0.0,-39.598988536983285,0.0
2024-09-06 01:47:56,0.0,-89.18230799473406,127.69853239111228, 0.0,-38.516224396378206,0.0
2024-09-06 01:47:56,0.0,-89.91060721163802,127.34188308723355, 0.0,-37.431275875595546,0.0
2024-09-06 01:47:56,0.0,-90.2255322700239,127.17835750396964, 0.0,-36.95282523394575,0.0
2024-09-06 01:47:56,0.0,-90.32504023230351,127.12546317945629, 0.0,-36.80042294715278,0.0
2024-09-06 01:47:56,0.0,-90.41550370341544,127.07685512184332, 0.0,-36.6613514184279,0.0
2024-09-06 01:47:57,0.0,-90.69316588430985,126.92449591506167, 0.0,-36.23133003075183,0.0
2024-09-06 01:47:57,0.0,-90.90346388908438,126.80584093598223, 0.0,-35.90237704689785,0.0
2024-09-06 01:47:57,0.0,-91.11169230064728,126.68549697715196, 0.0,-35.573804676504686,0.0
2024-09-06 01:47:57,0.0,-91.40969749401312,126.50815569900405, 0.0,-35.09845820499093,0.0
2024-09-06 01:47:57,0.0,-91.50135930906615,126.4523635405765, 0.0,-34.951004231510346,0.0
2024-09-06 01:47:57,0.0,-91.6858169960295,126.33826449124889, 0.0,-34.6524474952194,0.0
2024-09-06 01:47:57,0.0,-91.85066899137881,126.23418506232542, 0.0,-34.38351607094664,0.0
2024-09-06 01:47:57,0.0,-91.94032485801328,126.17672718668098, 0.0,-34.236402328667694,0.0
2024-09-06 01:47:57,0.0,-92.03183846994243,126.11744765548244, 0.0,-34.08560918554003,0.0
2024-09-06 01:47:57,0.0,-92.1206519049966,126.05929916953299, 0.0,-33.9386472645364,0.0
2024-09-06 01:47:57,0.0,-92.2037890092818,126.00430794704272, 0.0,-33.800518937760934,0.0
2024-09-06 01:47:57,0.0,-92.2886319218919,125.94762346935852, 0.0,-33.65899154746663,0.0
2024-09-06 01:47:57,0.0,-92.36821785923263,125.89392573746169, 0.0,-33.52570787822907,0.0
2024-09-06 01:47:57,0.0,-92.44829327093547,125.83937768489787, 0.0,-33.39108441396241,0.0
2024-09-06 01:47:57,0.0,-92.61643229561133,125.72311227341876, 0.0,-33.10667997780744,0.0
2024-09-06 01:47:57,0.0,-92.70248372419033,125.66268712260757, 0.0,-32.96020339841725,0.0
2024-09-06 01:47:57,0.0,-92.78302214098554,125.6055572444334, 0.0,-32.82253510344786,0.0
2024-09-06 01:47:57,0.0,-92.86319628936057,125.54812504464131, 0.0,-32.684928755280744,0.0
2024-09-06 01:47:57,0.0,-92.94232541072653,125.49088550107257, 0.0,-32.548560090346044,0.0
2024-09-06 01:47:57,0.0,-93.02176319651366,125.43285963222345, 0.0,-32.411096435709794,0.0
2024-09-06 01:51:24,0.8974883257958451,-91.86446610715572,124.89995873009386, 1.6459706379473091,-33.046300165368834,-1.3798151218515007
2024-09-06 01:51:24,1.752108792975103,-91.33413621436196,124.66581672183577, 3.186344218543013,-33.372389821640226,-2.661787601890847
2024-09-06 01:51:24,2.062009633804538,-91.18720520821925,124.12784485704387, 3.788171727892869,-32.99785539302283,-3.178478292713427
2024-09-06 01:51:24,2.1373602575508297,-91.24026885704254,123.49329190639682, 4.000449287510775,-32.316137073001585,-3.3823947456644925
2024-09-06 01:51:24,1.76210342134804,-91.45813938434574,122.94421962034708, 3.3709628326919865,-31.530290187202855,-2.874193291372074
2024-09-06 01:51:24,1.28995277520058,-91.53731072246785,122.43371091930422, 2.510957138069002,-30.920656789269916,-2.154463261696961
2024-09-06 01:51:24,0.6005378761261901,-91.66575177159075,121.58486239958671, 1.2038880166391168,-29.924579099342093,-1.0434272789338266
2024-09-06 01:51:24,0.008683292189051395,-91.77593712704532,120.9473419786897, 0.01781466039558688,-29.171406030351452,-0.015555145888808353
2024-09-06 01:51:24,-0.40345574343662943,-92.07855534181346,120.76558065135079, -0.8404428871657134,-28.689621170786783,0.7372765384460256
2024-09-06 01:51:24,-0.9930318713085761,-92.09394794406367,120.79226719963235, -2.067273917102186,-28.71403420210473,1.8132397490191177
2024-09-06 01:51:24,-1.0246735995877916,-91.84885609233703,121.38457950043893, -2.0778984415693857,-29.551890248838895,1.807776089822957
2024-09-06 01:51:24,-1.0420040006889346,-91.61156011092399,121.77000818929662, -2.0734044794533206,-30.174750768078674,1.7926483541994964
2024-09-06 01:51:24,-1.614152163452641,-91.69171595514354,121.47905232186497, -3.246595984817966,-29.82703140418721,2.8172679203956434
2024-09-06 01:51:24,-1.6880621189348122,-92.1034808314747,121.23322494400448, -3.464524761735337,-29.174332493457094,3.0258929210537073
2024-09-06 01:51:24,-1.8113672053638565,-91.69425564341132,121.78450191083007, -3.609304736458725,-30.139618612440458,3.122383450100454
2024-09-06 01:51:25,-1.7682564003933026,-91.41042645634495,122.15531006258354, -3.4558217103650457,-30.790721894555723,2.9696419832492507
2024-09-06 01:51:25,-1.7189664944156562,-91.12577932547192,122.5900783176425, -3.29061199884214,-31.506408216719255,2.8063579577845554
2024-09-06 01:51:25,-1.546732981262675,-90.70928413315802,123.18813317214263, -2.878660544292668,-32.51163010726203,2.4281136814779605
2024-09-06 01:51:25,-1.4676729741160404,-91.3023555568363,123.90363894859189, -2.7225634586523704,-32.63066178774909,2.29334654042217
2024-09-06 01:51:25,-1.4478736391197708,-92.23023321261952,124.33253987963349, -2.7230004456020147,-32.131453827181055,2.306409729132483
2024-09-06 01:51:25,-1.481131858565444,-93.26671846543634,124.86623622704806, -2.8250404847240276,-31.63062117473509,2.4059076750146215
2024-09-06 01:51:25,-1.4289569297983111,-94.0362869093914,125.22642450128257, -2.757685365509148,-31.219557847173107,2.3588269264907438
2024-09-06 01:51:25,-1.4551827273826876,-94.83804987921462,125.52491541723938, -2.849627467067296,-30.71798834777508,2.4503287773762388
2024-09-06 01:51:25,-1.490532747051111,-95.8073518542699,125.74144580837518, -2.984989097333286,-29.967745079725617,2.586499854185192
2024-09-06 01:51:25,-1.551689791750583,-96.50023153114542,125.83717573732558, -3.1646240340373284,-29.374305807783816,2.7584351877267097
2024-09-06 01:51:25,-1.6704163884262133,-97.68476576411193,125.98082344580163, -3.5204416524395237,-28.341251467800852,3.0993452201686047
2024-09-06 01:51:25,-1.804055705614736,-98.37598178201412,126.02636019457172, -3.882752778810079,-27.704536741592914,3.4387586698105883
2024-09-06 01:51:25,-2.049890482642933,-99.40421067706819,126.00849799289674, -4.56966646530119,-26.677400627768627,4.0849630950585025
2024-09-06 01:51:25,-2.328383171966046,-100.06224171275785,125.88740327705067, -5.332402788552933,-25.922733097125274,4.798524139176253
2024-09-06 01:51:25,-2.5724073702761747,-100.79503585537064,125.74840969575916, -6.078668086358895,-25.077167366827265,5.509386185613288
2024-09-06 01:51:25,-2.9431108185520074,-101.42214459073182,125.69012945502777, -7.130036062675455,-24.435069441063142,6.497128467774962
2024-09-06 01:51:25,-3.226313041587923,-102.11632992395126,126.10176315362219, -7.894777395266928,-24.188730869713787,7.209259061898388
2024-09-06 01:51:26,-3.2803750705079846,-102.12763093617626,126.78072089773944, -7.823894112133941,-24.85685292657476,7.106877962334731
2024-09-06 01:51:26,-3.2762235738200602,-101.99836011849585,127.50185431216894, -7.573000069914189,-25.699090897947507,6.831369613426198
2024-09-06 01:51:26,-3.4174082591143216,-101.52219261497504,128.43266599730106, -7.516205553289483,-27.110522044077186,6.698353093915185
2024-09-06 01:51:26,-3.4874464283523308,-101.11345783956047,128.84103565865362, -7.4623494627871025,-27.92876684995997,6.601382789267932
2024-09-06 01:51:26,-3.542650253660626,-100.70352935775891,129.1912345171257, -7.395536630286511,-28.68880981654435,6.495954548551293
2024-09-06 01:51:26,-3.4570016187106987,-100.2264268555124,129.6582686481313, -7.008562403350732,-29.616107183427275,6.100351684529001
2024-09-06 01:51:26,-3.36591858521866,-99.86943661269585,130.0079329772956, -6.681065650059955,-30.308306205500756,5.774567100324026
2024-09-06 01:51:26,-3.2789236786922373,-99.56296451176968,130.5218944889178, -6.354758255072904,-31.114935216415585,5.446468787255798
2024-09-06 01:51:26,-4.603559402396919,-98.37465505409526,127.96388413639532, -9.261721104769022,-29.91314202203141,8.045262325592374
2024-09-06 01:51:26,-2.763801244764868,-98.52448329815766,129.14836653302095, -5.413643548921028,-30.736282855075345,4.6567981505639064
2024-09-06 01:51:26,-0.38912248312255304,-98.8448466540944,130.62144102409482, -0.7388920707848694,-31.77872737281363,0.6281331479586193
2024-09-06 01:51:26,0.33117675013129366,-99.72759443077007,130.0547585184039, 0.6558561472876021,-30.32880017899627,-0.56610318416396
2024-09-06 01:51:26,0.011712891090159328,-100.09997027628765,129.76472165831385, 0.023666029775168296,-29.66475348398767,-0.020564268854501244
2024-09-06 01:51:26,-0.155867632564699,-100.638529207893,129.45237482204874, -0.3233973954489314,-28.81423103824637,0.28335729136581317
2024-09-06 01:51:26,-0.6295209519426868,-100.94701698204156,129.01984137108525, -1.3375280650277603,-28.07930793247045,1.1801443730302
2024-09-06 01:51:26,-1.3654608310850997,-101.52728280446138,127.98844612614727, -3.0620425977409362,-26.493832482087974,2.740993289807436
2024-09-06 01:51:26,-1.6644630454587224,-101.7504334483996,127.29559147724244, -3.8551299452381356,-25.595692558444117,3.477785661646114
2024-09-06 01:51:26,-1.956180593818273,-101.9457015290899,126.55317897363278, -4.689174921969893,-24.68028253032236,4.262485382967117
2024-09-06 01:51:26,-1.9990049261988132,-102.18711384517675,126.01868943449612, -4.937178252655384,-23.910392103905867,4.515305634972853
2024-09-06 01:51:27,-1.9559023808991898,-102.42859704710843,125.54294018590878, -4.971755670027946,-23.192424953800142,4.5717527518771615
2024-09-06 01:51:27,-1.7518819418994003,-102.58623809846756,125.06687907702201, -4.57331675940285,-22.545269269827802,4.225127380720397
2024-09-06 01:51:27,-1.6170308816730057,-102.86706895862926,124.68418478913274, -4.343821218468583,-21.874041939334663,4.032159743615481
2024-09-06 01:51:27,-1.2360029654495537,-102.90605682830326,124.27195046128055, -3.3891747370081204,-21.399944704789046,3.1560018209369862
2024-09-06 01:51:27,-1.024442388204868,-102.30675334330773,124.34321063731345, -2.7286419944455123,-22.05907218735796,2.5291671917139475
2024-09-06 01:51:27,-1.0918525463611433,-101.6497650956008,124.63852737794198, -2.793797302988306,-23.01327143379283,2.571762455612106
2024-09-06 01:51:27,-0.9788402186798086,-100.89167265902104,124.87485096639074, -2.4069754951944438,-24.0019654405805,2.199061933235754
2024-09-06 01:51:27,-0.941719929429423,-100.34737565604192,125.10765477755315, -2.2475422630053368,-24.77705292467724,2.040829460802918
2024-09-06 01:51:27,-1.0819143875712203,-99.76690655289343,125.3193064506982, -2.506981653345437,-25.573756565925105,2.2616423887913837
2024-09-06 01:51:27,-1.121188243413876,-98.90655817634725,125.32790521029983, -2.518398989397671,-26.443415928650456,2.255198361265344
2024-09-06 01:51:27,-1.143730442219364,-98.03981578076743,125.48897855872389, -2.479964556591156,-27.471130488950635,2.2006245016761463
2024-09-06 01:51:27,-1.1869154755033748,-97.50614653728877,125.64986158388524, -2.5150752676497854,-28.1666876811752,2.2175524292080193
2024-09-06 01:51:27,-1.2527714576318367,-96.87700766638135,125.78634930297669, -2.5900961222632035,-28.934131488803825,2.2671525781083437
2024-09-06 01:51:27,-1.360836833645309,-96.31048307777665,126.04954084132646, -2.741763568969083,-29.76733207786433,2.3804319465248986
2024-09-06 01:51:27,-1.2871467133923804,-95.71947008178562,126.62628650648799, -2.5047401887229848,-30.930957687095223,2.1488959188621837
2024-09-06 01:51:27,-1.133329390511566,-95.27118995216982,127.15315201198923, -2.145039274286552,-31.89997727563197,1.8213156373485535
2024-09-06 01:51:27,-0.8124788040481241,-94.62636607408872,127.41484503533134, -1.500071721716268,-32.79742045522821,1.261031306660525
2024-09-06 01:51:27,-0.9405743946476117,-93.52041109343706,127.40510675750751, -1.686722328801145,-33.8961893263187,1.4001886109998787
2024-09-06 01:51:27,-0.9924642899927139,-92.43909728673516,127.27785300673514, -1.736939516307809,-34.85110314125403,1.4255443788723992
2024-09-06 01:51:27,-1.0917513483358872,-91.4226313783945,127.21190156079811, -1.8664269371341535,-35.80369491952173,1.5139041932527992
2024-09-06 01:51:28,-1.4548689177546543,-90.25771428041998,127.08261664646429, -2.4263941784676946,-36.84956255608917,1.942049389005247
2024-09-06 01:51:28,-1.7008855991023561,-89.00006576922334,127.07762698602329, -2.75660169531793,-38.109771066241976,2.1696138053577374
2024-09-06 01:51:28,-1.8193839390218867,-88.35458790427951,127.07953800517576, -2.906785495866544,-38.76095714908096,2.267371216446063
2024-09-06 01:51:28,-1.9013719545363204,-87.65182941341973,127.13994186317545, -2.9883488820419934,-39.52638125082981,2.305854693665657
2024-09-06 01:51:28,-1.9705381880628365,-86.9914817490253,127.16053294449408, -3.0531964873391066,-40.2091729312911,2.3326237948817767
2024-09-06 01:51:28,-2.0515687157028157,-86.33501131588034,127.16160004259416, -3.1362557698223354,-40.86907802909574,2.372672008169117
2024-09-06 01:51:28,-2.204341605932342,-85.30389995824086,127.05902811022091, -3.308032001255184,-41.80260119537133,2.4671760625879013
2024-09-06 01:51:28,-2.3665388335018918,-84.29844439064681,126.89580129734688, -3.4940937316590803,-42.65047717656376,2.5713704335813565
2024-09-06 01:51:28,-2.5101875361267956,-83.54619662701825,126.65491324667398, -3.6704907340763993,-43.1674175420558,2.678815647746792
2024-09-06 01:51:28,-2.2525152391373724,-84.4038304822542,126.69586757329397, -3.345344587161559,-42.340682025262865,2.473996672365015
2024-09-06 01:51:28,-2.282213392713431,-85.65752419429708,126.66896158785693, -3.4754439460013065,-41.06366941067664,2.6218026034887085
2024-09-06 01:51:28,-2.2940136409911167,-86.90225795393661,126.6656341993978, -3.5837710859995946,-39.81852833121094,2.754082550535551
2024-09-06 01:51:28,-2.252119944002888,-87.55826898224333,126.71222929349248, -3.564065066603116,-39.20828131505657,2.763050559865476
2024-09-06 01:51:28,-2.2284992234157404,-88.86382906572729,126.8786124416297, -3.615507102012658,-38.07018319642064,2.8477663831987026
2024-09-06 01:51:28,-2.1827755886907423,-89.69252303281264,127.11470763413537, -3.5889991764874125,-37.476482806672585,2.849620209068121
2024-09-06 01:51:28,-2.1760901428987194,-90.43266999689308,127.31393600064945, -3.622766560921835,-36.936299908191835,2.8970857664104437
2024-09-06 01:51:28,-2.1225512244589035,-91.30332454781258,127.48582440329737, -3.592286937859529,-36.23621154604902,2.898818177405681
2024-09-06 01:51:28,-2.1033649979673825,-92.63908744818933,127.6057611250729, -3.666789727524418,-35.02183568750657,3.0042067271434743
2024-09-06 01:51:28,-2.125036033979248,-93.3392163732144,127.57097721445322, -3.773827600151392,-34.28962869699573,3.1193684603204117
2024-09-06 01:51:28,-2.1582652015329513,-93.98500529706814,127.39652491027792, -3.915245918193857,-33.473083692999865,3.267429123115612
2024-09-06 01:51:28,-2.1793084644941896,-94.63284516838974,127.23433135691943, -4.040042767512104,-32.66622512601636,3.4026674205473477
2024-09-06 01:51:28,-2.2372209556787515,-95.25345417584467,127.08208592802741, -4.236558032287333,-31.898920620229227,3.598590018526275
2024-09-06 01:51:28,-2.24025895511379,-95.93395753054807,126.93578167648609, -4.343344352763631,-31.074623016078867,3.72195407737218
2024-09-06 01:51:28,-2.2588898346769546,-96.60025848712884,126.78068270822826, -4.4864321812463945,-30.256894258936015,3.8772777228404363
2024-09-06 01:51:28,-2.2048056181103446,-97.25851256085149,126.58420161631415, -4.494665783135258,-29.401106614328768,3.9177074630051316
2024-09-06 01:51:28,-2.1719579810658307,-97.7772303953522,126.29175555300145, -4.542371858267736,-28.590198661690522,3.990409895471796
2024-09-06 01:51:28,-2.1535237431868635,-98.29304790920942,126.03401444495871, -4.618657650965634,-27.817812163676486,4.086832824483931
2024-09-06 01:51:28,-2.0887089533573513,-99.00717145646101,125.58847789781076, -4.659615739846759,-26.65728694273723,4.1661740292865765
2024-09-06 01:51:28,-2.0000042073880158,-99.94325220291873,125.25044341449095, -4.670216866629749,-25.38090523442399,4.221154930547385
2024-09-06 01:51:29,-1.9101288784004304,-100.01678390674427,124.60365678368959, -4.5827600307093,-24.656361011106746,4.1664770709200205
2024-09-06 01:51:29,-1.9298367432258434,-99.92389461438383,123.90600514459335, -4.7389738090423075,-24.055057699616412,4.329052217995031
2024-09-06 01:51:29,-1.5847744762070752,-99.44277013098935,124.30223474368088, -3.765268210789924,-24.90672340476942,3.415949521086411
2024-09-06 01:51:29,-1.3037107678123607,-99.05544853917336,124.83387000931275, -2.9955656332216636,-25.80911481984573,2.6972221752072016
2024-09-06 01:51:29,-1.1191717152551435,-98.55850658781158,125.57042902404838, -2.462976451442329,-27.033355213976186,2.1941558842146405
2024-09-06 01:51:29,-1.2562613689835906,-97.94539779851121,126.09717027995652, -2.661160948010534,-28.17749793863537,2.3461600909836866
2024-09-06 01:51:29,-1.4564018337922147,-97.39361951480926,126.38275613741212, -3.0029921305702896,-29.022525388318012,2.6264693867188655
2024-09-06 01:51:29,-1.5750691580400997,-96.93295381578261,126.65153953245753, -3.174752988487219,-29.75648828184308,2.756833068902168
2024-09-06 01:51:29,-1.8220518607941423,-96.09612645043981,127.02821789025347, -3.541376579282751,-30.980399525127485,3.0372002676189602
2024-09-06 01:51:29,-2.00695401376282,-95.53469095164138,127.42923502465177, -3.7944746055848784,-31.95097606980244,3.2209342356607746
2024-09-06 01:51:29,-2.0876753934150076,-94.86159497333476,127.68686089954552, -3.847152682405895,-32.88417274949125,3.2321540514987808
2024-09-06 01:51:29,-1.9714455012233478,-94.13537315642908,127.82876034990255, -3.550616097058342,-33.744217419561586,2.9535945779026127
2024-09-06 01:51:29,-1.758596462803303,-93.70450633125178,128.07593018592073, -3.1129232701466005,-34.410858923049545,2.568988644245688
2024-09-06 01:51:29,-1.385894561240787,-94.40478914064978,128.30571088367233, -2.483685418790041,-33.92585503673294,2.0612661790892344
2024-09-06 01:51:29,-1.202022019086991,-95.0342875089143,128.06987229378151, -2.2041340678775243,-33.05496843829842,1.8476609398635315
2024-09-06 01:51:29,-1.0304788827663545,-95.51456414332314,127.67533548698675, -1.9353827190239807,-32.175505586968896,1.6383250508193463
2024-09-06 01:51:29,-0.8908030765090977,-96.69878347928143,126.4567605408046, -1.794310985460679,-29.7700866510687,1.5576319511135612
2024-09-06 01:51:29,-0.7747865567305932,-97.14038976192946,126.01220110869632, -1.6042843590297453,-28.881310444903864,1.4048325157084984
2024-09-06 01:51:29,-0.6567265198662978,-97.47020880610347,125.56840418437538, -1.3941567535713457,-28.10524383123743,1.2298168841863666
2024-09-06 01:51:29,-0.5434324357443703,-97.75284733848476,125.12783011673737, -1.181725492669904,-27.379959453769583,1.0493756951005193
2024-09-06 01:51:29,-0.46213288891390775,-97.91949582298483,124.57811104455652, -1.0299093513371118,-26.662327238121307,0.9204155781228633
2024-09-06 01:51:29,-0.42246501775294,-98.14922842740656,123.9971841637573, -0.9689160980132705,-25.851170515233925,0.8719721859714875
2024-09-06 01:51:29,-0.3941369867305036,-98.38250598617384,123.3963790221925, -0.9320560621343743,-25.01677819171702,0.8446276052759285
2024-09-06 01:51:29,-0.3641635557504951,-98.3639601394432,122.72530117923856, -0.8827844402070056,-24.363896708412813,0.8041778291630908
2024-09-06 01:51:29,-0.27028713739558485,-98.26335657899111,122.08172537254833, -0.6692694650327727,-23.819812961178616,0.6122656784212519
2024-09-06 01:51:29,-0.15796388541284626,-98.1347533756598,121.43142957433572, -0.39940539479896553,-23.297181889381207,0.36684113899923654
2024-09-06 01:51:29,0.2028375775702845,-97.73528844916125,120.64490601348436, 0.5210480290355195,-22.910467120062044,-0.4799467970576162
2024-09-06 01:51:30,0.4838206087265603,-97.07089589956671,119.71763528098946, 1.2563477125601872,-22.651634991165754,-1.1594650265890734
2024-09-06 01:51:30,0.8256133552098837,-96.45172452057483,119.03634791390661, 2.1489092450423177,-22.598919808245757,-1.984047884863789
2024-09-06 01:51:30,1.0088328365134294,-95.8683651339281,118.37851446819425, 2.633496643070536,-22.53157019216045,-2.432729444880481
2024-09-06 01:51:30,1.1912669272904586,-94.75875891015771,117.31882379882066, 3.102485308093258,-22.589854684999985,-2.864870169931198
2024-09-06 01:51:30,1.3283294255006184,-93.8764507238819,116.53390395024381, 3.444689606762449,-22.694309743870704,-3.178559103344405
2024-09-06 01:51:30,1.2726086473579006,-92.81426132871027,115.82712871394968, 3.2523088852267135,-23.04611799738891,-2.993234701492705
2024-09-06 01:51:30,1.2701873770625598,-91.83950662995346,115.14787308387079, 3.2073127707475937,-23.341022292892145,-2.9453184314696954
2024-09-06 01:51:30,1.186157064690832,-90.44550456677868,114.26386126547953, 2.935056766296391,-23.846154510616877,-2.684887271382324
2024-09-06 01:51:30,1.1832722615826612,-89.59053946396752,113.68405715360822, 2.896505272039772,-24.120825186840385,-2.6439749540591113
2024-09-06 01:51:30,1.291375712823488,-88.630867702137,113.28252050091925, 3.0935941096791044,-24.683343314327892,-2.8114074669276703
2024-09-06 01:51:30,1.4071329944678508,-87.81164376715921,113.2061197751429, 3.2782703070543535,-25.430848328567873,-2.961215340385059
2024-09-06 01:51:30,1.5069293649641915,-86.98383350353758,112.97932331709922, 3.434792412349505,-26.036096511913154,-3.0869338433829743
2024-09-06 01:51:30,1.5430510685599317,-86.31227915296417,113.10265137356784, 3.420226979856835,-26.83149154459699,-3.052736409948599
2024-09-06 01:51:30,1.4500236179792763,-85.7304717012182,113.30264882456014, 3.130260426473395,-27.607293388136483,-2.774455902842972
2024-09-06 01:51:30,1.4039117515199988,-85.08153478078572,113.3088251493736, 2.9662275297387715,-28.2593131987809,-2.613217263809348
2024-09-06 01:51:30,1.3205740605093035,-84.66385162598516,113.69318299412028, 2.7198265803493253,-29.056740193396724,-2.3779281339940384
2024-09-06 01:51:30,1.1736529743133652,-84.20978890627626,114.31872487606087, 2.338633237072889,-30.129657984901048,-2.0229474916375043
2024-09-06 01:51:30,1.083327115838708,-83.86763644477367,114.63781402452507, 2.1168340584580525,-30.787373479133386,-1.818731151818176
2024-09-06 01:51:30,0.8694302016900961,-83.86662733190082,115.91643704298909, 1.638084778708107,-32.06034425464629,-1.388366242509575
2024-09-06 01:51:30,0.7239033083773359,-83.77163479966295,116.61089883319916, 1.3347447407440893,-32.846348618704866,-1.1214162658123852
2024-09-06 01:51:30,0.5270036031636978,-84.118947535457,117.54312989156767, 0.9566773261257255,-33.42785447577408,-0.79844642109415
2024-09-06 01:51:30,0.3169078655411649,-84.45793770564975,118.40656816660662, 0.5674654506023981,-33.94993230136391,-0.4707320916203684
2024-09-06 01:51:30,0.1004731444136917,-84.74757282097517,119.23140051654529, 0.17745957553574299,-34.4839559507365,-0.14627737396278145
2024-09-06 01:51:30,-0.130431837262175,-85.45670676934267,120.51905406413898, -0.2270474600097654,-35.06255882922099,0.18584440962165888
2024-09-06 01:51:30,-0.35314828035231666,-86.08710177290055,121.6460259830127, -0.6072490089335728,-35.5604466484117,0.49400479888842674
2024-09-06 01:51:30,-0.5675606134992562,-86.65201674846833,122.63476053436544, -0.9659323470640114,-35.98661513344461,0.7816138635221979
2024-09-06 01:51:30,-0.8636723671808438,-87.60055573715866,123.76346383225123, -1.4634377706369646,-36.17181313009117,1.1814507508405574
2024-09-06 01:51:30,-1.1469893650042369,-88.48175629167008,124.77310035152308, -1.9373576846030756,-36.306974583831135,1.5614403313777918
2024-09-06 01:51:30,-1.4325655809067712,-89.3446160176788,125.71127484572935, -2.415067887714619,-36.39097163418929,1.9445042475390795
2024-09-06 01:51:30,-1.6745580014653172,-90.3384145247702,126.57719900000131, -2.8312042327374773,-36.272156472765396,2.2832120937210725
2024-09-06 01:51:30,-1.9084922810780123,-91.2311755301201,127.33475071202805, -3.23661881993776,-36.14713145732574,2.6145529873414874
2024-09-06 01:51:30,-2.149222074868264,-92.09482440868797,128.04628416240772, -3.6574867614788196,-36.006996684783786,2.960095382770917
2024-09-06 01:51:30,-2.2557422752748386,-93.25025371082288,128.61931548393807, -3.8930112456305452,-35.43156030076783,3.1736995808826416
2024-09-06 01:51:30,-2.3808569289030275,-94.39960251026875,129.1447768645785, -4.172487355754923,-34.816419195984494,3.4275261047626
2024-09-06 01:51:30,-2.5216054105874592,-95.53326545979363,129.64809751522057, -4.489708721841994,-34.19664287711393,3.715899500078251
2024-09-06 01:51:30,-2.6619253363890962,-96.70327331353619,129.88694563406273, -4.855367176737451,-33.27809001431886,4.0620957222147505
2024-09-06 01:51:30,-2.7937545591710333,-97.58282082411229,129.9734791581691, -5.205024498889675,-32.49784516952032,4.393463502195494
2024-09-06 01:51:30,-2.9227298836934716,-98.35999243305628,130.00341649328527, -5.558351627972006,-31.76415887809419,4.729940847097907
2024-09-06 01:51:30,-2.96815745400517,-98.98125892935893,129.6865758626206, -5.798150648101606,-30.834498534130773,4.983053280306153
2024-09-06 01:51:30,-3.058044151216191,-99.54699495959781,129.32854447816737, -6.139042568160843,-29.92380997205207,5.32570771752444
2024-09-06 01:51:30,-3.1576806082688638,-100.0807438621948,128.9599518634077, -6.516502702659176,-29.03653557616103,5.703228960817542
2024-09-06 01:51:30,-3.1678562738864247,-100.37866682722287,128.4652612462651, -6.704681261686797,-28.250220129007403,5.912113530351399
2024-09-06 01:51:30,-3.2564000566417213,-100.56681221432727,127.8792838078532, -7.068552060454609,-27.49107909760725,6.277161488338083
2024-09-06 01:51:31,-3.3619031603589593,-100.71277780506028,127.27154637945071, -7.4848634341970035,-26.755355717914693,6.691205310115526
2024-09-06 01:51:31,-3.457518187350987,-100.79933034107745,126.67596707444008, -7.881719670064006,-26.090812756087878,7.087179906230798
2024-09-06 01:51:31,-3.496765683077699,-100.90983363715989,126.0676518174397, -8.179696580747194,-25.38398921051838,7.399198020178716
2024-09-06 01:51:31,-3.188712436069933,-101.08485250899987,126.67652524439777, -7.349114190359034,-25.7762704794344,6.624722841905479
2024-09-06 01:51:31,-3.291398012664654,-101.30692597196578,127.35257682606692, -7.461785046915849,-26.238375881898417,6.700326493925746
2024-09-06 01:51:31,-3.745973927394113,-101.45992223640937,127.8632502443435, -8.375687207553945,-26.64882974438703,7.496666276907834
2024-09-06 01:51:31,-4.349313533515632,-101.40189117684483,128.242321359179, -9.561657875050905,-27.164688435104658,8.523413276066986
2024-09-06 01:51:31,-4.988094862878269,-101.10627138171017,128.58975936046374, -10.709504651828908,-27.897742804622375,9.48896250813073
2024-09-06 01:51:31,-5.430888936250812,-100.80690611736821,128.8010481130819, -11.450185225053465,-28.47419883445405,10.095456034802133
2024-09-06 01:51:31,-5.864131180515574,-100.51986581339011,129.00409662853488, -12.15341665249462,-29.031994973869487,10.663759301021225
2024-09-06 01:51:31,-6.154678931233602,-99.87215434862773,129.15673503006843, -12.432218545969343,-29.868158225553735,10.822750613050502
2024-09-06 01:51:31,-6.215861079784217,-99.23608367822114,129.20095508581605, -12.301426651577595,-30.54405512679121,10.636417560134143
2024-09-06 01:51:31,-6.162301371336873,-98.51843525253675,129.09152719070028, -11.984363237811896,-31.12893921375897,10.298599735498257
2024-09-06 01:51:31,-6.019326854297905,-97.85599265241467,129.06058013099064, -11.503989782726947,-31.722245555368247,9.821676937807716
2024-09-06 01:51:31,-5.936003623547194,-97.16057614644981,129.02914054630793, -11.140853257579117,-32.35936026590571,9.44470391423977
2024-09-06 01:51:31,-5.6965232944008015,-96.00719940866134,128.81137806593995, -10.432600159527794,-33.240586168243595,8.754533789199261
2024-09-06 01:51:31,-5.457252805609625,-95.17647905259001,128.62221000853887, -9.833965203833996,-33.83688082556499,8.193208169499863
2024-09-06 01:51:31,-5.166349383071207,-94.20259997631874,128.26269809885892, -9.170560111197124,-34.4028943753198,7.587113050634722
2024-09-06 01:51:31,-4.873531573021686,-93.23786573326674,127.87898090920349, -8.53074215698794,-34.93980201313247,7.010059901812129
2024-09-06 01:51:31,-4.58238817526137,-92.27323855578787,127.47303729703019, -7.915849088060896,-35.45860028486996,6.4615415538991705
2024-09-06 01:51:31,-4.271494470108536,-91.4405288763706,126.90992307925207, -7.334583601315497,-35.69215894886989,5.967956826069746
2024-09-06 01:51:31,-3.958019431755713,-90.71320739591057,126.35683969528245, -6.771186083236847,-35.833765798435095,5.49828853629106
2024-09-06 01:51:31,-3.6447501332068057,-89.99739757045411,125.79631923789572, -6.214884273860084,-35.95929894502372,5.037344255499113
2024-09-06 01:51:31,-3.3028213300189693,-89.27154216693992,124.96557187094068, -5.648689356624646,-35.826288681385456,4.585015080628685
2024-09-06 01:51:31,-2.999871142623764,-88.71191366313457,124.19887346828033, -5.158324700263912,-35.59693898458422,4.1982378441192045
2024-09-06 01:51:31,-2.710304762836596,-88.1964543321616,123.42020120537937, -4.692091674059285,-35.31442134657376,3.8315698478037077
2024-09-06 01:51:31,-2.4153029991972756,-87.83647382266405,122.40078164812108, -4.252009939680144,-34.638122452887316,3.5004515061874155
2024-09-06 01:51:31,-2.0450619710223177,-87.60270064596367,121.5282502427654, -3.660796494144331,-33.979767083118766,3.0369508206910982
2024-09-06 01:51:31,-1.588531163025007,-87.2238277909353,120.48195296690571, -2.894879270836621,-33.291685401963626,2.4204123763973975
2024-09-06 01:51:31,-1.3046213814628034,-87.36138917738086,119.66859489646893, -2.4399605491042773,-32.330685796154455,2.062063404521115
2024-09-06 01:51:31,-1.00866556329091,-87.46018381041354,118.98540646006333, -1.9285507565960913,-31.539693457863454,1.643831188500133
2024-09-06 01:51:31,-0.7218956066843596,-87.54984578446722,118.34615319124477, -1.4097768091527474,-30.803936486039703,1.2109562270276164
2024-09-06 01:51:31,-0.406825429761502,-87.65352228969103,117.96464411999992, -0.8060417838796533,-30.31359228598332,0.6958480900550043
2024-09-06 01:51:31,-0.15611550619912823,-87.79174267019714,117.56553481454809, -0.3143809149836846,-29.7741639073856,0.272879996897206
2024-09-06 01:51:31,0.06099628797183018,-87.92665352253506,117.13665927614312, 0.1249891450090026,-29.210063824199274,-0.10909511318109072
2024-09-06 01:51:31,0.22718350757401318,-88.19005835609636,116.6765324558607, 0.4763158680602919,-28.487304093359906,-0.41864708116169647
2024-09-06 01:51:32,0.2399773256293899,-88.5583433120844,116.35250771758098, 0.5146344720583785,-27.795117813992928,-0.45525897573631086
2024-09-06 01:51:32,0.09452389185683763,-89.01500033263841,116.0499057999692, 0.207957430257441,-27.03505826251326,-0.18523379226254766
2024-09-06 01:51:32,-0.11025210846109113,-89.47855983479806,115.98285749798009, -0.24705405132844654,-26.50451037988884,0.22108875409836393
2024-09-06 01:51:32,-0.22105242023958593,-90.3744400381817,116.60771605462124, -0.5000779627115521,-26.23414133368284,0.448569721061949
2024-09-06 01:51:32,-0.5093261673568463,-91.61511051121644,117.64715066866668, -1.160402079674363,-26.036674654793536,1.0426641255318043
2024-09-06 01:51:32,-0.9256927319898524,-92.47261066748717,118.35529523833917, -2.119787949484756,-25.898091996063417,1.9070685335698756
2024-09-06 01:51:32,-1.52361024537792,-93.42325592282435,119.22780601939648, -3.496595502547636,-25.84641305837888,3.1475590121743133
2024-09-06 01:51:32,-1.8636768697321229,-94.00400029514911,119.74384962648851, -4.284869580622371,-25.802640416759207,3.8590244711011366
2024-09-06 01:51:32,-2.2824734910057427,-94.89717051463548,120.91313184041087, -5.192236926677335,-26.108941733199458,4.664885501336007
2024-09-06 01:51:32,-2.765446572197739,-95.52305727930006,121.89499251719712, -6.206182064420293,-26.506201730524275,5.558148030162025
2024-09-06 01:51:32,-3.0102667881444045,-95.78492261462884,122.52663833779206, -6.665861657599952,-26.898200640296263,5.950177421514747
2024-09-06 01:51:32,-3.201105079506198,-95.90881334076201,123.18921286835248, -6.956927333659057,-27.453247734945997,6.179930485154689
2024-09-06 01:51:32,-3.417063273905184,-96.1018562013525,123.85638344024117, -7.306568082315262,-27.94748641069954,6.462134269014633
2024-09-06 01:51:32,-3.506318028480673,-95.88411779501533,124.7554996209067, -7.232209599347537,-29.065307272704388,6.329348501186113
2024-09-06 01:51:32,-3.6295058229294304,-95.53926118399696,125.34324046363132, -7.272795192312144,-30.004000174420728,6.306623178543272
2024-09-06 01:51:32,-3.7659774241630233,-94.98746425853261,126.31040669105208, -7.216247963623256,-31.525656863248095,6.160061091594648
2024-09-06 01:51:32,-3.8431729990525567,-94.48864192940843,126.74997675303408, -7.173001351885002,-32.46487847807568,6.061115667855745
2024-09-06 01:51:32,-3.9257711287677055,-94.05589610819823,127.23387640958968, -7.147679843653522,-33.38303728865007,5.977760904371397
2024-09-06 01:51:32,-4.015084962411565,-93.6178945050965,127.60141046817371, -7.157522108921453,-34.1915689819871,5.93016358634368
2024-09-06 01:51:32,-4.021043477203475,-93.09923179023981,127.97176037009832, -7.0092310362993935,-35.07440352469637,5.745849436299075
2024-09-06 01:51:32,-4.067462752980419,-92.57292257306881,128.32771398654498, -6.9386457219971085,-35.95473841723495,5.626169043351979
2024-09-06 01:51:32,-4.185362337832616,-92.22290194683542,128.68139083289626, -7.020424565481228,-36.66479573719545,5.641433151326569
2024-09-06 01:51:32,-4.4513230977361715,-92.03508087862757,129.06873310407286, -7.364811661407268,-37.26211589437819,5.8732999835237765
2024-09-06 01:51:32,-4.542964077339935,-92.82556589978125,129.08967628711744, -7.65064434866226,-36.50877598808893,6.162264927658175
2024-09-06 01:51:32,-4.319994550404478,-93.40766041290199,129.01975490446264, -7.391723318827317,-35.83874019938303,6.00363204633619
2024-09-06 01:51:32,-4.08282175379737,-94.09665050142644,128.84428506273022, -7.138297471540806,-34.956706494764546,5.860379534243267
2024-09-06 01:51:33,-3.874105732597233,-94.81314844631419,128.52680086534076, -6.9561112241776435,-33.90936533054858,5.7818495526017015
2024-09-06 01:51:33,-3.73113069248206,-95.30015762444948,128.24091057352297, -6.838633284333182,-33.12771335680862,5.7351641781174845
2024-09-06 01:51:33,-3.494883188113961,-95.9813046309927,127.92716745608698, -6.584181867313443,-32.11634072162808,5.583542018709549
2024-09-06 01:51:33,-3.3508703673791937,-96.5357924873375,127.53448386868214, -6.485892068202832,-31.161344863258904,5.556410115533714
2024-09-06 01:51:33,-3.246896369397961,-97.04035187912568,127.10647568384077, -6.460271823403995,-30.224626260120978,5.58804355593289
2024-09-06 01:51:33,-3.285405441435722,-97.45982921667407,126.61742744277213, -6.719676735253795,-29.325943324182504,5.864972403912607
2024-09-06 01:51:33,-3.260314802208789,-97.88942836399802,126.20333942406181, -6.848547600248567,-28.48556372238664,6.025958983793707
2024-09-06 01:51:33,-3.200469318294628,-98.25809477112992,125.87049115018918, -6.879130593021214,-27.782759611395726,6.09246060694519
2024-09-06 01:51:33,-3.0757822316354724,-98.63455502835562,125.30955117189589, -6.82549367298788,-26.83881743263245,6.0961184355776945
2024-09-06 01:51:33,-2.925797023615169,-98.9201743069412,124.72045283585942, -6.697507584225234,-25.954344505419115,6.027265118173067
2024-09-06 01:51:33,-2.780880079715273,-99.18058854783338,124.288304891699, -6.5304365235364426,-25.25132027749893,5.911071609175504
2024-09-06 01:51:33,-2.90923914654342,-99.28233151519636,123.78420194626088, -6.986104641335291,-24.663392101067068,6.35426782536077
2024-09-06 01:51:33,-3.285221599108972,-98.70210019246565,124.00262583850255, -7.649789360508603,-25.49898721141315,6.912236879370904
2024-09-06 01:51:33,-3.314874297123067,-98.24828502980745,124.45909144321253, -7.47098652918647,-26.4048700040622,6.699057916626793
2024-09-06 01:51:33,-3.3231604267609747,-97.72188203340406,125.05678507521742, -7.206868854779618,-27.52070647958391,6.398556180504505
2024-09-06 01:51:33,-3.3214379230066644,-97.30757140496459,125.52332301318437, -6.9980142110936665,-28.39460927509122,6.163022214068567
2024-09-06 01:51:33,-3.372650571896095,-96.73632362615018,126.03260502764074, -6.867339608472387,-29.472659336918056,5.985566032552814
2024-09-06 01:51:33,-3.4682012861107787,-96.22234900502896,126.44133695620718, -6.8662054532648185,-30.398664816080462,5.929531210902467
2024-09-06 01:51:33,-3.5751676294849646,-95.72085548053866,126.82087355291327, -6.89695241727758,-31.284372647799803,5.901811491661188
2024-09-06 01:51:33,-3.6615530216143837,-95.2579895760571,127.05640530869303, -6.924376870548965,-31.986563517229733,5.881084511279083
2024-09-06 01:51:33,-3.892115747569827,-94.65027318201456,127.30020025493026, -7.18741651210168,-32.85558523704537,6.04704027516264
2024-09-06 01:51:33,-4.109001571642599,-93.30792936277427,127.66521740306194, -7.254415520816851,-34.572135737685755,5.983652564407926
2024-09-06 01:51:33,-4.195281028284369,-92.60302193401712,127.76361337496317, -7.259073054153075,-35.377958438748145,5.929304804029045
2024-09-06 01:51:33,-4.25153805222139,-91.97886465512545,127.89308497645747, -7.222917562294241,-36.131347157612595,5.844460724184645
2024-09-06 01:51:33,-4.302000690863378,-91.29424585775705,128.04702494817, -7.165559321736401,-36.9683954835324,5.735845250261847
2024-09-06 01:51:33,-4.511865862048923,-90.5706972703127,128.13357396386223, -7.375298781957835,-37.79314607141712,5.84026369853429
2024-09-06 01:51:33,-4.726339973157259,-89.88939428816269,128.06263689392853, -7.619444625686038,-38.42038544712249,5.983221730984717
2024-09-06 01:51:34,-4.247922295954743,-90.33143278030386,128.44052394904202, -6.862640262288344,-38.30931814333289,5.3948461799194956
2024-09-06 01:51:34,-4.0789746812105925,-91.11434610165115,128.62097413983477, -6.680343051792946,-37.69531917360343,5.294936898960697
2024-09-06 01:51:34,-4.288515333881264,-92.335912989308,128.4950022598132, -7.243080522495443,-36.37803223534313,5.842487846787631
2024-09-06 01:51:34,-4.194318800261463,-93.07247573299259,128.47042377385208, -7.215496924275959,-35.61332506660399,5.876464690552275
2024-09-06 01:51:34,-4.098839697636184,-93.63225498392681,128.28130058299442, -7.183751880673934,-34.860528213120624,5.904688278425825
2024-09-06 01:51:34,-3.9916990457750434,-94.23240907476341,128.15346659392426, -7.127539689992799,-34.12718322589079,5.9097143333118005
2024-09-06 01:51:34,-3.8118601174648603,-95.43126579552779,127.87262946857092, -7.080139696221236,-32.640234809080724,5.970825153202469
2024-09-06 01:51:34,-3.7385027011874636,-96.142578477045,127.67529568855532, -7.121647347259949,-31.730866060315808,6.065783398112679
2024-09-06 01:51:34,-3.7844132885746773,-96.66665759158717,127.51372432404989, -7.350798915307895,-31.055622351659007,6.306374491272662
2024-09-06 01:51:34,-3.8514650184581494,-97.31787778029668,127.30880934014363, -7.670512443754624,-30.214387201648144,6.6384814227475575
2024-09-06 01:51:34,-4.081268054867841,-97.86774999028567,126.97107320036261, -8.345697807841445,-29.363274716147565,7.285865186006006
2024-09-06 01:51:34,-4.381412941552235,-98.30465990995481,126.5270874460341, -9.20319922513276,-28.53284675384582,8.101249609183556
2024-09-06 01:51:35,-4.754430813030238,-98.61366114463266,126.3061746065459, -10.146727268790599,-28.065832156259845,8.974224287347736
2024-09-06 01:51:35,-4.9834415924341195,-98.36878458653638,126.68544394785222, -10.416242779783097,-28.716044828938774,9.158351321377475
2024-09-06 01:51:35,-5.349606373923728,-97.86024833812795,127.44973424075013, -10.738017124103415,-30.026054418994587,9.324159669051333
2024-09-06 01:51:35,-5.543756795622289,-97.60249851976356,127.84714484980064, -10.907003448410004,-30.701158893522702,9.407781323758238
2024-09-06 01:51:35,-5.727683788774622,-97.22713855211221,128.2521378582116, -11.012353495489718,-31.497366155017804,9.421357444057671
2024-09-06 01:51:35,-5.8227887328011105,-96.9124919034756,128.68762743986974, -10.960156412646475,-32.249225031628235,9.30154527217377
2024-09-06 01:51:35,-5.794548390690667,-96.34341146334155,128.92953172447787, -10.670921191387725,-33.041321445750434,8.975917065790329
2024-09-06 01:51:35,-5.88221613579945,-95.94053608186317,129.25636256845078, -10.623806373872325,-33.772056721530426,8.862356856153156
2024-09-06 01:51:35,-5.845139617737265,-95.58796608810846,129.58416626639035, -10.375344967499474,-34.435416182459164,8.587112252907453
2024-09-06 01:51:35,-5.6849690062041995,-95.29077362306204,129.9624351461438, -9.925813431179314,-35.076999223538536,8.149926814257888
2024-09-06 01:51:35,-5.537473839617081,-94.99133063024277,130.33784330019986, -9.513309325074397,-35.72177102240118,7.747688596911155
2024-09-06 01:51:35,-4.9897996319805396,-94.66176132047342,130.06210612545826, -8.57103651651729,-35.70474963755485,6.9776672214018065
2024-09-06 01:51:35,-4.60876042229575,-94.39821104634878,129.52773444437804, -7.974711357634042,-35.39197962893914,6.515137377234059
2024-09-06 01:51:36,-4.335707190348817,-93.89264669449122,128.86866375426018, -7.534336888480372,-35.20971624297072,6.1677037864344975
2024-09-06 01:51:36,-3.8402721004914557,-93.40753167773538,128.32854434222892, -6.68804576491042,-35.10486145451213,5.47971460122477
2024-09-06 01:51:36,-3.3534454051922236,-93.16707762656786,127.7297220807302, -5.897013719250697,-34.7048032745867,4.8534618245934755
2024-09-06 01:51:36,-3.1052096567621437,-92.95115005935568,127.04348439156519, -5.52800519346839,-34.216423208593305,4.575699512335268
2024-09-06 01:51:36,-2.740745841743303,-92.73898433018992,126.41549752926902, -4.934242824746047,-33.77474629013877,4.1046219390421035
2024-09-06 01:51:36,-2.4128635431182017,-92.44052686673989,125.74113304519048, -4.388758357078849,-33.37785807511067,3.6670481195534954
2024-09-06 01:51:36,-2.0095792296923825,-92.03149914771228,125.04847302905664, -3.6844886535565853,-33.0711612756948,3.0888446659531468
2024-09-06 01:51:36,-1.499147815134155,-91.37701072773547,123.73216275824053, -2.7996867083222905,-32.38609520417227,2.364757456550386
2024-09-06 01:51:36,-1.2769659247527065,-91.17727648429359,123.0812189042229, -2.415191478402655,-31.92679215790964,2.0501716825767877
2024-09-06 01:51:36,-1.0355929662231826,-91.15624864639604,122.53019553407121, -1.9885654763466967,-31.389291155436535,1.6977201633217875
2024-09-06 01:51:36,-0.739828856209679,-91.28537533042619,122.14405096349911, -1.442155674249248,-30.866668619894703,1.2379626127942738
2024-09-06 01:51:36,-0.40675811239415083,-91.53829705541878,121.90113987707349, -0.8046664272346068,-30.365307351445818,0.6942938826628894
2024-09-06 01:51:36,-0.009891656225425038,-91.81222440146647,121.6656318906415, -0.01987143687238968,-29.853408976876974,0.01723453345589565
2024-09-06 01:51:36,0.18034929465906174,-92.37129018272643,121.67216312801938, 0.36851036760518946,-29.301378722881914,-0.3213632897957894
2024-09-06 01:51:37,-0.006574670764324775,-92.64869906121393,123.1555093347477, -0.012951423559572461,-30.506810913753235,0.011158542785986436
2024-09-06 01:51:37,-0.12658957888143635,-92.81447778124898,124.06838267616433, -0.2439886828398692,-31.254135314133,0.20858002460234365
2024-09-06 01:51:37,-0.31203834645287126,-93.04184033230007,124.92818725597694, -0.5907025753294589,-31.887712712360575,0.5015616512344367
2024-09-06 01:51:37,-0.5922971387964776,-93.26174693649456,125.64758943960572, -1.1057218735380352,-32.39066884284244,0.9337215955041788
2024-09-06 01:51:37,-1.184508130960153,-93.82719895655782,126.8417701642395, -2.1732654934111957,-33.03340939038118,1.8222229539679684
2024-09-06 01:51:37,-1.879842683289199,-94.4948836042517,127.8808394344129, -3.4133633822447633,-33.43271637033364,2.8495886419117213
2024-09-06 01:51:37,-2.254832796046706,-94.82740283861868,128.39860143578974, -4.072888231634172,-33.6379843818695,3.3926526090175932
2024-09-06 01:51:37,-2.744945771961569,-95.14253351934101,128.96938205172435, -4.922507076691124,-33.92482581886617,4.087681320715311
2024-09-06 01:51:37,-3.4860061784456926,-95.5308199788058,129.70718439247878, -6.18918788144526,-34.33218823869424,5.117239932894673
2024-09-06 01:51:37,-4.11506419883588,-95.8851611640819,130.357821927813, -7.243946060958283,-34.68721736784238,5.966764821987521
2024-09-06 01:51:37,-4.818666465348407,-96.13512134624307,130.93173535158718, -8.403140557841075,-35.08696612487901,6.892415305805983
2024-09-06 01:51:37,-6.154045479993402,-96.6073717844802,131.69049014080136, -10.624954616576506,-35.55050290285336,8.677997904215923
2024-09-06 01:51:37,-6.863169926794394,-96.78309178758732,132.01106869426846, -11.786180062520291,-35.80527233955021,9.604864322540669
2024-09-06 01:51:37,-7.591800935393943,-96.98601827910474,132.3886320461905, -12.95648606502252,-36.103240237151276,10.530253842261777
2024-09-06 01:51:37,-8.589570264826357,-97.1596457942361,132.79528360238683, -14.534245822948787,-36.522567373577935,11.76884418771222
2024-09-06 01:51:37,-10.26644701346578,-97.09701606470996,133.72012935615254, -16.889497669649113,-37.839965824897746,13.483780917319606
2024-09-06 01:51:37,-11.26170091130187,-97.0182725781107,134.62671355461185, -18.071184154933498,-39.01817694254345,14.225513552410174
2024-09-06 01:51:37,-11.84779049942453,-96.9406968664407,135.0337927455077, -18.779830160823465,-39.62425823516537,14.676656332844615
2024-09-06 01:51:37,-12.523121743520004,-97.03714804819874,135.66098550040783, -19.587681618168542,-40.299538235488235,15.183836736418373
2024-09-06 01:51:37,-13.080646435952065,-97.07475097730897,135.9639455305434, -20.309227288402724,-40.69730540743856,15.673724867698713
2024-09-06 01:51:37,-13.767396409265068,-97.27070805132583,136.32230939668315, -21.251491147699706,-41.038580224484924,16.348589011003526
2024-09-06 01:51:37,-14.521759828270017,-97.37098019151057,136.67940624076655, -22.238632810380434,-41.49377081844736,17.027829875291655
2024-09-06 01:51:39,-1.7785446363377382,-95.68308713349973,121.79472297220525, -4.035642097807263,-26.167893433620442,3.6231759429953736
2024-09-06 01:51:39,-1.8481813535826468,-96.4096755375438,122.6270991201948, -4.177533542166165,-26.2778854602145,3.747116728077663
2024-09-06 01:51:39,-2.2879320763151334,-96.13787400351535,122.1222413003272, -5.2104543867984106,-26.07792257023133,4.682505974220463
2024-09-06 01:51:39,-2.293862346881588,-95.48743925215705,121.28294162688113, -5.259299710492104,-25.890332143876655,4.733963363001517
2024-09-06 01:51:39,-2.383880008398575,-94.58803709050216,120.51222049561109, -5.439585623918286,-26.02600476262771,4.890809632103147
2024-09-06 01:51:39,-2.7961587457611428,-93.66775579683868,120.0996443586009, -6.261560827023022,-26.568787649751197,5.604783572488999
2024-09-06 01:51:39,-3.5311164747413004,-93.36062083714772,120.60188615072431, -7.6777615430889306,-27.451795722356398,6.821893434799278
2024-09-06 01:51:39,-4.116490371921493,-93.27428053353186,121.0901127671506, -8.767846760561472,-28.094712905381563,7.748103008149298
2024-09-06 01:51:39,-4.929048471136646,-93.08287048114349,121.62225793719543, -10.232277549879495,-28.926594221190122,8.977931435802612
2024-09-06 01:51:39,-6.166205637392915,-92.79825698431199,122.99233198616267, -12.123856060337442,-30.758982331035213,10.458937912471061
2024-09-06 01:51:39,-6.340034641890201,-92.66683696622673,123.68361970069775, -12.168009618881909,-31.59475234060793,10.407103745455371
2024-09-06 01:51:40,-6.592203286971605,-92.51964446684065,124.26679453310129, -12.387505312660753,-32.354193674730915,10.511050509364251
2024-09-06 01:51:40,-6.796669459798465,-92.50650747248385,124.84657637488503, -12.560192033296666,-32.970550981588154,10.58731180349846
2024-09-06 01:51:40,-7.013999502670568,-92.48740787721847,125.45222396020526, -12.74097586395451,-33.62020529161872,10.663308967299741
2024-09-06 01:51:40,-7.451292829776206,-92.39062638251642,126.20591029853671, -13.225156315510414,-34.53095884070459,10.957293316850064
2024-09-06 01:51:40,-7.947363437393071,-92.34851286234364,126.8695355257345, -13.83881533072402,-35.31314520646894,11.365911936059629
2024-09-06 01:51:40,-8.359852341087443,-92.27692285984449,127.57704447487997, -14.268036600623262,-36.15106239487026,11.603844915535472
2024-09-06 01:51:40,-8.878627680184543,-90.89530382779279,128.9262489667446, -14.227939780210331,-38.900307762068884,11.162694499163718
2024-09-06 01:51:40,-8.772473473328418,-90.41172877259744,129.48794000183798, -13.75598092592638,-39.8944969478397,10.637591964702965
2024-09-06 01:51:40,-8.772954503602902,-89.96610819211452,129.96345388976775, -13.501157820849999,-40.78978631344426,10.30287170983819
2024-09-06 01:51:40,-8.676105839935122,-89.19761188875361,130.59956429617733, -12.992840415599078,-42.140207664612866,9.708864351808373
2024-09-06 01:51:40,-8.68745206175374,-88.62887486926958,130.88564754015172, -12.801580798438959,-42.9753516108382,9.43894511772034
2024-09-06 01:51:40,-8.815306989256772,-87.99556820784086,131.04532067568178, -12.799305566864817,-43.76945775201976,9.316639600805672
2024-09-06 01:51:40,-8.88991934935726,-87.21363716494324,131.0855028572859, -12.71813165507992,-44.58323315330771,9.131900520880194
2024-09-06 01:51:40,-8.980641508114195,-86.45666082152171,131.12442537047275, -12.669856846211635,-45.37395398468792,8.974131554571185
2024-09-06 01:51:40,-8.962824488208854,-85.64282059529691,131.43787588427455, -12.408356284890546,-46.471636870037436,8.616412852820377
2024-09-06 01:51:40,-8.87516281355138,-85.06811341129664,131.63939916716976, -12.134802315275582,-47.21723322766723,8.308955868814618
2024-09-06 01:51:40,-8.542752422879689,-84.64757140964839,131.84189692798176, -11.571117856576082,-47.78032302860929,7.8337819433755165
2024-09-06 01:51:40,-7.96105711391101,-85.0166419851526,131.96275711487667, -10.834573815631325,-47.45986910960707,7.372938706475096
2024-09-06 01:51:40,-7.450413313840838,-85.7432206597769,132.014840841576, -10.257699640188623,-46.732565179357366,7.070652662164429
2024-09-06 01:51:40,-7.113734338118027,-86.4673672074908,132.00421748733694, -9.918637233904114,-45.96811965147439,6.929747195281707
2024-09-06 01:51:40,-6.796683417731774,-87.59009537967896,132.04660522270862, -9.657710983490709,-44.86539279776052,6.877409127660647
2024-09-06 01:51:41,-6.426127500963794,-88.7314241001026,132.01845038153846, -9.32845435669578,-43.667871040569125,6.776269157696001
2024-09-06 01:51:41,-6.137092602332473,-89.33322959900774,131.84685892564303, -9.040792583191424,-42.87059561186856,6.651428553863223
2024-09-06 01:51:41,-5.7685911938534975,-89.98750254707038,131.64265190227883, -8.642494088767998,-41.980283056446055,6.446447723045184
2024-09-06 01:51:41,-5.460445413078074,-90.55100518810715,131.46189069662339, -8.30471446323898,-41.21002372165511,6.266648155581437
2024-09-06 01:51:41,-5.0639946037893555,-91.11549949397165,131.22240712062987, -7.832093271204009,-40.37169919102624,5.98255422642002
2024-09-06 01:51:41,-4.699911393455288,-91.63805894653173,130.81971195207734, -7.414212730683663,-39.41743288997189,5.740677839959629
2024-09-06 01:51:41,-4.337900621779725,-92.1791506705258,130.45030049192746, -6.982217383872163,-38.47871894892336,5.476434886852091
2024-09-06 01:51:41,-4.012137359154905,-92.68241575538967,130.10262707202025, -6.584320229723379,-37.603353435898015,5.225006126298086
2024-09-06 01:51:41,-3.7887017061598116,-93.00585559283134,129.62196539681727, -6.335407398083586,-36.78428631063355,5.0814162681282085
2024-09-06 01:51:41,-3.5490565059078,-93.36005653573514,129.17641048541276, -6.049984959711728,-35.968341044067174,4.902783055741473
2024-09-06 01:51:41,-2.9627426428860866,-94.05986663427885,128.01866168631653, -5.293523637864996,-34.07234493082571,4.38870428436239
2024-09-06 01:51:41,-2.8323704318605327,-94.16481773798519,127.37642126358328, -5.16129191534062,-33.318365992819906,4.31645656437465
2024-09-06 01:51:41,-2.4827372981429785,-93.68045707189927,126.75452474562536, -4.5427546244662125,-33.15656037723153,3.8054832515124533
2024-09-06 01:51:41,-1.8502814238008365,-91.94509366783905,126.23413841858223, -3.281868904320019,-34.33283103245495,2.7110288890239502
2024-09-06 01:51:41,-1.5216233900401668,-91.23459304378204,125.83305153231873, -2.6784334845191515,-34.62773661825534,2.2044978759975806
2024-09-06 01:51:41,-1.2317598060141892,-90.50957733102489,125.38263089497102, -2.1536469145745913,-34.8920469455411,1.766760805271805
2024-09-06 01:51:41,-0.9056881727406167,-89.50236093762416,124.78993099800297, -1.5675404115961724,-35.29768315093324,1.2794718565376582
2024-09-06 01:51:41,-0.5589554092263553,-88.67268340226225,124.251429110907, -0.9606399067609638,-35.582556789008365,0.7812920364319418
2024-09-06 01:51:41,-0.08403732962859756,-87.92749481089068,123.76926692718095, -0.14351871131307048,-35.84185743704871,0.11634155505247712
2024-09-06 01:51:41,0.6490015123225126,-86.58454877319073,122.59574631437405, 1.1037610692123585,-36.016254253694285,-0.8928155618240519
2024-09-06 01:51:41,1.007864952442179,-85.70110379226782,121.7419148731061, 1.7126697378730669,-36.05299160590383,-1.384790118120385
2024-09-06 01:51:41,1.342329285063892,-84.64461951393801,120.75935409037206, 2.276652314643569,-36.136279503788145,-1.8389988217431636
2024-09-06 01:51:41,1.4754547854246356,-83.97275897750747,120.14763602447412, 2.4986715725816384,-36.200848412748336,-2.0167528311308396
2024-09-06 01:51:41,1.5982250053828626,-83.14520830449008,119.49678948142005, 2.695051040801758,-36.381856235639994,-2.170299237403501
2024-09-06 01:51:42,1.7222265201389968,-82.36791632945331,118.87256283055115, 2.8934534279647637,-36.53960346756166,-2.3254327461673956
2024-09-06 01:51:42,1.7858284087433547,-79.55581179395098,116.69439695556393, 2.956250540288761,-37.17531419123283,-2.3562751045084736
2024-09-06 01:51:42,1.9057289611248467,-78.39717494373568,115.88610858118503, 3.1293302780691645,-37.53023067036537,-2.482574946345199
2024-09-06 01:51:42,1.9918214875575266,-77.36996298616148,115.12003760441189, 3.2512667508322073,-37.79476201804056,-2.570222637762276
2024-09-06 01:51:42,1.9268140512744643,-76.60999183386113,114.49315683394732, 3.1359095207476275,-37.924784791802736,-2.4745959370530595
2024-09-06 01:51:42,1.8303198188772694,-75.7949863762919,113.99512405559378, 2.958093756577459,-38.237269956151984,-2.3242387896424073
2024-09-06 01:51:42,1.3534304873839575,-78.81890669158548,117.0446113160659, 2.186668553309908,-38.24599400084674,-1.7176420105188206
2024-09-06 01:51:42,1.1912446544756765,-79.86721528270925,117.83740927378878, 1.9357337189753885,-37.98605798527635,-1.525888829745774
2024-09-06 01:51:42,0.9430602748042984,-81.28057234668566,118.8110559935449, 1.547835906491306,-37.54058565706845,-1.227423875056997
2024-09-06 01:51:42,0.7312344831582906,-82.40468123751268,119.58057945304395, 1.2100099826528523,-37.182050523139864,-0.9640906359678064
2024-09-06 01:51:42,0.5349276485165133,-83.48643710910241,120.23178591755223, 0.8940931499916904,-36.74869325394464,-0.7164285624580541
2024-09-06 01:51:42,0.1680396322308188,-85.98917652561887,121.6503143877721, 0.2882358540218216,-35.66148127742888,-0.23418528303124453
2024-09-06 01:51:42,0.13560617936040154,-87.24093528794992,122.64088842829807, 0.2340932875826096,-35.40017894972216,-0.19081587826198676
2024-09-06 01:51:42,0.018360327573244378,-88.71217135999643,123.68090500845904, 0.03203522318106744,-34.96873785462391,-0.026251741261352907
2024-09-06 01:51:42,-0.319181264748447,-90.30220514526928,124.62178430450251, -0.5661040708167431,-34.32088146444805,0.4675461480309985
2024-09-06 01:51:42,-0.5127136183147439,-91.09484197812066,125.05086882922782, -0.9178721711011775,-33.95943333836121,0.7613340527565635
2024-09-06 01:51:42,-0.6462453325370617,-91.99377101739282,125.57056729375407, -1.16839031201766,-33.582286111749305,0.9734182421291785
2024-09-06 01:51:42,-0.829279483965418,-92.8239649269104,125.87937759816502, -1.5201081176567175,-33.06463310675872,1.2740241654309905
2024-09-06 01:51:42,-0.9244029661570003,-93.66306704026529,126.26183225363268, -1.715456913770596,-32.610424003337265,1.4451480199025872
2024-09-06 01:51:42,-1.0509982101479285,-94.50910100129734,126.64449840349799, -1.975289559461101,-32.15073920089734,1.6725685027520618
2024-09-06 01:51:42,-1.165820201206446,-95.38706066704219,126.97984865627332, -2.2245515888850185,-31.612066791029637,1.8947265022420303
2024-09-06 01:51:42,-1.502902259404219,-97.88990555338276,127.83828055827728, -3.008426868513572,-29.982566957663966,2.6064296227396873
2024-09-06 01:51:42,-1.9003657411408705,-99.26558952218537,127.93863878535902, -3.955811502241996,-28.730619353070097,3.470082372461247
2024-09-06 01:51:42,-1.9259484031408145,-100.08574532865754,127.88479812253982, -4.1240589061622535,-27.86038154395673,3.6474096240799745
2024-09-06 01:51:42,-1.8533016797587372,-100.79813891222167,127.68392779986601, -4.092743717556706,-26.944841348681773,3.6497220770618606
2024-09-06 01:51:43,-1.9810233209876726,-101.29661696369004,127.4367543535296, -4.489103869895032,-26.20982778549966,4.029152745862098
2024-09-06 01:51:43,-2.214537039228392,-100.95936888553193,126.73259026351417, -5.0822775042533435,-25.86170440851671,4.575565660552823
2024-09-06 01:51:43,-2.2122239489914333,-100.13248880524179,126.38233017270362, -4.9916126801592196,-26.336301484982044,4.475737025232832
2024-09-06 01:51:43,-2.2963613745245715,-99.01290320176787,126.67764109175361, -4.93628856513949,-27.752380923172737,4.3708012273272905
2024-09-06 01:51:43,-2.2963586295597493,-98.31117989266126,126.70920807164177, -4.819589094364634,-28.48301556127948,4.238490266839645
2024-09-06 01:51:43,-2.2720068600403796,-97.25151541002063,126.73396788482526, -4.60888181770898,-29.562021707134342,4.011011425916699
2024-09-06 01:51:43,-2.0071434513412494,-95.46200476726563,127.28713815348581, -3.8022148454399822,-31.88172851019813,3.2299352459918302
2024-09-06 01:51:43,-1.8651172075342641,-94.69632948734126,127.51373819252602, -3.438489057867227,-32.86444812188953,2.889203007111533
2024-09-06 01:51:43,-1.6502371688845585,-93.34204016082647,127.8567886107204, -2.910730532535956,-34.54929033190794,2.398053369793942
2024-09-06 01:51:43,-1.5966068386412864,-92.63743535518148,128.03734012137957, -2.7547816947726873,-35.43119337470912,2.245211301773101
2024-09-06 01:51:43,-1.5468199339240043,-91.96400070966423,128.19689504840466, -2.6158047698364526,-36.2613772741131,2.1097071275247377
2024-09-06 01:51:43,-1.4997501787645389,-91.30371490315993,128.3384904573895, -2.4890418501100067,-37.060781166288564,1.986700854481918
2024-09-06 01:51:43,-1.5560908488665244,-90.12112770970167,128.40029553615474, -2.510884542292022,-38.30593458478717,1.970806319878136
2024-09-06 01:51:43,-1.544065281729201,-86.61426014589368,127.8365744690324, -2.34236689095232,-41.2460545656686,1.7616175514225398
2024-09-06 01:51:43,-1.4470612429500118,-85.78956267959056,127.75444286077817, -2.163504098553112,-41.98519488301796,1.6085129513410883
2024-09-06 01:51:43,-1.4645301019059012,-84.93959120598838,127.59926549952857, -2.160660252604646,-42.67998172876927,1.5887586618184864
2024-09-06 01:51:43,-2.1747217309074416,-83.97814181352328,127.75803255933621, -3.141520303538159,-43.82293692230343,2.2676430713391564
2024-09-06 01:51:43,-2.3081890624157886,-83.74508665394292,128.20439493426417, -3.2936689582866596,-44.50666109824323,2.3502142859973207
2024-09-06 01:51:43,-2.0933610335047135,-84.575387349019,128.74023873974028, -3.003156495730205,-44.204206059002885,2.153799667363072
2024-09-06 01:51:43,-1.7789406869631206,-85.72863424391369,129.00276963546315, -2.5941983152327897,-43.30345761607535,1.8884864538772994
2024-09-06 01:51:43,-1.5413132265169898,-86.56554452455852,129.1306611372225, -2.2779563440197808,-42.58768323730055,1.677533170787182
2024-09-06 01:51:43,-1.1840799121791656,-87.59078415497012,129.109451565518, -1.785984568348121,-41.532485285576996,1.3371425479141652
2024-09-06 01:51:43,-0.8372600612087329,-88.61363144671043,129.02625381831643, -1.291367912342975,-40.419806448590336,0.9832067361721277
2024-09-06 01:51:43,-0.032822934536945736,-92.62169910537489,127.72423838403535, -0.05707923106180737,-35.10255265453422,0.046697899583841795
2024-09-06 01:51:43,-0.06054592478079744,-93.75416788856046,126.99532247184106, -0.11045209012494608,-33.241203392868314,0.09237888493539631
2024-09-06 01:51:43,0.019811090335557127,-94.21419881365742,126.65515256797539, 0.0369313466613069,-32.440959142780876,-0.031168014127436194
2024-09-06 01:51:44,0.027503958618381966,-94.63591697814886,125.57589496210619, 0.05349508172801437,-30.939988996689756,-0.045883070855297914
2024-09-06 01:51:44,-0.5851262801169124,-94.45380601210312,125.4121905801419, -1.1373489462457478,-30.96336483235995,0.9753065832085881
2024-09-06 01:51:44,-0.8984039313164615,-93.9168432997075,125.63082841945284, -1.7086676003122483,-31.725381282905076,1.453474627412335
2024-09-06 01:51:44,-1.0296273646469134,-93.38868304203294,125.7929166130551, -1.920830728414745,-32.418805754743545,1.621647704267348
2024-09-06 01:51:44,-1.1446916789723696,-92.80104923635486,125.9280306490763, -2.0939465909586903,-33.14449946358848,1.7534829361501285
2024-09-06 01:51:44,-0.9130306104800668,-92.35261690982077,126.07992897591032, -1.6440741394241436,-33.73820705444832,1.3673014060233317
2024-09-06 01:51:44,-0.5990549569076242,-91.45360395145892,126.3024426932605, -1.0482953977783094,-34.85333619316534,0.8602809820807441
2024-09-06 01:51:44,-0.4744263200502123,-90.9141610064698,126.40236960193329, -0.817185296545199,-35.49096338777016,0.6653732742115392
2024-09-06 01:51:44,-1.1109929959365994,-91.11330770304122,125.42793460174374, -1.97023508111477,-34.33040476978064,1.6272223942065556
2024-09-06 01:51:44,-1.3470979734765691,-91.28134164832795,124.85746556532156, -2.4347685486735733,-33.599972013652085,2.0283449182724955
2024-09-06 01:51:44,-1.3632481353624106,-91.36664400875073,124.28761421586744, -2.507232494754833,-32.94600967363552,2.1044251259234925
2024-09-06 01:51:44,-1.2845636490568972,-90.49245977775104,123.3540568780079, -2.3664226350050233,-32.88388101874766,1.987590074287569
2024-09-06 01:51:44,-1.3348820829879224,-89.83066893861478,122.72150163878177, -2.457102306665531,-32.91486904656794,2.063058834885726
2024-09-06 01:51:44,-1.4579244969039258,-89.07277001628836,121.96650003007828, -2.683152035655964,-32.922396447277166,2.252744205044717
2024-09-06 01:51:44,-1.6006958222705923,-88.23406442002467,121.10818531040381, -2.947152421793651,-32.90869950785723,2.474888704788627
2024-09-06 01:51:44,-1.433054328420265,-87.68286943400551,120.25640170691801, -2.660423527121965,-32.60157157438844,2.2417084287104787
2024-09-06 01:51:45,-1.3311704168775227,-87.72928366096325,119.48426910246741, -2.5281708958670106,-31.779959799743835,2.1495266601696543
2024-09-06 01:51:45,-1.3297491987645764,-87.96974314445924,119.10415928754067, -2.5705478617431563,-31.159950707926004,2.2000801246577004
2024-09-06 01:51:45,-1.4657353634739576,-88.38819823718931,118.65028502282425, -2.906596556215357,-30.29420202071526,2.510238676977173
2024-09-06 01:51:45,-2.124601477691667,-89.75369678611186,117.03216939252741, -4.627709471805517,-27.35475540774408,4.112118335996445
2024-09-06 01:51:45,-2.329815865445801,-90.05610817400967,116.4904879694024, -5.221891723936098,-26.529487768095336,4.674629599590211
2024-09-06 01:51:45,-2.5192672559094067,-90.22190396835113,115.91532253631753, -5.794623448266184,-25.808277161501415,5.220012011841812
2024-09-06 01:51:45,-2.5738385993004607,-90.31665858996519,115.30108625870925, -6.075007150470425,-25.10818405024763,5.5046766154750655
2024-09-06 01:51:45,-2.6708729589525912,-90.44204517125505,114.72876538826418, -6.470741658189951,-24.424287686067032,5.895942345179084
2024-09-06 01:51:45,-2.8111959910436424,-90.69862678509506,114.05799638866159, -7.059829685496334,-23.518505699978203,6.478586786541899
2024-09-06 01:51:45,-2.8378658998318507,-90.89318885861702,113.29323381153017, -7.411555220991692,-22.56991085864574,6.849531087379735
2024-09-06 01:51:45,-2.909471613809743,-91.0371716526511,112.5620845128552, -7.886390158089869,-21.71139779737039,7.333239778026728
2024-09-06 01:51:45,-2.9822946597746594,-91.15728915530363,111.65640501954019, -8.46178490764268,-20.70567539184927,7.922404143474374
2024-09-06 01:51:45,-3.0711194761655563,-91.25077613531408,110.8336271935545, -9.094511254873492,-19.81286463258977,8.564386962417911
2024-09-06 01:51:45,-3.161474876129845,-91.3301715420066,110.08534259162934, -9.74759857998903,-19.01030583569432,9.225361517630564
2024-09-06 01:51:45,-3.1076603839503503,-91.38139208904768,109.40386911910932, -9.952997600535152,-18.279675444656966,9.460049859920778
2024-09-06 01:51:45,-3.8413483956747485,-91.08218598963262,105.9981171044807, -14.6201648907863,-15.391750812807192,14.117123302482579
2024-09-06 01:51:45,-4.061990044998537,-90.9220043683982,105.09535676970111, -16.17339703374542,-14.732468688362228,15.668200302975311
2024-09-06 01:51:45,-4.231710089980292,-90.66853187672638,104.17154212740465, -17.58270325740338,-14.138803693384762,17.081509984297984
2024-09-06 01:51:45,-4.345919761207781,-90.21148826641382,103.18057947684079, -18.70746824231896,-13.666036425351361,18.21326673492412
2024-09-06 01:51:45,-4.420991060992891,-89.71492220672062,102.17394747581372, -19.71594814356977,-13.20845607630514,19.233133881366754
2024-09-06 01:51:45,-4.649655991421194,-88.67857484036956,100.07336277750495, -22.374883873180277,-12.295307488784365,21.910747887227853
2024-09-06 01:51:45,-4.893623833400875,-87.48190866678456,98.00603369143057, -25.115137708650224,-11.594598097523674,24.664166016904566
2024-09-06 01:51:45,-4.949859417603738,-86.97956912153884,97.10989626450456, -26.21557143168225,-11.263599213168968,25.77657069441087
2024-09-06 01:51:45,-4.97467304085513,-86.39126055611715,96.17691171254795, -27.118415346158667,-10.966545724810212,26.692297149050447
2024-09-06 01:51:45,-5.012229997103962,-85.83453233849119,95.22752634559946, -28.252825025143636,-10.636033313564285,27.84079219536953
2024-09-06 01:51:45,-4.944987848785402,-84.7353430194369,94.10916149001018, -27.977784592791437,-10.587856647302972,27.572119870626352
2024-09-06 01:51:45,-4.828456311192108,-83.72004732133493,93.16126433749326, -27.246859175268483,-10.594294465500068,26.847904758006308
2024-09-06 01:51:45,-4.710526584957019,-82.85935333507545,92.3998775988759, -26.43419432258155,-10.630386395428966,26.04088234111193
2024-09-06 01:51:46,-4.7013321895360844,-81.10657089630945,91.24590917087305, -25.039646058829288,-11.165903183090348,24.622339484460248
2024-09-06 01:51:46,-4.952257716898083,-81.6506946808397,91.81115474696317, -26.159931533557703,-11.291680931438167,25.719404527210322
2024-09-06 01:51:46,-5.2392473552727195,-82.45326687383442,92.61126233095604, -27.47161787099278,-11.416926979459147,27.005641053837387
2024-09-06 01:51:46,-5.983106587214983,-86.71025066143136,98.94076298237901, -26.322967320928885,-13.595485419305582,25.681369882666512
2024-09-06 01:51:46,-6.037086799739218,-87.5801091057076,100.5650363949064, -25.205304002556332,-14.29783807832571,24.51764113974819
2024-09-06 01:51:46,-6.127649852821247,-88.49504925896088,102.49350368583046, -23.932433234931985,-15.256282655519534,23.179429297467145
2024-09-06 01:51:46,-6.2295386145086376,-89.31811288896995,104.1240760646175, -23.129710480993104,-16.036063837159027,22.31952023350155
2024-09-06 01:51:46,-6.253268773673181,-90.07269122169674,105.8181105851483, -21.988668284713917,-16.91246503035805,21.12314828605072
2024-09-06 01:51:46,-6.118110521963544,-90.54886438585089,107.32881687136069, -20.36922035240817,-17.83033789145186,19.466030377237374
2024-09-06 01:51:46,-6.0178879125011395,-91.04887800065214,108.75936057144747, -19.11322742975797,-18.67389925603154,18.17482523769847
2024-09-06 01:51:46,-5.747029730682755,-91.25866111119225,110.01786184506938, -17.377554992362583,-19.589448280304985,16.42746757054549
2024-09-06 01:51:46,-5.0999329163106015,-91.39719328249139,111.45352814567354, -14.586895263337407,-20.668677030575974,13.68447686462055
2024-09-06 01:51:46,-4.623306612584978,-91.57234561506726,112.88998458786119, -12.541014796467978,-21.790381738653014,11.670417354581467
2024-09-06 01:51:46,-4.083786205633805,-91.44912359570945,114.03326362367278, -10.5315700350673,-22.931367578321098,9.715805185538521
2024-09-06 01:51:46,-3.5683424066371474,-91.52813792562839,118.51561118798178, -7.824499419248058,-27.20479123518568,6.967967828546401
2024-09-06 01:51:46,-3.481697314744448,-91.62415580924437,119.12245456963056, -7.506720662035598,-27.700777638823727,6.6545629958410215
2024-09-06 01:51:46,-3.3993149982863997,-91.70338297202348,119.80928194010994, -7.186213543865268,-28.294073950933694,6.335097589344479
2024-09-06 01:51:46,-3.1138614113424827,-91.47815009989043,120.54417250961947, -6.389235694401746,-29.21785818540196,5.581836655455419
2024-09-06 01:51:46,-3.0577750922385953,-91.57030348697329,121.31689709892241, -6.145007716117005,-29.88902973177246,5.332743283828638
2024-09-06 01:51:46,-3.383452468004904,-91.96901497998267,121.98675874974239, -6.739889092239051,-30.190153818014455,5.832489447991393
2024-09-06 01:51:46,-3.3618173448722164,-92.1531025047047,122.79406772061088, -6.574807150432786,-30.80700877995773,5.653581645112501
2024-09-06 01:51:46,-3.3813857074148546,-92.48657528017561,123.55695027863352, -6.531105645520706,-31.235530293605272,5.5908758487754096
2024-09-06 01:51:46,-3.191225079920489,-92.89251116829446,124.33497138207073, -6.100825345381886,-31.58747512280517,5.202322528616711
2024-09-06 01:51:47,-2.9138630275028756,-93.22115158194433,125.87415738115024, -5.38925464155972,-32.768422006886716,4.535549948549802
2024-09-06 01:51:47,-2.9295155052999173,-93.1720811129183,126.49054694242217, -5.3225443565673345,-33.432202418103714,4.445745208930061
2024-09-06 01:51:47,-3.021142139216934,-93.0736201700019,127.21045819739638, -5.372827251733821,-34.2541147050834,4.445030388103706
2024-09-06 01:51:47,-3.0984219040096104,-93.18713959817848,127.8435575473781, -5.437627756443032,-34.77739100135715,4.470690370248777
2024-09-06 01:51:47,-2.866432448945179,-94.09586949226676,128.12120659000863, -5.113318845273774,-34.131370822640484,4.23610358197377
2024-09-06 01:51:47,-2.7226368215186456,-94.63128310219749,127.87614568173753, -4.957669068449385,-33.343400387442344,4.1447156601513235
2024-09-06 01:51:47,-2.6409988354023524,-95.17661217896438,127.51537463162629, -4.9284552731607665,-32.43475689275691,4.162580211440245
2024-09-06 01:51:47,-2.6372305062650954,-96.19060606232318,126.66829730915674, -5.1889994134475455,-30.580645167802047,4.47044195327018
2024-09-06 01:51:47,-3.161064329560998,-96.01812616658864,126.94617810965282, -6.133108930803078,-31.07324614786094,5.258400301412752
2024-09-06 01:51:47,-3.2939027550026037,-95.72436238200974,127.48199911219717, -6.240389295702623,-31.91022590800741,5.303175556659224
2024-09-06 01:51:47,-3.248055099603122,-95.53892702032005,128.0875855892648, -6.021311389747795,-32.69257939145373,5.072860733794744
2024-09-06 01:51:47,-3.4507801986283444,-96.16016119085742,128.73041187043395, -6.391239036974657,-32.732516808323965,5.382853873763716
2024-09-06 02:00:17,-1.0694000167308504,-95.67849213558766,128.61094875665512, -1.9665303626517112,-32.9478604643654,1.65043679229533
2024-09-06 02:00:17,-1.4123026940817152,-96.44781175009396,128.66879665079836, -2.6474492973803363,-32.24859102467005,2.239509945571249
2024-09-06 02:00:17,-1.7017329167044233,-96.97490255693697,128.59237809161078, -3.243545535984861,-31.658498761863452,2.7616907644885957
2024-09-06 02:00:17,-2.06721524417851,-97.66431550085252,129.07856991509755, -3.961490990529242,-31.475255007635997,3.38008743382775
2024-09-06 02:00:17,-2.382904960303436,-97.96814462791669,128.78754833541083, -4.643569400989844,-30.902351334608973,3.9866863999283333
2024-09-06 02:00:17,-2.4168763708180814,-98.3993415473104,128.40169429822737, -4.824840703805824,-30.090504967533516,4.177098294549646
2024-09-06 02:00:17,-2.190207203043321,-98.57759514989833,127.96565971170195, -4.456398875871409,-29.462299048822768,3.8819874526201343
2024-09-06 02:00:18,-1.9435188456156154,-97.7699483555031,127.40859173720841, -3.925401451180386,-29.69652057189582,3.411154542394483
2024-09-06 02:00:18,-2.0406361530391526,-96.93246882472552,127.36346663760989, -4.023969376804719,-30.492796961815962,3.468893671532613
2024-09-06 02:00:18,-1.9724700851411625,-96.15240882614165,127.69335065338731, -3.7667311451885626,-31.596209174380313,3.2096255486741105
2024-09-06 02:00:18,-1.8084206442441335,-95.22926708685029,127.80758732290406, -3.3558282160520125,-32.622952516777424,2.827340257546564
2024-09-06 02:00:18,-1.4517952434891939,-94.13204602863587,127.60752021703135, -2.63077967764092,-33.503277507957435,2.1941565043110325
2024-09-06 02:00:18,-0.8889667194097393,-92.8889950284445,127.32567484519163, -1.5717466382417005,-34.446736352902775,1.2962486264928055
2024-09-06 02:00:18,-0.35670705225653143,-91.8122158129303,127.11253503036127, -0.6172715185425877,-35.301887406309206,0.5037732479910129
2024-09-06 02:00:18,0.016262603105398732,-90.94044572207453,126.74806874319755, 0.027796204122259693,-35.80762622028535,-0.022542331678173655
2024-09-06 02:00:18,0.2586054579563858,-90.20969222133454,126.14476788481468, 0.4406477307146746,-35.935880841713455,-0.35678355358680797
2024-09-06 02:00:18,0.5275482777023498,-89.28283538413334,125.31433196692228, 0.8967924070828027,-36.03483536679044,-0.725220172799499
2024-09-06 02:00:18,0.7417738063897269,-88.18742650686252,124.44162840143784, 1.25420342851352,-36.2607489082135,-1.0113629460752858
2024-09-06 02:00:18,0.9705144424598788,-87.14215101777225,123.90499015130936, 1.6212890507349025,-36.77383971039107,-1.2987845242167788
2024-09-06 02:00:18,0.9607973489982078,-86.61659978812126,124.02195714113704, 1.581435853657157,-37.41589040306704,-1.2561670784488381
2024-09-06 02:00:18,1.0321341759414193,-87.18946415169772,123.9234235636566, 1.7253525508834064,-36.74641406374725,-1.382659492936358
2024-09-06 02:00:18,1.1180823516656349,-87.697443533776,123.64591065678039, 1.904094324268672,-35.96350765539936,-1.5413528605678166
2024-09-06 02:00:18,1.151780296783419,-88.0858474049255,123.33260923830915, 1.9952723945992314,-35.263140656017036,-1.6293777097371624
2024-09-06 02:00:18,1.0651933313286055,-88.4762059128846,122.96270651749299, 1.880803128402407,-34.5009117055159,-1.5501807802002163
2024-09-06 02:00:19,1.0497893044915114,-88.34304359889452,123.55756273430445, 1.8201213062677122,-35.22814247232266,-1.4869537387370069
2024-09-06 02:00:19,0.9294017821561321,-87.71813021046964,123.67393900261239, 1.5826098029477607,-35.96619923617095,-1.2810191462912568
2024-09-06 02:00:19,0.7692602868850562,-87.04618131781774,122.85187812689064, 1.3147369409435787,-35.81285477195658,-1.0662270614412506
2024-09-06 02:00:25,0.7692602868850594,-87.04618131781774,122.85187812689064, 1.3147369409435772,-35.81285477195658,-1.0662270614412557
2024-09-06 02:00:29,0.7692602868850594,-87.04618131781774,122.85187812689064, 1.3147369409435772,-35.81285477195658,-1.0662270614412557
2024-09-06 02:00:49,0.504318082212916,-87.74853659385153,123.15330239241345, 0.8704465366047209,-35.40788825787026,-0.7094740618301103
2024-09-06 02:00:49,0.16368747546811746,-88.3329515448208,122.889683500681, 0.2885758023725282,-34.55707144111682,-0.2376605936128644
2024-09-06 02:00:49,-0.3021343622114888,-89.29958932938102,122.15181994704793, -0.5569437641389465,-32.853464225107814,0.46787093585186623
2024-09-06 02:00:49,-0.3870331009368822,-89.8412923546915,121.9215186240819, -0.728701952860784,-32.08231166219904,0.6174283061803455
2024-09-06 02:00:49,-0.470231326062226,-90.28107249434856,121.66977999867404, -0.9027757273188624,-31.391869960545336,0.7706489786757188
2024-09-06 02:00:49,-0.5719596861343959,-90.6900728280032,121.34386298587907, -1.1217150675307568,-30.658606680756925,0.9649547869376534
2024-09-06 02:00:49,-0.8129777062718248,-91.19991582208894,120.99148797229039, -1.635941126966464,-29.801644888488685,1.4196851372935035
2024-09-06 02:00:49,-0.9892139027533569,-91.58076093980287,120.65398218860918, -2.035071619332455,-29.08857634427346,1.7785630949431455
2024-09-06 02:00:49,-1.1524935746536014,-91.939189675446,120.15439198703794, -2.4365306417752284,-28.23679753028073,2.146872567450191
2024-09-06 02:00:49,-1.1782145820770666,-92.39157232291713,119.82392970981718, -2.5561016067218767,-27.455685884285135,2.2685218321853506
2024-09-06 02:00:49,-1.2139914623638075,-92.73859986918212,119.50890790750826, -2.6936906665758884,-26.795789353752546,2.4047993003715726
2024-09-06 02:00:49,-1.2202055390193718,-93.4340385083793,119.44541943611551, -2.7806013357873964,-26.037993670077366,2.4987569561937364
2024-09-06 02:00:49,-1.038555923077102,-94.51028339191313,119.76542343654489, -2.433014399680933,-25.27508495496237,2.2003388301164692
2024-09-06 02:00:49,-0.9384290959257048,-95.3942225542951,119.93170136484487, -2.258735888553863,-24.554307273845353,2.054657193722048
2024-09-06 02:00:49,-1.1561496603918977,-95.92208356783911,119.86015605451504, -2.847460996876371,-23.964333894499365,2.60235881713359
2024-09-06 02:00:49,-1.4399795989185775,-96.08037099635106,119.44764574788844, -3.626508491523254,-23.409118019076764,3.328716890523753
2024-09-06 02:00:49,-1.6500909155475012,-96.3701283372952,119.12548428643888, -4.2593528746463365,-22.811933940065504,3.927283108525112
2024-09-06 02:00:50,-1.8828909366172584,-96.3172481431717,118.53599763376134, -4.968600285180372,-22.294361902727385,4.598839828099239
2024-09-06 02:00:50,-2.016391077913999,-96.18534074746145,117.83550115477163, -5.451137258089072,-21.739362568327316,5.0655369104647505
2024-09-06 02:00:50,-2.1593809472489505,-96.17854913309245,117.23505025884074, -5.991076948547334,-21.161930593442595,5.589712087414116
2024-09-06 02:00:50,-2.00102422204803,-95.88965803882897,116.47386686833461, -5.675142443396516,-20.677039630782065,5.311743839771309
2024-09-06 02:00:50,-1.5129209341527687,-95.55497176433951,115.65955515132029, -4.393808833692367,-20.15907927469699,4.125601013312734
2024-09-06 02:00:50,-1.231904226872961,-95.33811142369044,114.94353402765397, -3.666950971146798,-19.642568173117123,3.4540961728716386
2024-09-06 02:00:50,-0.9095886218883473,-94.51402307211646,113.92662025197923, -2.734838255102661,-19.43307429905596,2.579253336983224
2024-09-06 02:00:50,-0.6647581571413812,-93.51593470995317,112.80932641361845, -2.0112100103807866,-19.30440459296929,1.8982160019569188
2024-09-06 02:00:50,-0.46948208141327147,-92.76614659743561,111.8235702143997, -1.4375853294438614,-19.062990830749687,1.358778671168196
2024-09-06 02:00:50,-0.2878790925154646,-91.69647921373578,110.80141260848075, -0.879497565682644,-19.10702122034184,0.831051988757735
2024-09-06 02:00:50,-0.0728476866433925,-90.70034849847616,109.99351424987317, -0.22048113330277042,-19.29329804338319,0.20809893807522983
2024-09-06 02:00:50,0.11710880330852394,-89.83304590817359,109.14830875659156, 0.35404953230451164,-19.315604310040012,-0.33412086880870073
2024-09-06 02:00:50,0.3692600813096113,-88.9510440850204,108.48637744454096, 1.1041645078844688,-19.538686683918886,-1.0405965814436353
2024-09-06 02:00:50,0.5361984677595035,-88.03915399560219,107.90881642605913, 1.5772510811542833,-19.876603701275783,-1.4833328732825137
2024-09-06 02:00:50,0.6992230090049082,-87.18022454330323,107.23294655472986, 2.038477372140836,-20.064407427254118,-1.9148522717483314
2024-09-06 02:00:50,0.6236834131083177,-86.22866374400778,106.65487098528, 1.7865461364359407,-20.435319976677608,-1.6741794436851747
2024-09-06 02:00:50,0.5381982958540819,-85.26669841556681,106.03512750122005, 1.5174864948410123,-20.775093392525104,-1.4188611875463784
2024-09-06 02:00:50,0.541607733030794,-84.36830449355618,105.3930374759439, 1.5093156994411294,-21.031392008124612,-1.408812998057692
2024-09-06 02:00:50,0.7035890218399468,-83.54913128687559,105.13420540623287, 1.9119244166097977,-21.595990781531988,-1.7778009853464491
2024-09-06 02:00:50,0.6085540120251567,-82.6590661894647,104.92915701499096, 1.605437326663992,-22.277981119900126,-1.4856560930345062
2024-09-06 02:00:50,0.5806234408695707,-81.7795020120674,104.57031045651453, 1.498604328755667,-22.797809152771876,-1.3815776113427745
2024-09-06 02:00:50,0.7134733477171835,-81.36644486139495,104.81202301778606, 1.7927045065494316,-23.455818981872653,-1.644653473801075
2024-09-06 02:00:50,0.7065178768828004,-81.08427885904062,105.23095090159494, 1.7266801343255305,-24.156386929631303,-1.575557870469607
2024-09-06 02:00:50,0.7440492896532733,-80.64625070981273,105.41797384110679, 1.7752884086219367,-24.78219005154532,-1.6118888452855504
2024-09-06 02:00:50,0.8541896492261671,-80.35086492067252,105.8630683463895, 1.9825989398820998,-25.525541954030853,-1.7892165304836343
2024-09-06 02:00:50,1.0954534078115479,-80.16566059166715,106.47383455320828, 2.470465122743095,-26.329346549482153,-2.2144474135824828
2024-09-06 02:00:50,1.2999472610456833,-79.8584136101116,106.9274640155272, 2.8547509055435527,-27.097891234795572,-2.5418199451956514
2024-09-06 02:00:50,1.5249068345327306,-79.89921923118223,107.91319294330478, 3.2439416754002077,-28.052089693469387,-2.863521123108657
2024-09-06 02:00:50,1.687504815180401,-80.07660483134615,109.07440023418664, 3.477728994631942,-29.042596357606374,-3.0413157745090222
2024-09-06 02:00:50,1.8361301909342558,-80.05118564151661,109.93561222212053, 3.6813308223282757,-29.935578988702265,-3.191286553035587
2024-09-06 02:00:50,1.8989421901310881,-80.3208379098894,111.15542573500042, 3.7010109359187027,-30.887258341188847,-3.1772941119720706
2024-09-06 02:00:50,2.063047475372707,-80.69663648417776,112.3804565846865, 3.9234376345219424,-31.743938609719123,-3.3379656539375704
2024-09-06 02:00:50,2.2164860721853894,-80.89403173569235,113.41819223929832, 4.11745972733609,-32.591323944629096,-3.4708321138194496
2024-09-06 02:00:50,2.3008708262142674,-81.25736814907208,114.54498430055477, 4.1870126320067556,-33.35790532295252,-3.4990930435301753
2024-09-06 02:00:50,2.4520048070489606,-81.82372738706462,115.8753348386422, 4.37321679022085,-34.129153250453896,-3.6222521517232513
2024-09-06 02:00:50,2.594554734766164,-82.23656299539377,117.05148517464775, 4.538051919828858,-34.89929488057595,-3.724471327754566
2024-09-06 02:00:50,2.4655440690365102,-82.97158716584968,118.09048100906125, 4.280518599932956,-35.19423924905651,-3.500213842538657
2024-09-06 02:00:50,2.2646544057948845,-83.91207278087545,119.02444402707724, 3.933145812231268,-35.175964905246886,-3.2165767620602495
2024-09-06 02:00:50,2.155697372160157,-84.69041226887195,120.0039094268522, 3.725758833939418,-35.37069656240216,-3.0395078954012646
2024-09-06 02:00:50,1.8604614584066395,-85.97300701005801,120.96908146511788, 3.241610419444658,-35.03919197857532,-2.655032826078969
2024-09-06 02:00:50,1.8479787123392413,-87.27499240199674,121.934808053397, 3.2471095822961304,-34.70289220479022,-2.6704248056835196
2024-09-06 02:00:50,1.8046737184734072,-88.39584538454974,122.9122102484032, 3.1826354372193686,-34.55766783654026,-2.621944884051641
2024-09-06 02:00:50,1.8430739803303204,-89.94062092991109,124.04593026965074, 3.2845340255656366,-34.149055781534344,-2.719152974329794
2024-09-06 02:00:50,1.8484300909615206,-91.40668538228445,125.07943421507144, 3.331214899370681,-33.71747247734166,-2.771816181184362
2024-09-06 02:00:50,1.8149210103688613,-92.75755513794266,126.07530845450336, 3.301617539124753,-33.36145490673587,-2.7584933739028825
2024-09-06 02:00:51,1.4647022714344917,-94.10021722503384,126.73259497619799, 2.7147588437721817,-32.66160246580057,-2.2859792997381003
2024-09-06 02:00:51,0.8289839681261317,-95.34757044989144,127.17174733585935, 1.5718020897384573,-31.833838593129375,-1.3354669016151117
2024-09-06 02:00:51,0.3286233590453549,-96.58905196015638,127.69177786285042, 0.6361400634675338,-31.104287961629865,-0.544687177716666
2024-09-06 02:00:51,0.022458979093802456,-97.94398291564607,128.37224087789792, 0.044345093657826684,-30.42826545641634,-0.03823717647092806
2024-09-06 02:00:51,-0.16436906481620409,-99.01032231689226,129.0605413804439, -0.32823725714019647,-30.050626600098937,0.2841174562635829
2024-09-06 02:00:51,-0.4052558872319497,-100.11219506162757,129.7102676474558, -0.8204587837295751,-29.600595558965324,0.7133924366574776
2024-09-06 02:00:51,-0.6208182449492144,-102.39985418455724,131.50202613888382, -1.276274780394822,-29.108213590419844,1.115128103799776
2024-09-06 02:00:51,-1.0071572510010887,-103.13410045875735,131.95767390894548, -2.0883329474999655,-28.839655002250222,1.8295118330627322
2024-09-06 02:00:51,-1.502414636961619,-104.05407524382677,132.5278101741667, -3.1488775552156696,-28.510030956691335,2.7676589604225748
2024-09-06 02:00:51,-1.7056546862772044,-105.15546671421556,132.91526275370188, -3.658146817012714,-27.80798873447811,3.2366457449206902
2024-09-06 02:00:51,-2.150502403039382,-106.18505709241396,133.071450313578, -4.746748107534017,-26.965871550331407,4.232655624603635
2024-09-06 02:00:51,-2.732912329382553,-107.24077527060248,133.55661433091535, -6.145664662962773,-26.44729452622544,5.506668553625334
2024-09-06 02:00:51,-3.2880825892154837,-108.2423579299776,134.09977672141673, -7.504252855510941,-26.05135864395266,6.749250921095885
2024-09-06 02:00:51,-3.8148268526065188,-108.86371263268276,134.59052907321023, -8.733034634584229,-25.989041348551922,7.861581236781192
2024-09-06 02:00:51,-4.679424533298347,-109.24788821536768,135.0872977294112, -10.636355949588996,-26.231020310918396,9.562365182444584
2024-09-06 02:00:51,-5.684713014285413,-110.00394093521847,135.64300753795305, -12.955617097120674,-26.220029723504602,11.661036630234822
2024-09-06 02:00:51,-6.257209871076716,-110.50610662716281,136.00438116258965, -14.289524588961068,-26.204831278272415,12.872425051364086
2024-09-06 02:00:51,-7.024621446704161,-111.36458805445636,136.8402565037144, -15.985676332233009,-26.363920865484666,14.395844564140429
2024-09-06 02:00:51,-7.420183883717707,-111.13777557646713,137.31138463072207, -16.44959286997464,-27.13353174413247,14.722379227357234
2024-09-06 02:00:51,-7.665889633129081,-110.20910032167419,137.34857397886907, -16.439813413507046,-28.122049654887984,14.586921392497329
2024-09-06 02:00:52,-7.883698942098002,-109.51274588604491,137.50101419613168, -16.439509257007412,-28.99078862071954,14.471827269066544
2024-09-06 02:00:52,-7.565881807078136,-108.67734062408071,137.30840327791861, -15.493057105198439,-29.531833468407658,13.559726780124754
2024-09-06 02:00:52,-7.38334503794235,-107.29389567743019,136.5194253317365, -14.863702856697245,-30.06373980580271,12.93624243976601
2024-09-06 02:00:52,-7.3376453843610765,-106.18325858257847,135.89997678475635, -14.561838966570384,-30.52871982713056,12.61267473706555
2024-09-06 02:00:52,-7.055592453737168,-105.07342380927363,135.37966910294853, -13.781001340635669,-31.040519543227923,11.867996129810273
2024-09-06 02:00:52,-6.587983932848747,-104.42967390857805,135.11726061776403, -12.751015975284766,-31.319232279026913,10.941490273396255
2024-09-06 02:00:52,-6.354375903992594,-103.50368934004291,134.48861899005152, -12.205880756945731,-31.566212120897386,10.44288783312682
2024-09-06 02:00:52,-6.366916653461123,-102.99883054694641,133.7498168827403, -12.31071652837167,-31.339888011305778,10.558237817281967
2024-09-06 02:00:52,-6.604606767773763,-103.23038776529985,133.22035369205065, -13.042037637555726,-30.642408632573037,11.271137894985165
2024-09-06 02:00:52,-6.884425042766444,-103.87440451394718,133.08456188230207, -13.89625353716067,-29.94070357404847,12.10032912617056
2024-09-06 02:00:52,-7.504178444612723,-104.9278113545081,132.954575520631, -15.660243790174754,-28.93514384759567,13.784865834317063
2024-09-06 02:00:52,-7.872020234542102,-105.5541778131257,132.91522932098331, -16.74325708853084,-28.38672972338742,14.824259266872136
2024-09-06 02:00:52,-8.64366856503989,-106.72594177103566,132.85178467858532, -19.045680191960326,-27.422870127952528,17.036524778974815
2024-09-06 02:00:52,-9.148763920149705,-107.55765583716739,132.93883617011136, -20.59209542081993,-26.87651898784862,18.5277460786156
2024-09-06 02:00:52,-9.569626656921983,-108.2304514870759,132.96726484132466, -21.944307005866747,-26.414304987837596,19.84116351702371
2024-09-06 02:00:52,-10.246017702980723,-109.1886584978461,132.97281028311193, -24.142173084742947,-25.778942048739772,21.978966897848935
2024-09-06 02:00:52,-11.007148401887527,-110.0210526165643,132.89378288018167, -26.584748011817556,-25.254667723215096,24.351455562140323
2024-09-06 02:00:52,-11.749243795256827,-110.76331083974853,132.64633204680322, -29.163015242517925,-24.70049721434294,26.88394582029197
2024-09-06 02:00:52,-12.55279215304246,-111.28754524156297,132.49417537694268, -31.614045160390415,-24.495085762512407,29.254990563327773
2024-09-06 02:00:53,-13.047126857187575,-111.70315881863475,132.30689197618466, -33.3656793487442,-24.234579404762222,30.984217231534984
2024-09-06 02:00:53,-12.56021112186809,-111.73502885525025,132.80479856926883, -31.787934949546433,-24.382280741295453,29.443054495530852
2024-09-06 02:00:53,-12.28162814125913,-110.10824202175392,132.80529111017114, -29.431467042607146,-25.651451944106373,26.95743964875918
2024-09-06 02:00:53,-11.588014047321483,-109.25559286001024,133.04901814513326, -26.942404113210802,-26.316904265240012,24.493138130980068
2024-09-06 02:00:53,-11.10156125768648,-108.55168302044495,133.21440502643637, -25.184863416998603,-26.90294903637151,22.750710436842063
2024-09-06 02:00:53,-10.64143982418678,-108.15270256231543,133.90514389653725, -23.38619778574504,-27.72510298938912,20.94698208754543
2024-09-06 02:00:53,-10.03243202886749,-107.3360322116973,134.28429899186315, -21.324241082314,-28.623603194936738,18.91465172099364
2024-09-06 02:00:53,-9.533446276103057,-106.57361261439974,134.55554644600468, -19.694295466877733,-29.436696142657937,17.313783739699964
2024-09-06 02:00:53,-9.216149330412449,-105.63908997756658,134.75899829833676, -18.439286724507554,-30.421244060163055,16.040712659312305
2024-09-06 02:00:53,-9.060980144865958,-104.89069472148309,134.83150404130197, -17.71988503704943,-31.15972839282558,15.29231938343103
2024-09-06 02:00:53,-8.848946065844247,-104.15637888553637,134.91529252614046, -16.930733541210774,-31.88623975679047,14.49225930090542
2024-09-06 02:00:53,-8.913777547283125,-103.17783153908086,134.77444961983022, -16.665277595211638,-32.70423259056793,14.138527278675976
2024-09-06 02:00:53,-8.794953285750458,-102.26192177152872,134.67448225981346, -16.10060278618877,-33.458633849076236,13.539782512393282
2024-09-06 02:00:53,-8.839247724434854,-101.27205444035346,134.50491895824857, -15.841527122595046,-34.25751994283347,13.198896570348555
2024-09-06 02:00:53,-8.912249656320972,-99.94521817460904,134.25485707890508, -15.546874800294361,-35.31057243886629,12.79074314195277
2024-09-06 02:00:53,-8.899749681616969,-98.44012868781235,134.46603949486266, -14.908774261894258,-36.96393433675247,12.009631389671071
2024-09-06 02:00:53,-8.860593546797464,-97.57906037125707,134.55012431705705, -14.53175285637422,-37.87007328776765,11.564273198712677
2024-09-06 02:00:53,-8.861084819723562,-96.55138823388674,134.4611451018581, -14.23750300940866,-38.77943920412126,11.188829417090847
2024-09-06 02:00:53,-8.84156492203117,-95.75435648858888,134.43570300870945, -13.976171607396873,-39.524028600597624,10.867441563391928
2024-09-06 02:00:53,-8.672322750644913,-94.96910672354223,134.3078946304471, -13.529064719512428,-40.13136190719384,10.423977410121974
2024-09-06 02:00:53,-8.417675989017884,-93.87677447829324,134.32587105498044, -12.849115473071606,-41.16781867848026,9.743089042770578
2024-09-06 02:00:53,-8.130766813583964,-93.23378417605967,134.52338091627712, -12.216677232974984,-41.94121671161597,9.148847169228116
2024-09-06 02:00:53,-7.84180054396607,-92.1751002540025,134.7208494316672, -11.512706685315365,-43.126338235575496,8.455543134339383
2024-09-06 02:00:53,-7.687376174193289,-91.20571929072109,134.7402907575894, -11.08760905936307,-44.07388049086324,8.014092311530979
2024-09-06 02:00:53,-7.632066228916895,-90.38296701148383,134.61805770743808, -10.873133741540768,-44.75398319954472,7.767516256775675
2024-09-06 02:00:54,-7.680872081564516,-89.52155046050991,134.33865739620302, -10.832060427159886,-45.33214151414659,7.66094993231208
2024-09-06 02:00:54,-7.997091487289949,-90.1223531630559,134.23774311588016, -11.410245903794264,-44.687127910978596,8.16543670099211
2024-09-06 02:00:54,-8.01496723258419,-90.95457188698587,134.38991882263574, -11.574123742601172,-44.023289123626704,8.377330197459806
2024-09-06 02:00:54,-8.013368285904678,-91.81833741259376,134.51983932132663, -11.727108805548312,-43.304326401848904,8.590314875139958
2024-09-06 02:00:54,-7.959505509658131,-92.76652403178853,134.63421375250897, -11.832109868749269,-42.47993828396964,8.783095255984886
2024-09-06 02:00:54,-7.914708864307785,-93.86992004012527,134.74526000323573, -11.993536530412722,-41.502019465934296,9.04011304682022
2024-09-06 02:00:54,-7.889554864864971,-95.25833040496133,134.53272278601753, -12.34766104466966,-39.93298419996282,9.528656546853068
2024-09-06 02:00:54,-7.889391619880206,-96.48073107032945,134.33996462866378, -12.723467938261187,-38.5515222395686,10.013990369646287
2024-09-06 02:00:54,-8.05772525052096,-96.91465432135296,134.0042342783219, -13.210917976333619,-37.83146844642262,10.503874553448808
2024-09-06 02:00:54,-8.165909286440133,-97.96555696275273,133.50901140522834, -13.865881548878711,-36.34868492307828,11.244556967509693
2024-09-06 02:00:54,-8.279722532993858,-99.26215565626856,132.8811864580221, -14.72620369502878,-34.506936506402354,12.220944905383288
2024-09-06 02:00:54,-8.25305648634312,-100.20216815013097,132.61453768639944, -15.141961959430333,-33.33525951103334,12.73945732877694
2024-09-06 02:00:54,-8.06838146852499,-101.52257433232054,132.19863843356893, -15.52832412757865,-31.619132013929402,13.311919311154238
2024-09-06 02:00:54,-7.8948353561679525,-102.25237020964533,131.75414762881456, -15.726736149266952,-30.447800041638203,13.645002443418072
2024-09-06 02:00:54,-7.798652172560082,-102.9464806974351,131.2847757379721, -16.09449972258294,-29.305801580821445,14.122754261920882
2024-09-06 02:00:54,-7.379606733482598,-103.7968721055765,131.2287253496037, -15.702347102548178,-28.33257213050771,13.898874387808306
2024-09-06 02:00:54,-7.323135698192155,-104.40409912645629,130.73388053771953, -16.158768836769415,-27.258988965070206,14.443668898762649
2024-09-06 02:00:54,-7.459991146380083,-104.69638249157009,129.94820574666312, -17.063630561445013,-26.26121333980223,15.390336564192475
2024-09-06 02:00:54,-7.538511192974001,-105.03284093435032,129.22941386254317, -17.893980006187938,-25.276080661358836,16.27587150281274
2024-09-06 02:00:54,-7.405674319188686,-105.32256919459529,127.64450545865154, -18.89188192274785,-23.45861447536711,17.42880293592944
2024-09-06 02:00:54,-7.335465017236829,-105.41757855719327,126.83305502456558, -19.420964002374397,-22.580955965314896,18.03205764542101
2024-09-06 02:00:54,-7.345557220380633,-105.02099160225211,125.87202542854845, -19.90895378739509,-22.052596149379365,18.55561858729819
2024-09-06 02:00:54,-7.354785970899795,-104.68857042699916,124.91118266009835, -20.475969714332987,-21.465773565853684,19.162638932781398
2024-09-06 02:00:54,-7.341424857422186,-104.50523760464122,124.07110134166243, -21.042570549563585,-20.847200979699842,19.775055392955114
2024-09-06 02:00:54,-7.236393979819616,-103.9119090217624,122.9763478589899, -21.243109309665392,-20.34377713219073,20.02639651238273
2024-09-06 02:00:54,-7.011703766766334,-103.03439306956139,121.69323654327505, -21.028298017420795,-19.8887986916233,19.87498925973116
2024-09-06 02:00:54,-6.608328406164506,-101.92687604040995,120.65725798369652, -19.838320239770383,-19.82243726907661,18.747266128529034
2024-09-06 02:00:54,-5.70394899047868,-101.16802850651186,120.18032520106763, -17.045775662843702,-19.819149630264306,16.08986526378139
2024-09-06 02:00:54,-4.879798138117984,-100.18123101778636,119.61490099324962, -14.391645119323556,-20.01397725509205,13.555559544296734
2024-09-06 02:00:54,-4.47829648756159,-99.02256547167607,118.92636847242201, -12.955789198909635,-20.381434954574495,12.169632498958727
2024-09-06 02:00:55,-3.9972843373016875,-98.63298865664964,118.81118928839302, -11.452161101030697,-20.554117388531935,10.740641360428615
2024-09-06 02:00:55,-3.34690609780059,-97.57975962121165,118.27588998540898, -9.395919634448386,-20.953281432302703,8.78461479603292
2024-09-06 02:00:55,-3.1505975362803578,-96.36900518471415,117.43194982856858, -8.707614008145644,-21.286676080083417,8.121752503261492
2024-09-06 02:00:55,-2.9495752603286776,-95.69467266141707,116.9987169629751, -8.07181345356761,-21.49784981689903,7.516924875313324
2024-09-06 02:00:55,-2.400194335899941,-94.60956761213042,116.48841877526809, -6.417757624673845,-22.003687367005643,5.953774666406613
2024-09-06 02:00:55,-1.4584051175361883,-94.23538549239557,116.87211757536497, -3.7844815659328916,-22.681198038352587,3.49256215131016
2024-09-06 02:00:55,-0.6249229564630483,-93.6992906022293,117.2309530230573, -1.5648923608432286,-23.53948716350357,1.4347268133289655
2024-09-06 02:00:55,-0.5660833379116106,-92.75469631631559,117.15923882834342, -1.3698593993060653,-24.410705187320055,1.247443410981219
2024-09-06 02:00:55,-0.39412332101277114,-91.91751133938523,117.05561880688424, -0.9277156018339084,-25.140996061175,0.839841753383423
2024-09-06 02:00:55,-0.603822781417222,-90.96422044330888,116.6376607837567, -1.393509833565754,-25.680058527233385,1.2559164390833923
2024-09-06 02:00:55,-0.5411563204928607,-90.02612612192358,116.57652526075653, -1.2105374119915728,-26.555513112981657,1.08285988538412
2024-09-06 02:00:55,-0.4490769177270151,-89.09842274043011,116.40513790567867, -0.9788311778684844,-27.310123721546905,0.8697447253580465
2024-09-06 02:00:55,-0.2046132672922431,-88.28196349361372,116.56343178597693, -0.43184633351630053,-28.282147347950172,0.3802963074208836
2024-09-06 02:00:55,-0.15031479922630922,-87.4843329895431,116.54328804150045, -0.30947251496866274,-29.059309900485445,0.27051592659964446
2024-09-06 02:00:55,-0.09593677497367302,-86.52655319251632,116.3357556290259, -0.192987184717514,-29.809342628617667,0.16745212712269694
2024-09-06 02:00:55,-0.5986875813637038,-85.69270087530103,115.80932475086163, -1.1930420382902232,-30.122015631375195,1.0319695948729868
2024-09-06 02:00:55,-1.1267124841458342,-85.2202048925445,115.43315135672819, -2.2381765294082436,-30.2319649871639,1.9340205152891459
2024-09-06 02:00:55,-1.4686460895653841,-84.67620786539398,115.13148889320789, -2.8956721677365858,-30.487275776943378,2.4958686871078104
2024-09-06 02:00:55,-1.4044342898892381,-83.5906308452262,114.77350759263805, -2.710978882068596,-31.211304476631057,2.319061900329517
2024-09-06 02:00:55,-1.8956178646197654,-83.91548243410107,115.3212200319719, -3.6342042601280826,-31.457056432450347,3.1012229200676042
2024-09-06 02:00:55,-1.801520892106499,-85.29932721346265,116.16667634438377, -3.5081464834194014,-30.91469659836891,3.010747772134396
2024-09-06 02:00:55,-1.7715592708485832,-86.18303469651997,116.73989321155126, -3.4814444024119022,-30.60321315938445,2.9974817469389756
2024-09-06 02:00:55,-1.2102570227362628,-88.30313041181562,118.82762712995248, -2.381814820824044,-30.546167480989713,2.051571552255386
2024-09-06 02:00:55,-0.8239089758722826,-90.31105593939807,120.84233901652973, -1.6215189375260053,-30.541325610425908,1.396650322532076
2024-09-06 02:00:55,-0.5170255844990319,-92.00246678907945,122.48324348430685, -1.0191933922173715,-30.48473972877934,0.8783283303508711
2024-09-06 02:00:55,-0.6037827256713992,-93.85681068945468,123.85866517376951, -1.2073637163370514,-30.007363788164547,1.0455687599656853
2024-09-06 02:00:55,-1.7377654908853752,-95.2902416075823,124.25842893741549, -3.584440244995341,-29.015752369283618,3.135506078020194
2024-09-06 02:00:55,-2.505740734998853,-96.71411828445972,124.84601080691675, -5.302570365328076,-28.23418501134597,4.674661011182164
2024-09-06 02:00:55,-3.8088004651875726,-97.86887602466432,125.50452045741619, -8.167662402923595,-27.876381634943172,7.23055071519593
2024-09-06 02:00:55,-4.804610399762049,-98.82403953170743,126.11371017767968, -10.388495187606628,-27.67737403127836,9.221513477332316
2024-09-06 02:00:55,-5.732280287166756,-100.06335681442962,126.8242228309465, -12.567945016297232,-27.323553484834637,11.203317788548016
2024-09-06 02:00:55,-6.290812581569929,-101.0256206022874,127.72052622133776, -13.787358238602952,-27.37305694863859,12.29335425393646
2024-09-06 02:00:55,-7.115913213449252,-102.12691312400571,128.94847725584634, -15.465336920669625,-27.681670375270144,13.76661231589227
2024-09-06 02:00:55,-7.617277487402312,-102.46722522683059,129.66432129483076, -16.309678415439492,-28.165142201387496,14.46451008302234
2024-09-06 02:00:55,-7.5845846559464185,-101.23433697508038,129.45704607682404, -15.725649195865891,-29.142965375282955,13.816322708445714
2024-09-06 02:00:55,-7.483403046053233,-99.91674146758254,128.62495472186907, -15.294355420885715,-29.587006495899786,13.376784065894068
2024-09-06 02:00:55,-6.990844324223154,-98.87016878659685,128.1481175675661, -14.076005464967835,-30.028927344578094,12.24783429860253
2024-09-06 02:00:56,-6.534407891334691,-98.06480207422842,127.8044364503688, -13.002153022674733,-30.384797677504167,11.265416966085436
2024-09-06 02:00:56,-6.059890739891355,-96.98329672322407,127.312817527784, -11.87249125025452,-30.872380219290875,10.228636953271486
2024-09-06 02:00:56,-5.564145314530698,-95.9840792535706,126.88506503826318, -10.74110940319412,-31.349118603955375,9.202094385766106
2024-09-06 02:00:56,-5.137514118010294,-95.23486797508441,126.5439626068514, -9.815808449385724,-31.685504269031615,8.375225490261128
2024-09-06 02:00:56,-4.5489424988273015,-94.0303840273721,125.96353253874334, -8.55426710165549,-32.22157197610716,7.2521223101697725
2024-09-06 02:00:56,-4.107370327356993,-92.68387638574276,125.38936774377007, -7.5704072285573645,-32.93395916560128,6.364750569752919
2024-09-06 02:00:56,-3.6951813980034274,-91.19130585155733,124.10627105370153, -6.777841230567427,-33.098530393634846,5.6859151901147005
2024-09-06 02:00:56,-3.445572572457544,-90.20082259826643,123.20983905052904, -6.30684791273827,-33.16810749525311,5.28564716622638
2024-09-06 02:00:56,-3.4348136760977104,-89.27806245152966,122.30139547337245, -6.284867768948096,-33.1813483986068,5.266390570212058
2024-09-06 02:00:56,-3.769553311767541,-88.19587700747859,121.39626826430043, -6.861126798111624,-33.38933858952056,5.736990671773755
2024-09-06 02:00:58,-3.6015676000782038,-88.87947772162235,122.10238291511493, -6.553374257549675,-33.39528319527692,5.478593984856251
2024-09-06 02:00:58,-3.543219792674658,-89.6896328547395,121.81180070871667, -6.642206904103318,-32.29619176537044,5.621817400584182
2024-09-06 02:00:59,-3.68069294794182,-90.43203155596797,122.66007235795146, -6.878133542492716,-32.4150259759762,5.814445047402542
2024-09-06 02:00:59,-3.5082813386512313,-91.29843019759421,123.1537989210116, -6.625905346046968,-32.027755612805855,5.624424743845883
2024-09-06 02:00:59,-3.0212468943907065,-91.64535119572106,123.119206762279, -5.772375906767837,-31.60370558232685,4.920858600102091
2024-09-06 02:00:59,-2.7860966617269756,-91.40302455684487,122.25654490848734, -5.420683710908992,-30.9667034676683,4.651724685914804
2024-09-06 02:00:59,-2.6625523475187713,-91.31675246002189,121.62136774585048, -5.2655175074485,-30.41027895496403,4.544377125613214
2024-09-06 02:00:59,-2.310344451241664,-91.2102594795772,120.82266935582042, -4.667760106151612,-29.69425050976879,4.056996119915848
2024-09-06 02:00:59,-2.01797473552205,-91.04178194491617,120.24707492099284, -4.130241932724236,-29.268795364529968,3.604448686470946
2024-09-06 02:00:59,-1.5232314770346596,-90.89239475829693,119.54895913196465, -3.173819438218712,-28.69359043295106,2.7847303349373664
2024-09-06 02:00:59,-1.1528249812328184,-90.75340513211623,118.9556634810102, -2.4382561035167827,-28.22387769818677,2.148653176094547
2024-09-06 02:00:59,-0.7062510487523794,-90.81324953172604,118.2751358991539, -1.5311844578566527,-27.47026027250365,1.3586128182165054
2024-09-06 02:00:59,-0.2177893548927563,-90.41003280683277,117.19308498668605, -0.4833082875091699,-26.783872200224778,0.4314575231027309
2024-09-06 02:00:59,0.18098066169117255,-90.09704672696924,116.2852996428373, 0.41008202916481507,-26.18883409864247,-0.3679860338382517
2024-09-06 02:00:59,0.44556200929840817,-89.63109859880117,115.38391412375928, 1.0253950956800524,-25.756406587721774,-0.9235403574684709
2024-09-06 02:00:59,0.7366644901755286,-89.2019272819487,114.57203205192279, 1.71889470049431,-25.380089664830987,-1.5530799526011183
2024-09-06 02:00:59,1.037539788261346,-88.80864186946566,113.79707056706889, 2.4548573203989394,-25.00857696496219,-2.2249442290010166
2024-09-06 02:00:59,1.4094629291459897,-88.53384333172255,113.28254434700703, 3.3635828132932555,-24.786279823009078,-3.054338853726585
2024-09-06 02:00:59,2.0167657982484046,-87.82286215939467,112.45071846222265, 4.830110953920408,-24.705161313325036,-4.389828010936236
2024-09-06 02:00:59,2.4244717962902307,-87.22434533171779,112.02072013950422, 5.764804693269106,-24.907159168679915,-5.231754708208698
2024-09-06 02:00:59,2.624324028370786,-86.47004659743129,111.700986671925, 6.137242729213572,-25.358160629885674,-5.549795225361168
2024-09-06 02:00:59,2.856089994381373,-85.82389919261826,111.29084470098297, 6.618135120710014,-25.61597300830651,-5.97260706648071
2024-09-06 02:00:59,3.1568250389392687,-85.14876625944044,111.01704048812624, 7.204504063169523,-26.04700586460752,-6.4793410508093725
2024-09-06 02:00:59,3.280008744519299,-84.33068566845013,110.79563386814404, 7.3278843351912455,-26.6528714973772,-6.556404603848392
2024-09-06 02:00:59,3.516897328981247,-83.99678350976106,111.05970992298253, 7.693129667145547,-27.27336676950315,-6.8465040461651885
2024-09-06 02:00:59,3.5298603348215716,-83.68529007991424,111.46765371852298, 7.538737784978388,-27.987983439588355,-6.665502867807755
2024-09-06 02:01:00,3.282147514200336,-83.56329447056511,111.84826426147616, 6.900476418276447,-28.45913145729102,-6.073258341183123
2024-09-06 02:01:06,3.5155119438025526,-84.23321451118318,112.92401587927003, 7.292292934233365,-28.88719405680239,-6.392969223164876
2024-09-06 02:01:06,3.559958329511107,-84.91341162101386,113.63849681647393, 7.3757373819711045,-28.92617372413952,-6.463901664818738
2024-09-06 02:01:06,3.5649891601988757,-85.65168918011067,114.43658193676211, 7.372189759199607,-28.98605271158282,-6.45708127380085
2024-09-06 02:01:06,3.379381313534621,-87.10939168794545,115.94252149084096, 6.980769408011801,-29.013594568667607,-6.111814982501335
2024-09-06 02:01:06,3.2478850606046477,-87.79502119133049,116.61259912079191, 6.7143570073520555,-28.984418132705294,-5.879702023906149
2024-09-06 02:01:06,2.958874945848443,-88.695681671733,117.63002418829285, 6.098127735145775,-29.07221666915958,-5.334560706042704
2024-09-06 02:01:06,2.7181433076426047,-89.37606766224104,118.57304475039354, 5.55877121926889,-29.31212737478308,-4.850700695499338
2024-09-06 02:01:06,2.444607934978912,-89.94275821416994,119.30528987289726, 4.976076802863049,-29.455080255131858,-4.335509670347083
2024-09-06 02:01:06,2.2441644042538007,-90.48969916114946,119.95927180113013, 4.554386309583712,-29.54724686530897,-3.9641140348228445
2024-09-06 02:01:06,1.6096790658608313,-90.94346560758528,120.6927022389641, 3.24137170625609,-29.788772997806568,-2.813806557265175
2024-09-06 02:01:06,0.8043675892280141,-91.56667393230661,121.43424298510945, 1.6148841459336252,-29.87739934505226,-1.4003472505582508
2024-09-06 02:01:06,0.1673577944259883,-92.16243471393553,122.11567004329495, 0.33518668584737465,-29.95365947576255,-0.29041646454753445
2024-09-06 02:01:06,-0.4796943323521845,-92.4939698037952,122.58488470367325, -0.9566937866901917,-30.094380049299176,0.8277513867310236
2024-09-06 02:01:06,-0.9022170090033406,-92.71170765963453,123.13341355606777, -1.7813413179450297,-30.43380050954048,1.5360261652672154
2024-09-06 02:01:06,-1.3541672740557982,-93.01587293653353,123.69208387689595, -2.6528596002963223,-30.703176037440116,2.2814171765671074
2024-09-06 02:01:06,-1.649453920593569,-93.41779765836245,124.84045468198669, -3.1614923597939697,-31.46149480793818,2.6974703440805747
2024-09-06 02:01:06,-2.1655442579348816,-93.54009175631035,125.88957188974683, -4.042332974865701,-32.41402732309015,3.414150890203465
2024-09-06 02:01:06,-2.503450775083859,-93.56692079947302,126.41100494950379, -4.608864520734684,-32.92869639182569,3.8709050430812613
2024-09-06 02:01:06,-3.1350737331046226,-93.90039248875499,127.19429776257172, -5.698051296491913,-33.42425190397719,4.760434068323841
2024-09-06 02:01:06,-3.2297305361424087,-94.32167562502896,128.08387007559233, -5.797803209664469,-33.898089278697064,4.817464137316549
2024-09-06 02:01:06,-3.4046223273381395,-94.68252470751793,128.88767022337336, -6.041001086093859,-34.35363442005921,4.9931560014700604
2024-09-06 02:01:06,-3.4182674911146047,-94.89620242356905,129.71796385374066, -5.971587271634,-34.96804204598979,4.899367469512967
2024-09-06 02:01:06,-3.451327466942307,-94.82206976902188,130.32003974413502, -5.929595332889133,-35.64340910340227,4.824584200463979
2024-09-06 02:01:06,-3.1716669176788344,-93.93022169497331,130.6203478710339, -5.298616829693777,-36.807749716086136,4.246681122673833
2024-09-06 02:01:06,-3.0258198679084005,-93.21116889894853,130.59400201291533, -4.975836096612604,-37.48725093286949,3.9519470472602354
2024-09-06 02:01:06,-2.73811870642174,-91.82973080580484,130.6785300931088, -4.360044723443958,-38.92994456150312,3.39432913303599
2024-09-06 02:01:06,-2.5423460691250157,-91.10152119195708,130.75812270197147, -3.9799172797064046,-39.72458651934041,3.0630667083711574
2024-09-06 02:01:06,-2.4057413726419914,-90.49762661645073,130.82521087161143, -3.7143745277750164,-40.38703604140252,2.830847450228859
2024-09-06 02:01:06,-2.1098887926111907,-90.01708089983302,130.20751572511134, -3.2674039035778297,-40.23639355569541,2.495418383609869
2024-09-06 02:01:07,-2.021796870763669,-90.48822055423683,129.98742369337964, -3.1766496240752473,-39.54245316986521,2.450700627926637
2024-09-06 02:01:07,-2.2922147675932196,-91.16469513566261,130.54270569225253, -3.610151633442986,-39.43383477987077,2.7898207381911777
2024-09-06 02:01:07,-2.5863931901121084,-92.43815495783923,132.26427759952213, -4.034401713343168,-39.89606006435665,3.0973352861342724
2024-09-06 02:01:07,-2.7145750855816075,-93.63790906976524,133.72035549951738, -4.211460014878515,-40.158784990297406,3.2210624745129954
2024-09-06 02:01:07,-2.853385094017078,-94.57151914167034,134.8406842444864, -4.409340954644669,-40.3529470203795,3.3630097873086973
2024-09-06 02:01:07,-3.355643385168296,-95.8525923946826,135.95787963197552, -5.200689372617354,-40.22178496780907,3.975538723398155
2024-09-06 02:01:07,-4.2095605767149555,-97.29381401706357,136.87307373975682, -6.589615636544011,-39.76587336941964,5.07434778472703
2024-09-06 02:01:07,-4.888762744395259,-98.56825015148641,137.7092766545095, -7.716655103053256,-39.39643874857646,5.977757739109111
2024-09-06 02:01:07,-5.846731461788701,-99.814526168789,138.36885962321605, -9.3302788321446,-38.92679537917266,7.283839255557931
2024-09-06 02:01:07,-6.762487065717814,-100.94343602483477,138.7939888255653, -10.93756741038218,-38.360597193499146,8.616539090113399
2024-09-06 02:01:07,-7.5958140306176,-101.99187439538477,139.26005745753474, -12.41950089906858,-37.92399132864294,9.854864958878508
2024-09-06 02:01:07,-8.29650556956798,-102.82211510651658,139.37629037842896, -13.75760616332903,-37.355390331367005,11.013206393990316
2024-09-06 02:01:07,-9.257538286663252,-103.91308168329473,139.49071033849384, -15.650453669321124,-36.60796678664141,12.674367267089103
2024-09-06 02:01:07,-9.839957179363953,-105.08580014952474,139.9381055631129, -16.883894192862186,-36.04495415618973,13.788444581796675
2024-09-06 02:01:07,-10.018434824320897,-105.48807684740076,139.5662106149661, -17.499033522590814,-35.34885456837862,14.421512710089155
2024-09-06 02:01:07,-10.350903312387253,-105.33302409107425,138.80783774098776, -18.321932564264394,-34.859751345157875,15.201423054605524
2024-09-06 02:01:07,-10.539867637544633,-105.15922637025255,138.20869675266096, -18.837855008949784,-34.50691938827855,15.702788380654534
2024-09-06 02:01:07,-10.71232650525066,-104.50450768993804,136.98576023212075, -19.4055925566704,-34.01755322475053,16.27679143525427
2024-09-06 02:01:07,-10.566172076976898,-103.92107151595619,136.3461640886247, -19.181939955053142,-33.92379778742127,16.101679428406445
2024-09-06 02:01:07,-10.356066251592578,-103.43059572595035,135.59737803529208, -18.944829739321236,-33.62164643835855,15.95148207178611
2024-09-06 02:01:07,-9.294830457792044,-102.93920272078225,134.92883406134263, -17.16779307845573,-33.174482199428994,14.498078065142668
2024-09-06 02:01:07,-8.634207668906209,-102.63498193372817,134.81315854181855, -15.914383470326174,-33.195867639162955,13.41969937005685
2024-09-06 02:01:07,-8.132305283555981,-102.0248057562452,134.5370914660631, -14.888440183101116,-33.40536892610365,12.513494476752545
2024-09-06 02:01:07,-7.575428493743278,-101.43985328648535,134.35245450894206, -13.75327304577153,-33.67735338635613,11.512632354995514
2024-09-06 02:01:07,-6.6023924204220386,-100.30098405125386,133.75505723040146, -11.857778389463954,-34.02487907568509,9.871569668212114
2024-09-06 02:01:07,-6.166769737768167,-99.65635404918305,133.30025070447616, -11.035426689836804,-34.13887816973003,9.169354226768872
2024-09-06 02:01:07,-5.709293247972687,-98.98166871572457,132.8671617410391, -10.166222980966621,-34.30638844891436,8.42564659797005
2024-09-06 02:01:08,-5.456645669972537,-98.23516349017378,132.39783002707782, -9.654280258125292,-34.54338922772713,7.976394107532067
2024-09-06 02:01:08,-5.355331479130476,-98.45812773899526,133.1299058816863, -9.357326508637007,-35.03170859561026,7.6845466133738976
2024-09-06 02:01:08,-4.835584992054419,-98.14575142426345,132.41215614697057, -8.544857192386006,-34.56459864699924,7.053367848952662
2024-09-06 02:01:08,-4.5384215586844965,-97.5634307272742,131.6766499217447, -8.055790489109867,-34.37753191070916,6.662691220573305
2024-09-06 02:01:08,-4.555379457177874,-97.14673685013415,130.88479639091935, -8.16365431939523,-34.008108771164466,6.781652298126522
2024-09-06 02:01:08,-5.138039342131937,-96.69531646776514,130.43362424789012, -9.19614008939442,-34.08147836481283,7.637156614076288
2024-09-06 02:10:48,0.7360133052549984,-88.55399976295291,125.59995440034291, 1.2215713941986328,-37.0522170591266,-0.9749735246677648
2024-09-06 02:10:48,0.8843318338874913,-88.72768767439075,124.82037911202956, 1.5009502995747563,-36.102051588610195,-1.2128173060763854
2024-09-06 02:10:48,0.8622383094433864,-88.93909071673602,124.38310540352475, 1.4866342615470163,-35.453127977280964,-1.2110892840593406
2024-09-06 02:10:48,0.8120586373658267,-89.13369647765941,123.94571486444296, 1.4222567911053885,-34.82029360187721,-1.1676756609943697
2024-09-06 02:10:48,0.7473718064422189,-89.37916525929592,123.51324256144169, 1.331737281698526,-34.14126677196706,-1.1022833050746161
2024-09-06 02:10:48,0.8111675775149748,-89.57967070646895,123.01213109989786, 1.4720717550350817,-33.44115682977666,-1.228455633649189
2024-09-06 02:10:48,0.8508439235266246,-89.74928243733895,122.49005289698725, 1.5729130602847423,-32.7505941449397,-1.3229696808210472
2024-09-06 02:10:48,0.7691900090130118,-90.10788811848573,122.0642221670964, 1.453071642094315,-31.964609761148854,-1.232824090362178
2024-09-06 02:10:48,0.8385696376035572,-90.33855582209787,121.33199601495625, 1.6281583862122861,-31.003654110395978,-1.3956503075863018
2024-09-06 02:10:48,1.0217047792058886,-90.53772013958739,120.60679639901645, 2.0385085214657255,-30.084806524790164,-1.7640765902130462
2024-09-06 02:10:48,1.0936287374760394,-90.75203668984997,119.9330726581733, 2.2421428835002084,-29.199719777234545,-1.9574591361269889
2024-09-06 02:10:48,1.1459703652571323,-90.91712112465177,119.33830198669622, 2.4066616322420646,-28.442349507226073,-2.11645210451197
2024-09-06 02:10:48,1.1451397518051136,-91.25944808812505,118.49469253691049, 2.5009885189888585,-27.257468608184876,-2.223568516256249
2024-09-06 02:10:48,1.2709278004997833,-91.529177131479,117.57287030889657, 2.892694423413287,-26.07252193824106,-2.5987557408575017
2024-09-06 02:10:48,1.340044422009645,-91.73303154278425,116.77430997144964, 3.1632841546005133,-25.074798521407622,-2.8656840827210344
2024-09-06 02:10:48,1.525997092967263,-91.98945665981772,115.96444909913313, 3.7510083147707776,-24.02064524433748,-3.4269773800676075
2024-09-06 02:10:48,1.4303525868989975,-92.3554794338846,115.21562024643663, 3.6775985680316436,-22.902449876317995,-3.3883931979514648
2024-09-06 02:10:48,1.3965257160895619,-92.61254020377478,114.48252436045256, 3.744448229923398,-21.912344407003665,-3.4746222773263655
2024-09-06 02:10:49,1.3627975747463716,-92.72903825020737,113.76700307312348, 3.791408973571979,-21.08006056069314,-3.5383508129336505
2024-09-06 02:10:49,1.075015474779577,-92.96585871045227,113.10778270104808, 3.119179426963229,-20.16940147814743,-2.9282466445497275
2024-09-06 02:10:49,0.832535359988307,-93.18261718349166,112.40742059913073, 2.526924178150767,-19.24214053716663,-2.3859235876802876
2024-09-06 02:10:49,0.6021917483683599,-93.40696136168793,112.06951262017103, 1.8812784803657314,-18.671918434151536,-1.782327354400583
2024-09-06 02:10:49,0.3555619944858335,-93.4326162308949,110.95203681232164, 1.1810029756442293,-17.52291519651432,-1.1262148902313318
2024-09-06 02:10:49,0.3159567054232459,-93.36062039906672,110.23166457814825, 1.0885652487530364,-16.87391650841114,-1.041708529801632
2024-09-06 02:10:49,0.7696268590528447,-93.45416740772832,111.21000061952658, 2.5222086277793254,-17.771968212778013,-2.4019904059504946
2024-09-06 02:10:49,1.1036278629450476,-93.41580828965476,112.1605630509969, 3.430637905059439,-18.776050073110355,-3.2484746219786227
2024-09-06 02:10:49,1.1945242239280998,-93.36885253853072,112.71457205790452, 3.60169239028543,-19.381153460407603,-3.3980837801215307
2024-09-06 02:10:49,1.296668579321657,-93.3113862720927,113.22055020319742, 3.8028522889419665,-19.949634942166554,-3.5752648902081496
2024-09-06 02:10:49,1.4221889209779857,-93.2275464965281,113.96608756871758, 4.010564867306068,-20.785105078587588,-3.750319820186915
2024-09-06 02:10:49,1.6059393994304534,-93.15155938970472,114.72347766254181, 4.360602178887526,-21.62876934643613,-4.054641402698746
2024-09-06 02:10:49,1.7662002424340095,-93.06729321308238,115.41468113106176, 4.6365154794257215,-22.413509025929496,-4.287614489637941
2024-09-06 02:10:49,1.9432803336324107,-92.95415119191615,116.18591491034006, 4.916327811747905,-23.308408624286827,-4.5168315796879055
2024-09-06 02:10:49,2.087049183452407,-92.8417396299862,116.89637578264623, 5.108923620892837,-24.139641648717767,-4.6642205338773985
2024-09-06 02:10:49,2.3212205068299867,-92.71538600793643,117.61665441400041, 5.498927922929738,-25.00235199517485,-4.986356883226101
2024-09-06 02:10:49,2.490587396909551,-92.58537078247993,118.51252129175217, 5.681210583337252,-26.03825679874371,-5.107795160752566
2024-09-06 02:10:49,2.531952400413338,-92.53051315187933,119.34779208505987, 5.598034313345392,-26.927719048100062,-4.994342037003338
2024-09-06 02:10:49,2.5787800687728812,-92.44878601827618,120.12880686907279, 5.537778262053844,-27.790429985579728,-4.902358597869028
2024-09-06 02:10:49,2.4272520897355667,-92.30825352446854,120.81020838061802, 5.076287091716507,-28.59648131616041,-4.459713247215
2024-09-06 02:10:49,2.4249252332099287,-92.00106378778966,121.68530063957428, 4.887700715044636,-29.7741220210533,-4.245011249923956
2024-09-06 02:10:49,2.4236702199098348,-91.67239011223032,122.50003945038247, 4.721612199427581,-30.913427277000586,-4.0533009063706515
2024-09-06 02:10:49,2.3983362267633046,-91.23536836572862,123.12746184678525, 4.532715548947165,-31.97265846148256,-3.847355255602709
2024-09-06 02:10:49,2.3174495219198867,-90.83382393774666,123.68332759562128, 4.266740673301574,-32.92200840544249,-3.583505134742443
2024-09-06 02:10:49,2.22704878432346,-90.45996171184989,124.18997381987106, 4.006155801464414,-33.79477410456244,-3.3309349196318454
2024-09-06 02:10:49,2.0904216728040166,-89.90212202676675,124.67337655899348, 3.6620997504275037,-34.826137358717936,-3.0075116520885317
2024-09-06 02:10:49,2.0472962633600718,-89.3977855913022,125.0856801066288, 3.506542261438153,-35.73878270316906,-2.8474318531331577
2024-09-06 02:10:49,1.9887452595874087,-88.87216033035571,125.49344938561579, 3.331474644823213,-36.66769730500483,-2.673291279471587
2024-09-06 02:10:49,1.9568367038381127,-88.29008527608049,125.8513668854698, 3.207875885127939,-37.60470846869908,-2.5423948441366724
2024-09-06 02:10:49,2.0037555527175748,-87.54141550293298,126.14272837400463, 3.2096226825238956,-38.64517640406124,-2.5078289395682614
2024-09-06 02:10:49,2.0207374405522023,-86.78274441979761,126.429129604444, 3.165154067624967,-39.68936470718546,-2.4366539972530568
2024-09-06 02:10:49,1.9415844904861759,-86.07554383195082,126.75125910669286, 2.977367041970436,-40.71397616976411,-2.2576349357890955
2024-09-06 02:10:49,1.9088814149680662,-85.15164862225768,127.18250378568067, 2.849776744153197,-42.06611734244568,-2.116378208163776
2024-09-06 02:10:49,1.8535513138391284,-84.2584249012283,127.55675890689375, 2.7017079829819046,-43.33013955007881,-1.9659404982300384
2024-09-06 02:10:49,1.7614461339473397,-83.15808558373965,127.9589713636457, 2.4989653119036577,-44.82814205174748,-1.7728862056011092
2024-09-06 02:10:50,1.6887463127143438,-82.25362029983643,128.26594815030205, 2.3465131318660495,-46.03634420587338,-1.629425876628634
2024-09-06 02:10:50,1.5475641797563564,-81.44191347041952,128.44252490935062, 2.1155587328157917,-47.020096242581346,-1.4426156808423187
2024-09-06 02:10:50,1.395670304518642,-80.62711401926941,128.56874540812643, 1.8794823339868585,-47.95696576866286,-1.2589168897861711
2024-09-06 02:10:50,1.1610394778204014,-79.8340270984692,128.62938585727358, 1.5430316440228644,-48.80565755864416,-1.016403165831541
2024-09-06 02:10:50,0.948667349947885,-79.00528963096652,128.70322210278408, 1.243835618612115,-49.70459291543636,-0.8044976390036214
2024-09-06 02:10:50,0.7556886839316509,-78.24599278145602,128.81381963003648, 0.9783551577310251,-50.57192483852046,-0.6213982767482865
2024-09-06 02:10:50,0.6578949411250954,-77.47837792798647,128.9400344237963, 0.8410685837534804,-51.46466498381844,-0.5240063709146824
2024-09-06 02:10:50,0.5408167889215693,-76.66178121341098,129.03737111887128, 0.6828118905462309,-52.37755720563902,-0.41683862462418625
2024-09-06 02:10:50,0.2983463759348591,-76.1431295165402,129.1575803936003, 0.37349724636012605,-53.015035899798264,-0.22469999852840564
2024-09-06 02:10:50,0.07397878899720811,-75.5435469678489,129.26190577347484, 0.09177164241184294,-53.718393865062914,-0.054306305051612574
2024-09-06 02:10:50,-0.4814830361266276,-74.53606366395394,129.32116317479608, -0.5893272448594742,-54.786527391738325,0.3398284948112128
2024-09-06 02:10:50,-0.7992663627578727,-74.00141270607251,129.33977770990245, -0.971692697206552,-55.3422195163626,0.5526117880463097
2024-09-06 02:10:50,-1.3768093357731706,-73.16396454199989,129.2457193416981, -1.6589926266604411,-56.092877127373136,0.9256443787853732
2024-09-06 02:10:50,-1.7618907637138261,-72.4014400496728,129.1524209315733, -2.1064947462812635,-56.768737847607746,1.1547646553007958
2024-09-06 02:10:50,-1.455379587899507,-73.93299461404658,129.90676189100128, -1.7558753545071117,-55.98624573505083,0.982433769819097
2024-09-06 02:10:50,-1.177614592282191,-75.52721926754347,130.28904753144974, -1.4417097703663448,-54.77037654753329,0.8317742234017345
2024-09-06 02:10:50,-0.992987142366315,-76.65055678524405,130.53829020667314, -1.2290863040295075,-53.89401047480192,0.7243495086139713
2024-09-06 02:10:50,-0.8993406417354288,-78.11435258610581,130.75896988377826, -1.131352269112659,-52.6500047140122,0.6864277561745504
2024-09-06 02:10:50,-0.8070491650621179,-79.40279363155486,130.9360461143449, -1.0307115068800918,-51.53776807119475,0.6411435425024552
2024-09-06 02:10:50,-0.8322583287945524,-81.15398025522182,131.0179974627879, -1.0885526645781511,-49.8691133983629,0.7016606050481602
2024-09-06 02:10:50,-0.9501854360024915,-82.30788739987446,130.89670647730543, -1.26685398411164,-48.59576744071465,0.8379325892482516
2024-09-06 02:10:50,-1.0413091270169454,-83.42352585483223,130.79416182942418, -1.4151707450168747,-47.379345311329956,0.9583760588106489
2024-09-06 02:10:50,-1.0503462792285152,-84.31219597052412,130.71346507205698, -1.450232353053665,-46.41043585994196,1.0000293013987531
2024-09-06 02:10:50,-1.0904274283423532,-85.16505062900777,130.61196286180936, -1.530029146454265,-45.45712666763354,1.0733574965980675
2024-09-06 02:10:50,-1.0682999090284273,-85.94958003062983,130.52799483402146, -1.521863005044072,-44.58852067229128,1.0839457884658372
2024-09-06 02:10:50,-1.0573157518960157,-86.72277547449153,130.41950936392186, -1.5302855986366064,-43.70694253098331,1.1063436895579377
2024-09-06 02:10:50,-1.0408829850481782,-87.41241734325281,130.39028596394394, -1.526664217322932,-42.98801423743088,1.116872185554882
2024-09-06 02:10:50,-1.0345613768431452,-88.12937496798635,130.31944145007148, -1.5402571049595053,-42.20036966336948,1.1411468956361428
2024-09-06 02:10:50,-1.0360062373650267,-88.71354030501853,130.20452596544385, -1.563559992325868,-41.50157439751252,1.1711363753838961
2024-09-06 02:10:50,-1.081315552064953,-89.4005386249134,130.1523081249173, -1.656205014968108,-40.76360881882883,1.2545750696864528
2024-09-06 02:10:50,-1.1334581967894812,-90.11520706476394,130.0667669635866, -1.7647989930955865,-39.96494174197619,1.3527848108541483
2024-09-06 02:10:50,-1.1079565288767188,-90.904603828539,130.02902250946954, -1.7555253242328779,-39.13758672631217,1.3618122737722584
2024-09-06 02:10:50,-1.1152535777422254,-91.65323390447163,129.96995897749932, -1.7984089964576835,-38.3304580113421,1.4109343745282246
2024-09-06 02:10:50,-1.1764294507945872,-92.36421442529448,129.87990518878038, -1.9313470037737952,-37.53141825836528,1.531810942732527
2024-09-06 02:10:50,-1.236466762381781,-93.04277755610676,129.77404084327523, -2.0668779200368945,-36.74913779806085,1.6563695915902032
2024-09-06 02:10:50,-1.4883653012373435,-93.83325555153989,129.72957096098418, -2.5373962077450587,-35.923014404449894,2.0552611773668112
2024-09-06 02:10:51,-1.6545246456157627,-94.52228000132513,129.65118952727738, -2.8737312836602342,-35.162846739875796,2.3499819036346
2024-09-06 02:10:51,-1.8012956223674097,-95.17390006552488,129.55598298988724, -3.187535725782267,-34.42343855089041,2.6302086917172574
2024-09-06 02:10:51,-1.7036861989632355,-96.10337102957712,129.36278171967746, -3.104350165028779,-33.29800809500435,2.595463165927118
2024-09-06 02:10:51,-1.94781333848879,-96.99132211730821,129.20632445250766, -3.6502251460363198,-32.2675043020067,3.0876917914202746
2024-09-06 02:10:51,-2.23885720242648,-97.6352379069991,129.15680841556534, -4.276497107754865,-31.59280966555815,3.6445450827275074
2024-09-06 02:10:51,-2.3759082430699134,-98.36581106564016,129.10718292439165, -4.640530565185808,-30.82408896673122,3.987317492889514
2024-09-06 02:10:51,-2.608143949773877,-99.12813093260041,129.20103051599085, -5.1941440157199175,-30.175241102931377,4.493403027224741
2024-09-06 02:10:51,-2.8236410841092914,-99.95427476188847,129.43983128860208, -5.722274530560962,-29.608348499073347,4.979112431242257
2024-09-06 02:10:51,-3.055970309700865,-100.72304330981383,129.61983438911628, -6.304441942204074,-29.044065785427097,5.516875786116918
2024-09-06 02:10:51,-3.2855712501517247,-101.48774460928941,129.89820318523257, -6.879904591445503,-28.58407543255051,6.047994809422455
2024-09-06 02:10:51,-3.734739585719395,-102.72587504755305,130.73410764580476, -7.913623507168164,-28.236145841684213,6.981853935234504
2024-09-06 02:10:51,-4.386472361413644,-103.93619925572509,131.6320517702937, -9.371779102004618,-28.013895194199748,8.28997051267116
2024-09-06 02:10:51,-4.777150172238359,-104.53083415474475,132.09342575316006, -10.237747543768847,-27.9415223184509,9.06538201239982
2024-09-06 02:10:51,-5.346091642603605,-105.002337735765,132.40116668928147, -11.494454449736892,-27.875846190313844,10.1903856655149
2024-09-06 02:10:51,-5.980185229786416,-105.27848537588733,132.69670326360074, -12.816047556747392,-28.013334752899503,11.355981483580631
2024-09-06 02:10:51,-6.665933507003915,-105.48317118934719,132.91299299501338, -14.235635551212312,-28.16698672470583,12.607090315184575
2024-09-06 02:10:51,-7.3255238194687635,-105.73032337890047,133.15139385786148, -15.597059941913574,-28.30923971848882,13.807569558353666
2024-09-06 02:10:51,-7.916384570700333,-105.95709851417813,133.8953329786834, -16.53048100011322,-28.951003594572263,14.558292265852732
2024-09-06 02:10:51,-8.393365076112602,-106.06261416434808,134.63037800883706, -17.147708119722612,-29.67525466128394,15.007199845050183
2024-09-06 02:10:51,-8.52889668738627,-106.03714825624951,135.24268772874217, -17.084493425457843,-30.319708945617297,14.8586097364389
2024-09-06 02:10:51,-8.685298522290758,-106.01462027156525,135.8155040448832, -17.085848789672564,-30.92877146478542,14.770677279367261
2024-09-06 02:10:51,-8.741024487403465,-105.75780678130144,136.4600721478163, -16.759070179273685,-31.805139817669755,14.355097467205324
2024-09-06 02:10:51,-8.88444194410074,-105.45860194428472,137.0629585724084, -16.60917148155423,-32.704493471874486,14.090118571377776
2024-09-06 02:10:51,-8.922561771637424,-105.0707574462033,137.69234038585589, -16.23720843034378,-33.68935270934447,13.62140945961934
2024-09-06 02:10:51,-8.225820368936157,-104.16487928157505,138.24192688508455, -14.467113444111622,-34.93888958170019,11.942248462899457
2024-09-06 02:10:51,-7.794638696964648,-103.68860571016936,138.4937396541784, -13.48611999336819,-35.559546840519644,11.039641634988662
2024-09-06 02:10:51,-7.068656303059262,-103.04852574318451,138.67056013538877, -12.018876469675048,-36.225392634301144,9.745293324214362
2024-09-06 02:10:51,-6.20596806180607,-102.20996411841375,138.68904583248536, -10.364905538018036,-36.93079188861965,8.317956059432557
2024-09-06 02:10:51,-5.450850215591652,-101.42887528387473,138.7091493043897, -8.952709970886563,-37.6193037721669,7.112814384259071
2024-09-06 02:10:51,-4.369965076158342,-100.48616248646817,138.64521115405, -7.050834572827377,-38.3705347629933,5.538701856361726
2024-09-06 02:10:51,-3.375091728819063,-99.4661914410795,138.3833261430948, -5.363179014362782,-39.0400574120991,4.1704405003127345
2024-09-06 02:10:51,-2.5095725179960526,-98.523977193407,138.14085302558772, -3.9319871649403133,-39.68321426123596,3.0279421716688164
2024-09-06 02:10:51,-1.8324127006011146,-97.9595188843945,137.70983694342385, -2.8642267451276524,-39.78553320611529,2.201751939801384
2024-09-06 02:10:52,-1.2306562318196608,-97.63964050218354,137.32453221900784, -1.9267915800043096,-39.700816494964315,1.482683083140626
2024-09-06 02:10:52,-0.6210338284542549,-97.24611158123443,136.95921649154803, -0.9719142728779937,-39.71715684039834,0.747633752554946
2024-09-06 02:10:52,-0.034793584823636925,-97.07770557277226,136.5633566445778, -0.054716781865149944,-39.48566389401278,0.04222952630578225
2024-09-06 02:10:52,1.0211892552562916,-96.93214519877367,135.87899066340663, 1.6242844069331421,-38.95810318173358,-1.2631869646125593
2024-09-06 02:10:52,1.5939001508773742,-96.85353748312905,135.50687424651787, 2.5508173409453105,-38.6810457663405,-1.9917768277229568
2024-09-06 02:10:52,2.1582253991192526,-96.90062400054929,135.0294468163176, 3.4928096930248858,-38.180573780600994,-2.746880455062291
2024-09-06 02:10:52,3.1401353547063646,-97.06805785100076,134.0034089868122, 5.216380613186296,-37.049629875359145,-4.167442268694541
2024-09-06 02:10:52,3.410123505887071,-97.39531571931501,133.41842164475827, 5.7855428331441745,-36.162391187436135,-4.676473495334052
2024-09-06 02:10:52,3.701910539868778,-97.64485817322692,132.85319923710813, 6.402943969825557,-35.37740780974026,-5.227964580855149
2024-09-06 02:10:52,3.8518833706310307,-98.13971149298362,132.22052132444503, 6.851453622707085,-34.2716435941111,-5.670440768472853
2024-09-06 02:10:52,3.9133453619896503,-98.72150444623298,131.65956131770986, 7.170732469604598,-33.14368646992254,-6.013436784659451
2024-09-06 02:10:52,4.011833575653247,-99.18948356190185,131.088361328965, 7.5603507128883916,-32.12373543155245,-6.413375983587025
2024-09-06 02:10:52,3.8256838508846114,-99.77858076240597,130.63470276879087, 7.428362496838092,-31.06915934963176,-6.372214995716227
2024-09-06 02:10:52,3.5726680350210263,-100.39500617263667,130.40234099457948, 7.116206543392827,-30.19958433222564,-6.158379859305398
2024-09-06 02:10:52,3.381714979626414,-100.91328790575072,130.11664156105797, 6.905440015566691,-29.381350238818378,-6.024225091525508
2024-09-06 02:10:52,3.28108882503416,-101.53235679521376,129.89663791881313, 6.880743823491796,-28.537758118672482,-6.051376662084548
2024-09-06 02:10:52,3.1929261242037694,-102.1871030535491,129.75394596368326, 6.873388651281788,-27.736733389651206,-6.089919755862307
2024-09-06 02:10:52,3.093188026739235,-102.79196153515404,129.54015557750222, 6.8465871666375735,-26.913345641738324,-6.110994883465291
2024-09-06 02:10:52,2.769581696979449,-103.34742169439477,129.21665547911456, 6.326720430288483,-26.006908850193632,-5.690522856105719
2024-09-06 02:10:52,2.132690456945795,-103.92911382357846,128.94099161703957, 5.033474903579136,-25.096806816968986,-4.560384945305188
2024-09-06 02:10:52,1.5283983852565344,-104.46800450870293,128.6333139414387, 3.729142573199762,-24.210699928898308,-3.4019477665505544
2024-09-06 02:10:52,0.9073847908214886,-104.84977718082564,128.32457166431425, 2.276874475980269,-23.491333046604495,-2.0883426112406136
2024-09-06 02:10:52,0.4176679425928117,-105.18462777649495,128.0846464803759, 1.0732471391595912,-22.903622283285408,-0.9886507094097388
2024-09-06 02:10:52,-0.03572220300756551,-105.49819000904779,127.8353854163758, -0.0939916983846858,-22.337222509220723,0.08693885527699252
2024-09-06 02:10:52,-0.2623806936029971,-106.34928625501004,128.2290420888204, -0.7040448972339198,-21.881251781963297,0.6533288396473703
2024-09-06 02:10:52,-0.5693772690222386,-107.10117880550412,128.60429227196695, -1.5530044774842215,-21.51029319878916,1.4448879399336105
2024-09-06 02:10:52,-1.1512038495145434,-107.84621562341161,129.02496422364263, -3.1836183678465284,-21.20857716655707,2.9683904000606187
2024-09-06 02:10:52,-1.8669060450284571,-108.5043471269006,129.44015565502346, -5.2121439187007494,-21.015158606564473,4.867185464651544
2024-09-06 02:10:52,-2.414277430167649,-108.99927731388436,129.8812103438271, -6.745908497423633,-21.014838595906202,6.300957478717847
2024-09-06 02:10:52,-2.9246463617734197,-109.5694181172484,130.54204926406715, -8.123416075181966,-21.16646575361209,7.581973851702966
2024-09-06 02:10:52,-3.8642031256909513,-110.29508324609216,131.3594796165452, -10.643495966200481,-21.40004145099398,9.92479885632424
2024-09-06 02:10:52,-4.988399583248987,-110.94643098831986,132.0134540899695, -13.648503991173717,-21.623399297582694,12.720374506535517
2024-09-06 02:10:52,-6.125619405197102,-111.49551736729634,132.4114632517675, -16.731933225224644,-21.7558486202837,15.600222274044281
2024-09-06 02:10:53,-7.417252508305679,-112.30827518342417,132.72490782230898, -20.464839391085384,-21.66802869732581,19.12734578692456
2024-09-06 02:10:53,-8.119537728190084,-112.72988831078779,132.85818117173858, -22.518248798436066,-21.64109078356519,21.074840183612473
2024-09-06 02:10:53,-9.127020514282536,-113.02810702808665,132.962437770247, -25.23056833327296,-21.846872479846777,23.623325923735372
2024-09-06 02:10:53,-10.083493164947411,-113.36841640950402,133.0711136999251, -27.81015480341637,-22.041443827229507,26.0547289834792
2024-09-06 02:10:53,-10.988900586813365,-113.67032678840138,133.1653858677832, -30.193120071017518,-22.273428912115335,28.299733719847815
2024-09-06 02:10:53,-12.396770916569217,-113.94357989208828,132.848814587326, -34.1530852905539,-22.482273781985427,32.08125094920391
2024-09-06 02:10:53,-13.169349205679927,-113.99147847685394,132.63243730650666, -36.20523199222804,-22.687728388056172,34.03452820724353
2024-09-06 02:10:53,-13.893744293974967,-114.13653914719382,132.48121974363886, -38.16500360413354,-22.866924975120455,35.91082336574368
2024-09-06 02:10:53,-13.360622270031273,-114.13453707316611,133.06460730971202, -36.20832128037691,-23.027976120323217,33.97103663526681
2024-09-06 02:10:53,-12.556289979922914,-113.90950000068602,133.3684015767245, -33.766032417118325,-23.02566850844301,31.60470155052466
2024-09-06 02:10:53,-11.676939421280055,-113.5609407646629,133.55211656374212, -31.153777618164558,-23.03051201408498,29.088815773997435
2024-09-06 02:10:53,-10.63627988342404,-113.21843342050805,133.78721791727713, -28.126231462839318,-23.0497770596802,26.190907200318446
2024-09-06 02:10:53,-9.765701064195543,-112.87292369441778,133.82932032963714, -25.69800967703163,-23.026945783526116,23.887652713699755
2024-09-06 02:10:53,-9.068064125616292,-112.6416233187708,133.80269592338817, -23.851319354163522,-22.939951926435285,22.154044960467797
2024-09-06 02:10:53,-7.6207802682528545,-112.08053555978617,133.67418857929664, -19.979205004825133,-22.838189407158225,18.52383279400039
2024-09-06 02:10:53,-6.793490314040741,-111.65958580410219,133.49583529176772, -17.758907800489958,-22.819177245348104,16.44697881952288
2024-09-06 02:10:53,-6.0512132709187485,-111.27280644588316,133.31353470077124, -15.774350858459513,-22.816338149007677,14.594827033228807
2024-09-06 02:10:53,-5.295349248116472,-110.85958603871478,133.09571026043935, -13.76220610075111,-22.826804950816417,12.720853495251419
2024-09-06 02:10:53,-4.567145366039423,-110.43074443769831,132.7696049006474, -11.868936552663017,-22.777516835364075,10.966690304165496
2024-09-06 02:10:53,-3.85852603999242,-109.99936472193605,132.44886375545943, -10.016322133887519,-22.761770751197822,9.250303058176982
2024-09-06 02:10:53,-3.148794220447569,-109.49747518547144,132.11905602491527, -8.139330545786573,-22.828274109622704,7.509370449030613
2024-09-06 02:10:53,-2.4850705609411525,-108.83015872252696,131.60832243599685, -6.395974369067419,-22.90614436501786,5.895313727978155
2024-09-06 02:10:53,-1.8256497230882145,-108.18876950939392,131.12422473696807, -4.676006874967028,-23.004089518793684,4.305614948853061
2024-09-06 02:10:53,-1.363452358272637,-107.67811141174866,130.6278277307236, -3.493047069236937,-22.98799641635491,3.2162600313984875
2024-09-06 02:10:53,-0.7712744834208012,-107.00314564520636,130.08244309614923, -1.9668590751167514,-23.091476954118214,1.8093833359321074
2024-09-06 02:10:53,-0.19335516186941037,-106.33798448723405,129.54540271189575, -0.4906631557457307,-23.208179153038564,0.45095996030151575
2024-09-06 02:10:53,0.43467394766210166,-105.69065123766524,129.13354293612332, 1.0924876203218568,-23.446693787196637,-1.002300869791416
2024-09-06 02:10:53,1.068178639346481,-105.00475165780074,128.83711679092698, 2.6420324713973335,-23.8548958440768,-2.4166105756526197
2024-09-06 02:10:53,1.6716866577767122,-104.32478456619691,128.5091774616933, 4.07479787311027,-24.23863481504165,-3.7166332015927233
2024-09-06 02:10:54,2.2397984310833583,-103.69654654139401,128.27266552362204, 5.372347313538495,-24.67165955251722,-4.884422034617518
2024-09-06 02:10:54,2.578442559295446,-102.37709010350227,127.43333455083894, 6.069607273866686,-25.180039198112148,-5.4965604714578085
2024-09-06 02:10:54,2.8576160338077488,-101.14523240879439,126.9516762432105, 6.541098843170916,-25.953392995009857,-5.886319667416197
2024-09-06 02:10:54,3.0560382739933973,-100.38738034889836,126.74788145267506, 6.856315381195915,-26.52445700399437,-6.140478922471211
2024-09-06 02:10:54,3.6071023958878903,-99.18102774571358,126.98133061046185, 7.6976521501731,-28.01482323304974,-6.804697555897188
2024-09-06 02:10:54,4.037783523286466,-98.46205399565349,127.24771704208172, 8.33975312818542,-29.04345484109207,-7.303164213684523
2024-09-06 02:10:54,4.383869679623668,-97.765363448149,127.51039499084239, 8.783747747890045,-30.03708031193265,-7.619013528936947
2024-09-06 02:10:54,4.488111340411223,-97.0045987598497,127.50297593301016, 8.791798890764358,-30.795357314181118,-7.567688134900726
2024-09-06 02:10:54,4.612899967970746,-96.28728522874079,127.50262149135958, 8.849058121763031,-31.520263619963874,-7.559805689092859
2024-09-06 02:10:54,4.314772574039072,-94.85717053571656,126.92763699675066, 8.087583440829011,-32.328706253487304,-6.846932410345338
2024-09-06 02:10:54,3.9455662230450255,-93.65534045058584,126.37316998401295, 7.272074525924859,-32.92860941593576,-6.113486501774963
2024-09-06 02:10:54,3.6149792948021764,-92.5857056422893,125.80245106223347, 6.5786992177784445,-33.390446800080234,-5.5001258728899085
2024-09-06 02:10:54,3.5685565294649733,-91.19841177407184,124.8767355120938, 6.416658056139399,-33.844677182104654,-5.336268039060945
2024-09-06 02:10:54,3.8592336571509414,-89.58700761637087,123.89071169891079, 6.8256197023158,-34.4936760438496,-5.6341326517552215
2024-09-06 02:10:54,4.221009103673586,-88.5292097600944,123.17365590265186, 7.397139544352248,-34.86872001162405,-6.08010763265877
2024-09-06 02:10:54,4.503922377058897,-87.56306390517028,122.50987141555177, 7.829904135615151,-35.199197388627674,-6.411462982498826
2024-09-06 02:10:54,4.573391074690955,-86.68139755714382,121.68707130593734, 7.938127222514097,-35.265315098432524,-6.495203628988152
2024-09-06 02:10:54,4.717952371770908,-85.6424655307534,120.81600302617298, 8.15318946032156,-35.448082428663355,-6.65700534621365
2024-09-06 02:10:54,4.859171643008498,-84.66367597828227,119.98743847376832, 8.364298035381315,-35.61331562915803,-6.81626601235878
2024-09-06 02:10:54,4.984466991892004,-83.61751211869492,119.11449625956291, 8.542005606401332,-35.799666993870574,-6.945706080033477
2024-09-06 02:10:54,4.921839251777433,-82.80981210183035,118.23934779403147, 8.449458576664002,-35.72542273123679,-6.876432718803809
2024-09-06 02:10:54,4.90186060439239,-81.96743213204282,117.34492698327259, 8.426093699102957,-35.67155568939257,-6.861914017489049
2024-09-06 02:10:54,4.723931686700993,-80.91105112250034,116.2001112465675, 8.140469325407963,-35.563131348666765,-6.637142567775712
2024-09-06 02:10:54,4.492383434589925,-79.43097740268774,115.00437068185587, 7.691575109031266,-35.818772232626294,-6.249716406677148
2024-09-06 02:10:54,4.206107451954901,-78.37335541682222,114.29688843531247, 7.1446746309394165,-36.13598582679017,-5.7805816055166
2024-09-06 02:10:54,4.103922075358365,-77.69905353743857,114.06041729901852, 6.900363704317623,-36.56044376275804,-5.552081591612912
2024-09-06 02:10:54,3.966174995497104,-77.09445940392118,113.9265208512499, 6.597393517056349,-37.01488436079171,-5.276321034506556
2024-09-06 02:10:54,3.825235605838304,-76.42958744777096,113.70084539986892, 6.300434479002463,-37.43866876961404,-5.010026996648131
2024-09-06 02:10:54,3.788816550556565,-75.63145643074296,113.51527982666144, 6.155303519292727,-38.044488335450495,-4.854586333432556
2024-09-06 02:10:54,3.655569042183606,-74.8647921104254,113.30668282532736, 5.867158936142442,-38.58851641655372,-4.592276599127112
2024-09-06 02:10:54,3.5184001014652955,-74.1102726510386,113.06563712840223, 5.585462431574571,-39.08874721281201,-4.340731508591127
2024-09-06 02:10:54,3.367660367343008,-73.13209195620084,112.73098897447885, 5.274499571020984,-39.7183511084466,-4.061799965244103
2024-09-06 02:10:54,3.185994884735711,-71.99541524995999,112.15755998718375, 4.932761925655463,-40.26696544581051,-3.767786590616831
2024-09-06 02:10:54,3.0022015364122914,-71.13676491031008,111.73928140169768, 4.607310426555516,-40.69417037491367,-3.4964680233101553
2024-09-06 02:10:54,2.8573047813578327,-70.36726606106049,111.34681149611218, 4.35227034908306,-41.061479295054504,-3.2843587334066546
2024-09-06 02:10:54,2.455881364700879,-69.27825157695452,110.90593662753378, 3.6941542891106263,-41.68686645993201,-2.760451160935964
2024-09-06 02:10:55,2.2206080211443333,-68.75928222278175,110.83595181124629, 3.3116921927809218,-42.12430511604742,-2.4574844272200633
2024-09-06 02:10:55,2.3835494361053304,-69.61334581625488,111.54423186714268, 3.5643936870744835,-41.9860450880124,-2.65097143790826
2024-09-06 02:10:55,2.5546712515983625,-71.08492834401267,112.84493235733908, 3.8325914838740323,-41.82374189388162,-2.857940962430545
2024-09-06 02:10:55,2.5394018661954343,-72.2608788086572,114.0350033761786, 3.808673459611458,-41.837072192844175,-2.8394916013419946
2024-09-06 02:10:55,2.524203320903621,-73.25900406410192,115.02409094480205, 3.7865819160562975,-41.82730356983912,-2.82343039038862
2024-09-06 02:10:55,2.3492604509383996,-74.54908999735778,116.51231035196696, 3.510989201070574,-42.01674411834661,-2.6099499600090086
2024-09-06 02:10:55,2.0721677810921006,-75.81694530761797,118.21060747668656, 3.071820638138938,-42.43468689068591,-2.268137145747633
2024-09-06 02:10:55,1.8436148832882129,-76.88985254239873,119.60484190806665, 2.716685996470221,-42.747103445039514,-1.9957058254783702
2024-09-06 02:10:55,1.4126997937890868,-77.77952094260252,120.99610813234938, 2.062590686617697,-43.23511840712952,-1.503002810544051
2024-09-06 02:10:55,0.8766972631448863,-78.51882159908763,122.27736750095411, 1.267490324490323,-43.76554974633224,-0.9154228713477024
2024-09-06 02:10:55,0.25503375660111816,-79.47064015105846,123.80201237550065, 0.3649533718252844,-44.3319532254407,-0.26105401104296466
2024-09-06 02:10:55,-0.21883680306734343,-79.93341243087747,124.8518405073664, -0.30992201085092175,-44.91884718124082,0.21945920037867894
2024-09-06 02:10:55,-0.673993968513819,-80.16883523444552,125.72296041802295, -0.944043276279587,-45.55801329780288,0.6610370594185966
2024-09-06 02:10:55,-1.566489166240829,-80.38038401963449,127.27531861962197, -2.1451081085434365,-46.914972691917455,1.4656519986628722
2024-09-06 02:10:55,-1.7799687987188195,-80.04726902443272,127.73802458617126, -2.4062752626598876,-47.71591489898893,1.6194800264537657
2024-09-06 02:10:55,-2.0489579133816926,-79.78286246973829,128.25453642390053, -2.7360362545069346,-48.50410786983248,1.8135788229829128
2024-09-06 02:10:55,-2.0106097766830326,-79.22803438366202,128.47979817789368, -2.653164173364851,-49.2821492416507,1.7314615868250602
2024-09-06 02:10:55,-1.935397636403003,-78.44614082994407,128.63987198462357, -2.5186837037000256,-50.220963811394135,1.612139020265589
2024-09-06 02:10:55,-1.8961829198026072,-77.91890624763097,128.87052360032595, -2.441015805463105,-50.97706273127972,1.537501749656628
2024-09-06 02:10:55,-1.3620454897995524,-77.35746628106205,128.17499597107673, -1.756945742398961,-50.830723332469546,1.1099200421177038
2024-09-06 02:10:55,-0.9933888331881046,-77.06208649891467,127.5671620927335, -1.2872175462566573,-50.51217266166467,0.8186420413879788
2024-09-06 02:10:55,-0.49927862289323477,-76.29200071810446,126.53860612255926, -0.6494111825273869,-50.24841482416742,0.41528316362489626
2024-09-06 02:10:55,-0.19466836835320211,-75.77265598943147,125.8738858322071, -0.2537450385927385,-50.101506340527855,0.16276016990531927
2024-09-06 02:10:55,0.1395800331835232,-75.31408049190352,125.19495450394687, 0.18252736949048115,-49.88101727698774,-0.11761667533148717
2024-09-06 02:10:55,0.43098564565133296,-74.89079709293114,124.5735667296443, 0.5652388306031357,-49.68414513070672,-0.3657168733932316
2024-09-06 02:10:55,1.044801564431979,-74.82517406522123,123.89349769424571, 1.3828278215449625,-49.07658387062996,-0.9059213239322663
2024-09-06 02:10:55,1.657611394564209,-75.38013315201414,123.45501550261119, 2.2274152840134636,-48.096410420821734,-1.4880595291922665
2024-09-06 02:10:56,1.9090213092669064,-76.46420539537135,123.47812047656723, 2.608828049675248,-47.043547595462805,-1.7784240135610896
2024-09-06 02:10:56,2.1513336928993088,-77.42249664989353,123.43400763089019, 2.988817740166844,-46.05048112090538,-2.075287731970116
2024-09-06 02:10:56,2.067645550998801,-79.08326582819629,123.59093487059428, 2.9482220591569543,-44.54560667101424,-2.102087937182623
2024-09-06 02:10:56,1.7935226645101516,-81.0871084764416,123.8511277445182, 2.64048620934256,-42.79436046425859,-1.938213369017865
2024-09-06 02:10:56,1.5741065902903095,-82.78646819870087,123.98920306973872, 2.3888411990392444,-41.22742460046442,-1.7970985928242436
2024-09-06 02:10:56,0.957346376819892,-84.51145082108425,123.92757824351031, 1.5075479122065834,-39.425857622813936,-1.1646093119075105
2024-09-06 02:10:56,0.36903481059772014,-85.92126023594287,123.89177938262202, 0.5997933764418445,-37.97204188042994,-0.4728303020966764
2024-09-06 02:10:56,-0.18145688108637437,-87.25919822222605,123.8365293626023, -0.3045034199652167,-36.57771836026812,0.2445320694619556
2024-09-06 02:10:56,-0.6324646564087865,-88.28706255469532,123.81578836299778, -1.0882847337187347,-35.53361414428426,0.8856545489040233
2024-09-06 02:10:56,-0.8949903460956287,-89.10308908453668,123.82835548632815, -1.5708793146498925,-34.73535041321796,1.2910420885654565
2024-09-06 02:10:56,-1.2060301375418914,-89.93871220527512,123.76966218525318, -2.165506923502759,-33.84988302707598,1.7987188278981054
2024-09-06 02:10:56,-1.4431151459613227,-90.66655469746526,123.97750521002689, -2.626465836613031,-33.33859457894167,2.1947118667731256
2024-09-06 02:10:56,-1.7915385102914814,-91.42722032142122,124.36266040151791, -3.2925697995422105,-32.97864827487427,2.7629502516476894
2024-09-06 02:10:56,-2.161717308441411,-92.21179093880978,124.66371036643692, -4.023891530954976,-32.515985676646025,3.394724035571522
2024-09-06 02:10:56,-2.6136246189331924,-93.14651161816198,125.80058163873954, -4.835789914533531,-32.74695563898014,4.070052322145869
2024-09-06 02:10:56,-2.6033061853786656,-93.43440219378303,126.66737978937614, -4.742581394486239,-33.323119284476185,3.9655644992401147
2024-09-06 02:10:56,-2.5727531584110794,-93.6722119549761,127.62894972149354, -4.599184878105935,-34.042403881328156,3.8135575693818358
2024-09-06 02:10:56,-2.595234984106447,-93.92618256403344,128.48168115424969, -4.568908459837643,-34.64073451476308,3.7615635865468198
2024-09-06 02:10:56,-2.718527686861256,-94.02274521870375,129.22069909711493, -4.709274259942062,-35.2892656860318,3.8468143819403315
2024-09-06 02:10:56,-2.851722422419314,-94.26155992400838,130.01136553356397, -4.873271505829046,-35.84824915008764,3.9533993669657246
2024-09-06 02:10:56,-3.077341734846156,-94.67588804822212,130.8411117977845, -5.2054607872798115,-36.27810390150157,4.200448198691615
2024-09-06 02:10:56,-3.297607893367044,-95.06011477637816,131.63361025242205, -5.523206761366368,-36.701168955849454,4.433205266735435
2024-09-06 02:10:56,-3.531601533501537,-95.568387419212,132.42040099594615, -5.87524252900924,-36.99693837397849,4.698323126318181
2024-09-06 02:10:56,-3.9006806977673487,-96.24199224309187,133.12182492618527, -6.4818969907915776,-37.05637632782317,5.180847651148865
2024-09-06 02:10:56,-4.260964858951248,-96.8814338421209,133.82395972537498, -7.06667818329317,-37.152612702891965,5.642772202127249
2024-09-06 02:10:56,-4.68157346536696,-97.59927421651433,134.4421290216892, -7.776846150293962,-37.09722833075417,6.216777421539851
2024-09-06 02:10:56,-5.109727445193457,-98.3139950746984,135.07082211255383, -8.49852726217338,-37.06059621585892,6.799883429592734
2024-09-06 02:10:56,-5.538296314246628,-98.89971203252243,135.64913317141426, -9.205370811816378,-37.106118697312716,7.364464135931561
2024-09-06 02:10:56,-6.075539545993408,-99.51027236004175,136.09013124690864, -10.12644872679788,-37.01132037955758,8.116663089980662
2024-09-06 02:10:56,-6.6240248108703605,-100.14362403059965,136.5653888425361, -11.066985345190208,-36.93700143868981,8.885555565240175
2024-09-06 02:10:56,-7.295527570485413,-100.74749099477822,136.83392263667622, -12.262827821649875,-36.718075810309976,9.883407944543894
2024-09-06 02:10:56,-7.86149151249027,-101.24516788393441,137.10534447390467, -13.262670258845107,-36.59859536716384,10.715339209810928
2024-09-06 02:10:56,-8.511734301389195,-101.79689806621354,137.409623926368, -14.413868075477122,-36.4845689794014,11.675488784865248
2024-09-06 02:10:56,-9.387016804328914,-102.09962779556133,137.58895898524787, -15.89467999485678,-36.55163450921172,12.884790980430967
2024-09-06 02:10:56,-10.082788490081175,-102.31306303371893,138.16405488572784, -16.88873708709737,-37.05811062977648,13.619573520313764
2024-09-06 02:10:57,-9.311457618797302,-102.05932812026431,137.5473281319602, -15.771440413000944,-36.53356829032657,12.785994767342043
2024-09-06 02:10:57,-8.490323438701022,-101.86565357860492,137.00358437501734, -14.540286830081154,-36.02048491245199,11.847624066146146
2024-09-06 02:10:57,-7.800163558849445,-101.6866583045572,136.52193275985343, -13.485613999130226,-35.58991403422618,11.03514089846118
2024-09-06 02:10:57,-6.9320660327218295,-101.44072001484452,135.80484023257122, -12.155650025695696,-34.971932397310056,10.009827757352703
2024-09-06 02:10:57,-6.248603479793078,-101.2953408679589,135.02140251241602, -11.155910782342914,-34.23261178258018,9.260136442020881
2024-09-06 02:10:57,-5.62945350459571,-101.13173357579917,134.29786017554503, -10.213871328180716,-33.586593892988446,8.536240114194474
2024-09-06 02:10:57,-4.965926902632994,-101.00415730885314,133.60381073269238, -9.161493300506073,-32.93442325298338,7.70853911054828
2024-09-06 02:10:57,-4.345163107871905,-100.83744245945581,132.90555560203293, -8.144527782618532,-32.33001229931307,6.895227368137332
2024-09-06 02:10:57,-3.9021885827883516,-100.64319195212288,132.30449151848984, -7.4042227271400325,-31.87604280129841,6.29736627355944
2024-09-06 02:10:57,-3.555294144577149,-100.45374562856345,131.70732351774282, -6.828855128707104,-31.43480043165607,5.834112830855417
2024-09-06 02:10:57,-3.1728655789078313,-100.2481110577539,131.08094834860532, -6.172874605853038,-30.979665589129073,5.297736902181049
2024-09-06 02:10:57,-2.837605072216497,-100.06035166896058,130.3137067240208, -5.618658347316897,-30.373586803724628,4.851450790613166
2024-09-06 02:10:57,-2.6373787071081893,-99.8691068492164,129.43950362323227, -5.33263945976585,-29.677183450998335,4.636428422612627
2024-09-06 02:10:57,-2.5520281290392677,-99.76850053703585,128.59112278024134, -5.282058547100637,-28.925723084655438,4.626170762370165
2024-09-06 02:10:57,-2.428956927276912,-99.63747701036162,127.77669781333013, -5.1395474672565955,-28.235321316036522,4.530719617245138
2024-09-06 02:10:57,-2.346313343620269,-99.52615161274234,126.99164661962566, -5.076769143444628,-27.5577625252573,4.503303318383269
2024-09-06 02:10:57,-2.271398370332891,-99.36219222462628,126.13651551174884, -5.031868149387321,-26.863404034044528,4.491215744243872
2024-09-06 02:10:57,-2.176456792613654,-99.1713581331896,125.27921602319633, -4.935925348215053,-26.192073172354675,4.431235058082297
2024-09-06 02:10:57,-1.9913845450846819,-99.00205419178131,124.57901194584448, -4.604563483123306,-25.649159384623943,4.152509932771249
2024-09-06 02:10:57,-1.8200895610673595,-98.80309596193226,123.83484644760316, -4.2949721476592,-25.093579790224524,3.890906581397303
2024-09-06 02:10:57,-1.5947450150218425,-98.46061248926108,123.15731152511897, -3.8122215885630903,-24.744911723809164,3.4630795095794356
2024-09-06 02:10:57,-1.1198382284033572,-97.93005542929421,122.46696600437133, -2.694944388630209,-24.56087131398417,2.4514185525950043
2024-09-06 02:10:57,-0.7046257640745265,-97.43978902478219,121.75248756367614, -1.7110124913509954,-24.322286969176414,1.5592270043913854
2024-09-06 02:10:57,-0.192011349753749,-96.90383136163479,121.23209983158304, -0.4660791842515518,-24.328980091899712,0.4246906200537084
2024-09-06 02:10:57,0.18317610179420768,-96.20854044851166,120.70497814054697, 0.4417677235077141,-24.497080301016997,-0.40200222369591954
2024-09-06 02:10:57,0.679793489325543,-95.45804232732178,120.32771426040655, 1.6160646651491086,-24.878370279690294,-1.466167346326215
2024-09-06 02:10:57,1.1667594422060288,-94.72180500146351,119.91466042443973, 2.7393079109210317,-25.218096817100978,-2.4785740950489146
2024-09-06 02:10:57,1.6549327926935888,-93.9346752532407,119.48485501025912, 3.8324095729482264,-25.600126583787215,-3.4571498876450377
2024-09-06 02:10:57,2.128156037606502,-93.14456575556909,119.02644429218533, 4.865819635619507,-25.96321101161044,-4.376752929597666
2024-09-06 02:10:57,2.4199656733077206,-92.27523556795408,118.83461708772016, 5.399458613704026,-26.661420461691563,-4.8282284252264684
2024-09-06 02:10:57,2.770973651160045,-91.56812445407857,118.72078271891915, 6.053972370650811,-27.282988427097784,-5.384692111761133
2024-09-06 02:10:57,3.1096334165652,-90.85872425183592,118.51610473412693, 6.675366384064565,-27.817932770874574,-5.909739343265055
2024-09-06 02:10:57,3.256801574397843,-90.60111483823249,119.19313251250966, 6.780787072379095,-28.76133909533743,-5.950671357887796
2024-09-06 02:10:57,2.882765652423816,-90.88928389003628,120.101243183902, 5.890943160090942,-29.341368831653607,-5.1395699244489625
2024-09-06 02:10:57,2.6967532272560106,-91.15670034928438,120.74085348890337, 5.449858498475265,-29.695730631714717,-4.737622193529722
2024-09-06 02:10:57,1.8156901272203536,-91.88929310407651,122.16467277703528, 3.5979103829403325,-30.32462084202357,-3.1066799214583494
2024-09-06 02:10:57,1.1287355547522187,-92.37923843516639,123.11980461823734, 2.207413727684566,-30.75925535586282,-1.8971286348203282
2024-09-06 02:10:57,0.5161527363114502,-92.7864055146035,123.96360598561435, 0.9969634313341471,-31.18104254420021,-0.8529607949109006
2024-09-06 02:10:57,-0.1326833002208755,-93.18554876112333,124.98145279143966, -0.2518199523118696,-31.796151850930613,0.21402923190871292
2024-09-06 02:10:57,-0.6199775979044296,-93.45429106668114,125.93176994161051, -1.1544781461934597,-32.48274817828811,0.9739017339422628
2024-09-06 02:10:58,-1.127957274476594,-93.6832407655335,126.79522302349834, -2.064181021539855,-33.12900171616083,1.728855645349149
2024-09-06 02:10:58,-1.3976716696262728,-93.84320233238813,128.5944003729374, -2.450985918132516,-34.77576183566727,2.0136162082918214
2024-09-06 02:10:58,-1.616088557187683,-93.84604524860342,129.83188899589823, -2.7490077392172276,-36.017216298114064,2.2240983205410076
2024-09-06 02:10:58,-1.8047324043018869,-93.80260197387983,130.65396554022783, -3.0074159866867025,-36.88926685999542,2.406118634712159
2024-09-06 02:10:58,-2.24051503610296,-93.92373371351188,131.08699174184358, -3.705636566748901,-37.221002738906535,2.9523344684474386
2024-09-06 02:10:58,-2.8583811400696795,-94.16547752339272,131.6517185471781, -4.690270063336394,-37.57908947538292,3.7201851122089473
2024-09-06 02:10:58,-2.1818828579696037,-93.27362151741471,131.54956958116745, -3.5195631628581197,-38.328560581480495,2.762318125801899
2024-09-06 02:10:58,-1.4915627395366364,-92.38162806622495,131.22673839697933, -2.3772364181433048,-38.86921078517024,1.851288170704966
2024-09-06 02:10:58,-0.7973873047225601,-91.34980197784762,130.71046017787023, -1.2571918882201558,-39.36742208517565,0.9719907033129327
2024-09-06 02:10:58,-0.33532675210627777,-90.56237610265157,130.30506426325783, -0.5244795455854944,-39.74386828497133,0.40328230802819887
2024-09-06 02:10:58,-0.574620950513107,-90.50728320877764,129.6736294916693, -0.9097776453836939,-39.16988335937371,0.7053529670059623
2024-09-06 02:10:58,-0.950108579530468,-90.83034055569438,129.31248261268624, -1.5266198988982267,-38.492050589300945,1.1949865684899001
2024-09-06 02:10:58,-1.438891357048772,-90.92758537831966,128.665696002698, -2.3501008725515082,-37.76144804800061,1.8583034822279574
2024-09-06 02:10:58,-2.070157837724836,-91.31918150323006,128.26193917468223, -3.441779537597892,-36.99245640196409,2.7501972672977795
