time,a1,a2,a3,a4,a5,a6
2024-10-24 02:03:16,6.661338147750939e-16,-89.13333181940898,126.46514434841475, 0.0,-37.3318125290058,-8.881784197001252e-16
2024-10-24 02:03:26,0.0,-89.34872468068329,126.68351314422496, 0.0,-37.33478846354166,0.0
2024-10-24 02:03:26,0.0,-91.36655006364329,128.68820280065387, 0.0,-37.32165273701059,0.0
2024-10-24 02:03:26,0.0,-91.47710932836961,128.79590112236812, 0.0,-37.318791793998514,0.0
2024-10-24 02:03:27,0.0,-91.69869437399815,129.01108299574517, 0.0,-37.31238862174703,0.0
2024-10-24 02:03:27,0.0,-92.36210438607041,129.64998677917103, 0.0,-37.2878823931006,0.0
2024-10-24 02:03:27,0.0,-93.8144689322569,131.02082434049728, 0.0,-37.20635540824037,0.0
2024-10-24 02:03:27,0.0,-94.17732664740893,131.3573522609661, 0.0,-37.18002561355716,0.0
2024-10-24 02:03:27,0.0,-95.10822267013337,132.2098373866825, 0.0,-37.101614716549136,0.0
2024-10-24 02:03:27,0.0,-95.68465813225264,132.7299035356345, 0.0,-37.045245403381884,0.0
2024-10-24 02:03:27,0.0,-95.80167841423517,132.83475252408834, 0.0,-37.03307410985319,0.0
2024-10-24 02:03:27,0.0,-95.91889605173671,132.9395323952867, 0.0,-37.02063634354998,0.0
2024-10-24 02:03:27,0.0,-96.03631229451896,133.04424318015882, 0.0,-37.00793088563985,0.0
2024-10-24 02:03:27,0.0,-96.15392839956226,133.14888490811845, 0.0,-36.994956508556186,0.0
2024-10-24 02:03:27,0.0,-96.27174563109735,133.2534576070418, 0.0,-36.98171197594447,0.0
2024-10-24 02:03:27,0.0,-96.51415550613294,133.4678368550869, 0.0,-36.95368134895394,0.0
2024-10-24 02:03:27,0.0,-96.6326121678325,133.5722145809212, 0.0,-36.939602413088714,0.0
2024-10-24 02:03:27,0.0,-96.8701459529581,133.78076319514133, 0.0,-36.91061724218324,0.0
2024-10-24 02:03:27,0.0,-96.98922568864417,133.88493412198963, 0.0,-36.895708433345455,0.0
2024-10-24 02:03:27,0.0,-97.10851574066609,133.98903615169053, 0.0,-36.880520411024456,0.0
2024-10-24 02:03:27,0.0,-96.9910045877987,133.88648839007348, 0.0,-36.895483802274775,0.0
2024-10-24 02:03:27,0.0,-95.69382551043645,132.73812627394886, 0.0,-37.04430076351242,0.0
2024-10-24 02:03:27,0.0,-94.36620898963014,131.53158791096604, 0.0,-37.16537892133593,0.0
2024-10-24 02:03:27,0.0,-92.07058453412088,129.37022049366618, 0.0,-37.29963595954537,0.0
2024-10-24 02:03:28,0.0,-91.47126285700188,128.7902115074163, 0.0,-37.31894865041444,0.0
2024-10-24 02:03:28,0.0,-90.52852572646096,127.86463239123488, 0.0,-37.33610666477392,0.0
2024-10-24 02:03:28,0.0,-89.14645890451456,126.47847696363176, 0.0,-37.33201805911722,0.0
2024-10-24 02:03:28,0.0,-87.47578180867717,124.75646036261857, 0.0,-37.280678553941385,0.0
2024-10-24 02:03:28,0.0,-86.7797823023442,124.0241152503291, 0.0,-37.2443329479849,0.0
2024-10-24 02:03:28,0.0,-85.78382913101639,122.96089520269747, 0.0,-37.1770660716811,0.0
2024-10-24 02:03:28,0.0,-85.17350484156252,122.30049715624929, 0.0,-37.12699231468678,0.0
2024-10-24 02:03:28,0.0,-84.74414157321142,121.83188749528206, 0.0,-37.087745922070646,0.0
2024-10-24 02:03:28,0.0,-84.2124233742359,121.24697721633648, 0.0,-37.03455384210057,0.0
2024-10-24 02:03:28,0.0,-83.71115307805583,120.69092198054071, 0.0,-36.97976890248489,0.0
2024-10-24 02:03:28,0.0,-83.51127685307189,120.467948278403, 0.0,-36.95667142533111,0.0
2024-10-24 02:03:28,0.0,-82.9890196385298,119.881977128939, 0.0,-36.892957490409216,0.0
2024-10-24 02:03:28,0.0,-82.48983897731421,119.31736378316664, 0.0,-36.82752480585245,0.0
2024-10-24 02:03:28,0.0,-82.09462687599213,118.86721412562093, 0.0,-36.772587249628806,0.0
2024-10-24 02:03:28,0.0,-81.99602230293026,118.75447217793457, 0.0,-36.758449875004324,0.0
2024-10-24 02:03:28,0.0,-81.60237850307794,118.30268026447783, 0.0,-36.700301761399885,0.0
2024-10-24 02:03:28,0.0,-81.50415798509925,118.18952523978513, 0.0,-36.685367254685886,0.0
2024-10-24 02:03:28,0.0,-81.40601237122868,118.07628698539368, 0.0,-36.670274614164995,0.0
2024-10-24 02:03:28,0.0,-81.30794103094027,117.96296529325106, 0.0,-36.65502426231082,0.0
2024-10-24 02:03:28,0.0,-81.10901225048607,117.73258383575296, 0.0,-36.623571585266916,0.0
2024-10-24 02:03:28,0.0,-81.01117654839655,117.61902466913148, 0.0,-36.60784812073493,0.0
2024-10-24 02:03:28,0.0,-80.7180973614519,117.27784071135693, 0.0,-36.559743349905034,0.0
2024-10-24 02:03:28,0.0,-80.52015505190808,117.04655940604448, 0.0,-36.52640435413641,0.0
2024-10-24 02:03:29,0.0,-80.71811468271547,117.27786092005617, 0.0,-36.55974623734071,0.0
2024-10-24 02:03:29,0.0,-82.07035117485121,118.83947384873413, 0.0,-36.76912267388293,0.0
2024-10-24 02:03:29,0.0,-83.36349764380932,120.3026334525964, 0.0,-36.93913580878707,0.0
2024-10-24 02:03:29,0.0,-83.7917045178654,120.78058012862806, 0.0,-36.98887561076267,0.0
2024-10-24 02:03:29,0.0,-85.15708689285533,122.28263949548375, 0.0,-37.125552602628446,0.0
2024-10-24 02:03:29,0.0,-85.81827310023519,122.99796482656998, 0.0,-37.1796917263348,0.0
2024-10-24 02:03:29,0.0,-86.67342604675663,123.9114316093316, 0.0,-37.23800556257496,0.0
2024-10-24 02:03:29,0.0,-86.98727607799842,124.24336340972249, 0.0,-37.25608733172406,0.0
2024-10-24 02:03:29,0.0,-87.73844791763409,125.030558779429, 0.0,-37.29211086179492,0.0
2024-10-24 02:03:29,0.0,-88.28752924241381,125.59949028851919, 0.0,-37.311961046105395,0.0
2024-10-24 02:03:29,0.0,-88.97522371707434,126.30431440727207, 0.0,-37.329090690197745,0.0
2024-10-24 02:03:29,0.0,-89.87942596083737,127.21794301560503, 0.0,-37.33851705476768,0.0
2024-10-24 02:03:29,0.0,-90.33301957997902,127.6706594571177, 0.0,-37.337639877138685,0.0
2024-10-24 02:03:43,0.0,-89.99106911015934,127.32971777684689, 0.0,-37.338648666687554,0.0
2024-10-24 02:03:45,0.0,-83.38434316488878,120.32597611585128, 0.0,-36.94163295096251,0.0
2024-10-24 02:03:46,0.0,-82.68832043140033,119.54239196692092, 0.0,-36.85407153552061,0.0
2024-10-24 02:04:00,0.0,-82.36695857613266,119.17769823083721, 0.0,-36.81073965470455,0.0
2024-10-24 02:04:01,0.0,-80.41934007839485,116.928501559683, 0.0,-36.50916148128817,0.0
2024-10-24 02:04:01,0.0,-79.25289485874916,115.5497117995571, 0.0,-36.29681694080793,0.0
2024-10-24 02:04:01,0.0,-82.33524670357568,119.1416111821787, 0.0,-36.80636447860306,0.0
2024-10-24 02:04:01,0.0,-84.26440625703033,121.30438400325912, 0.0,-37.03997774622877,0.0
2024-10-24 02:04:02,0.0,-84.98071327323196,122.0904934407916, 0.0,-37.109780167559656,0.0
2024-10-24 02:04:02,0.0,-85.28920699760037,122.42620776165957, 0.0,-37.1370007640592,0.0
2024-10-24 02:04:02,0.0,-86.23929186556764,123.44934589395669, 0.0,-37.210054028389045,0.0
2024-10-24 02:04:02,0.0,-88.56750686328364,125.88747994645415, 0.0,-37.319973083170524,0.0
2024-10-24 02:04:03,0.0,-90.27352333077216,127.6114916978038, 0.0,-37.33796836703162,0.0
2024-10-24 02:04:03,0.0,-90.3822287986931,127.71954829113412, 0.0,-37.33731949244102,0.0
2024-10-24 02:04:03,0.0,-90.49107860931964,127.8275328177029, 0.0,-37.33645420838326,0.0
2024-10-24 02:04:03,0.0,-91.14192584137412,128.46870640745834, 0.0,-37.32678056608422,0.0
2024-10-24 02:04:03,0.0,-92.45930209020194,129.74292258715712, 0.0,-37.283620496955194,0.0
2024-10-24 02:04:03,0.0,-93.91864106452252,131.11768095650478, 0.0,-37.199039891982295,0.0
2024-10-24 02:04:04,0.0,-95.29744160648772,132.38121053912636, 0.0,-37.08376893263866,0.0
2024-10-24 02:04:04,0.0,-96.34950085554462,133.32233604648383, 0.0,-36.97283519093919,0.0
2024-10-24 02:04:04,0.0,-96.70378421792104,133.63480730126014, 0.0,-36.931023083339106,0.0
2024-10-24 02:04:04,0.0,-96.82228932232871,133.73882713197557, 0.0,-36.916537809646854,0.0
2024-10-24 02:04:04,0.0,-96.70555143188093,133.63636034039166, 0.0,-36.930808908510734,0.0
2024-10-24 02:04:05,0.0,-95.77874896501437,132.8142273000737, 0.0,-37.03547833505931,0.0
2024-10-24 02:04:05,0.0,-94.09161344026447,131.2780731640059, 0.0,-37.18645972374145,0.0
2024-10-24 02:04:05,0.0,-92.31428569046906,129.60420187123424, 0.0,-37.28991618076516,0.0
2024-10-24 02:04:05,0.0,-90.67941788535606,128.0138654793796, 0.0,-37.33444759402356,0.0
2024-10-24 02:04:06,0.0,-88.65170646806796,125.97381024214779, 0.0,-37.32210377407983,0.0
2024-10-24 02:04:06,0.0,-87.29344108380367,124.56544700136594, 0.0,-37.272005917562254,0.0
2024-10-24 02:04:06,0.0,-85.74307085453202,122.91700226927031, 0.0,-37.17393141473829,0.0
2024-10-24 02:04:07,0.0,-83.72209503563263,120.70310778124566, 0.0,-36.98101274561303,0.0
2024-10-24 02:04:07,0.0,-83.22475349122578,120.14707144130085, 0.0,-36.92231795007508,0.0
2024-10-24 02:04:08,0.0,-83.2935251197122,120.11122436088536, 0.0,-36.81769924117317,0.0
2024-10-24 02:04:08,0.0,-85.13400795262781,119.03175023016436, 0.0,-33.89774227753659,0.0
2024-10-24 02:04:09,0.0,-86.8449855051697,117.77919228148545, 0.0,-30.934206776315776,0.0
2024-10-24 02:04:09,0.0,-87.40212855431926,117.30658390221456, 0.0,-29.904455347895286,0.0
2024-10-24 02:04:09,0.0,-88.09441234811118,116.66597853920248, 0.0,-28.571566191091314,0.0
2024-10-24 02:04:09,0.0,-88.14613297859783,116.61551951667437, 0.0,-28.469386538076552,0.0
2024-10-24 02:04:09,0.0,-88.09578070295167,116.66464845650404, 0.0,-28.56886775355238,0.0
2024-10-24 02:04:10,0.0,-87.83799544301117,116.91063465707961, 0.0,-29.07263921406844,0.0
2024-10-24 02:04:10,0.0,-87.30906732993174,117.38804773004406, 0.0,-30.078980400112314,0.0
2024-10-24 02:04:10,0.0,-86.42018604518239,118.11651711633223, 0.0,-31.696331071149864,0.0
2024-10-24 02:04:10,0.0,-84.5698365421083,119.38882055440072, 0.0,-34.81898401229247,0.0
2024-10-24 02:04:11,0.0,-83.40022580165191,120.05501552465913, 0.0,-36.65478972300723,0.0
2024-10-24 02:04:11,0.0,-82.85991053492171,120.33236113573784, 0.0,-37.47245060081615,0.0
2024-10-24 02:04:11,0.0,-82.7910570864003,120.36642632815493, 0.0,-37.57536924175463,0.0
2024-10-24 02:04:12,0.0,-82.93064158618712,120.29707212091563, 0.0,-37.36643053472851,0.0
2024-10-24 02:04:12,0.0,-84.62093005405943,119.35749668000751, 0.0,-34.736566625948086,0.0
2024-10-24 02:04:12,0.0,-85.8776172542062,118.52098867821303, 0.0,-32.64337142400687,0.0
2024-10-24 02:04:12,0.0,-86.58145105900553,117.99068590565605, 0.0,-31.409234846650534,0.0
2024-10-24 02:04:13,0.0,-86.97801566916459,117.66957137312282, 0.0,-30.69155570395824,0.0
2024-10-24 02:04:13,0.0,-87.14475557945455,117.52936384308951, 0.0,-30.384608263634963,0.0
2024-10-24 02:04:13,0.0,-87.08997670609226,117.57577617974613, 0.0,-30.485799473653888,0.0
2024-10-24 02:04:13,0.0,-86.81447139533569,117.8040622811969, 0.0,-30.989590885861237,0.0
2024-10-24 02:04:13,0.0,-85.75062009585847,118.61165505115878, 0.0,-32.8610349553003,0.0
2024-10-24 02:04:14,0.0,-83.84825521057061,119.81093375921705, 0.0,-35.96267854864642,0.0
2024-10-24 02:04:14,0.0,-82.01454730803333,120.73170029496859, 0.0,-38.71715298693531,0.0
2024-10-24 02:04:14,0.0,-80.56399104887218,121.32871000903144, 0.0,-40.764718960159264,0.0
2024-10-24 02:04:15,0.0,-79.88947404644665,121.57218922279479, 0.0,-41.68271517634816,0.0
2024-10-24 02:04:15,0.0,-79.81279014265326,121.59859659533633, 0.0,-41.78580645268309,0.0
2024-10-24 02:04:15,0.0,-80.14025954948318,121.48403691236244, 0.0,-41.343777362879294,0.0
2024-10-24 02:04:15,0.0,-82.13299089781829,120.67816499474829, 0.0,-38.545174096930026,0.0
2024-10-24 02:04:16,0.0,-83.73800275335034,119.87223019734785, 0.0,-36.13422744399751,0.0
2024-10-24 02:04:16,0.0,-83.93714381392384,119.7609151429404, 0.0,-35.823771329016566,0.0
2024-10-24 02:04:16,0.0,-84.0024178480883,119.72383969567787, 0.0,-35.721421847589575,0.0
2024-10-24 02:04:17,0.0,-84.21210722231322,119.95733316339035, 0.0,-35.74522594107713,0.0
2024-10-24 02:04:17,0.0,-88.24006372998817,124.2571039862996, 0.0,-36.017040256311475,0.0
2024-10-24 02:04:18,0.0,-91.52320388864986,127.54720955945137, 0.0,-36.0240056708015,0.0
2024-10-24 02:04:18,0.0,-93.41337622327387,129.35381332640466, 0.0,-35.940437103130805,0.0
2024-10-24 02:04:18,0.0,-94.43553059219354,130.30421061347428, 0.0,-35.86868002128074,0.0
2024-10-24 02:04:18,0.0,-94.54995514684589,130.40944549809416, 0.0,-35.85949035124827,0.0
2024-10-24 02:04:18,0.0,-94.43723714530756,130.30578181866687, 0.0,-35.86854467335934,0.0
2024-10-24 02:04:18,0.0,-93.87614812613931,129.78640243555688, 0.0,-35.91025430941758,0.0
2024-10-24 02:04:19,0.0,-92.65071802005706,128.6325603093171, 0.0,-35.98184228926007,0.0
2024-10-24 02:04:19,0.0,-92.54074426022244,128.52769995586348, 0.0,-35.986955695641036,0.0
2024-10-24 02:04:23,0.0,-92.43044918377936,128.42231605594307, 0.0,-35.99186687216371,0.0
2024-10-24 02:04:23,0.0,-91.65200796406643,127.67234829333587, 0.0,-36.020340329269466,0.0
2024-10-24 02:04:23,0.0,-90.8813123100795,126.91915257904458, 0.0,-36.03784026896508,0.0
2024-10-24 02:04:24,0.0,-90.01098210541602,126.05578457746846, 0.0,-36.044802472052424,0.0
2024-10-24 02:04:24,0.0,-89.25572341361784,125.2955606938891, 0.0,-36.03983728027125,0.0
2024-10-24 02:04:24,0.0,-88.62171464036975,124.64948895106839, 0.0,-36.02777431069865,0.0
2024-10-24 02:04:24,0.0,-88.19687920513582,124.21254060264228, 0.0,-36.01566139750644,0.0
2024-10-24 02:04:24,0.0,-87.98749669072636,123.99599924008908, 0.0,-36.00850254936274,0.0
2024-10-24 02:04:24,0.0,-87.88297891764438,123.88761435829271, 0.0,-36.00463544064832,0.0
2024-10-24 02:04:24,0.0,-87.35767786347479,123.33991815506948, 0.0,-35.982240291594714,0.0
2024-10-24 02:04:25,0.0,-86.1147248539323,122.02434551347324, 0.0,-35.909620659540934,0.0
2024-10-24 02:04:25,0.0,-84.38491615754526,120.14772169589315, 0.0,-35.76280553834792,0.0
2024-10-24 02:04:25,0.0,-82.22852792066548,117.73433159114423, 0.0,-35.50580367047873,0.0
2024-10-24 02:04:25,0.0,-82.1294196245108,117.62145288829979, 0.0,-35.492033263789,0.0
2024-10-24 02:04:26,0.0,-82.22654736165677,117.7320775247333, 0.0,-35.505530163076536,0.0
2024-10-24 02:04:26,0.0,-83.1245580406937,118.74706741124126, 0.0,-35.62250937054758,0.0
2024-10-24 02:04:26,0.0,-85.19147469948932,121.0293424099349, 0.0,-35.837867710445536,0.0
2024-10-24 02:04:27,0.0,-88.61291313648603,124.64046929305756, 0.0,-36.02755615657155,0.0
2024-10-24 02:04:27,0.0,-91.12670441690155,127.16012755691261, 0.0,-36.0334231400111,0.0
2024-10-24 02:04:27,0.0,-91.57252651188035,127.59516372941918, 0.0,-36.02263721753884,0.0
2024-10-24 02:04:27,0.0,-91.46380727513586,127.489403067014, 0.0,-36.025595791878146,0.0
2024-10-24 02:04:28,0.0,-90.21463224168903,126.25902277729057, 0.0,-36.044390535601536,0.0
2024-10-24 02:04:28,0.0,-87.96066343670688,123.96819182098533, 0.0,-36.007528384278444,0.0
2024-10-24 02:04:28,0.0,-84.99103065771956,120.8113201973437, 0.0,-35.82028953962417,0.0
2024-10-24 02:04:29,0.0,-83.17327738688557,118.80172921342908, 0.0,-35.6284518265435,0.0
2024-10-24 02:04:30,0.4028842061962316,-83.17156459475372,118.79980821307322, 0.6915963597381156,-35.6302200100446,-0.5621343694264126
2024-10-24 02:04:30,5.970217263233819,-82.79603399887792,118.3773854661265, 10.189114936628211,-36.013451289006234,-8.271803232943359
2024-10-24 02:04:31,10.75694265558836,-81.94016901428863,117.40543167332771, 18.130316203206544,-36.85505125522257,-14.681488734642802
2024-10-24 02:04:31,10.655108785766378,-81.96363477568102,117.43225068294772, 17.964598380244688,-36.83254473546426,-14.54824622806224
2024-10-24 02:04:31,10.044254411802505,-82.09953286412393,117.58737996287307, 16.967282298940745,-36.701585214463485,-13.74585789451468
2024-10-24 02:04:32,6.845871330723565,-82.67678545448452,118.24272958175258, 11.662503569567725,-36.1333232257329,-9.464432481662216
2024-10-24 02:04:32,2.9738855999007754,-83.0798855890521,118.69690951023078, 5.097667753001909,-35.72459288009786,-4.142177791195218
2024-10-24 02:04:32,1.160277973304774,-83.15907009452724,118.78579331461889, 1.9913563005687398,-35.6431129468552,-1.6185218754792636
2024-10-24 02:04:35,1.1620003664751895,-83.26180112468974,118.90094383762879, 1.9937083212193745,-35.65557360402131,-1.6201814529247507
2024-10-24 02:04:35,1.1752710002493199,-84.04612077538799,119.77396464446674, 2.012126381201643,-35.74459730162167,-1.6333293729115403
2024-10-24 02:04:36,1.2698903835458133,-89.30969907554545,125.3502305292675, 2.1576984801151484,-36.05986690939437,-1.7445743188438747
2024-10-24 02:04:36,1.3014762389075811,-90.95568780465727,126.99230327954533, 2.2115398183124615,-36.056927387910804,-1.7881884643397843
2024-10-24 02:04:36,1.3078741216678964,-91.28316425227382,127.31320768232914, 2.222754453680398,-36.050560421379274,-1.7974047461088067
2024-10-24 02:04:36,1.3100207480393804,-91.39260883764081,127.42002741803006, 2.2265403844866514,-36.04800493844764,-1.8005256738819466
2024-10-24 02:04:36,1.3143352063549303,-91.61193220958911,127.63344480648122, 2.2341848325005658,-36.0422392267808,-1.806841867716341
2024-10-24 02:04:37,1.3417637829098812,-92.9866535339682,128.9515375288562, 2.2838799421804175,-35.98652938608004,-1.8483511947641023
2024-10-24 02:04:37,1.367394890256108,-94.24219383368558,130.12587239644836, 2.332029131333111,-35.906225674267375,-1.8892508570453752
2024-10-24 02:04:37,1.391218271602761,-95.38560616049062,131.1709402451787, 2.3782682804120103,-35.808757939552976,-1.9290938747577546
2024-10-24 02:04:37,1.4391153182756315,-97.62102159109601,133.1474017842065, 2.475610572791588,-35.551684273144126,-2.0145591026479095
2024-10-24 02:04:37,1.4885834301662937,-99.84893068492791,135.03043165691497, 2.582421982904111,-35.208921158469195,-2.1104561010369505
2024-10-24 02:04:38,1.4969512280049295,-100.21830119745353,135.33434986344673, 2.601136433219874,-35.14384519870712,-2.127458048747613
2024-10-24 02:04:38,1.499761434207071,-100.3418839564627,135.43551243921428, 2.607464109743222,-35.121552635234174,-2.1332192073163703
2024-10-24 02:04:38,1.4969930939772735,-100.22014401798229,135.33586028030518, 2.6012305439444163,-35.143514691740386,-2.1275436878871017
2024-10-24 02:04:38,1.486021160284643,-99.73540846183347,134.93655552680522, 2.5767294150214575,-35.228453100597015,-2.105295596298628
2024-10-24 02:04:38,1.4337858582284684,-97.37625802293489,132.93526877522, 2.4644872171510146,-35.584097624681974,-2.004693077725521
2024-10-24 02:04:39,1.3684425157194495,-94.29294166708972,130.17274767218368, 2.3340323366211377,-35.90239088003143,-1.8909658957276405
2024-10-24 02:04:39,1.3043789518573559,-91.10450305079495,127.13837022564911, 2.21661505731936,-36.05427182338694,-1.7923540141692142
2024-10-24 02:04:39,1.249877983032794,-88.24019404330573,124.25723840991876, 2.124911701423471,-36.035791504464534,-1.7185817725166304
2024-10-24 02:04:40,1.2161154036150772,-86.38490856834147,122.3126587150631, 2.0719855477925653,-35.94555664893471,-1.6776799879870694
2024-10-24 02:04:40,1.196311579940795,-85.26456975928704,121.10867028774723, 2.042376810435856,-35.861384985226465,-1.655457618148298
2024-10-24 02:04:40,1.1789008108636936,-84.25847618587508,120.00847095715432, 2.017254265465894,-35.766838089440256,-1.637035694770245
2024-10-24 02:04:40,1.177191670476904,-84.15860038372801,119.89827621492456, 2.014834966137167,-35.75647673639212,-1.6352846925662068
2024-10-24 02:04:41,1.22546903612839,-84.15738347505274,119.89693249197094, 2.0974233918939444,-35.75775593135139,-1.702307979215991
2024-10-24 02:04:41,1.5319467766451926,-84.14851687480993,119.88714111253198, 2.621593147817873,-35.76707347109725,-2.1276674142024934
2024-10-24 02:04:42,7.227813958701824,-83.62284465664376,119.30416394556939, 12.266966886029707,-36.310555334725194,-9.937941403680918
2024-10-24 02:04:42,8.642905087567955,-83.3848070590536,119.03857651843711, 14.615781896363757,-36.55102251830375,-11.831639962440626
2024-10-24 02:04:43,8.112217579701085,-83.47915737095373,119.14396589885153, 13.737861755839765,-36.4561206830847,-11.124336899397077
2024-10-24 02:04:43,2.1377883150725943,-84.12518454328922,119.86136860707595, 3.6569837128402574,-35.79156819539314,-2.967739745859997
2024-10-24 02:04:44,-0.6298877729147484,-84.16897539885409,119.9097313507299, -1.0782718684650705,-35.7455667977619,0.8751813947673407
2024-10-24 02:04:55,-0.630792646212396,-84.2678026019685,120.01875196433488, -1.079553830873983,-35.75577222960922,0.8761096526896411
2024-10-24 02:04:55,-0.6366657301466672,-84.90447797713738,120.71695698038361, -1.0879816764458552,-35.81738098096096,0.8822657844233638
2024-10-24 02:04:55,-0.659725702044192,-87.32912306899406,123.31000459172965, -1.122814058691377,-35.98611253593186,0.9085757490278817
2024-10-24 02:04:56,-0.6607558980897361,-87.43480863046433,123.42064630701925, -1.1244331678034674,-35.99108408379654,0.90982871481466
2024-10-24 02:04:56,-0.6813367995298566,-89.50282695709932,125.54541442119107, -1.1578719875997938,-36.04815415668024,0.9362099235797363
2024-10-24 02:04:57,-0.7064335737099966,-91.92199186562628,127.93368532770376, -1.201403874453791,-36.017684552509955,0.9717873897805428
2024-10-24 02:04:57,-0.7173353031208987,-92.94106778046428,128.90837120245044, -1.2212420716915422,-35.97349090516969,0.9883892476369296
2024-10-24 02:04:57,-0.7250237355741216,-93.64902613415084,129.57457066526402, -1.2355696537881244,-35.93187504825781,1.0005130602151704
2024-10-24 02:04:57,-0.7390388876584755,-94.91787208317932,130.74623882733493, -1.2624049153301482,-35.834967881073965,1.0234968441422838
2024-10-24 02:04:57,-0.7593331168424309,-96.70871809638437,132.35139061516446, -1.3029169223606667,-35.649688930377835,1.058806573878381
2024-10-24 02:04:58,-0.7680784657341463,-97.4645748449277,133.01193242397258, -1.3209847346686068,-35.554561795521806,1.074767573480238
2024-10-24 02:04:58,-0.7654117878488644,-97.23506858728383,132.8124254853112, -1.3154361221081012,-35.5845032702825,1.0698528295805112
2024-10-24 02:04:58,-0.7505962063937734,-95.94421324237481,131.67308266458463, -1.2852347515450122,-35.73570358565796,1.0433101038423158
2024-10-24 02:04:58,-0.7005052870798847,-91.36001224108449,127.38823503763454, -1.1908513112816708,-36.03411019301333,0.963050051454989
2024-10-24 02:04:59,-0.5976625745397073,-80.51049510638276,115.75343871839543, -1.0356550382103495,-35.247355167802596,0.8458172104045522
2024-10-24 02:05:00,-0.5331950869555093,-72.1652567127843,105.42458027555315, -0.9721568511935448,-33.26310609439794,0.8129028347516192
2024-10-24 02:05:00,-0.5338817670251628,-72.26328798804941,105.55246381448089, -0.9726362962473291,-33.292963801862335,0.8130256790173594
2024-10-24 02:05:00,-0.5359536873205352,-72.55767535474531,105.93559393262197, -0.9741142517522399,-33.38172315434329,0.8134319391888962
2024-10-24 02:05:00,-0.5373311826905474,-72.75224382886668,106.18806873798054, -0.9751224830858952,-33.43964066751156,0.8137312024957662
2024-10-24 02:05:01,-0.5533796346299569,-74.95487513287921,109.00429279034397, -0.9882734588053823,-34.053371988411904,0.8188261462076871
2024-10-24 02:05:01,-0.5806503866500051,-78.45713995175637,113.3193466235692, -1.0157533140109414,-34.86642993615865,0.8334408820920045
2024-10-24 02:05:02,-0.6096909088994534,-81.90914330323538,117.36995768473525, -1.0508484444707438,-35.46536844308387,0.8559130216077052
2024-10-24 02:05:02,-0.6123432484522281,-82.21204769311967,117.71557342491127, -1.0543163620230789,-35.50811226148325,0.8582812969500719
2024-10-24 02:05:02,-0.6152193680816361,-82.53834566377107,118.08609077664607, -1.0581234915601483,-35.552367277290095,0.860905881864551
2024-10-24 02:05:03,-0.6395473674159555,-85.21390456655394,121.0536949550387, -1.0921840279331936,-35.84473187239485,0.8853686645714126
2024-10-24 02:05:03,-0.6721548195557963,-88.59016060676873,124.61714638801669, -1.1426982732637616,-36.03240655963064,0.9241246780028435
2024-10-24 02:05:03,-0.6941987614239556,-90.75589238415391,126.79557344606859, -1.179807982201769,-36.04546050798265,0.9539808638604244
2024-10-24 02:05:03,-0.6976380610031505,-91.08616800061158,127.12039522284786, -1.1858071614569137,-36.040065240005056,0.9588979097507724
2024-10-24 02:05:04,-0.72671246842539,-93.80337509987487,129.71862865597217, -1.23875396834324,-35.921615999653966,1.0032219864261935
2024-10-24 02:05:04,-0.7669007318202085,-97.36331794141887,132.92402464611115, -1.3185299376006243,-35.56788531145085,1.0725918003154615
2024-10-24 02:05:04,-0.7696970273758333,-97.60346520739677,133.1322207723062, -1.324369383550574,-35.53599513984718,1.0777711391238327
2024-10-24 02:05:05,-0.7862798733620859,-99.00912398686273,134.3307137538739, -1.3597873328245709,-35.32920266031389,1.1094425725393133
2024-10-24 02:05:05,-0.8027299347559613,-100.37379637349443,135.46159295720832, -1.3962774483591276,-35.0958003356893,1.1424976030454874
2024-10-24 02:05:05,-0.8088837289766266,-100.87709325750927,135.87061687213247, -1.4102822840258165,-35.00167902674836,1.1552886692325377
2024-10-24 02:05:05,-0.8104369471975943,-101.00352445248863,135.97268863226654, -1.4138480184231457,-34.977358349884135,1.1585541395476486
2024-10-24 02:05:08,-0.8333966310826572,-101.00314554238491,135.97238313219762, -1.4538882944247449,-34.97790253542821,1.1913611248887157
2024-10-24 02:05:08,-0.9811743117050215,-101.00045337623892,135.9702124760817, -1.7115739188079266,-34.981768607619,1.4024886940016128
2024-10-24 02:05:09,-3.3717249015945683,-100.89592666712203,135.8858388733424, -5.866115364332218,-35.13136043121675,4.803064593830685
2024-10-24 02:05:09,-5.484209344728383,-100.70772950435146,135.7334585022423, -9.496657250769283,-35.39820269816819,7.76494821695057
2024-10-24 02:05:09,-6.873141185650204,-100.53475657911004,135.592873157561, -11.851391709868944,-35.6406829835124,9.678119190011222
2024-10-24 02:05:10,-9.231815536586629,-100.15085356715356,135.27902830460752, -15.773320800511195,-36.169624743474444,12.845482776283019
2024-10-24 02:05:10,-12.381564152720514,-99.45904798503248,134.70709599739786, -20.8260790274066,-37.09213182077508,16.878883826312745
2024-10-24 02:05:10,-14.36738910638936,-98.91576407307507,134.2521760074231, -23.8874723696996,-37.790501195355745,19.28937391665002
2024-10-24 02:05:11,-13.063400608147145,-99.2819449350441,134.55935779306634, -21.888563120619672,-37.32223590922598,17.71864711328027
2024-10-24 02:05:11,-10.141197468834305,-99.97229454698913,135.13219550613462, -17.255417317852796,-36.41142724653389,14.034779004570924
2024-10-24 02:05:12,-6.290430127210525,-100.6120972212286,135.6557954977974, -10.86711775413659,-35.53258878971579,8.879317309876026
2024-10-24 02:05:12,-2.873332404334959,-100.9272030901,135.91110455504392, -5.002964897013019,-35.086704249250445,4.0972794788365965
2024-10-24 02:05:13,0.3542171884604487,-101.00885867545756,135.9769891442883, 0.6180337848215147,-34.96969600905557,-0.5064575109821343
2024-10-24 02:05:13,6.052297133181823,-100.6417167183929,135.67986615368366, 10.463331302483745,-35.49105262375561,-8.551232910927927
2024-10-24 02:05:14,7.777846129043192,-100.40096853519013,135.48378577709326, 13.368106977646331,-35.826443762338585,-10.906176558773785
2024-10-24 02:05:14,9.240946080459144,-100.14914562134629,135.2776264113071, 15.78828982540996,-36.17195012109978,-12.857517567408477
2024-10-24 02:05:14,9.259772070559972,-100.14561863620114,135.27473128039952, 15.819148469454156,-36.176751361944966,-12.882325855200381
2024-10-24 02:05:14,9.31731193784489,-100.13479344839698,135.26584407961406, 15.913418728055325,-36.19148108907377,-12.958100847403031
2024-10-24 02:05:14,9.393569044604597,-100.1203417244129,135.25397645954718, 16.03824645041713,-36.2111302221813,-13.058410132010502
2024-10-24 02:05:14,9.450980136463595,-100.10938241885601,135.24497439703543, 16.132143020179264,-36.22601936372469,-13.133842542219522
2024-10-24 02:05:14,9.469717363286,-100.10579091591262,135.242023860031, 16.162772784528023,-36.23089655628246,-13.158445206133493
2024-10-24 02:05:15,9.35660423871075,-100.12736201839165,135.25974190558134, 15.977752955988858,-36.201587321407125,-13.00980265747111
2024-10-24 02:05:15,8.394717317746984,-100.3001518018844,135.40138045749006, 14.39366038256135,-35.96541011146221,-11.734378640374278
2024-10-24 02:05:15,4.7411227234854,-100.78420895892528,135.7954554249643, 8.225512237800517,-35.29014685644725,-6.72936156258889
2024-10-24 02:05:16,-4.567568336020972,-100.80046259340918,135.80861836555408, -7.927622633812965,-35.267115144490795,6.486429080557525
2024-10-24 02:05:17,-9.292789455873777,-100.13941529957549,135.26963874593065, -15.873250936743593,-36.18519337417075,12.925815953373
2024-10-24 02:05:17,-9.497471137536941,-100.10045782984248,135.23764214814145, -16.208128121860984,-36.23813681309645,13.194872266692515
2024-10-24 02:05:17,-8.411302651977355,-100.29733356943427,135.39907440286436, -14.421132306134464,-35.96928236133596,11.75653824562193
2024-10-24 02:05:18,-1.7514064060579175,-100.97932018372927,135.95316880233054, -3.053533685678646,-35.01209369015521,2.501718062412251
2024-10-24 02:05:18,0.23159236205974287,-101.00957981928099,135.97757050168184, 0.40408693403261053,-34.96865992154781,-0.33113716986048014
2024-10-24 02:05:18,0.29627424973941036,-101.00923705694174,135.9772941814528, 0.5169406500298516,-34.969152383760026,-0.423616340618149
2024-10-24 02:05:19,0.360915571280885,-101.00881058650378,135.97695037657763, 0.6297202679934794,-34.969765098098826,-0.5160339993202584
2024-10-24 02:05:19,0.7274946315884238,-101.00480507762015,135.9737211310695, 1.2691924251219384,-34.975519035682694,-1.0400284143443268
2024-10-24 02:05:19,0.9423466478180775,-101.00120320386499,135.97081706402992, 1.6438738321377804,-34.98069188826008,-1.3470217474632906
2024-10-24 02:05:19,2.2573458151032026,-100.95895127015599,135.93673433287378, 3.933590075084579,-35.04128329509534,-3.2222499264369224
2024-10-24 02:05:20,4.0239418622542695,-100.84743676025717,135.84663494628285, 6.992305006686541,-35.20041835273729,-5.7231221256384535
2024-10-24 02:05:20,3.887022324883132,-100.85832752237148,135.85544357156698, 6.756230627869422,-35.184926574440965,-5.530341285917628
2024-10-24 02:05:20,-0.5060873122099796,-101.00754703150311,135.9759317266063, -0.8829853575422242,-34.97158036189899,0.723569202020343
2024-10-24 02:05:21,-14.9889067967608,-98.72843236346192,134.09413095359002, -24.824609867472393,-38.0262430902103,20.02135683661623
2024-10-24 02:05:22,-10.723787976501228,-99.8489009854482,135.03040712614148, -18.195281537454246,-36.57700063161696,14.786446289681802
2024-10-24 02:05:22,-7.79299155688538,-100.39858656629956,135.48184081197147, -13.393372608836486,-35.82973708858711,10.926602151858592
2024-10-24 02:05:23,-0.33397604783989787,-101.00899851618516,135.97710187899693, -0.5827193711966552,-34.969495099713846,0.4775190546834973
2024-10-24 02:05:24,-0.33354092193756096,-100.92307086424262,135.9077674183916, -0.581719357807545,-34.98608381141966,0.4766030115217423
2024-10-24 02:05:25,-0.31871124883543983,-97.92494876517092,133.40935518329292, -0.5490353351568446,-35.485649834151495,0.44706263603904234
2024-10-24 02:05:26,-0.2649190774980264,-85.57235323718078,121.44165785869473, -0.4521217755755553,-35.870151639064034,0.3663781365013533
2024-10-24 02:05:27,-0.26542202895450545,-85.70191865503199,121.58132989849123, -0.45286964220267506,-35.88026116438845,0.3669373550383633
2024-10-24 02:05:27,-0.28238084584661605,-89.89064021858192,125.9353365471558, -0.47989252437617197,-36.045652506399165,0.3880194735799274
2024-10-24 02:05:28,-0.29958465211744134,-93.83309420472338,129.74631755898295, -0.5107402635119147,-35.91430479492675,0.4136498668286863
2024-10-24 02:05:29,-0.30004345726925336,-93.93459154594353,129.84076271807476, -0.5116093678602255,-35.90725620876563,0.4143906837262006
2024-10-24 02:05:29,-0.3144711213444879,-97.04118401963797,132.64316549458397, -0.5401775714376847,-35.603186786556506,0.4392057143779087
2024-10-24 02:05:29,-0.32644311849885194,-99.50539456728946,134.74566882403295, -0.5657406073184744,-35.24159056312649,0.46206020749243876
2024-10-24 02:05:30,-0.32496337958809207,-99.20592409784602,134.49577584866455, -0.5624875845319588,-35.2911537590516,0.4591223638182789
2024-10-24 02:05:30,-0.31272327867129857,-96.67319570815631,132.32010112841758, -0.5365879429939338,-35.64809539877128,0.43604203878997017
2024-10-24 02:05:31,-0.2794521056571395,-89.19061306190692,125.22954346794032, -0.47498110439793284,-36.039867050893996,0.38407647664099165
2024-10-24 02:05:31,-0.27689557859794994,-88.57199481794231,124.59851854910713, -0.47077605065984846,-36.0274437357925,0.3807362039061406
2024-10-24 02:05:32,-0.27717094544861787,-88.63897341772562,124.66717147563676, -0.47122527995645547,-36.02911983664675,0.3810914120822972
2024-10-24 02:05:33,-0.2838098450712322,-90.22894405936742,126.27327767820631, -0.48232515979504564,-36.045299511420325,0.3899881735828019
2024-10-24 02:05:33,-0.3032079894693883,-94.62991396736629,130.4828446234444, -0.5176696298768196,-35.85404087088039,0.41958122484352783
2024-10-24 02:05:33,-0.3012335215100753,-94.19704163491996,130.08412725118282, -0.5138749269243442,-35.8881800442666,0.4163260778014031
2024-10-24 02:05:34,-0.2814328618652265,-89.66504500587791,125.70884267149316, -0.4782918287215121,-36.0447474656225,0.3867296478193431
2024-10-24 02:05:34,-0.26204103357673875,-84.82443279604092,120.62957035514458, -0.44790411448979717,-35.805968230708494,0.3632540605605416
2024-10-24 02:05:35,-0.2622792175873395,-84.88675695111985,120.69762043165512, -0.44824913400828775,-35.81169548764438,0.36350766310548377
2024-10-24 02:05:35,-0.26283245658017357,-85.03121919824333,120.85509022094648, -0.4490533455279666,-35.824706143840146,0.3641001741214403
2024-10-24 02:05:35,-0.273785120687661,-87.80946710489087,123.81126554670725, -0.4657642312406257,-36.00269870984303,0.37680115104579065
2024-10-24 02:05:36,-0.3217869936749181,-98.55834248951011,133.95010574488256, -0.5555944416785853,-35.39303513185107,0.45292435483041893
2024-10-24 02:05:41,-0.23118873787053146,-98.55884562716446,133.95053252105336, -0.399173104310954,-35.39234341148706,0.3254097561097812
2024-10-24 02:05:41,2.749131554455961,-98.48345060576892,133.88653126970976, 4.738218672185555,-35.49575260174383,-3.8606262231314186
2024-10-24 02:05:42,8.306388721309407,-97.86388181778551,133.35685119615985, 14.1149158252608,-36.327340322768904,-11.452395153159847
2024-10-24 02:05:43,8.224297969491243,-97.8776113356199,133.36866119064632, 13.979679722301325,-36.30925508842182,-11.343706053745684
2024-10-24 02:05:43,7.171712265091726,-98.04141283680276,133.5093082514921, 12.235280143891355,-36.092309076892406,-9.93912014404519
2024-10-24 02:05:44,-0.29765900120674404,-98.55849259147207,133.95023306624606, -0.5139371062268243,-35.39282877197739,0.4189654488528065
2024-10-24 02:05:44,-0.7832697642057158,-98.55322079149333,133.9457611200239, -1.352221809068169,-35.400075257862724,1.1023012262524448
2024-10-24 02:05:46,-0.7815241196207044,-98.40610719401452,133.82077356817086, -1.34847631396071,-35.422161627887945,1.098946459441826
2024-10-24 02:05:46,-0.7422136386892259,-94.9977584252259,130.81904992793437, -1.2680435967195263,-35.82795120256138,1.0281598174885629
2024-10-24 02:05:47,-0.6916168053302812,-90.30049063361916,126.34448464530536, -1.1752991352663504,-36.04972964235601,0.9502831753618544
2024-10-24 02:05:48,-0.6939263870117794,-90.52365069747314,126.56599583934361, -1.1792698225912284,-36.048119489673276,0.9535134710409325
2024-10-24 02:05:48,-0.7269804225550756,-93.62351174995545,129.55071652528696, -1.2388539879725815,-35.93356911688429,1.003151370766247
2024-10-24 02:05:49,-0.8306088173123712,-102.42119059970626,137.0987113566541, -1.4596663832551435,-34.6862218065032,1.2003399021975791
2024-10-24 02:05:50,-0.8291193242706523,-102.30284079022722,137.00600199964182, -1.456108292142512,-34.711822799461586,1.1970432443995906
2024-10-24 02:05:50,-0.8236772498012358,-101.86867603197955,136.66388728052374, -1.4432087750112028,-34.803730254341474,1.1851177641495323
2024-10-24 02:05:50,-0.7830703752391522,-98.53643453680704,133.93151851652334, -1.3517932356237183,-35.40261436580971,1.1019171221308357
2024-10-24 02:05:51,-0.694372209181875,-90.56662330435981,126.60854840892586, -1.180039205182929,-36.047706962839925,0.9541406249469108
2024-10-24 02:05:52,-0.6930677749249623,-90.4407945691541,126.48385612978834, -1.177790719470317,-36.04882147759122,0.9523089162064002
2024-10-24 02:05:53,-0.6541824923394859,-86.54742164921214,122.48544991850329, -1.1145295725657434,-35.94317985210415,0.9023618002636848
2024-10-24 02:05:53,-0.624323416761021,-83.34385074456742,118.99277957385195, -1.071134267665406,-35.65367106976302,0.8703900704450402
2024-10-24 02:05:54,-0.6250776485035509,-83.42738371074424,119.08615405265732, -1.0721713851386447,-35.66352232305391,0.8711254328913208
2024-10-24 02:05:54,-0.6442214101606575,-85.5013696450929,121.36501076332763, -1.0995313719626831,-35.868650695031604,0.8910563801099877
2024-10-24 02:05:54,-0.7017817005830783,-91.27596461065153,127.30617318907034, -1.192963958274968,-36.036117017428964,0.9647341575034972
2024-10-24 02:05:55,-0.7475711985819476,-95.47361577402498,131.2504197732451, -1.2785701303667514,-35.783571245314654,1.037275247512646
2024-10-24 02:05:55,-0.7579453032355803,-96.38451014344969,132.0649931315325, -1.2993410473113263,-35.687464047101024,1.055400896075084
2024-10-24 02:05:55,-0.7423405704507573,-95.00907635337279,130.8293563182666, -1.2682914202226205,-35.826942190389694,1.0283738529857471
2024-10-24 02:05:56,-0.7164462182325957,-92.65387108308614,128.6355635776651, -1.2193069248392019,-35.98786139148659,0.9866432645229649
2024-10-24 02:05:56,-0.6854410258521991,-89.6992430453724,125.74323562145993, -1.1648062622568283,-36.04962624007615,0.9417996307508048
2024-10-24 02:05:56,-0.6679520047464548,-87.95915585055832,123.966629120491, -1.1360864217050892,-36.012830309751905,0.9190052988245623
2024-10-24 02:06:28,-0.6364393801954052,-87.95957886528713,123.96706760390096, -1.0824963123462317,-36.0123522644522,0.8756567358076746
2024-10-24 02:06:28,0.1836130418093821,-87.96340027202797,123.97102860560489, 0.31232190972091023,-36.00803316042725,-0.25264885648189983
2024-10-24 02:06:28,1.5364808677417507,-87.93944951401711,123.94619861870086, 2.6124085160370543,-36.03508645917187,-2.1130488043002167
2024-10-24 02:06:28,1.9013503302790706,-87.92653592507159,123.9328067139636, 3.232038411216613,-36.04965629312054,-2.614086484889788
2024-10-24 02:06:42,1.794365187538786,-87.93060667148308,123.93702856180634, 3.0503984836351474,-36.04506469992888,-2.467220083551476
2024-10-24 02:06:42,1.1778206333066419,-87.94947016191122,123.95658837222649, 2.002951521689786,-36.023772612806624,-1.620161453157612
2024-10-24 02:06:42,0.09878217973543268,-87.96364679007274,123.97128411991392, 0.1680271408783871,-36.00775450109843,-0.13592357905800467
2024-10-24 02:06:42,-0.16346939586121234,-87.96347221837428,123.97110317762525, -0.2780583492157083,-36.00795183407765,0.2249318551603668
2024-10-24 02:06:42,-0.8231484211420518,-87.95677429794611,123.96416042017802, -1.3999929694629327,-36.015521449140365,1.1324730596237584
2024-10-24 02:06:42,-1.2288105507546054,-87.94820710925423,123.95527889462582, -2.0896158718314117,-36.025199051545044,1.6902535887432966
2024-10-24 02:06:42,-1.4615873793335068,-87.9417608534331,123.94859525461248, -2.4851725734790606,-36.0324774534506,2.010154631474275
2024-10-24 02:06:43,-1.5717951453804757,-87.93831956559737,123.94502693644394, -2.67239813588595,-36.03636179300615,2.1615605648629344
2024-10-24 02:06:43,-1.6495567464033227,-87.93574084990773,123.94235289215788, -2.8044815514208628,-36.03927196802813,2.2683697228580812
2024-10-24 02:06:43,-1.7273682461647804,-87.93303576112878,123.93954767519297, -2.93663113940842,-36.042324262886154,2.3752286151658977
2024-10-24 02:06:43,-1.8378027868721636,-87.92898233397649,123.9353439663144, -3.1241517968798584,-36.04689700736464,2.5268548706475644
2024-10-24 02:06:43,-1.9483276214345873,-87.92467391239326,123.93087548666685, -3.3117840527562934,-36.051756164274536,2.6785628848491205
2024-10-24 02:06:43,-1.7044063888732024,-87.93384699842782,123.94038895398548, -2.89763631795593,-36.04140895429481,2.3436969986734213
2024-10-24 02:06:43,-1.433282187646903,-87.94260431163895,123.94946981556089, -2.437081092658088,-36.031525277768125,1.9712628140356978
2024-10-24 02:06:43,-0.5471924377196178,-87.96066596238569,123.96819443896382, -0.9307174826722754,-36.01112368818856,0.7528829273277187
2024-10-24 02:06:43,0.22506308650406381,-87.96322595369872,123.97084792516293, 0.3828263728998941,-36.0082302040082,-0.3096823084084521
2024-10-24 02:06:43,1.1109043769066678,-87.95104648104177,123.95822259071755, 1.8892095472205879,-36.02199222825145,-1.5281678038368554
2024-10-24 02:06:43,1.9609204969976881,-87.92416704344544,123.93034976567458, 3.3331595621847425,-36.05232774032497,-2.695845259069364
2024-10-24 02:06:43,2.5528535425831365,-87.89665163159532,123.90180407035047, 4.337208839302507,-36.083329035224935,-3.5074867654783937
2024-10-24 02:06:43,3.8213175807285458,-87.81332068097086,123.81527024310574, 6.482759264055707,-36.17689782206479,-5.240654212075299
2024-10-24 02:06:43,4.5527126619433504,-87.75013155840273,123.74956958088177, 7.715016522759383,-36.24753207268047,-6.235078676921848
2024-10-24 02:06:43,5.344733449981504,-87.66917343929262,123.66528928548979, 9.044441406207648,-36.337630919794734,-7.306905449620277
2024-10-24 02:06:43,5.594868476030703,-87.64089115667343,123.63581878670682, 9.463096569010098,-36.36900169302257,-7.644194506846621
2024-10-24 02:06:43,6.039864857675568,-87.58734791178756,123.5799868643767, 10.20634499359584,-36.428244196786544,-8.2426761651149
2024-10-24 02:06:43,7.132701516311215,-87.43825874151895,123.42425484663946, 12.022449687179835,-36.59219129193418,-9.703178433361284
2024-10-24 02:06:43,8.121874622617327,-87.28163967928907,123.26022945897475, 13.653752583520497,-36.76283411586375,-11.012515942288363
2024-10-24 02:06:43,8.788297823712721,-87.16444007433711,123.13720087429783, 14.74538297224499,-36.889480043123626,-11.887187123369959
2024-10-24 02:06:43,9.470002784330124,-87.03476418118493,123.00078952614035, 15.855422429453839,-37.02857585402106,-12.775260888915927
2024-10-24 02:06:44,9.753420174124187,-86.97792517998866,122.9409035980249, 16.314859796357382,-37.08920525435686,-13.142409011270225
2024-10-24 02:06:44,10.44372801107518,-86.83225824491313,122.78716466012273, 17.428627132091975,-37.24365402719176,-14.03137880266263
2024-10-24 02:06:44,10.540048875123274,-86.81111558365934,122.76481891903508, 17.583427061628168,-37.2659606351814,-14.154811100684379
2024-10-24 02:06:44,10.44432025461649,-86.83212885891186,122.78702793593943, 17.42957940433512,-37.24379062110001,-14.032138206652737
2024-10-24 02:06:44,10.101016277727831,-86.9058595575444,122.86489186946912, 16.87663013195006,-37.16578245354369,-13.590987051631162
2024-10-24 02:06:44,9.567370618314367,-87.01543143168207,122.98042689430821, 16.013400836833746,-37.04922088340495,-12.90153382175517
2024-10-24 02:06:44,8.323448646379463,-87.24718517826317,123.22408681696916, 13.984592934446042,-36.80015817965859,-11.277735896451482
2024-10-24 02:06:44,7.717908809128152,-87.34809770165622,123.3298837494495, 12.989080339255532,-36.690622187410156,-10.479340632795038
2024-10-24 02:06:44,6.367763864951639,-87.54524451299223,123.53604776950904, 10.752676498520675,-36.474693878447724,-8.682323181814809
2024-10-24 02:06:44,5.642181819137546,-87.63539474905181,123.63008979960397, 9.542216678406444,-36.37509204849705,-7.707923465194917
2024-10-24 02:06:44,4.063531704891361,-87.7936230248068,123.79479733953306, 6.8912884549684605,-36.19894565035284,-5.570425705803231
2024-10-24 02:06:44,2.9197047414121435,-87.87596965310982,123.88033875962157, 4.95866337492842,-36.10659665857662,-4.009687047064725
2024-10-24 02:06:44,2.0603168101021225,-87.92005155190557,123.92608103589038, 3.501857154988837,-36.05696795684642,-2.8322352516969707
2024-10-24 02:06:44,1.4682651767436008,-87.94155945750819,123.94838643027705, 2.496518061270069,-36.032704800967764,-2.0193297190273034
2024-10-24 02:06:44,0.6786733308584245,-87.95900727066837,123.96647510661447, 1.1543187407925624,-36.01299821564669,-0.9337532028347133
2024-10-24 02:06:44,0.06901151158797791,-87.96369819453108,123.97133740015519, 0.11738774771488858,-36.00769639393869,-0.09495945946869111
2024-10-24 02:06:44,-0.25804571381406843,-87.96306198157738,123.97067796803904, -0.4389276703990639,-36.00841555064996,0.35506444742185833
2024-10-24 02:06:44,-1.0462722515246488,-87.95248145426456,123.95971023289488, -1.7793412421163075,-36.02037133738037,1.439305357400464
2024-10-24 02:06:44,-1.6225642263605868,-87.93665008881176,123.94329575690713, -2.7586349634850857,-36.038245911421264,2.231296331347984
2024-10-24 02:06:44,-2.197606870874507,-87.91403206,123.91983686536913, -3.7348063251898185,-36.06375281656975,3.020559173619994
2024-10-24 02:06:44,-3.3413642977901983,-87.84876335443356,123.85209036264382, -5.672064772325404,-36.13715926003218,4.586007134231321
2024-10-24 02:06:44,-3.923639289896385,-87.80514784149837,123.80677658499182, -6.655390939121799,-36.186049012933175,5.380015787065455
2024-10-24 02:06:44,-4.432533043594276,-87.76127648108597,123.7611626625187, -7.5128215661988955,-36.235093863976864,6.0719663549775476
2024-10-24 02:06:44,-4.591485981453305,-87.7464718995467,123.74576227541894, -7.780225114884532,-36.25161455864434,6.287677852788461
2024-10-24 02:06:45,-4.704177969377156,-87.73565805562974,123.73451075388715, -7.9696783785907686,-36.26367246717129,6.44048198401548
2024-10-24 02:06:45,-4.783768475373969,-87.72786159325517,123.72639744106657, -8.103418089349828,-36.272360918763994,6.548337001602291
2024-10-24 02:06:45,-4.94306812699708,-87.7118614440358,123.70974363569977, -8.370932366712992,-36.29017867599504,6.764041641810699
2024-10-24 02:06:45,-5.295384261988473,-87.67459919944284,123.67094136106758, -8.96177372611211,-36.33160646719846,7.240289822694356
2024-10-24 02:06:45,-5.375258876301862,-87.66579187536676,123.66176640583461, -9.095564723715611,-36.34138460594369,7.348099499612202
2024-10-24 02:06:45,-5.488449811011951,-87.65308318133563,123.64852478608681, -9.285056261170283,-36.35548490260977,7.500771699927683
2024-10-24 02:06:45,-5.5684114569693985,-87.64394431434143,123.63900090474976, -9.41884392337765,-36.36561772661151,7.608548305890714
2024-10-24 02:06:45,-5.535617329224349,-87.64770850895086,123.64292386328147, -9.36398208732811,-36.36144481599653,7.564354279859699
2024-10-24 02:06:45,-5.502826820341228,-87.65144985773938,123.64682276129233, -9.309115743558289,-36.357296283162356,7.520154468961791
2024-10-24 02:06:45,-5.0957879956054475,-87.696026530015,123.69325730715995, -8.62718600568883,-36.30779528987339,6.970623496782872
2024-10-24 02:06:45,-4.835791190379294,-87.72269442819693,123.7210196818117, -8.190804936119251,-36.27811697549978,6.618804546627598
2024-10-24 02:06:45,-4.414744751220486,-87.76290061115598,123.76285191650328, -7.482883932828569,-36.23328055735489,6.04781340416934
2024-10-24 02:06:45,-3.9947453490721507,-87.79934056559031,123.80074062257792, -6.775313301498991,-36.192548678440666,5.4768174030647705
2024-10-24 02:06:45,-3.801412275537167,-87.81488539706243,123.81689624464167, -6.44916757003847,-36.17514527440997,5.213534673665151
2024-10-24 02:06:45,-3.768891190631352,-87.8174241582661,123.8195343486484, -6.394279897132868,-36.17230139758163,5.169221078435441
2024-10-24 02:06:45,-3.6083204917538763,-87.8296381224466,123.83222463844717, -6.123170177679947,-36.15861333219638,4.950319013759956
2024-10-24 02:06:45,-2.2681509606814023,-87.91078786369742,123.91647130994983, -3.8544735910216468,-36.067408464268006,3.1172961929956555
2024-10-24 02:06:45,-1.9978050362234072,-87.9226636125626,123.9287903904424, -3.3957651031260796,-36.05402299489449,2.7464619656156524
2024-10-24 02:06:45,-1.8393096768164876,-87.92892528627598,123.93528480145932, -3.1267102517570957,-36.046961355760885,2.5289235396203495
2024-10-24 02:06:45,-1.3798856192259477,-87.94415052747966,123.95107301545355, -2.346352719462547,-36.02977963403848,1.8978891548232504
2024-10-24 02:06:45,-1.301009143312379,-87.94632711918555,123.95332975049955, -2.2123170200419855,-36.02732202789948,1.7894893763157615
2024-10-24 02:06:45,-1.2689955812819476,-87.94717397280154,123.95420776283456, -2.1579116499065396,-36.02636574999542,1.745488794686054
2024-10-24 02:06:45,-1.1901901048847154,-87.94916868124125,123.956275812884, -2.023975667426459,-36.024113102530485,1.6371654078046114
2024-10-24 02:06:46,-1.2678189915871425,-87.94720469494384,123.95423961511115, -2.155912050831127,-36.026331057222336,1.7438716007033497
2024-10-24 02:06:46,-1.345499090806626,-87.94511517704436,123.95207319442328, -2.2879212115788015,-36.028690481603014,1.8506337562985897
2024-10-24 02:06:46,-1.4232301673927243,-87.94289987761108,123.94977627759361, -2.4200018522012363,-36.031191603135355,1.9574506430871146
2024-10-24 02:06:46,-1.5010119851206691,-87.94055854738566,123.94734859120466, -2.5521526710899467,-36.0338346450907,2.0643210257915743
2024-10-24 02:09:24,-1.6613156368514361,-87.9353400588408,123.94193727417367, -2.824453239109216,-36.039724233902845,2.2845194895735146
2024-10-24 02:09:24,-5.359034969135118,-87.66759155505395,123.66364131968832, -9.068394385146382,-36.33938697792029,7.326206461294449
2024-10-24 02:09:24,-6.03398393306373,-87.5880825047461,123.5807532040055, -10.19653586919346,-36.42743271727568,8.23478035209981
2024-10-24 02:09:24,-6.7740725699865685,-87.48994735768738,123.47829151969111, -11.427988103895117,-36.53551922701084,9.22542494906619
2024-10-24 02:09:24,-6.974183470477935,-87.46143918247404,123.44849421190014, -11.75988099344207,-36.56679788527173,9.492197516843698
2024-10-24 02:09:24,-7.223129950760898,-87.424798300938,123.41017510030906, -12.172097724965763,-36.60692042851412,9.82339659291345
2024-10-24 02:09:25,-7.138858108175011,-87.43734778291685,123.42330207763486, -12.032641280474177,-36.593188489980804,9.711366391506008
2024-10-24 02:09:25,-5.382592220152933,-87.66497660445188,123.66091703410702, -9.107845121645438,-36.342289477066934,7.357994505052991
2024-10-24 02:09:25,-5.01527159513138,-87.70443544393565,123.70201270432574, -8.492111040487725,-36.298442349910054,6.861736564557608
2024-10-24 02:09:25,-4.363509411065873,-87.76754186509717,123.76767901403662, -7.396640951473122,-36.22809770255576,5.978231806205953
2024-10-24 02:09:25,-3.97983626703147,-87.80056688099897,123.80201527969298, -6.750171740851872,-36.19117634463927,5.456523691169009
2024-10-24 02:09:25,-3.8636704897257723,-87.80996409493672,123.81178204144189, -6.554223766424665,-36.180656772024605,5.298347681827407
2024-10-24 02:09:25,-3.229765219309772,-87.85632158453225,123.85993942855501, -5.483352063330451,-36.1286737327473,4.433576360825542
2024-10-24 02:09:25,-2.699475383244108,-87.88871889318992,123.89357178348257, -4.585670875592957,-36.0922570168211,3.7082865969165115
2024-10-24 02:09:25,-2.3384726149211694,-87.90745173079758,123.91301018233682, -3.973742706517419,-36.071166947434534,3.2137071219761433
2024-10-24 02:09:25,-2.2566340722952827,-87.91132451569395,123.91702805006194, -3.834938362295716,-36.06680380074276,3.1015045273440474
2024-10-24 02:09:25,-1.7640688220626128,-87.9317165759119,123.93817961316176, -2.998954120678026,-36.043812584907506,2.4256229064581687
2024-10-24 02:09:25,-1.4869193355354922,-87.94099199874726,123.94779803711607, -2.528210577535194,-36.033345366483545,2.0449593017225713
2024-10-24 02:09:25,-1.324383643582593,-87.94569546178968,123.9526748438527, -2.252039190777042,-36.02803527099069,1.8216145377180224
2024-10-24 02:09:25,-1.129265929710098,-87.95062312496458,123.95778368882823, -1.9204208372017768,-36.02247040769517,1.553411451806156
2024-10-24 02:09:25,-0.9344536839268686,-87.9547609383663,123.96207330693441, -1.589241613393942,-36.017796224508686,1.2855472590991561
2024-10-24 02:09:25,-0.7399506831507907,-87.95811265758395,123.96554776664841, -1.2585220354212328,-36.01400915985278,1.0180414144605991
2024-10-24 02:09:25,-0.3845039533164031,-87.96222580745675,123.96981126597649, -0.6540194350878068,-36.00936069476497,0.5290579677630002
2024-10-24 02:09:25,-0.30396237376006174,-87.96279642687747,123.97040271953911, -0.517028025078113,-36.00871571765037,0.41824214892734857
2024-10-24 02:09:25,0.18079484716348904,-87.96341084012954,123.97103955939406, 0.30752827796217685,-36.00802121453265,-0.24877112048688743
2024-10-24 02:09:25,0.9204160008189235,-87.95502891644887,123.96235110581222, 1.5653749448472818,-36.01749346828487,-1.266242880723265
2024-10-24 02:09:25,1.7123743741887805,-87.93356672227671,123.94009830006462, 2.911168086614133,-36.04172519143637,-2.3546389656854076
2024-10-24 02:09:25,2.252218506766607,-87.91152954206822,123.91724074968317, 3.827448424382114,-36.0665727854839,-3.095449866716925
2024-10-24 02:09:25,3.1891842101576846,-87.85900615465411,123.86272705319044, 5.414711613810846,-36.12565885245452,-4.378128981777104
2024-10-24 02:09:25,3.4536659420588554,-87.84089752632005,123.84392077712286, 5.861888442930476,-36.145985942992795,-4.739319599066727
2024-10-24 02:09:25,3.826041595295918,-87.81294813071705,123.81488309466992, 6.490730987699952,-36.17731506919221,-5.247089930887711
2024-10-24 02:09:25,4.259604933161261,-87.77678699745182,123.77729318860919, 7.221678104960004,-36.21776934082685,-5.837057321899262
2024-10-24 02:09:26,4.981912371135304,-87.7078798621736,123.70559868217839, 8.436130225469222,-36.29460985760359,-6.816605697609833
2024-10-24 02:09:26,5.4991088177216,-87.65187266075938,123.64726335291834, 9.302893974073976,-36.356827405521095,-7.515142134522224
2024-10-24 02:09:26,5.57471167114825,-87.64321859024116,123.63824454235808, 9.429382441044577,-36.366422139739186,-7.6170373754267064
2024-10-24 02:09:26,5.831813111284366,-87.61289621016543,123.60663360678751, 9.85910295581039,-36.40000056398201,-7.963120095946262
2024-10-24 02:09:26,5.937791396993709,-87.59999536766783,123.59317955410523, 10.036039115133867,-36.41426792620718,-8.105578599071212
2024-10-24 02:09:26,6.118706085560957,-87.57742990603656,123.5696392906258, 10.337813141027988,-36.43919672860195,-8.348493638476931
2024-10-24 02:09:26,5.97072443472914,-87.59593858920202,123.58894819889588, 10.090998678424258,-36.41875210444667,-8.149823921814393
2024-10-24 02:09:26,5.791245812159793,-87.61777240187176,123.61171812279265, 9.791343094475906,-36.394604944746774,-7.90855761450338
2024-10-24 02:09:26,4.2079318644391375,-87.78130133092037,123.7819871671805, 7.134635616033808,-36.21272394915923,-5.766817902919887
2024-10-24 02:09:26,2.734324417251684,-87.88676816253083,123.89154721869892, 4.644709704669578,-36.094451819446235,-3.7559969092091916
2024-10-24 02:09:26,2.2975005025292687,-87.9094078938103,123.91503966095837, 3.9042544764319804,-36.068963230205746,-3.1575369842190737
2024-10-24 02:09:26,1.6803865796843636,-87.93468398548045,123.94125692374465, 2.856843047625528,-36.040464544646056,-2.310710774228138
2024-10-24 02:09:26,0.5852564589583298,-87.96022236429867,123.9677346280582, 0.9954525675807173,-36.01162502785178,-0.8052473185142964
2024-10-24 02:09:26,-0.9239425825207815,-87.9549619759212,123.96228171218495, -1.5713708208007016,-36.01756909680944,1.271092607164764
2024-10-24 02:09:26,-1.4756128053201927,-87.9413367986508,123.94815555788918, -2.5090014422078544,-36.03295614804453,2.029424991279605
2024-10-24 02:09:26,-2.2518902147352446,-87.91154476947322,123.91725654695395, -3.826891553177125,-36.06655562775639,3.094999706628684
2024-10-24 02:09:26,-3.636723742283499,-87.8275164609039,123.83002042696064, -6.171139197889808,-36.16099179280503,4.989053192526516
2024-10-24 02:09:26,-4.179704038054327,-87.78374401806018,123.78452690752577, -7.087077653688914,-36.20999332697857,5.728438985520877
2024-10-24 02:09:26,-4.377152893113493,-87.76631126597648,123.7663991772068, -7.41960866887036,-36.22947204716013,5.996762777539536
2024-10-24 02:09:26,-4.704690919387595,-87.73560823001789,123.73445890680057, -7.970540485546746,-36.263728006454315,6.441177269397324
2024-10-24 02:09:26,-5.066971395251411,-87.69905156158437,123.69640712864042, -8.5788497887094,-36.3044312063929,6.931659972327615
2024-10-24 02:09:26,-5.231340966158093,-87.68156486769958,123.67819680435588, -8.854456855417698,-36.32386926529109,7.153804297731681
2024-10-24 02:09:27,-5.313585113916882,-87.6726039901905,123.66886299028768, -8.992265711833072,-36.33382206479734,7.264861553747714
2024-10-24 02:09:27,-5.2300951454808535,-87.68169952215052,123.67833705194381, -8.85236886204618,-36.32371966380057,7.152121528409047
2024-10-24 02:09:27,-4.541596988797663,-87.75117496351064,123.75065503761085, -7.696320009192327,-36.246367947922586,6.219997052071143
2024-10-24 02:09:27,-3.1015061586974513,-87.86469011981609,123.86862878722351, -5.266376422671733,-36.119273889882066,4.25829795493741
2024-10-24 02:09:27,-2.4009861449871712,-87.90440036736766,123.90984431924292, -4.0797508775728915,-36.07460393409812,3.2993949433190677
2024-10-24 02:09:27,-1.7803787696323559,-87.93112141324585,123.93756238907187, -3.0266493998605126,-36.04448401562574,2.4480169903431905
2024-10-24 02:09:27,-1.1452634645658941,-87.95024861582246,123.95739542487982, -1.9476131492405966,-36.02289340426702,1.5754044384344166
2024-10-24 02:09:27,-0.7557558473480626,-87.9578693717398,123.96529557840466, -1.285398190675239,-36.01428407175721,1.039780896015671
2024-10-24 02:09:27,-0.28693823043415195,-87.96289994617963,123.97051001785658, -0.4880715274079718,-36.008598706265616,0.3948184025219841
2024-10-24 02:09:27,-0.20643493560623047,-87.9633086693357,123.9709336597482, -0.3511408967891859,-36.008136705296046,0.2840508684972051
2024-10-24 02:09:27,-0.013060974034852846,-87.96374544848165,123.9713863783919, -0.022216577780634683,-36.007642978314486,0.017971847182148615
2024-10-24 02:09:27,0.09976040807518145,-87.9636447914506,123.97128204835973, 0.1696910879077561,-36.00775676031983,-0.13726960820733267
2024-10-24 02:09:27,0.020673889455525882,-87.9637428056707,123.97138363914642, 0.03516606420603982,-36.00764596573859,-0.028447186181486755
2024-10-24 02:09:27,-0.23615247630657082,-87.96317332155212,123.97079337198883, -0.40168875598096787,-36.00828969720098,0.32494070615307413
2024-10-24 02:09:27,-1.3346692560661104,-87.94541394461129,123.95238296264378, -2.2695179343658944,-36.02835314035147,1.8357503215961908
2024-10-24 02:09:27,-1.6887087191011925,-87.93439534072158,123.94095759565384, -2.8709768909820808,-36.04079024084216,2.3221397140861826
2024-10-24 02:09:27,-1.8024702752154675,-87.93030653502349,123.93671729475234, -3.064160708784892,-36.045403277774255,2.478347917136538
2024-10-24 02:09:28,-1.7948326283910536,-87.64328626685501,123.63831507651102, -3.0520257363440515,-36.03370789970253,2.4688926926937205
2024-10-24 02:09:28,-1.7331595198319771,-85.26508753297495,121.1092318738233, -2.957991565750133,-35.8804125921903,2.397420606085222
2024-10-24 02:09:28,-1.7011233089252844,-83.983929990333,119.70513604866532, -2.9120184780692107,-35.75630485007157,2.363825976475956
2024-10-24 02:09:28,-1.6720249664416849,-82.79050280880014,118.37114513222568, -2.872052586511117,-35.61472716093189,2.335501491525767
2024-10-24 02:09:28,-1.6388253394373584,-81.39160121268532,116.7757458883381, -2.828641046935931,-35.4171282709988,2.305842987376239
2024-10-24 02:09:29,-1.6079993706079763,-80.05434825283857,115.21893624640626, -2.7905433146707894,-35.196601937720786,2.2809726465959255
2024-10-24 02:09:29,-1.5701484645241295,-78.35725312921117,113.19911099202571, -2.7468958633073237,-34.87275089496132,2.2541834212500746
2024-10-24 02:09:29,-1.5442457886006715,-77.15783437243665,111.74225372756257, -2.719178847893482,-34.61458994300384,2.2384038875255468
2024-10-24 02:09:29,-1.520445010109222,-76.02623069124579,110.34579832492136, -2.695384901368141,-34.34910682098642,2.225872839674264
2024-10-24 02:09:29,-1.4984924336333454,-74.95568178364115,109.00530987826372, -2.6749708712127953,-34.07861291606396,2.2161023225142467
2024-10-24 02:09:29,-1.4755316647101306,-73.80651563893784,107.54570423189602, -2.6553219273185276,-33.76762298631088,2.2078538521005298
2024-10-24 02:09:29,-1.4704262692934214,-73.54669272222749,107.21275651540475, -2.651204462367843,-33.69437996310811,2.2063092559570245
2024-10-24 02:09:29,-1.4718622840495383,-73.61993670223406,107.30672326330773, -2.6523530279288616,-33.71513582915668,2.206732731117955
2024-10-24 02:09:29,-1.501362668206828,-75.09717701353688,109.18355467714599, -2.677552304474923,-34.11543342002166,2.21727803515744
2024-10-24 02:09:29,-1.5434014950489154,-77.11818821527324,111.69368728022299, -2.7183066337893758,-34.60564672085182,2.237926350252605
2024-10-24 02:09:29,-1.5942486042255395,-79.44511180502478,114.49948514564673, -2.7742733404190796,-35.08597116282645,2.270747646260929
2024-10-24 02:09:29,-1.6302722593100656,-81.02439511772732,116.3513238408058, -2.817851020266592,-35.35963817718341,2.298678518717395
2024-10-24 02:09:29,-1.6437597560947246,-81.60214933583703,117.0180463676785, -2.8349407338765906,-35.449040565277095,2.310066477111177
2024-10-24 02:09:29,-1.6526120222580523,-81.97753041651275,117.44812748591922, -2.8463773374138825,-35.50403079761222,2.317806614432953
2024-10-24 02:09:31,-1.6527771957591444,-81.98450639343241,117.45609679064636, -2.8465923655556873,-35.505029580039306,2.3179530137764974
2024-10-24 02:09:31,-1.6573756907888588,-82.17830989951743,117.67715753305329, -2.852602658835588,-35.53243926234633,2.3220576878865398
2024-10-24 02:09:31,-1.687448400800796,-83.42672752405443,119.08542103469424, -2.8930192017378005,-35.69331009612041,2.350250057525349
2024-10-24 02:09:31,-1.7030402296747704,-84.06153208220336,119.7910102977414, -2.914712044771426,-35.76464541127262,2.36576601312311
2024-10-24 02:09:31,-1.7285955462535245,-85.0845777018517,120.91315962625328, -2.951319086337019,-35.864680146108284,2.3924838072596946
2024-10-24 02:09:31,-1.74628217045681,-85.78050995126853,121.66590620782047, -2.977400290314252,-35.92215976971916,2.411889851922702
2024-10-24 02:09:31,-1.7637829706398838,-86.459813070786,122.39235904266158, -3.003793968498936,-35.969984799638816,2.4318133587455453
2024-10-24 02:09:31,-1.7868496285020852,-87.34158882208014,123.32306531519194, -3.0394556501524774,-36.019831521205056,2.4591502556676326
2024-10-24 02:09:31,-1.811080009831457,-88.25198373863762,124.26939871390775, -3.0779668527638506,-36.0567648023726,2.4891631312717637
2024-10-24 02:09:31,-1.8830020709193769,-90.86603886894197,126.90411838494049, -3.198453615232459,-36.08058262286473,2.5858879837595987
2024-10-24 02:09:31,-1.8912793368833103,-91.15898545740534,127.19174720666462, -3.212903126126891,-36.07564747742065,2.597741412115463
2024-10-24 02:09:32,-1.8949401590542212,-91.28805633717748,127.31798702061272, -3.2193318077205113,-36.07298696094048,2.603030943371227
2024-10-24 02:09:32,-2.00672374964871,-95.09461064700243,130.90717258463602, -3.426813811880862,-35.86123095267175,2.778357391490111
2024-10-24 02:09:32,-2.0633577618470236,-96.9332929647347,132.54869196830452, -3.5402296014716805,-35.667226293715004,2.8773877796421274
2024-10-24 02:09:32,-2.1195381058047964,-98.70471651638948,134.07407941463134, -3.658357927724178,-35.424547006492276,2.9824821325676076
2024-10-24 02:09:32,-2.156593781643033,-99.84668571750856,135.02857734647193, -3.7394057541632337,-35.23941785657453,3.055596362678049
2024-10-24 02:09:32,-2.1728936710494686,-100.34272057093472,135.43619638694923, -3.7758607133964075,-35.15206568582323,3.0887266411818928
2024-10-24 02:09:32,-2.203813831124783,-101.27354909452944,136.18977942973567, -3.846387050267157,-34.97689556254401,3.1532210124172204
2024-10-24 02:09:32,-2.218361297527713,-101.70703685215884,136.53570860682512, -3.8801989665326984,-34.89034008635905,3.184318685705359
2024-10-24 02:09:32,-2.2263479504245396,-101.94384330209006,136.72334453448397, -3.8989355250962774,-34.84172766748835,3.201598582067929
2024-10-24 02:09:32,-2.2357927027159885,-102.22281839636501,136.9431834829331, -3.921252763113542,-34.78325835355204,3.2222237409018617
2024-10-24 02:09:32,-2.237184242440778,-102.26382446710375,136.97538713618366, -3.924555587483113,-34.77455481383487,3.225280053383329
2024-10-24 02:09:33,-2.231831582987006,-102.1059560736774,136.85125227002067, -3.911871757767536,-34.80790888843486,3.2135483705797867
2024-10-24 02:09:33,-2.1898735032024312,-100.85550122630292,135.85315781116503, -3.8143661557569812,-35.0573766833302,3.1238752252303144
2024-10-24 02:09:33,-2.152854624092903,-99.7323635948967,134.93403455545229, -3.7311127860177544,-35.25895610064771,3.0480802456187313
2024-10-24 02:09:33,-2.0900687150705135,-97.78175007078968,133.28613364729654, -3.595687837287479,-35.55777832638071,2.926496817835755
2024-10-24 02:09:33,-2.0542426814375183,-96.64108044530681,132.29179368618503, -3.5215946584942044,-35.70201723235476,2.8609830626479003
2024-10-24 02:09:33,-2.0195202906267635,-95.51497315306972,131.2877213857501, -3.451948599232492,-35.82211166680217,2.800131201628819
2024-10-24 02:09:33,-1.997223695612218,-94.78061272236594,130.62087172866546, -3.4083385068764036,-35.88841959346839,2.762419298787847
2024-10-24 02:09:33,-1.963262983670146,-93.64428425982103,129.57013822677885, -3.343574701252365,-35.972245703624566,2.7070202905682312
2024-10-24 02:09:33,-1.924394506988103,-92.31584429006168,128.31258378552297, -3.27190246751925,-36.04119789855969,2.646636748496624
2024-10-24 02:09:33,-1.9051944810041594,-91.64801311825458,127.66847159261803, -3.2374631577782513,-36.0639968311756,2.618000827334122
2024-10-24 02:09:33,-1.8925389988219328,-91.20343163097218,127.23525218810317, -3.2151125577391775,-36.07476487808188,2.599558246226859
2024-10-24 02:09:33,-1.8731372857634858,-90.51486458025728,126.55729152569717, -3.181388832318199,-36.08447944567897,2.5719542701653797
2024-10-24 02:09:33,-1.8609920357691168,-90.07939698539394,126.12414402058086, -3.160612907818072,-36.08625276296776,2.5550888172743997
2024-10-24 02:09:33,-1.8402851929775712,-89.32881026195344,125.36957498184996, -3.125789256106404,-36.08135838596392,2.527074465820602
2024-10-24 02:09:33,-1.824602217409192,-88.75327381941878,124.78414353623846, -3.0999196270093243,-36.07078931264134,2.5064821135774196
2024-10-24 02:09:33,-1.8132095666837702,-88.33124585594891,124.3510878171759, -3.0814023290740313,-36.0592808209388,2.4918636959654457
2024-10-24 02:09:33,-1.7961228987373183,-87.69188505777943,123.68894472367069, -3.0540683217715348,-36.035791472251745,2.470480820029303
2024-10-24 02:09:33,-1.7828478812431272,-87.1896903316545,123.16372770712756, -3.0331983820589903,-36.01223131210845,2.45432075081664
2024-10-24 02:09:33,-1.780542814551903,-87.10199165720759,123.07154633814346, -3.0296074628092806,-36.00765623618605,2.451555375895221
2024-10-24 02:09:33,-1.775954836253428,-86.92699249426339,122.88719159366758, -3.022489293314493,-35.99811766923174,2.446087182600176
2024-10-24 02:09:34,-1.7751575424751425,-86.89652062252472,122.85503477482072, -3.0212562727015277,-35.99640104369683,2.445141820280742
2024-10-24 02:09:34,-1.7728770242923195,-86.80926141665815,122.76285886394047, -3.0177359342772396,-35.99139392495916,2.4424457951682754
2024-10-24 02:09:34,-1.7630431220060048,-86.43127836160684,122.36200916760527, -3.0026665040303593,-35.96814074018841,2.4309567203308524
2024-10-24 02:09:34,-1.7396758940161225,-85.52169391116153,121.38696577005962, -2.9675881556769186,-35.901784859111594,2.4045549208824126
2024-10-24 02:09:34,-1.7004320081828022,-83.95591409952782,119.6741076497556, -2.911048910446567,-35.753267722268234,2.363128558613613
2024-10-24 02:09:34,-1.6704464247378512,-82.72491073972746,118.2971027834964, -2.8699347949832514,-35.6062231810139,2.334026186623496
2024-10-24 02:09:34,-1.6319158045674067,-81.09518070905484,116.43332040791572, -2.8199115589278563,-35.37090152756866,2.3000397337611984
2024-10-24 02:09:34,-1.603835146452389,-79.87070297265709,115.00273683684165, -2.7855677424328036,-35.163920721200896,2.2778182205306257
2024-10-24 02:09:34,-1.5940122504954903,-79.43456873070465,114.48697895310264, -2.773997728519112,-35.08400098083333,2.2705767253900233
2024-10-24 02:09:35,-1.5981858781092873,-79.62038520333313,114.70711661266208, -2.778884846506825,-35.11844734377674,2.2736190917406898
2024-10-24 02:09:35,-1.658056709962288,-82.20694437623213,117.70976375402918, -2.8534966573916893,-35.53643367967278,2.322670296950852
2024-10-24 02:09:35,-1.6780424287926534,-83.03972490263662,118.65178750123411, -2.8801737551649236,-35.64635337321095,2.341183863042326
2024-10-24 02:09:35,-1.6908881544927428,-83.5674858986304,119.2424870608651, -2.8977623444720453,-35.709738088639035,2.3536211068436725
2024-10-24 02:09:35,-1.7006078993096885,-83.96304384404577,119.68200535840788, -2.911295511023947,-35.75404194805886,2.3633058944576892
2024-10-24 02:09:35,-1.7083581621017674,-84.27617611438788,120.0279812258857, -2.922223150447563,-35.78716311820323,2.3711952714968514
2024-10-24 02:09:35,-1.7160172285051627,-84.58367886939688,120.36605155796443, -2.9331399277767964,-35.81800821006396,2.3791358622080367
2024-10-24 02:09:35,-1.721792111005456,-84.8142758931386,120.6184737844384, -2.9414477525674725,-35.840044771312435,2.3852169058058355
2024-10-24 02:09:35,-1.7239435805484205,-84.89991304715252,120.71197642438, -2.944559621835082,-35.84798946593025,2.3875029539049675
2024-10-24 02:09:35,-1.7261018020917405,-84.9856710565649,120.80548080072398, -2.947690346519289,-35.855815544499244,2.3898073242719446
2024-10-24 02:09:35,-1.7333804926383942,-85.27381071288278,121.11869246656322, -2.95831564909541,-35.8811582663186,2.3976608865330338
2024-10-24 02:09:35,-1.7407359601857626,-85.56331416666347,121.43190257061967, -2.9691570221762835,-35.90514144024722,2.4057249967774372
2024-10-24 02:09:35,-1.7504041573346365,-85.94132813662056,121.83862886805899, -2.983564716267732,-35.93422177336391,2.4165183136924937
2024-10-24 02:09:35,-1.7632753654618272,-86.44023731599765,122.37153958727805, -3.0030203123956163,-35.9687212720718,2.431225488963854
2024-10-24 02:09:35,-1.7717548376445704,-86.7662688645575,122.71739388065907, -3.0160072029684764,-35.98887711041189,2.441123514133508
2024-10-24 02:09:35,-1.774065237175596,-86.85474434785466,122.81092153352027, -3.0195689252108555,-35.99402073500433,2.443849015444662
2024-10-24 02:09:35,-1.7763831500197291,-86.94335482756186,122.90445184419558, -3.0231521692522927,-35.99903261914223,2.4465956392149932
2024-10-24 02:09:48,-1.7740260931261018,-86.85324661572807,122.80933943971957, -3.019508498142502,-35.99393482135807,2.4438027368544173
2024-10-24 02:09:48,-1.720621760424237,-84.76762915016904,120.56748804529734, -2.9397587741914335,-35.83566279364944,2.38397801658449
2024-10-24 02:09:48,-1.7075436216284572,-84.24336010944545,119.99180443487924, -2.921069015679565,-35.78377300625057,2.3703591914104143
2024-10-24 02:09:48,-1.696345249003883,-83.78996411944345,119.49002957455967, -2.905336848122896,-35.73499461209489,2.359029738467897
2024-10-24 02:09:48,-1.6765284148714545,-82.97714112268048,118.58141593558538, -2.8781232959341194,-35.63851358953863,2.339745465803867
2024-10-24 02:09:48,-1.6677770833819527,-82.61378896551011,118.17149326383627, -2.866365565117965,-35.59164493230603,2.3315459944296735
2024-10-24 02:09:48,-1.6626235484780736,-82.39852049709779,117.92754438819773, -2.859517537977716,-35.562790878976266,2.326809701430046
2024-10-24 02:09:48,-1.651996610298899,-81.95152992148081,117.41841724688975, -2.845576698673747,-35.500300743386134,2.317261786912715
2024-10-24 02:09:48,-1.645360252471817,-81.67023975613161,117.09624070326963, -2.836995689614227,-35.45919663712309,2.311450430796175
2024-10-24 02:09:48,-1.6447715049281364,-81.64520391213337,117.06749916004111, -2.8362391080553655,-35.4554717359937,2.3109405417500573
2024-10-24 02:09:48,-1.6441969134799002,-81.62075722117287,117.03942346731516, -2.835501458197134,-35.45182401192796,2.3104438073003046
2024-10-24 02:09:48,-1.6436097591083385,-81.59576292473189,117.01070814874382, -2.8347484364227102,-35.44808387641671,2.3099371260249857
2024-10-24 02:09:48,-1.6430228035544252,-81.57076383695586,116.981976474803, -2.8339964344150665,-35.44433220179601,2.309431540476542
2024-10-24 02:09:48,-1.6380790415757513,-81.35967497329396,116.73893777822633, -2.827692997132853,-35.412222324191305,2.30520993114961
2024-10-24 02:09:48,-1.631921619335458,-81.09543095420271,116.43361013301987, -2.8199188599015086,-35.37094119307991,2.3000445628033606
2024-10-24 02:09:48,-1.6221807852559786,-80.6743298481477,115.9445430300754, -2.8077968028498104,-35.302666894165895,2.2920855946871117
2024-10-24 02:09:48,-1.6179959011755272,-80.49223795948156,115.73211412512072, -2.802656199279502,-35.27219898391089,2.2887471947044262
2024-10-24 02:09:48,-1.6174366225359633,-80.46784847303527,115.70361792609732, -2.8019722922179264,-35.26807484934752,2.288304762005564
2024-10-24 02:09:49,-1.6192795579721224,-80.54816823181065,115.79742329978716, -2.8042286698982957,-35.28161793652959,2.2897659892180946
2024-10-24 02:09:49,-1.642426805664444,-81.54536604594497,116.95277545704913, -2.833233630763996,-35.440509611407485,2.3089191125575073
2024-10-24 02:09:49,-1.6995375280409464,-83.91964028159265,119.63391279960138, -2.9097958090307223,-35.7493148728505,2.362227911864549
2024-10-24 02:09:49,-1.7523678940161602,-86.01776337660876,121.9205608382679, -2.9865128193124137,-35.93979388183342,2.41873728797462
2024-10-24 02:09:49,-1.757302727494495,-86.2093367528246,122.12545389026205, -2.9939535196111056,-35.953303925528886,2.424353131803914
2024-10-24 02:09:49,-1.7609933781366125,-86.35213976817704,122.2777604185876, -2.99954822810323,-35.962950694505096,2.428590008329649
2024-10-24 02:09:49,-1.7723164019230626,-86.7877876822472,122.74015433358771, -3.0168720019959534,-35.99014094714404,2.4417848493112455
2024-10-24 02:09:49,-1.7769995409013901,-86.96689291452407,122.92927324856825, -3.024106716393212,-36.00034046654016,2.4473280989851154
2024-10-24 02:09:49,-1.7809530437550918,-87.11761014863278,123.08797321998905, -3.030245817639189,-36.00848104569832,2.4520466422960268
2024-10-24 02:09:49,-1.7832549905995125,-87.20516378661063,123.1799778234378, -3.033833608087962,-36.013024320498,2.4548104112736855
2024-10-24 02:09:49,-1.784024310957918,-87.23439156525912,123.21066096430893, -3.035034835622995,-36.014510599453615,2.4557367564089954
2024-10-24 02:09:50,-1.7847946369633227,-87.2636410220415,123.24135158154935, -3.0362387229044003,-36.01598275049696,2.4566656573543195
2024-10-24 02:09:50,-1.7912081155586677,-87.50652383304896,123.49561089817877, -3.0463041219242277,-36.02761857444782,2.4644515211359876
2024-10-24 02:09:50,-1.8114559764177398,-88.26598588211583,124.2838377809655, -3.078572781956121,-36.057217425468856,2.489639173795265
2024-10-24 02:09:50,-1.8297114979518443,-88.94145711966311,124.97621544230087, -3.108299502816303,-36.07489595041835,2.5131313217124776
2024-10-24 02:09:50,-1.847749084782625,-89.60056647417346,125.64393960595655, -3.1382544512578066,-36.084292645692344,2.5370644833948606
2024-10-24 02:09:50,-1.8503199234531131,-89.69385303928352,125.73781628730676, -3.142570709997017,-36.08499575336555,2.540533617476141
2024-10-24 02:09:50,-1.8511792357140409,-89.72499854240809,125.7691240674839, -3.144016034727492,-36.08519588498963,2.5416964058079023
2024-10-24 02:09:50,-1.8537643049712653,-89.81858563176951,125.8630941167989, -3.1483718509164293,-36.08569298535224,2.5452041334929714
2024-10-24 02:09:50,-1.8624566804052007,-90.13209631461999,126.17674342317403, -3.16310464963651,-36.086218307966206,2.5571057184611017
2024-10-24 02:09:50,-1.8661152869977062,-90.26351438430238,126.30769536982767, -3.169345333621615,-36.08591628691587,2.562164185982983
2024-10-24 02:09:50,-1.866996208715496,-90.29511010940986,126.3391328523285, -3.170851474919721,-36.085797675952044,2.5633865061731136
2024-10-24 02:09:50,-1.8678783623654367,-90.32673172573121,126.37057817450658, -3.1723610849246797,-36.08566111524268,2.564612222209332
2024-10-24 02:09:50,-1.8687117867334126,-90.35658980630971,126.40025333578154, -3.1737885577132987,-36.08551577719208,2.565771780854581
2024-10-24 02:09:50,-1.8704819382811704,-90.41995287688083,126.46317527108928, -3.1768244727317616,-36.08515460023227,2.568239619190208
2024-10-24 02:09:50,-1.8713688755896116,-90.4516734988998,126.49464801411354, -3.178347685092918,-36.084946854902626,2.5694786862448455
2024-10-24 02:09:50,-1.8722570574031865,-90.48342024279395,126.52612861191429, -3.1798744138488253,-36.08472094594606,2.5707211989592715
2024-10-24 02:09:50,-1.8748779548949375,-90.57699339327007,126.61881217623281, -3.184387612987157,-36.08395036921635,2.574397629284841
2024-10-24 02:09:50,-1.8792516597692246,-90.73279258315084,126.7727819315253, -3.1919458811049397,-36.08232045322561,2.5805658673151295
2024-10-24 02:09:50,-1.880098505898567,-90.76290786707757,126.80249340771094, -3.1934131884156223,-36.08195540961468,2.5817649513908507
2024-10-24 02:09:50,-1.8818474595733001,-90.82505160075902,126.86375248418402, -3.1964475133972803,-36.081150946970766,2.584246268100912
2024-10-24 02:09:50,-1.8835480413103425,-90.88540954927704,126.92318492673806, -3.1994030314751276,-36.08030359444602,2.5866652884094594
2024-10-24 02:09:50,-1.8844526907235883,-90.91749098880324,126.95474786265294, -3.2009773170548765,-36.07982673684181,2.58795466424947
2024-10-24 02:09:51,-1.8835087630875083,-90.88401620980937,126.92181368855232, -3.199334711187783,-36.08032388865408,2.586609346059132
2024-10-24 02:09:51,-1.8808432460525102,-90.78937849788358,126.82859567524882, -3.1947046135797788,-36.08162117229509,2.582820739325369
2024-10-24 02:09:51,-1.8781888236706477,-90.69497301635501,126.73544644771412, -3.1901061050289345,-36.082755946274176,2.579063146396922
2024-10-24 02:09:51,-1.8773064697263318,-90.66355590980284,126.70441197612476, -3.1885802428785315,-36.08309829405347,2.5778174595733856
2024-10-24 02:09:51,-1.8764253382917582,-90.63216441891416,126.6733851346903, -3.187057851531086,-36.08342275882952,2.5765751778903336
2024-10-24 02:09:51,-1.8755454268282437,-90.60079849706935,126.64236592021052, -3.18553892131509,-36.083729383680726,2.57533629124698
2024-10-24 02:09:52,-1.8746667328044349,-90.56945809777699,126.61135432948966, -3.1840234425973675,-36.084018211563155,2.57410078958339
2024-10-24 02:09:52,-1.8678823970827032,-90.32687631190795,126.37072191342187, -3.172367992578484,-36.08566044981718,2.5646178321585205
2024-10-24 02:09:52,-1.8508488568637032,-89.71302618710648,125.75709139071722, -3.143460198261911,-36.085121004470565,2.5412491591726156
2024-10-24 02:09:52,-1.8378344926986057,-89.23928123652259,125.27889667821249, -3.1217179277715776,-36.08010282992708,2.5238209499376505
2024-10-24 02:09:52,-1.8362624196927695,-89.18177145471691,125.22057285198088, -3.119111863054127,-36.0792207951338,2.521740826957143
2024-10-24 02:09:52,-1.8275685086997686,-88.86260821030544,124.89581444970531, -3.104779056896215,-36.07325223366601,2.510335426289375
2024-10-24 02:09:52,-1.8213728279268588,-88.63398566123506,124.6620618052092, -3.0946470552579783,-36.06785870904358,2.502309134781938
2024-10-24 02:09:52,-1.7894151032834102,-87.4387356002234,123.42475358588321, -3.043482561338298,-36.02447676332423,2.4622654682832277
2024-10-24 02:09:52,-1.7708039560311628,-86.72981105102731,122.67881359270677, -3.0145441974812632,-35.986717083061556,2.4400053398274055
2024-10-24 02:09:52,-1.7530435601833685,-86.0440359382247,121.94869873752666, -2.987528865888315,-35.94168520440122,2.419502851492243
2024-10-24 02:09:52,-1.7278993796007147,-85.05698614406171,120.88313837529066, -2.9503048508682355,-35.86222461782914,2.3917351323069025
2024-10-24 02:09:52,-1.7116772169643457,-84.40966774068934,120.17494801919287, -2.9269396377494,-35.80075815411924,2.374618821945026
2024-10-24 02:09:52,-1.700578099528978,-83.96183598337103,119.68066745884903, -2.911253727135139,-35.75391084819606,2.3632758445455457
2024-10-24 02:09:52,-1.6948243062050152,-83.7280593647746,119.42123817387167, -2.9032196690289727,-35.72805422769571,2.3575148626849582
2024-10-24 02:09:52,-1.6928555349515055,-83.64781042765895,119.33196142729368, -2.900486092504818,-35.71895704293395,2.355562475825572
2024-10-24 02:09:52,-1.689311416611751,-83.50301471884472,119.17058978327233, -2.8955851379022675,-35.70225674879059,2.3520721880742808
2024-10-24 02:09:52,-1.6778782756322173,-83.03294333847046,118.64416537247803, -2.8799512077882783,-35.645507164904124,2.3410276267103045
2024-10-24 02:09:52,-1.6689904561785074,-82.66433228479409,118.22865306540642, -2.867986118600424,-35.598302506175216,2.3326711137206275
2024-10-24 02:09:52,-1.6625482114172356,-82.39536638815574,117.92396403560127, -2.859417850729352,-35.56236210744976,2.3267409745977945
2024-10-24 02:09:52,-1.6529107639946146,-81.99014679570956,117.46253972512149, -2.8467662924714094,-35.50583652420749,2.3180714529072572
2024-10-24 02:09:52,-1.6421519371208626,-81.53364821065108,116.93929914394023, -2.832882099195966,-35.4387422096728,2.308683107284194
2024-10-24 02:09:53,-1.6354855108072601,-81.24855589450735,116.61068965457015, -2.824408068770172,-35.39500984205989,2.3030216777896753
2024-10-24 02:09:53,-1.6330349320696476,-81.1433189827499,116.48903328313554, -2.821318140242947,-35.37851187489362,2.3009708499965806
2024-10-24 02:09:53,-1.6324672896136418,-81.11890853805195,116.46078684270003, -2.8206043406134618,-35.37465773983856,2.3004981422703863
2024-10-24 02:09:53,-1.6336320264191349,-81.16898222037975,116.51871826963226, -2.8220697632725567,-35.38255272284009,2.301469034067091
2024-10-24 02:09:53,-1.6425083018429776,-81.54883972384276,116.95676996656306, -2.8333378891834857,-35.441033089667286,2.3089891251375985
2024-10-24 02:09:53,-1.6872264129375414,-83.41762951743118,119.0752569849517, -2.8927139328394933,-35.69223630863365,2.3500335212136307
2024-10-24 02:09:53,-1.7095972680596563,-84.32605499155761,120.08293191816841, -2.9239813960169574,-35.79227961400029,2.3724702492904832
2024-10-24 02:09:53,-1.7429402125153266,-85.6497473041729,121.52512485981282, -2.9724261402550107,-35.91201403937548,2.4081664676247003
2024-10-24 02:09:53,-1.785759119500828,-87.30023937165632,123.27973164925146, -3.0377475794932947,-36.017803317376476,2.4578305789369876
2024-10-24 02:09:53,-1.8027895388909023,-87.94227013430547,123.9491233168737, -3.0646702716387675,-36.04585887463545,2.4787460063433633
2024-10-24 02:09:53,-1.8201796655956788,-88.58984435180889,124.6168221396197, -3.0927037181687402,-36.066709876513904,2.50077318281454
2024-10-24 02:09:53,-1.8433056480607835,-89.43894868386987,125.480930120174, -3.130821748983849,-36.08270657163905,2.5311024937056614
2024-10-24 02:09:53,-1.853477933108656,-89.80822609341827,125.85269991702263, -3.1478887373825066,-36.085645660124555,2.544814832624967
2024-10-24 02:09:53,-1.8552055206459994,-89.87069175269757,125.91534539549978, -3.150805394560549,-36.0859019494198,2.547166070017409
2024-10-24 02:09:54,-1.8569378974337323,-89.93325841817473,125.97802203474765, -3.1537354112310143,-36.08608878242811,2.549530353814899
2024-10-24 02:09:54,-1.8610162209291505,-90.0802676050595,126.12501339396258, -3.1606540224936226,-36.086252596759515,2.555122083800716
2024-10-24 02:09:54,-1.8673548768435968,-90.30796910803525,126.3519223235854, -3.1714650912937374,-36.08574429789827,2.5638846571486877
2024-10-24 02:09:54,-1.8700060994705219,-90.40292729888597,126.44627529826579, -3.1760078419044606,-36.0852586932156,2.5675755662685087
2024-10-24 02:09:54,-1.8726684852549953,-90.49811989536828,126.54069891062026, -3.1805821000837224,-36.08461024691971,2.5712973404674666
2024-10-24 02:09:54,-1.8709187909356018,-90.43557886682933,126.47868140723646, -3.1775745446851764,-36.08505450801224,2.5688496971304526
2024-10-24 02:09:54,-1.8626768117074788,-90.14001244653457,126.18464024275944, -3.16347947574384,-36.0862088468253,2.557409254988074
2024-10-24 02:09:54,-1.8168640303800394,-88.46698823423438,124.49072525693867, -3.087316841343892,-36.063329275428046,2.4965215458875063
2024-10-24 02:09:54,-1.751629749330612,-85.98904582913583,121.88979030491424, -2.985403806683614,-35.937712537131354,2.4179021483346217
2024-10-24 02:09:54,-1.7295812433905695,-85.123618301553,120.95561504749293, -2.9527567453242134,-35.86813159280841,2.3935458271632015
2024-10-24 02:09:54,-1.711931542651651,-84.41988176553056,120.18618011756732, -2.9273019465932317,-35.80178543744302,2.3748822607612925
2024-10-24 02:09:54,-1.706003322311581,-84.18124499888248,119.92327586008345, -2.9188901650919705,-35.77730418519612,2.3687825929714452
2024-10-24 02:09:54,-1.6925904638447606,-83.63699578289135,119.31992149216074, -2.9001186530200433,-35.71772242804218,2.355300347130348
2024-10-24 02:09:54,-1.672039402600264,-82.79110225144572,118.37182145420685, -2.872071978507017,-35.6148045319882,2.3355150130524343
2024-10-24 02:09:54,-1.6452765727386014,-81.66668217700868,117.09215721012913, -2.8368881085704745,-35.45866799277371,2.3113779028321684
2024-10-24 02:09:54,-1.6349713118803646,-81.22649388129389,116.58520132660297, -2.823758591509907,-35.3915670276256,2.30259000091321
2024-10-24 02:09:54,-1.6265421520754417,-80.86334444652049,116.16444342509955, -2.813197406370707,-35.33369010231087,2.2956167308817252
2024-10-24 02:09:54,-1.6247003914472062,-80.78361914857818,116.07176582869745, -2.8109114324493913,-35.320679652198294,2.2941191276426003
2024-10-24 02:09:55,-1.6265472683947262,-80.86356572946511,116.1647005053464, -2.813203767561298,-35.33372606140837,2.2956209042276217
2024-10-24 02:09:55,-1.6309988373764388,-81.05570121553392,116.3875988637104, -2.81876118449226,-35.36463023820365,2.2992793708434056
2024-10-24 02:09:55,-1.6356826998330665,-81.25701365402078,116.62045870135968, -2.8246572936215038,-35.39632746051679,2.303187411453979
2024-10-24 02:09:55,-1.6368539457051328,-81.30721888785575,116.6784222259313, -2.8261394228992365,-35.40412339953524,2.3041739996061286
2024-10-24 02:09:55,-1.6374465890364784,-81.33260197646216,116.7077111816438, -2.8268905474698323,-35.408048344422745,2.304674626159138
2024-10-24 02:09:55,-1.6380399138430932,-81.35800051007134,116.73700678365273, -2.8276433261872675,-35.41196453137513,2.3051767821673472
2024-10-24 02:09:55,-1.6386215195009064,-81.38288405415415,116.765697534657, -2.828382002985483,-35.41579049751669,2.305669945048953
2024-10-24 02:09:55,-1.643081584575979,-81.57326798351461,116.98485500172308, -2.834071709635403,-35.444708492951094,2.3094821309889086
2024-10-24 02:09:55,-1.6450018132775828,-81.65499910438405,117.07874549171721, -2.8365349789517413,-35.45693038467533,2.3111398915213055
2024-10-24 02:09:55,-1.6513271563132454,-81.9232300027894,117.38606612621686, -2.8447066918178505,-35.49622747069757,2.3166702530982266
2024-10-24 02:09:55,-1.6618834040241715,-82.36752410312417,117.89235163174823, -2.8585386939736614,-35.55856969477961,2.3261351387122495
2024-10-24 02:09:55,-1.6779015078153379,-83.03390317408768,118.64524422726521, -2.879982700940105,-35.64562698272696,2.3410497342849688
2024-10-24 02:09:55,-1.6812047895100188,-83.17018401912432,118.79825977621131, -2.8844720243591375,-35.66247553955261,2.3442070532547823
2024-10-24 02:09:55,-1.6824894982024603,-83.2230825596948,118.85756621615471, -2.886224134277164,-35.66892787730666,2.3454424556530546
2024-10-24 02:09:55,-1.6896785437441986,-83.51803380480821,119.18734537188503, -2.8960916230971923,-35.70400610198109,2.3524322829361113
2024-10-24 02:09:55,-1.6953591359346902,-83.74983672599969,119.44544587207744, -2.9039636256725196,-35.73050344715854,2.3580469048306925
2024-10-24 02:09:55,-1.698810000403972,-83.8901170388288,119.60118110646881, -2.908777787464747,-35.74608057586189,2.3614968245738663
2024-10-24 02:09:56,-1.7037679053984025,-84.09095821522979,119.8235453889128, -2.915736475132679,-35.76778038822579,2.3665048290147577
2024-10-24 02:09:56,-1.704458518959676,-84.11886929683854,119.8543912384631, -2.9167097121432675,-35.77073987635899,2.3672072175320547
2024-10-24 02:09:56,-1.7064710711201863,-84.2001160399038,119.94410256508992, -2.919551323767703,-35.7792766459791,2.3692607513505557
2024-10-24 02:10:05,-1.7064710711201863,-84.18232056448473,119.95423251216211, -2.917579365997861,-35.80716584672618,2.3668296362790198
2024-10-24 02:10:05,-1.7064710711201863,-84.08909669546028,120.00694418252581, -2.9073284396455437,-35.95291288731009,2.354178022227064
2024-10-24 02:10:05,-1.7064710711201863,-83.87504351727225,120.12575098219594, -2.8842840044652234,-36.285347831281214,2.3256504974675667
2024-10-24 02:10:06,-1.7064710711201863,-83.71609638817634,120.21200721942586, -2.8676017075326214,-36.53024237042808,2.3049223809620694
2024-10-24 02:10:06,-1.7064710711201863,-83.4572368602104,120.3489966213845, -2.8411821892690727,-36.92560019025316,2.2719593394490825
2024-10-24 02:10:06,-1.7064710711201863,-83.31144602450887,120.42429335397328, -2.8266953576956637,-37.14641737669227,2.25381129652639
2024-10-24 02:10:06,-1.7064710711201863,-82.98138441239988,120.5899687999716, -2.7948921881276254,-37.64155804845078,2.21378141757884
2024-10-24 02:10:06,-1.7064710711201863,-82.89693661797305,120.63131409045097, -2.786968516549118,-37.76720192525436,2.2037663779761085
2024-10-24 02:10:06,-1.7064710711201863,-82.74466056123907,120.70481765647068, -2.772892076793505,-37.99271585006404,2.1859323072648977
2024-10-24 02:10:06,-1.7064710711201863,-82.50657639164392,120.8170838295221, -2.7514121515415013,-38.34265916020261,2.158611429654347
2024-10-24 02:10:06,-1.7064710711201863,-82.08294258081567,121.00908005266513, -2.7147053864946793,-38.95758897786727,2.111610866718905
2024-10-24 02:10:06,-1.7064710711201863,-81.92375662159844,121.07873493855918, -2.7013878788612997,-39.186174267065525,2.0944570299038325
2024-10-24 02:10:06,-1.7064710711201863,-81.69065480593228,121.17835243392877, -2.6823321224069905,-39.518526448056605,2.0698137699122716
2024-10-24 02:10:06,-1.7064710711201863,-81.5026367399889,121.25668491293301, -2.6673343469868405,-39.784586799357584,2.0503346579254362
2024-10-24 02:10:06,-1.7064710711201863,-81.05031286670659,121.43797646422716, -2.632547089224929,-40.417524710598556,2.0048564348080875
2024-10-24 02:10:06,-1.7064710711201863,-80.65207330416669,121.58951777790372, -2.6033436828225867,-40.96673181419368,1.9663413342107623
2024-10-24 02:10:06,-1.7064710711201863,-80.3035229644028,121.71619348559872, -2.578806426777045,-41.441472018321065,1.9337282335272312
2024-10-24 02:10:06,-1.7064710711201863,-79.8859864496407,121.86089337650881, -2.5505908569814664,-42.00314527439295,1.8959254199855058
2024-10-24 02:10:06,-1.7064710711201863,-79.76728210858619,121.90066758344845, -2.542792741842705,-42.16146730055212,1.8854184300087429
2024-10-24 02:10:06,-1.7064710711201863,-79.64796378339688,121.94005149364814, -2.5350505785963104,-42.32001374802957,1.8749606753287835
2024-10-24 02:10:06,-1.7064710711201863,-79.60318223263606,121.9546798459567, -2.5321694017827276,-42.37936557571073,1.8710621738131932
2024-10-24 02:10:06,-1.7064710711201863,-79.57839420512988,121.96274143832743, -2.5305802815585303,-42.41218314047582,1.8689103671094596
2024-10-24 02:10:06,-1.7064710711201863,-79.533479958459,121.97728397294865, -2.527711195085288,-42.47158200516131,1.865022517639965
2024-10-24 02:10:06,-1.7064710711201863,-79.43793772463872,122.00794382818559, -2.521651778140801,-42.59766159502559,1.8567993279786994
2024-10-24 02:10:06,-1.7064710711201863,-79.16708535717574,122.09285091484827, -2.5047906974104945,-42.9530788607165,1.83382862336164
2024-10-24 02:10:06,-1.7064710711201863,-78.95611339876244,122.15696226982853, -2.491972330368559,-43.22790069730776,1.8162758956854592
2024-10-24 02:10:06,-1.7064710711201863,-78.78342035418329,122.20814677410557, -2.4816784128409624,-43.45156740533267,1.8021222579623872
2024-10-24 02:10:06,-1.7064710711201863,-78.66178191668449,122.24350985765241, -2.4745324533919644,-43.60842210171559,1.7922659605624485
2024-10-24 02:10:07,-1.7064710711201863,-78.53696420819257,122.27921195355866, -2.4672878283295283,-43.768792661572576,1.782247190244865
2024-10-24 02:10:07,-1.7064710711201863,-78.3235290105987,122.33890572283535, -2.4551018940402867,-44.04166967899175,1.7653337883927558
2024-10-24 02:10:07,-1.7064710711201863,-78.19067246338189,122.37521033677791, -2.447642489930384,-44.210676038345035,1.7549418833464259
2024-10-24 02:10:07,-1.7064710711201863,-78.02816129851828,122.41874099042701, -2.438646326834698,-44.41653056876024,1.7423691224387663
2024-10-24 02:10:07,-1.7064710711201863,-77.95659378653295,122.4376080572882, -2.4347285315443017,-44.506883377797074,1.7368798535175138
2024-10-24 02:10:07,-1.7064710711201863,-78.00504866551142,122.42485425163757, -2.4373781655655886,-44.44573000852772,1.7405932161602653
2024-10-24 02:10:07,-1.7064710711201863,-78.05341854172846,122.41203842552567, -2.4400353540642747,-44.38459972129288,1.7443132703848792
2024-10-24 02:10:07,-1.7064710711201863,-78.21184224739048,122.36946888138105, -2.4488247229875273,-44.18378936287961,1.7565908720607037
2024-10-24 02:10:07,-1.7064710711201863,-78.77530553155707,122.2105235850006, -2.481199017331399,-43.462049200848284,1.801461836302645
2024-10-24 02:10:07,-1.7064710711201863,-79.32842354476533,122.04263020268259, -2.514778508153141,-42.741722895884905,1.8474514224979701
2024-10-24 02:10:07,-1.7064710711201863,-80.29687579963995,121.7185565937617, -2.57834737079995,-41.4504731679974,1.9331158161101984
2024-10-24 02:10:07,-1.7064710711201863,-81.03413170193821,121.44427883226597, -2.631335207619733,-40.4399845261063,2.003264394642718
2024-10-24 02:10:07,-1.7064710711201863,-81.84890917782698,121.1110271846659, -2.6952123110485466,-39.29319516840708,2.0864834818596627
2024-10-24 02:10:07,-1.7064710711201863,-82.36824337302738,120.88085535624049, -2.73921797507233,-38.54453175302723,2.143042179587807
2024-10-24 02:10:07,-1.7064710711201863,-83.08602550348905,120.53815252766032, -2.8048293336746886,-37.48528745426168,2.226317559397401
2024-10-24 02:10:07,-1.7064710711201863,-83.70825934581858,120.21621757081579, -2.8667883848442104,-36.542274682775194,2.303910131244662
2024-10-24 02:10:07,-1.7064710711201863,-84.25076474271964,119.91515125041606, -2.9251907469633722,-35.69978014602279,2.3762085837942717
2024-10-24 02:10:07,-1.7064710711201863,-84.54714937457898,119.7421167518524, -2.9590123790878144,-35.230979724316185,2.4177343665801607
2024-10-24 02:10:07,-1.7064710711201863,-84.91215756196041,119.52023710542007, -3.0026997871719376,-34.644885913403456,2.471025754157443
2024-10-24 02:10:07,-1.7064710711201863,-85.14221850265844,119.37519082137217, -3.031472169708464,-34.27029861548466,2.505920419530667
2024-10-24 02:10:07,-1.7064710711201863,-85.33627067586515,119.24959808819358, -3.056532738497324,-33.95110470310677,2.5361883122146636
2024-10-24 02:10:07,-1.7064710711201863,-85.43779314966488,119.1826751198944, -3.0699449395556044,-33.78289994076806,2.552341085522462
2024-10-24 02:10:07,-1.7064710711201863,-85.45464748626436,119.17148265854954, -3.0721921284533895,-33.75489342222321,2.555044352418997
2024-10-24 02:10:07,-1.7064710711201863,-85.47148296870918,119.16027918841273, -3.0744427120086413,-33.72689479675657,2.557750818793909
2024-10-24 02:10:08,-1.7064710711201863,-85.48829960624965,119.14906472044885, -3.0766966966087104,-33.698904066179615,2.560460491132978
2024-10-24 02:10:08,-1.7064710711201863,-85.53863654208442,119.1153554391062, -3.083479120818451,-33.614979261630886,2.5686088090622157
2024-10-24 02:10:08,-1.7064710711201863,-85.61295399389458,119.06519715045778, -3.0935914646697524,-33.490684325127134,2.5807429855042066
2024-10-24 02:10:08,-1.7064710711201863,-86.00419392704858,118.7932609130529, -3.1488575836804795,-32.8284918317443,2.646758841374814
2024-10-24 02:10:08,-1.7064710711201863,-86.28064377501397,118.59279401308082, -3.1901044337371047,-32.35230455727793,2.695713623686347
2024-10-24 02:10:08,-1.7064710711201863,-86.62359330630775,118.33397372276146, -3.2440406273472426,-31.751482988832414,2.7593491832562695
2024-10-24 02:10:08,-1.7064710711201863,-86.84642225589643,118.15949128584276, -3.280861685190907,-31.35481548858979,2.802558261292866
2024-10-24 02:10:08,-1.7064710711201863,-87.48483369221131,117.62993250689539, -3.3950740264356045,-30.188826075102057,2.935478268412684
2024-10-24 02:10:08,-1.7064710711201863,-87.71778263931535,117.42495623115241, -3.4403469615846483,-29.751679683245357,2.987738911538327
2024-10-24 02:10:08,-1.7064710711201863,-88.02112351972939,117.14785752822947, -3.5025647320312934,-29.172305051729303,3.059196644659811
2024-10-24 02:10:08,-1.7064710711201863,-88.11314491449826,117.06141707006859, -3.52222165520877,-28.994178423710068,3.081689578339908
2024-10-24 02:10:08,-1.7064710711201863,-88.1268410759437,117.0484540311793, -3.5251799381654387,-28.96756962365261,3.0850713175505713
2024-10-24 02:10:08,-1.7064710711201863,-88.11284187154524,117.0617036042017, -3.5221562964357793,-28.994766887132982,3.0816148541164234
2024-10-24 02:10:08,-1.7064710711201863,-88.09831030472176,117.07542895071663, -3.5190270919596007,-29.02297047385502,3.0780367585138007
2024-10-24 02:10:08,-1.7064710711201863,-88.08426456746717,117.08866831887427, -3.5160115809755768,-29.050204176457694,3.0745877403271784
2024-10-24 02:10:08,-1.7064710711201863,-88.02217922769802,117.14687226644509, -3.502788107358931,-29.170267894618764,3.0594524668183194
2024-10-24 02:10:08,-1.7064710711201863,-87.75021517328891,117.39588956671928, -3.4468177092762,-29.690291525984925,2.9951898262349523
2024-10-24 02:10:08,-1.7064710711201863,-87.29733932436174,117.7902161024921, -3.3600976280394472,-30.535999951493974,2.8949423445173093
2024-10-24 02:10:09,-1.7064710711201863,-86.99720933244015,118.03847362284564, -3.3066282979879515,-31.08345973612886,2.8326878286645027
2024-10-24 02:10:09,-1.7064710711201863,-86.60074565606119,118.35157762917788, -3.2403466929644464,-31.79186979817258,2.7550041609067937
2024-10-24 02:10:09,-1.7064710711201863,-85.95167643875325,118.83055084950556, -3.141233541507467,-32.91816399287365,2.6376812270278833
2024-10-24 02:10:09,-1.7064710711201863,-85.61058366801558,119.06680415336116, -3.093267098274455,-33.494655858406745,2.580354036651082
2024-10-24 02:10:09,-1.7064710711201863,-85.40512749659484,119.20430052992982, -3.0656063854229805,-33.83711320089154,2.547119494529985
2024-10-24 02:10:09,-1.7064710711201863,-85.17554775379922,119.35383402748417, -3.035723798086756,-34.21568920341098,2.511063568211579
2024-10-24 02:10:09,-1.7064710711201863,-84.79442228068957,119.59289217110597, -2.9883523796406513,-34.835016116450134,2.45356613511984
2024-10-24 02:10:09,-1.7064710711201863,-84.56403105362755,119.7320717349987, -2.9609822019447964,-35.20408895316555,2.4201455035029134
2024-10-24 02:10:09,-1.7064710711201863,-84.34961127571391,119.85813451938039, -2.936312908692784,-35.5441207409528,2.3898910253790078
2024-10-24 02:10:09,-1.7064710711201863,-84.10784554793945,119.99639074083123, -2.9093794263520274,-35.9236483353659,2.356711200047428
2024-10-24 02:10:09,-1.7064710711201863,-84.07004162516536,120.01764548456752, -2.905249400530094,-35.982630986946745,2.351609238017316
2024-10-24 02:10:09,-1.7064710711201863,-84.05178207037885,120.02787690663895, -2.9032622872001053,-36.011085369899,2.3491531287861407
2024-10-24 02:10:09,-1.7064710711201863,-84.08883428734612,120.0070917181828, -2.90729977189019,-35.953322303438775,2.354142607974426
2024-10-24 02:10:09,-1.7064710711201863,-84.3641926582323,119.84966559177907, -2.937966765041208,-35.52110071081461,2.391923327003151
2024-10-24 02:10:09,-1.7064710711201863,-85.25343368099749,119.3035810822221, -3.045743796667452,-34.087730740269194,2.5231715299076987
2024-10-24 02:10:09,-1.7064710711201863,-85.8661127915077,118.8907752351981, -3.1289516301356883,-33.063733834795116,2.623038240590314
2024-10-24 02:10:09,-1.7064710711201863,-86.18743534140206,118.66117823393621, -3.175983842000009,-32.513647914621636,2.6789834658074843
2024-10-24 02:10:09,-1.7064710711201863,-86.59827544423351,118.35347775948361, -3.239948203663951,-31.796233153897443,2.754535320951164
2024-10-24 02:10:09,-1.7064710711201863,-86.8088514692501,118.18927028277945, -3.2745502596111553,-31.422055097445515,2.7951648558433266
2024-10-24 02:10:10,-1.7064710711201863,-87.0229475381856,118.01757330359843, -3.3110977383158517,-31.036898962169936,2.8379053222271793
2024-10-24 02:10:10,-1.7064710711201863,-87.08688949320613,117.96533820125205, -3.3222933904629834,-30.920916500629453,2.850963649674707
2024-10-24 02:10:10,-1.7064710711201863,-87.10198011705971,117.95294513051552, -3.3249549844732673,-30.89347903368799,2.8540657391130044
2024-10-24 02:10:10,-1.7064710711201863,-87.07151623787138,117.97793765133137, -3.3195895883861364,-30.94884223177979,2.8478114546263478
2024-10-24 02:10:10,-1.7064710711201863,-86.98054879561003,118.05196438006406, -3.303746424226522,-31.113560876553095,2.8293222567357215
2024-10-24 02:10:10,-1.7064710711201863,-86.77275223316991,118.2177441808267, -3.2685259957373645,-31.486522996108913,2.7881028837668596
2024-10-24 02:10:10,-1.7064710711201863,-86.60935257870447,118.34495224221618, -3.2417364930771937,-31.776661852303008,2.756639147966942
2024-10-24 02:10:10,-1.7064710711201863,-86.37520048729372,118.52257728658415, -3.2046590337339174,-32.187787617321256,2.712926962471844
2024-10-24 02:10:10,-1.7064710711201863,-86.21427563914777,118.64157015110267, -3.180027292915864,-32.46727096608252,2.6837772324166043
2024-10-24 02:10:10,-1.7064710711201863,-86.01925602111214,118.78252006282929, -3.1510563514327714,-32.80272787212048,2.649375116981683
2024-10-24 02:10:10,-1.7064710711201863,-85.78048055251429,118.9503983829439, -3.1168295949635136,-33.2087735161854,2.608561985242922
2024-10-24 02:10:10,-1.7064710711201863,-85.38708277356271,119.2162088522008, -3.0632191657782957,-33.86702341535026,2.544244983849013
2024-10-24 02:10:10,-1.7064710711201863,-84.78966668783436,119.59580487506591, -2.987778071162034,-34.84267398756199,2.4528664092390837
2024-10-24 02:10:10,-1.7064710711201863,-84.31570124904665,119.87777168399127, -2.932479903751954,-35.59759772144721,2.3851786821829197
2024-10-24 02:10:10,-1.7064710711201863,-83.91260898762705,120.10512249813212, -2.8882794934030804,-36.22722769922352,2.3306053448979975
2024-10-24 02:10:10,-1.7064710711201863,-83.72007266842306,120.20986949296896, -2.8680146905578345,-36.524136020751484,2.3054363134268616
2024-10-24 02:10:10,-1.7064710711201863,-83.60076223844838,120.27356978889902, -2.8557181230394293,-36.70691849866609,2.290116482918753
2024-10-24 02:10:10,-1.7064710711201863,-83.56135480999453,120.2944093954488, -2.8516994571949748,-36.7670908217927,2.2851018610716833
2024-10-24 02:10:10,-1.7064710711201863,-83.52035982781831,120.31598395540928, -2.8475411409259284,-36.82958299405951,2.279908826917762
2024-10-24 02:10:10,-1.7064710711201863,-83.5013133106636,120.32597149544257, -2.845616826128866,-36.858581225971626,2.2775042458215173
2024-10-24 02:10:11,-1.7086207449191178,-83.58716767400759,120.42183424557497, -2.8485343274057167,-36.86866272413602,2.2795402097951296
2024-10-24 02:10:11,-1.7597979447079004,-85.58817928540432,122.61876103630416, -2.9204689057192192,-37.06638829383696,2.331085338839686
2024-10-24 02:10:11,-1.796906681973391,-86.99094580950893,124.11592221021525, -2.975500162326278,-37.16218064436866,2.3720397626394414
2024-10-24 02:10:11,-1.8130037245332742,-87.58777332501379,124.74212138828035, -3.000096843033804,-37.192181227899866,2.390712551441654
2024-10-24 02:10:11,-1.833455535424349,-88.33639881001871,125.5184593673152, -3.031968618118361,-37.220712827127706,2.4152155059831375
2024-10-24 02:10:12,-1.846122961247885,-88.79484009461653,125.988849454363, -3.0520541208691645,-37.233180334336545,2.4308248823177068
2024-10-24 02:10:12,-1.8569255588342153,-89.18271813756157,126.38385586679202, -3.06938939839151,-37.24075798596049,2.444395869514374
2024-10-24 02:10:12,-1.8653340915469712,-89.48271797018499,126.68749418285141, -3.0830138202777655,-37.244750635387526,2.4551238119505383
2024-10-24 02:10:12,-1.8697488523449657,-89.6395666509736,126.84559402474814, -3.0902128388784895,-37.246189315012266,2.460813815620991
2024-10-24 02:10:12,-1.8706437695955627,-89.67130648696669,126.8775326477699, -3.091675985812491,-37.24642624614042,2.461972053107737
2024-10-24 02:10:12,-1.8715399502774366,-89.70307263028427,126.90947940922449, -3.0931424918371553,-37.246645106944534,2.463133551163353
2024-10-24 02:10:12,-1.8706571361320952,-89.67178041499224,126.8780094052667, -3.0916978492450014,-37.24642964567232,2.46198936490579
2024-10-24 02:10:12,-1.8655580658911708,-89.4906862852728,126.69553684094733, -3.083378291066397,-37.244834465707726,2.455411531432606
2024-10-24 02:10:12,-1.8014953756096725,-87.16177811978086,124.29582069553167, -2.9824675998202137,-37.17142469595126,2.3773073258035344
2024-10-24 02:10:12,-1.7665759774482785,-85.8472938060447,122.89798590687104, -2.930344067389382,-37.08674855455972,2.3383452780926444
2024-10-24 02:10:12,-1.7322743811387438,-84.52205553700742,121.45718656476748, -2.8811973248933977,-36.9699472103017,2.302637467517302
2024-10-24 02:10:12,-1.6982235127341927,-83.17050639401947,119.95537389642027, -2.8345034221810943,-36.81851221772537,2.2697919444136403
2024-10-24 02:10:12,-1.6737412950321027,-82.17495829268756,118.82835691993583, -2.8022756016586845,-36.68623742995469,2.247838101441922
2024-10-24 02:10:12,-1.6540195071623995,-81.35758944238835,117.88996150276942, -2.7771669377025825,-36.56458362140297,2.2312011991266063
2024-10-24 02:10:12,-1.6441144670957326,-80.94166021010015,117.40794116879464, -2.7648527680913926,-36.49818486559479,2.2232083298651273
2024-10-24 02:10:12,-1.639366271768519,-80.74095490384417,117.17426109060645, -2.7590215259765314,-36.465064358455805,2.2194644559564454
2024-10-24 02:10:12,-1.6375957149438676,-80.66589172539328,117.08668470592332, -2.756859156457533,-36.4524970984056,2.2180830854849423
2024-10-24 02:10:12,-1.6370096105812744,-80.64101695606867,117.05764156771984, -2.7561447994703316,-36.44831087082161,2.2176275775631034
2024-10-24 02:10:13,-1.6376134936840514,-80.66664606218448,117.08756528145501, -2.7568808368522717,-36.452623879136745,2.2180969164776148
2024-10-24 02:10:13,-1.6503421615501557,-81.20360228692557,117.71185913650693, -2.7725717080160854,-36.540353616235585,2.228205086497154
2024-10-24 02:10:13,-1.6808272255811048,-82.46523233359171,119.15877655793989, -2.8114846215615725,-36.726613171823544,2.254045992800206
2024-10-24 02:10:13,-1.725838717780296,-84.26944465475886,121.17897061406764, -2.87220949758205,-36.94411619706316,2.296228000448578
2024-10-24 02:10:13,-1.7682136941104023,-85.90970326189776,122.96505824547356, -2.9327420564326427,-37.091472180155776,2.3401143380236746
2024-10-24 02:10:13,-1.8230853771271474,-87.95813281035267,125.12746148411392, -3.0157216037048595,-37.207562795000165,2.4026828940745872
2024-10-24 02:10:13,-1.8436954204585865,-88.70729012003115,125.89931242399504, -3.0481846985391194,-37.23109319762012,2.427808055952719
2024-10-24 02:10:13,-1.8540159519596515,-89.07852039701552,126.27801171553239, -3.064701604666602,-37.23898993267338,2.44071718306834
2024-10-24 02:10:13,-1.8574603147832434,-89.20184675925452,126.40326530355767, -3.070252460252257,-37.24106120847177,2.445073850575969
2024-10-24 02:10:14,-1.8565908391805812,-89.17074151687696,126.37170004027521, -3.068849418172463,-37.24056476267437,2.443971797336966
2024-10-24 02:10:14,-1.8336474013365025,-88.3433720291418,125.52564291726111, -3.032270882098909,-37.22093094930441,2.4154494721029853
2024-10-24 02:10:14,-1.7720172033921828,-86.05435104003442,123.12024322260768, -2.938329113855395,-37.10215099151258,2.3442451847359465
2024-10-24 02:10:14,-1.7535913237884408,-85.34973808046493,122.36074567489756, -2.9114964256274094,-37.04658738943262,2.3245249763077225
2024-10-24 02:10:14,-1.7281302266878613,-84.35953830902736,121.27832740255998, -2.8754011668592296,-36.953459538826465,2.298499533615629
2024-10-24 02:10:14,-1.71045636864981,-83.66035997948919,120.50345512244715, -2.851032393356794,-36.8771539119171,2.28128713718301
2024-10-24 02:10:14,-1.6907209978475395,-82.86760800417198,119.61433536498579, -2.824505237098147,-36.78012188755516,2.2629138088689102
2024-10-24 02:10:14,-1.6664686051464201,-81.87518228992252,118.4855595774447, -2.7929262445184273,-36.64298250951597,2.241592408513291
2024-10-24 02:10:14,-1.6129472343709095,-79.60804953439025,115.84207467193743, -2.727450732534345,-36.2649930852501,2.199697050238459
2024-10-24 02:10:14,-1.6021463282816963,-79.1366978629438,115.28126522117198, -2.7149837625934197,-36.17522232619295,2.19214886857503
2024-10-24 02:10:15,-1.6039689874390497,-79.21658216306379,115.37658015097024, -2.7170691682494743,-36.190705360234745,2.193400402708919
2024-10-24 02:10:15,-1.6844908905059146,-82.61462558965879,119.32825034373796, -2.816284213070767,-36.746813687246515,2.2573027106408396
2024-10-24 02:10:15,-1.7141823470270108,-83.80859061000058,120.66846277872185, -2.8561221659871823,-36.89405856477353,2.2848568008814514
2024-10-24 02:10:15,-1.7489807572206688,-85.1718787765117,122.16761942183393, -2.9048749481066833,-37.03115329382965,2.3197061062649214
2024-10-24 02:10:15,-1.7710428380329593,-86.01733498800792,123.08056658458015, -2.9368954724856287,-37.09945405588465,2.3431839971686803
2024-10-24 02:10:15,-1.7972367290763667,-87.00325190771588,124.12889905727596, -2.976000122120803,-37.16286414988349,2.372417158742269
2024-10-24 02:10:15,-1.8631633260559628,-89.40542820469393,126.60942343613152, -3.0794855583716894,-37.243877847063054,2.4523405030109657
2024-10-24 02:10:15,-1.8855059682161008,-90.19574608186372,127.40260591213436, -3.116163355472566,-37.247699934155584,2.4814440411657497
2024-10-24 02:10:15,-1.8826526821758827,-90.09545076829954,127.3025760335162, -3.11143468086893,-37.24784153568369,2.4776711685227024
2024-10-24 02:10:15,-1.8265243795147907,-88.08387495373616,125.25772402632268, -3.0210898928509278,-37.21222121779444,2.4068143913901867
2024-10-24 02:10:15,-1.7609003366232756,-85.63041257503336,122.66435464044804, -2.9220695865427584,-37.06978909150144,2.332259328022245
2024-10-24 02:10:15,-1.7190568923650011,-84.00183980860396,120.8829953169107, -2.8628194792914687,-36.91550994187325,2.2895746362796756
2024-10-24 02:10:15,-1.6735157910955103,-82.16569149344495,118.81778397684806, -2.8019841420261735,-36.684924003482365,2.2476425198443883
2024-10-24 02:10:15,-1.6370573107049275,-80.64304188807972,117.06000622957174, -2.756202910464121,-36.44865205344982,2.2176646162330345
2024-10-24 02:10:15,-1.6262159954799027,-80.18052283587168,116.518033841782, -2.74311928897792,-36.36887146159474,2.2093971968112247
2024-10-24 02:10:16,-1.6256309949302288,-80.15543303060511,116.48852761829092, -2.7424204265637764,-36.36443755213964,2.20895975657484
2024-10-24 02:10:16,-1.6268117572914762,-80.20606014871419,116.54805511629525, -2.7438317634037093,-36.37337325389314,2.209843602369611
2024-10-24 02:10:16,-1.6877531679764632,-82.74726102891705,119.47838254958671, -2.820579722974403,-36.76441786439318,2.2602294252461848
2024-10-24 02:10:16,-1.714076308179728,-83.8043782685497,120.66377908879193, -2.855976960492981,-36.89358357433841,2.284754772197421
2024-10-24 02:10:16,-1.731650051937326,-84.49760592573858,121.43030865559496, -2.8803221373010843,-36.96749690030243,2.3020116166912854
2024-10-24 02:10:16,-1.7590382688898352,-85.55905509730638,122.58730085268027, -2.9193670828202243,-37.06402443749018,2.3302778607944146
2024-10-24 02:10:16,-1.7840278437654966,-86.50844475577799,123.60496278656993, -2.956134769406114,-37.13322899485186,2.357493133761737
2024-10-24 02:10:16,-1.8018139924272705,-87.1736190631044,124.30827046470195, -2.9829526975866743,-37.17204591423681,2.377674724067979
2024-10-24 02:10:16,-1.8209899679693307,-87.8813701246828,125.0477981969367, -3.0124602389719968,-37.20457840719856,2.4001775536188434
2024-10-24 02:10:16,-1.840796324010012,-88.60254538053283,125.7920074604694, -3.0435762304538674,-37.22841387370851,2.4242210260002954
2024-10-24 02:10:16,-1.8621934705039667,-89.37086104045088,126.57447184921078, -3.077911661480861,-37.24345249119114,2.451100067941326
2024-10-24 02:10:16,-1.8869671138363702,-90.24703590014772,127.45368933023101, -3.1185899272158393,-37.24755712560113,2.4833824516053955
2024-10-24 02:10:16,-1.9220527412121342,-91.46462095402424,128.6523364750291, -3.1778821409221907,-37.23018267438974,2.5312155250021737
2024-10-24 02:10:16,-1.972850569628195,-93.18236342679913,130.29760247870576, -3.267194714468652,-37.160096805314964,2.6048232218617713
2024-10-24 02:10:16,-2.0024471797576955,-94.16027609285614,131.21039783810957, -3.321118996894018,-37.096443841029355,2.650074848873167
2024-10-24 02:10:17,-2.0013610136436277,-94.12467175495865,131.1774671187361, -3.3191154249493846,-37.099062767995335,2.648383387961462
2024-10-24 02:10:17,-1.9648545360380156,-92.91534514230585,130.0453601560689, -3.252864691182022,-37.1744862907902,2.592896339499381
2024-10-24 02:10:17,-1.8815374269499718,-90.05619887821828,127.26337824302539, -3.109589948752467,-37.247847357334685,2.4762009392718363
2024-10-24 02:10:17,-1.870834220814213,-89.6780587951707,126.88432488370073, -3.0919875310363234,-37.24647429723593,2.462218751981642
2024-10-24 02:10:17,-1.8705326639273372,-89.66736693084088,126.87356941347448, -3.0914942631713576,-37.246397829883314,2.461828167539398
2024-10-24 02:10:18,-1.8700481308138615,-89.65018315235893,126.85627905546114, -3.090702001199173,-37.24627059553579,2.461200973171128
2024-10-24 02:10:18,-1.8694775016948137,-89.62993906342858,126.83590252004105, -3.0897694486144123,-37.246113840870635,2.4604629433619047
2024-10-24 02:10:18,-1.8687434046051254,-89.60388458847015,126.80966662167707, -3.0885705201081484,-37.24590117239181,2.4595144606722057
2024-10-24 02:10:18,-1.8681497746781388,-89.5828064362748,126.78843266890408, -3.0876016383720195,-37.245720127314584,2.4587482658327136
2024-10-24 02:10:18,-1.8670916534141793,-89.54521523237078,126.75054356454886, -3.0858760558040106,-37.24537727816216,2.45738432619389
2024-10-24 02:10:18,-1.8662284678971175,-89.51453013741279,126.71959625910772, -3.0844697123934783,-37.24507844587892,2.4562733442660662
2024-10-24 02:10:18,-1.865176016748012,-89.47709345378414,126.68181649592515, -3.0827566358037393,-37.24469077065982,2.454920808903575
2024-10-24 02:10:18,-1.863831591422187,-89.4292334138678,126.63348075697465, -3.0805709147900306,-37.244158193504916,2.4531963192024864
2024-10-24 02:10:18,-1.8607223338660492,-89.31838532590731,126.52137104538525, -3.075527181635829,-37.24276541133641,2.4492221483181185
2024-10-24 02:10:18,-1.8566791655406145,-89.1739021847185,126.37490825426178, -3.0689918913800773,-37.24061600716743,2.4440836800224077
2024-10-24 02:10:18,-1.843825101367813,-88.71197072004705,125.90410277860981, -3.0483911627710203,-37.23120829046261,2.4279689117400824
2024-10-24 02:10:18,-1.8263466106734965,-88.07738241919857,125.25100511047002, -3.0208119173395556,-37.211987686095945,2.406600226295329
2024-10-24 02:10:18,-1.8074796860196614,-87.38372819875363,124.52876049333987, -2.991607163288933,-37.182648074361516,2.384243419952558
2024-10-24 02:10:18,-1.7893747762362662,-86.70931373294452,123.81819074133627, -2.96414065696709,-37.1457917044329,2.3634898316999124
2024-10-24 02:10:18,-1.7712138664873471,-86.02383429030905,123.08753482338147, -2.9371469985101077,-37.099929369172116,2.343370117633272
2024-10-24 02:10:18,-1.7530272520552161,-85.32801195877266,122.33718514759525, -2.9106843276863246,-37.04473247549209,2.323932921661164
2024-10-24 02:10:18,-1.7352128031157907,-84.63696673451847,121.58336706448961, -2.8853258191532363,-36.98132038171781,2.3055947341792047
2024-10-24 02:10:18,-1.7074226366048622,-83.53933589444878,120.36844272883496, -2.8469072154348307,-36.86306220977352,2.27840416603106
2024-10-24 02:10:18,-1.6865138668158757,-82.69691750063416,119.42143460224725, -2.8189455021681518,-36.75777257799991,2.259114634815896
2024-10-24 02:10:18,-1.6565898258696992,-81.46492140541477,118.01385618317852, -2.7803951470326034,-36.581226978629495,2.233315333019193
2024-10-24 02:10:18,-1.6195551380341042,-79.89403656304745,116.18046921274262, -2.735205729452863,-36.31759496398859,2.20446955721014
2024-10-24 02:10:18,-1.6078914358627168,-79.38802193693498,115.58076470343832, -2.721582502342861,-36.22356348182219,2.19612447668342
2024-10-24 02:10:19,-1.6089988140591214,-79.43630577886667,115.638179280126, -2.72286295293292,-36.23272635528415,2.1969010875109003
2024-10-24 02:10:19,-1.6356394896781252,-80.58281581484265,116.98964525667014, -2.754477683616074,-36.43847402037725,2.2165661806566597
2024-10-24 02:10:19,-1.6634691988059245,-81.75099458743081,118.34308549199267, -2.7891008913688387,-36.624600568140245,2.239054006472955
2024-10-24 02:10:20,-1.7010071851359427,-83.28241076005965,120.08095649549387, -2.8382401091674554,-36.83228400396754,2.272377344397305
2024-10-24 02:10:20,-1.7643881183943895,-85.76379983641857,122.80814393235092, -2.9271477847106153,-37.08031962029791,2.3359909935493492
2024-10-24 02:10:20,-1.7919865740934848,-86.80714763972998,123.92177993326727, -2.9680688804521473,-37.15164705443936,2.3664410614230595
2024-10-24 02:10:20,-1.8050089356447363,-87.29220590620874,124.43281463851994, -2.9878264381991624,-37.17812780941855,2.381370606361486
2024-10-24 02:10:20,-1.814780647142156,-87.65324007796785,124.81041715902404, -3.002838521042991,-37.195080519290386,2.3928070170620015
2024-10-24 02:10:20,-1.8155669915524395,-87.68218513286699,124.84058824725386, -3.0040534741724016,-37.19633770494676,2.3937359834169682
2024-10-24 02:10:20,-1.8147616425138537,-87.65254032685279,124.8096875803262, -3.0028091703652446,-37.195049939218514,2.392784581433667
2024-10-24 02:10:20,-1.794919144963331,-86.91677687927526,124.03765263613961, -2.9724932923715763,-37.15800330229967,2.3697719470574463
2024-10-24 02:10:20,-1.7450650746044916,-85.02032882344767,122.00261212260935, -2.899280841368364,-37.01755485587452,2.315650153786456
2024-10-24 02:10:20,-1.6846805381297698,-82.62234619144228,119.33699796224488, -2.8165333661774885,-36.747846933407146,2.2574721609124797
2024-10-24 02:10:20,-1.6456102623336935,-81.00470867455758,117.48120281017046, -2.7666994436181205,-36.50844418685176,2.2243995668085157
2024-10-24 02:10:20,-1.6032452802422117,-79.18488004065789,115.33876751620498, -2.716240233345849,-36.184574020144346,2.1929023796041323
2024-10-24 02:10:20,-1.6003674010827813,-79.0585943286137,115.1879689268553, -2.7129556703899502,-36.15997858029172,2.190936141475517
2024-10-24 02:10:20,-1.5941350660709475,-78.78389607974539,114.85900400353893, -2.7059075702729314,-36.10553453673313,2.186756334475798
2024-10-24 02:10:20,-1.589175318454183,-78.56408720711848,114.59484034157633, -2.700362867599797,-36.06103999336112,2.1835073186697396
2024-10-24 02:10:20,-1.587571806223596,-78.49279146312396,114.50898045638117, -2.6985825462824464,-36.04643093425888,2.182471690996405
2024-10-24 02:10:21,-1.5881173450322281,-78.51706004238129,114.53821632129738, -2.6991875596438364,-36.05141348710117,2.1828232119210176
2024-10-24 02:10:21,-1.5920596733139925,-78.69204818730528,114.74872290441134, -2.703580429306158,-36.0870426995069,2.1853884047676755
2024-10-24 02:10:21,-1.6137480876070982,-79.64280542874106,115.8832751397612, -2.7283854882498115,-36.271461098518806,2.2002692592744513
2024-10-24 02:10:21,-1.657105799100016,-81.48643805374944,118.03866879174133, -2.7810447991955125,-36.58453916672096,2.233741703340816
2024-10-24 02:10:21,-1.7164696575055296,-83.89936484820929,120.76931742262174, -2.8592593546111007,-36.904217668763835,2.287063847860798
2024-10-24 02:10:21,-1.7576140207313515,-85.50440745611556,122.52822881304358, -2.9173040852972925,-37.05954788607676,2.328767374713631
2024-10-24 02:10:21,-1.8003767000190263,-87.12018275534885,124.25206649915405, -2.980765751765116,-37.169222396443146,2.3760190659555382
2024-10-24 02:10:22,-1.8501046731197848,-88.93813302340413,126.13509416659117, -3.0584216291655313,-37.236296971876854,2.435799262861736
2024-10-24 02:10:22,-1.857601000325233,-89.2068780618288,126.40836936304997, -3.070479594711043,-37.24113986304227,2.445252313044398
2024-10-24 02:10:22,-1.8621727375619213,-89.37012184545966,126.57372419645455, -3.077878032339916,-37.24344315895166,2.4510735715895127
2024-10-24 02:10:22,-1.8675833370546804,-89.56268619540936,126.76815617489595, -3.0866776680532984,-37.24553980431537,2.4580178339702785
2024-10-24 02:10:22,-1.8667040359393354,-89.53143808933378,126.73665080985738, -3.0852443819728053,-37.24524521619734,2.4568852476392724
2024-10-24 02:10:22,-1.855397699661259,-89.12802810822427,126.32832628854968, -3.0669260860642527,-37.23985450333842,2.442462009112759
2024-10-24 02:10:22,-1.802194704916384,-87.18776417038264,124.32313954305145, -2.9835325598989835,-37.17278470000862,2.3781140046864286
2024-10-24 02:10:22,-1.7837979300894693,-86.49978994235599,123.59575907486291, -2.955791611978771,-37.13267137004666,2.3572366432699274
2024-10-24 02:10:22,-1.7747275707912995,-86.15717650546338,123.23032969840116, -2.942325623721264,-37.10951337597149,2.347207790367346
2024-10-24 02:10:22,-1.7745597950523193,-86.1508174711323,123.22352715675179, -2.9420778675335297,-37.109063582280754,2.3470239429664264
2024-10-24 02:10:22,-1.7743393594389667,-86.14246131844676,123.21458709917306, -2.941752421393341,-37.108471420148554,2.3467824830349415
2024-10-24 02:10:22,-1.7741728758080497,-86.13614944109717,123.20783332976576, -2.9415066840228112,-37.10802329351146,2.3466001899089672
2024-10-24 02:10:22,-1.7555836896191694,-85.42640224761217,122.44381498489429, -2.9143693112356317,-37.053065102033955,2.3266217442194854
2024-10-24 02:10:23,-1.7306858876238893,-84.45982417762869,121.38875341956467, -2.8789719451365334,-36.963689457938,2.3010468145307836
2024-10-24 02:10:23,-1.6972303333365835,-83.13051768046816,119.91044330163604, -2.833173749903634,-36.813537052954786,2.268873868000771
2024-10-24 02:10:23,-1.6888588824139223,-82.7921334781943,119.52910380931655, -2.8220402711502963,-36.77030320252334,2.2612271111758933
2024-10-24 02:10:23,-1.6723013524369044,-82.11575463241701,118.76078248010585, -2.800416218530527,-36.6778201916272,2.246591334642169
2024-10-24 02:10:23,-1.6555595324809156,-81.42192758746062,117.96425213946141, -2.7790995352303542,-36.574584389137,2.232465930489081
2024-10-24 02:10:23,-1.6378155115909379,-80.67521664963711,117.0975694650201, -2.7571272354323706,-36.45406363494368,2.2182541333187986
2024-10-24 02:10:23,-1.6168069306221127,-79.77531228437533,116.04016034517264, -2.7319687963828,-36.295929272438485,2.202470571035395
2024-10-24 02:10:23,-1.5857855051191216,-78.41323497554879,114.41306982463581, -2.696606414100187,-36.03002690463073,2.1813265754397806
2024-10-24 02:10:23,-1.55076465506778,-76.8240782793628,112.47472580596317, -2.6594354532349422,-35.67989423253454,2.160755923717554
