time,a1,a2,a3,a4,a5,a6
2024-09-06 05:01:48,0.9331696917202457,-90.52547298542049,122.55017603979908, 1.7593541931595231,-32.03685035080094,-1.4915489356054898
2024-09-06 05:01:48,0.9093349572703913,-89.90753395559618,122.70711991223071, 1.6783230787664873,-32.81078120684908,-1.4106896857107307
2024-09-06 05:01:48,0.7234398855501794,-88.30709620175716,123.34136428437012, 1.2600665441695382,-35.04078184323427,-1.0317262219685857
2024-09-06 05:01:48,0.8190538460394305,-87.91897794567615,122.61950829417937, 1.4385315842648965,-34.708983767235026,-1.1826323142016144
2024-09-06 05:01:48,0.9366156699152844,-88.39776273646886,122.16968155522387, 1.684563661316649,-33.783364548556904,-1.400243005257552
2024-09-06 05:01:48,0.7912935893899805,-89.03106629304389,121.67112098606083, 1.4668710807566772,-32.648584475145654,-1.2351770019594968
2024-09-06 05:01:48,0.6082913274332302,-89.45398726063463,121.34120969862008, 1.1514121206489325,-31.892412227317056,-0.9776335934187768
2024-09-06 05:01:49,0.4286720545966263,-90.06577966754809,120.96836214617734, 0.8346310059234332,-30.905261518093784,-0.7161415747766207
2024-09-06 05:01:49,0.3450229615561695,-90.60020774422718,120.64522621982645, 0.68908342675663,-30.046814462756817,-0.5964892503032131
2024-09-06 05:01:49,0.2699468200725538,-91.09201992404104,120.32609345415202, 0.5527277210533489,-29.23520976894512,-0.48232599901150136
2024-09-06 05:01:49,-0.5018306844327709,-92.29422021860832,119.46807959693976, -1.0987315274256693,-27.17814003919814,0.9774463487573264
2024-09-06 05:01:49,-0.5718526076289627,-92.74606628780532,119.1518666092831, -1.2856810647556483,-26.411547069941157,1.1515226557443443
2024-09-06 05:01:49,-0.5563632963425197,-93.7957379908366,118.11245678215373, -1.3509089631286328,-24.322696002034444,1.2310412432408409
2024-09-06 05:01:49,-0.9304587790372598,-94.37120477205106,117.60300494137567, -2.357740141631179,-23.249393932037883,2.166471252228307
2024-09-06 05:01:49,-1.6273838685209072,-94.90702572270372,117.30719462077815, -4.263789823845877,-22.45617087286552,3.9415358324974736
2024-09-06 05:01:49,-2.1595932969442413,-95.25219428447623,117.63857971829134, -5.654701726811908,-22.48497936793442,5.227308753519537
2024-09-06 05:01:49,-1.8511888731749562,-95.1593496417197,119.37202204379662, -4.505979838096071,-24.279084110836884,4.108872242684043
2024-09-06 05:01:49,-1.8207035786256407,-95.0909441590898,119.93232030294372, -4.327112809754925,-24.903785926243803,3.926083811246354
2024-09-06 05:01:49,-1.0979514091613127,-94.27201929501298,123.47410093037396, -2.2495202917334933,-29.220897158005517,1.963495914214125
2024-09-06 05:01:49,-1.003059884060748,-94.07905863664416,123.89582167686984, -2.016677320906851,-29.832079657883735,1.7496202574458353
2024-09-06 05:01:49,-0.8401054175525619,-93.78846411670335,124.27194875291792, -1.6557231158284782,-30.493945743054404,1.426810367396818
2024-09-06 05:01:49,-0.7787306803489111,-92.41734290947429,125.72379320897176, -1.417948757449738,-33.31450367708981,1.185007880477802
2024-09-06 05:01:49,-1.004450401271194,-91.83280886978363,126.11040395525178, -1.7830676561037144,-34.290510371401524,1.4733064997607903
2024-09-06 05:01:49,-1.126611567932688,-91.44947686324396,126.38821030581981, -1.9666734235823387,-34.954584484359096,1.612105982223932
2024-09-06 05:01:50,-1.354293952811498,-90.07039649154866,127.11792705787288, -2.247141174797751,-37.068727976680165,1.7933572883381146
2024-09-06 05:01:50,-1.4142131592899019,-89.55831532991212,127.34386550077792, -2.3073572426029143,-37.80805568472038,1.823341385049226
2024-09-06 05:01:50,-1.2861337374273556,-88.67988881651897,127.57535609237917, -2.0477766953501897,-38.91335556859047,1.5936360951169322
2024-09-06 05:01:50,-1.3607767945631903,-87.59011336560886,127.99266134405286, -2.0989214220426025,-40.421528734781894,1.5981983436479918
2024-09-06 05:01:50,-1.2618005678917654,-88.4456388429905,128.2979241890521, -1.9686130081122921,-39.868927022888826,1.5111802405829278
2024-09-06 05:01:50,-1.0298677953282214,-89.30625180712984,128.28081653664037, -1.637104605812834,-38.986003256252445,1.2726579483383997
2024-09-06 05:01:50,-0.9565011408590017,-90.02740458231237,128.10030038768437, -1.5508560456775837,-38.08308665946595,1.2208187839101645
2024-09-06 05:01:50,-0.8987563547382752,-90.56461586457304,127.93933912356108, -1.4803831623751804,-37.38395032190927,1.1763863450996004
2024-09-06 05:01:50,-0.8687611471625423,-91.20825732937358,127.69563574929187, -1.4607681303434075,-36.49628242565901,1.1743948660314358
2024-09-06 05:01:50,-0.8414405707047034,-91.73114795816497,127.48954301710819, -1.4397145773764557,-35.76697406083286,1.1682696420137133
2024-09-06 05:01:50,-0.9303495140630135,-93.2675509990587,127.04973609302124, -1.6728500756123637,-33.79347383661899,1.3903406262336127
2024-09-06 05:01:50,-1.0084573008827846,-94.04633739778312,126.87029118514543, -1.8599563339266738,-32.83770935199418,1.5629151279692326
2024-09-06 05:01:50,-1.6024913988436842,-95.17974476539848,126.65374160727418, -3.0671184981104487,-31.510582197135637,2.6155346179377785
2024-09-06 05:01:50,-2.098897866289491,-95.57906170156477,126.7142303686347, -4.054338197276869,-31.19874437458316,3.469534900687467
2024-09-06 05:01:50,-1.9489690076387243,-94.19937926625576,127.14998844574913, -3.5799344995574396,-33.00170899169619,3.003486483559806
2024-09-06 05:01:51,-1.5489336380360827,-93.6028355748709,127.15385234785974, -2.8010397914559424,-33.58257288446776,2.3340856664913283
2024-09-06 05:01:51,-1.0843974337897353,-93.38235846904514,127.46346279852499, -1.9346551434748074,-34.09626832605379,1.6022731635180139
2024-09-06 05:01:51,-0.9463005386293574,-93.30026455777706,128.03520745146722, -1.6605010004425644,-34.74621203051926,1.3645322178065087
2024-09-06 05:01:51,-0.6702294374503956,-94.0451327935509,128.34334615399365, -1.1892873161840158,-34.30395987234701,0.9824667167794998
2024-09-06 05:01:51,-0.2017553420401641,-94.79059787494194,128.29861051916282, -0.3654598776391762,-33.50854915577398,0.30472296912703967
2024-09-06 05:01:51,0.0001536499811003178,-95.53411373771037,128.43053333875977, 0.0002829014225211868,-32.896419601367896,-0.00023753925606628812
2024-09-06 05:01:51,0.13012851554735338,-97.9907023715729,128.6797777073533, 0.25496325416249693,-30.6893243194045,-0.2192553604168785
2024-09-06 05:01:51,0.8130870347300521,-100.57620842447997,126.96339268681385, 1.8289867725519775,-26.39881035456865,-1.6383718415305455
2024-09-06 05:01:51,0.5608924028659827,-101.34935328013373,126.42541769939612, 1.3232248721050497,-25.081930922905006,-1.1984864037347895
2024-09-06 05:01:51,-0.22004450267539644,-102.16918902723793,125.99009466148215, -0.5448138949331602,-23.82186269674661,0.4984012622727261
2024-09-06 05:01:51,-0.703735223561372,-102.34628371900456,126.39991029563612, -1.7261343043237114,-24.063307173464004,1.5762047177575824
2024-09-06 05:01:51,-0.9307683739884579,-102.2412602849947,126.91889962973592, -2.228390538122429,-24.694087708697804,2.0247852482126216
2024-09-06 05:01:52,-1.0295685212297372,-102.03156953345018,127.48444608050491, -2.3944973825008753,-25.47230397405318,2.161968898996855
2024-09-06 05:01:52,-1.310698384306204,-100.60613612930754,128.3896058702903, -2.8100997585193874,-27.811909421563357,2.485922074275904
2024-09-06 05:01:52,-1.3534353298823059,-99.78554976370523,128.58815355876652, -2.8074343084002935,-28.831663171303404,2.459883302776917
2024-09-06 05:01:52,-1.1469644160582524,-97.6136917155469,129.14336856753687, -2.192521879599584,-31.548383376763137,1.8687138173767035
2024-09-06 05:01:52,-1.1035970639822608,-97.0860458970592,129.32777335482996, -2.06798491354072,-32.25857341726029,1.7490035607484642
2024-09-06 05:01:52,-1.4353527603857308,-95.40124007331656,129.61494740057464, -2.5515770847854746,-34.24013861229868,2.1097960498334256
2024-09-06 05:01:52,-1.4666244965194497,-94.76188309859741,129.68585217309388, -2.5606924581436337,-34.95084207107927,2.099314444368881
2024-09-06 05:01:52,-0.9259557488777889,-95.26432493385848,129.7587861836558, -1.634719501148713,-34.505348393969605,1.3472460152358054
2024-09-06 05:01:52,-0.41359055523783217,-96.67692528921819,129.80118731580973, -0.7568279877567601,-33.12654971035708,0.6338283943973084
2024-09-06 05:01:52,-0.09511664933148722,-97.2922465716304,129.84264635287113, -0.1767827820570318,-32.550523469820774,0.149013406947972
2024-09-06 05:01:52,-2.0675818879186525,-98.32925769562098,126.56696131491698, -4.363444945220174,-28.307082537170572,3.843328130245898
2024-09-06 05:01:54,-1.4204963768373875,-97.18573096784093,126.46979847077985, -2.902180109858568,-29.3154493857326,2.5310377700276776
2024-09-06 05:01:54,-1.0012779042793845,-96.49340577252741,126.16824701756644, -2.0218344965237995,-29.69019147461732,1.7565794668459662
2024-09-06 05:01:54,-0.9146138918236677,-95.42675035549186,126.03041324671571, -1.7961075168851015,-30.61600221071928,1.5458611298836726
2024-09-06 05:01:54,-1.555964872462517,-91.59093480104949,126.05841147957014, -2.747921280117231,-34.4982407906723,2.265238683799757
2024-09-06 05:01:54,-1.5669511653538122,-90.55769977544057,126.07830990663209, -2.6956914003301966,-35.55061374514132,2.1937675799067735
2024-09-06 05:01:54,-1.6095078751014749,-89.72639783366293,126.11207557549112, -2.7118696445026083,-36.41634337057974,2.1828822526468565
2024-09-06 05:01:54,-1.5956675549002084,-89.01971489043498,126.09342273811448, -2.6457112086474077,-37.103103312032616,2.1106360966711497
2024-09-06 05:01:54,-1.554218440135969,-88.3492599256391,126.06664069560722, -2.5394987866507526,-37.74462801760399,2.0085937410581853
2024-09-06 05:01:54,-1.549738297441166,-87.67994141342383,126.06720836606912, -2.4946900274301935,-38.41371299604541,1.9551782245871245
2024-09-06 05:01:54,-1.3044698488094497,-86.98035551350688,126.04005103279815, -2.069617889999861,-39.0779898737264,1.6068985065861001
2024-09-06 05:01:54,-1.3374788087707736,-86.12014689954225,125.96554595505162, -2.0869237790414603,-39.86410088234413,1.6021446807902522
2024-09-06 05:01:55,-1.41246918835508,-88.20637263333727,126.86301426004063, -2.26049474016196,-38.6784006547198,1.7650491318148631
2024-09-06 05:01:55,-1.4532545342829046,-89.37483638013964,127.204871802144, -2.3686416454667096,-37.85376223089346,1.8706322434465565
2024-09-06 05:01:55,-1.5760831457580498,-90.6457582493893,127.6359689330331, -2.618313730891277,-37.01897629021139,2.0910838722518585
2024-09-06 05:01:55,-1.7993756819683622,-91.69570853823251,128.08454136567275, -3.031186702882062,-36.42715170960607,2.4397330217099276
2024-09-06 05:01:55,-1.9755457126231382,-92.57890449894373,128.42494729037347, -3.3709305605292146,-35.89315426221044,2.7319132998329536
2024-09-06 05:01:55,-2.2789536894465288,-93.62117786627863,128.80478518063455, -3.950966513125577,-35.247836236160005,3.2283129225924085
2024-09-06 05:01:55,-2.6077085026884754,-94.80052956024639,129.31759836914205, -4.595261758042897,-34.60324842180751,3.7849944765775057
2024-09-06 05:01:55,-2.890339252478987,-95.82910251464398,129.73059952493418, -5.172289195581639,-34.009806623671466,4.291170362281944
2024-09-06 05:01:55,-3.1207996738648625,-96.73322179345158,130.18365017462094, -5.648901938718872,-33.57882983688577,4.710909011988792
2024-09-06 05:01:55,-3.354451058046849,-97.60713678513542,130.58981610670384, -6.145280519615046,-33.133637331780974,5.1519394637307405
2024-09-06 05:01:55,-3.64997207399084,-98.40823213413307,130.93796524459236, -6.7652308139505735,-32.71150092761856,5.7000037829612795
2024-09-06 05:01:55,-4.321955506124745,-99.49325560483271,131.38849335542074, -8.140159669528066,-32.15609156474771,6.9045958027840575
2024-09-06 05:01:55,-5.218699693394454,-100.4507071285177,131.83735462305282, -9.946988812653789,-31.773805099176307,8.479800248428992
2024-09-06 05:01:55,-5.859317839973285,-100.95703132063119,132.28274701091675, -11.165944315104053,-31.814129618932554,9.521741599114177
2024-09-06 05:01:55,-6.243786007635328,-101.16689397813329,132.9000287982711, -11.750780203067444,-32.27853173390923,9.974513209438674
2024-09-06 05:01:55,-7.685798801676675,-101.46170751221085,133.72952795425803, -14.185993464133096,-33.074087927544234,11.959613286133559
2024-09-06 05:01:55,-8.617961223119387,-101.33428288459925,133.9434632316156, -15.707574059924497,-33.60682772959171,13.182401890034004
2024-09-06 05:01:55,-9.551943572503951,-101.14273552706155,134.13898168772985, -17.170980170778556,-34.2002560843153,14.335913851551698
2024-09-06 05:01:55,-10.373111263437558,-100.84881787133654,134.2374328970384, -18.39849068477944,-34.78377851413579,15.279776392055691
2024-09-06 05:01:56,-10.987824457906331,-100.24161893401404,133.88627595653983, -19.312668625707705,-35.19171673927669,15.981295763302468
2024-09-06 05:01:56,-11.130302234052595,-99.42020856892618,133.30820663815928, -19.43561584862549,-35.460569762929765,16.034927495849022
2024-09-06 05:01:56,-10.877319790921023,-98.62521480935443,132.82040481628172, -18.876159567467216,-35.681966013541604,15.521232516888173
2024-09-06 05:01:56,-10.52583828339434,-97.12722847026401,131.81342434232437, -18.081901447938925,-36.055783541764356,14.786412834600139
2024-09-06 05:01:56,-10.149846205662161,-96.08923292001214,131.19120077688456, -17.29290691619054,-36.35820759418479,14.075164898507289
2024-09-06 05:01:56,-9.881187867231619,-95.22383076815763,130.67442035486698, -16.71640995472379,-36.627447722616,13.55106742163267
2024-09-06 05:01:56,-9.612694396354662,-94.34341779070492,130.06691403737238, -16.17593636881568,-36.827372300194654,13.071679167795482
2024-09-06 05:01:56,-9.32292695588604,-93.34038688605342,129.3916104611754, -15.586697267979762,-37.07835057317624,12.54688835727911
2024-09-06 05:01:56,-9.085156766666422,-92.45240468021427,128.790077692504, -15.102522633543304,-37.30381217312318,12.115363613403048
2024-09-06 05:01:56,-8.911732974715697,-91.64442516978131,128.10038686416695, -14.782869880867445,-37.382106348890254,11.842732048846722
2024-09-06 05:01:56,-8.752397084319764,-90.86467709024717,127.2928912968184, -14.534949496075749,-37.3228244962043,11.649915793524146
2024-09-06 05:01:56,-7.67928530445106,-87.73350397562766,124.20419766086192, -12.780766960305714,-37.16027203519336,10.247314321710244
2024-09-06 05:01:56,-7.281967203288593,-86.92038428890922,123.46876092012415, -12.110914214948224,-37.167304482149454,9.70338481693801
2024-09-06 05:01:56,-6.792388174834615,-86.07585851332269,122.71860478420176, -11.286235770708467,-37.18001440873776,9.034708816727708
2024-09-06 05:01:56,-6.283602845481152,-85.14327691579422,121.57510229596402, -10.504181434687949,-36.89562625890868,8.434453976066926
2024-09-06 05:01:56,-5.81827066463056,-84.11089384656151,120.37278014202658, -9.774852599309325,-36.66235815316615,7.868207188645996
2024-09-06 05:01:56,-5.375586010632398,-83.5188376200791,119.3359971773593, -9.134743104253785,-36.16486968121761,7.396445090189382
2024-09-06 05:01:56,-4.7861231579511685,-82.88702716339142,118.31820402714615, -8.218284172498402,-35.71101834118015,6.6886037432916945
2024-09-06 05:01:56,-3.8940680044336577,-81.96401591462214,116.83260394431045, -6.789970922353168,-35.05797678227246,5.566659363676925
2024-09-06 05:01:56,-3.074826452827619,-81.25020603820337,115.48330688821835, -5.454480085125976,-34.35413796143715,4.507361854907817
2024-09-06 05:01:56,-2.3766181668365896,-80.58949226472848,114.60611773901508, -4.242924289070764,-34.08957716378025,3.515847643532199
2024-09-06 05:01:56,-1.798536640906233,-79.93129999038993,113.68327717639636, -3.2347357491976574,-33.79419404600381,2.689081053454176
2024-09-06 05:01:56,-1.34004376950345,-79.5069630890669,112.96944733289766, -2.4292838809001784,-33.48618514077805,2.026438183577935
2024-09-06 05:01:56,-0.8529837380025374,-79.24645371553142,112.29582535561313, -1.5637974242207275,-33.05912889569281,1.310728063315432
2024-09-06 05:01:56,-0.3911671529888892,-78.85475685633617,111.54028680250744, -0.7243190198096628,-32.687610946410025,0.609616334156966
2024-09-06 05:01:56,0.10347526074473007,-78.38230482890616,110.71404223270726, 0.193476099838512,-32.331885025598574,-0.1634805819623817
2024-09-06 05:01:56,0.5656144128233654,-77.85258290684841,109.85962980927101, 1.0670608436856064,-32.011513220245746,-0.9048346680678946
2024-09-06 05:01:56,1.6681728110825422,-77.28452069676666,108.60018331164062, 3.2071047646610857,-31.35555339988811,-2.739496573962603
2024-09-06 05:01:56,2.4012607330763327,-77.44435119217405,108.55247176379166, 4.640260386748256,-31.19139499523024,-3.9718010343931898
2024-09-06 05:01:56,3.1170197161316224,-78.08422531705645,108.70227620177533, 6.102911755644206,-30.760977518133004,-5.249469158572635
2024-09-06 05:01:56,3.5335959036072846,-78.71956518930125,109.04861729643581, 6.971969078627522,-30.514730991332858,-6.013979848660409
2024-09-06 05:01:57,3.9128058680891438,-79.18074957171521,109.24346052051968, 7.774898180358292,-30.292652209581735,-6.7237905565783915
2024-09-06 05:01:57,4.228074154510044,-79.89034367882846,109.71051420017078, 8.455945544516643,-30.091104564154612,-7.329670148348447
2024-09-06 05:01:57,4.410577613006439,-80.97765620890476,110.51619279966624, 8.891876979743886,-29.83660332031851,-7.728548013384602
2024-09-06 05:01:57,4.648499269354095,-81.82542598750038,111.08064945277171, 9.446347810877908,-29.589939546702237,-8.232491436420382
2024-09-06 05:01:57,4.677232896511654,-82.94316980216036,111.77937836445687, 9.627570935337953,-29.180877324715535,-8.42446216107324
2024-09-06 05:01:57,4.941286172780557,-83.70189047888657,112.39047469928342, 10.209452578282157,-29.07532967866826,-8.945133261180272
2024-09-06 05:01:57,5.206704300460351,-84.43113361775289,112.91664691831414, 10.81676036426198,-28.918190888838485,-9.494275043364645
2024-09-06 05:01:57,5.4720327607857895,-84.99687807710129,113.44165777476398, 11.371696897783574,-28.9231017350685,-9.983796973605351
2024-09-06 05:01:57,5.772084549209598,-85.54463429041199,113.92823955553769, 12.004674416267328,-28.91665909561749,-10.543834518246081
2024-09-06 05:01:57,6.070332216674065,-86.10743740200894,114.38948281187291, 12.65019237414276,-28.873487983158657,-11.119467876116472
2024-09-06 05:01:57,6.4081646242857015,-86.59887470035638,114.90761066519558, 13.324122059138352,-28.966347295450262,-11.706457184325108
2024-09-06 05:01:57,7.082539775870464,-86.83526368173253,115.44868205694027, 14.54437915146596,-29.404844419538,-12.736025807303102
2024-09-06 05:01:57,7.63300868776537,-87.19876899281809,115.96940258641152, 15.559382965374724,-29.682072042239113,-13.598935033120808
2024-09-06 05:01:57,7.982220534712238,-87.73696631865705,116.54999533608974, 16.222376980548344,-29.8066443738807,-14.168820635884494
2024-09-06 05:01:57,8.129696130813343,-88.42648590435334,117.15642034726571, 16.55099710921075,-29.76339429305764,-14.465673635983151
2024-09-06 05:01:57,8.704360706726554,-92.55845232754868,120.09544748944926, 18.32248030705687,-28.77703805550276,-16.18569409899437
2024-09-06 05:01:57,8.84208679006206,-93.52765036028289,120.81006123139744, 18.745795251151215,-28.574521087038203,-16.595920349827313
2024-09-06 05:01:57,9.000784168559539,-94.43702226456529,121.47125749798666, 19.213139109850957,-28.385758957345963,-17.045195647848963
2024-09-06 05:01:57,9.232993615686976,-95.27726501922143,122.26113716016049, 19.71044659258452,-28.40720269199127,-17.490646625775074
2024-09-06 05:01:57,9.447649978224762,-96.11230509679254,123.09665380347475, 20.13959284144003,-28.472839851337348,-17.867924962055017
2024-09-06 05:01:57,9.649561389930009,-96.97767566751807,123.86862158945597, 20.602349821779434,-28.44793745175524,-18.290250863143452
2024-09-06 05:01:57,10.077374264550487,-97.63552006731851,124.64677602306193, 21.3709272999474,-28.696850205201397,-18.944620525744295
2024-09-06 05:01:57,10.077119118262058,-98.41972936407012,125.29206023926372, 21.46334379711063,-28.567435260059458,-19.05004439314745
2024-09-06 05:01:57,10.152075186363543,-99.23192569599043,125.94819785723578, 21.717414049623155,-28.446945718365644,-19.30071733937931
2024-09-06 05:01:57,10.287794482325593,-100.03771088888188,126.57081421133968, 22.113065856136537,-28.322296399975098,-19.681302079070388
2024-09-06 05:01:57,10.474650284379207,-101.12236307465771,127.18009535777746, 22.825111087529883,-27.947030353439278,-20.394879377748275
2024-09-06 05:01:57,10.642290232040313,-102.02496054372403,127.76800671715628, 23.39500311172695,-27.716784015265542,-20.95651177017922
2024-09-06 05:01:57,8.426025107164078,-103.36614896079944,129.7711801182144, 18.422583656008015,-27.624583880282042,-16.44251384321558
2024-09-06 05:01:57,8.59744741484329,-104.80135139376107,132.07134210867977, 18.261702314463072,-28.493735162421036,-16.17251109657416
2024-09-06 05:01:57,7.714316668338999,-105.69631245603938,132.67895909058907, 16.62316442613014,-27.98397614779164,-14.769716986815578
2024-09-06 05:01:57,3.7974781584717365,-107.37501953230267,133.56352699393068, 8.553217324575124,-26.443145644946025,-7.6696119656439725
2024-09-06 05:01:57,2.9038179882529835,-107.38321557415466,133.78528679276488, 6.507778589074309,-26.549877132556414,-5.826501047794413
2024-09-06 05:01:57,2.085524306781112,-107.10434543964638,133.75095358670552, 4.642011791837611,-26.72214277352015,-4.1480675204590804
2024-09-06 05:01:58,1.2808458917562424,-107.00863209501642,133.77287698180368, 2.842438534216127,-26.792615912706065,-2.5377083320154368
2024-09-06 05:01:58,0.4000113855617271,-106.56778865380875,133.2593002192324, 0.8904665500613947,-26.69428876405401,-0.7955701425563588
2024-09-06 05:01:58,-0.11392230414069404,-105.92662672190062,132.70470806578982, -0.25285815759559827,-26.778305766900935,0.22574105438762282
2024-09-06 05:01:58,-0.6556809071706238,-105.44953766608535,132.33766892001591, -1.4495736291400356,-26.895529108196108,1.2928337946527995
2024-09-06 05:01:58,-0.9911378689994204,-104.22593955064124,131.3014667400027, -2.1767065267134345,-27.092292075898435,1.9380587510562193
2024-09-06 05:01:58,-0.9868964005029868,-102.62695584053262,130.36252614687226, -2.119813881512021,-27.751730236312746,1.8761648462699938
2024-09-06 05:01:58,-0.7529896038557735,-101.59129862056588,129.776909465809, -1.5938848274843025,-28.19484278012966,1.4048448772508588
2024-09-06 05:01:58,-0.6610476498293598,-100.70889797290204,129.27709254217257, -1.3821469147250387,-28.575197232209433,1.2138416197285509
2024-09-06 05:01:58,-0.6157996821598086,-99.58707399939769,128.6854736330514, -1.2661099288051965,-29.104344916837498,1.1062875889625086
2024-09-06 05:01:58,-0.4514853341074736,-98.51663172509288,128.23469693069723, -0.9106859814039421,-29.721181380096603,0.7909000549220595
2024-09-06 05:01:58,-0.3640996100007312,-97.54285061247144,127.77714339257166, -0.7230552635183465,-30.236277697230932,0.6246964392486386
2024-09-06 05:01:58,-0.18205735972113374,-96.58718578561205,127.33868220299397, -0.3560533911373595,-30.751982559497158,0.3059892975624713
2024-09-06 05:01:58,0.19168597564363127,-95.69749832649055,126.99579985388552, 0.36898235831353904,-31.298828930854548,-0.31528532848703505
2024-09-06 05:01:58,0.459406954652726,-94.7886547645727,126.58454569696403, 0.8718653181357827,-31.798861787503313,-0.7410169705787357
2024-09-06 05:01:58,1.0299689095062763,-92.58333119662697,125.51295288733336, 1.8942026108542114,-32.943912323472986,-1.5897923898744468
2024-09-06 05:01:58,1.0482678293349104,-91.60112080767692,124.611037735085, 1.9236807414642514,-33.02467439300843,-1.6130630791707108
2024-09-06 05:01:58,1.0746750552876843,-90.80269053550076,124.28162615338525, 1.9476575772897309,-33.49417143446327,-1.624423908639995
2024-09-06 05:01:58,1.0472387016755593,-90.14931525470548,124.47357589539344, 1.856771797074068,-34.33827494827138,-1.5333474649854317
2024-09-06 05:01:58,1.0145193572265985,-89.61517624622527,124.75317978782752, 1.7623304525582753,-35.150763133834744,-1.4411024091119036
2024-09-06 05:01:58,1.0030217891919984,-89.23479550816023,125.23643004657028, 1.7060455427108425,-36.013715650468264,-1.3801207451936006
2024-09-06 05:01:58,0.9285649229641942,-89.13238574579509,125.76434011083599, 1.5559924215179353,-36.64207276024971,-1.2486056618575834
2024-09-06 05:01:58,0.8195498551293791,-89.16917928410057,126.43593449996833, 1.3532900875441969,-37.2744578024591,-1.0769453087521397
2024-09-06 05:01:58,0.8238217992543428,-89.29589054736095,127.09855652774483, 1.3438874157128557,-37.81029985655262,-1.0618044670891413
2024-09-06 05:01:59,0.932219183446171,-90.65735457503104,128.29362337830955, 1.5263835642463608,-37.64610229473308,-1.2086947919712008
2024-09-06 05:01:59,1.0284073518755403,-91.55371331658648,128.54370373908904, 1.708915870982659,-37.00224075532754,-1.3649072675863663
2024-09-06 05:01:59,1.0466116056224781,-92.24718662535882,128.61470246493477, 1.7646935704389544,-36.3804945759924,-1.420905387426546
2024-09-06 05:01:59,1.0800231423736564,-93.29848265939714,128.68274469037607, 1.8647028198191389,-35.398590940366205,-1.5201777350170835
2024-09-06 05:01:59,1.0135683739000012,-93.931848979642,128.6061447438419, 1.7812068852390024,-34.6872529258856,-1.4647869976678738
2024-09-06 05:02:06,1.4128980578817032,-93.20389707472577,127.83902671020725, 2.4849169098038923,-34.660340174272434,-2.044352806053927
2024-09-06 05:02:06,2.295598065817222,-93.42710593121151,126.07843647110585, 4.249317809163337,-32.72301776628548,-3.5768393411591313
2024-09-06 05:02:07,2.613928901523857,-92.53638656033063,125.5454472837356, 4.790348736365458,-33.10071604314437,-4.01572033566102
2024-09-06 05:02:07,1.8566062104105339,-91.93172792667795,126.74353636338685, 3.249816265153515,-34.855042527103386,-2.6677351037325225
2024-09-06 05:02:07,1.2351122105450871,-91.76240467220671,127.40568217624968, 2.118863988908614,-35.66183767900519,-1.7217844449389936
2024-09-06 05:02:07,-3.20007004900753,-96.13805183885623,130.0261328060892, -5.726124940981402,-34.020866008758546,4.750951925297058
2024-09-06 05:02:08,-3.57555679184813,-96.5000014121129,129.70861526467738, -6.508787803090425,-33.378609457136804,5.442260000196416
2024-09-06 05:02:08,-4.257475374363785,-96.66538072982755,129.9851468125178, -7.7178481163490735,-33.55951816398641,6.4432589062245
2024-09-06 05:02:08,-3.9247557755321383,-95.64357571184843,129.32491330351985, -7.052329529117771,-33.882430282786686,5.863913360190708
2024-09-06 05:02:08,-3.552062587785655,-94.65998830650624,128.95386702030697, -6.287001791657983,-34.45494080879843,5.190740722947637
2024-09-06 05:02:08,-3.175698944901394,-93.8366115761563,128.73266151663088, -5.539421536712433,-35.02199545777223,4.541063432858737
2024-09-06 05:02:08,-2.557648203098018,-92.65864347519056,128.57081662852116, -4.355028313753662,-35.99091122161633,3.5260415130160347
2024-09-06 05:02:08,-0.9848533785492988,-88.14763953669974,126.88478025047115, -1.573639943476624,-38.74769038026022,1.2274179716876947
2024-09-06 05:02:08,-0.8084572743289671,-87.30899276878385,126.31232730575353, -1.2844290607615452,-39.010376609142924,0.998108694196749
2024-09-06 05:02:08,-0.4574320812714246,-87.13888877015796,125.74960329868973, -0.7330095844067325,-38.613000972004826,0.5727703834639244
2024-09-06 05:02:08,-0.11539921266073166,-88.07774046742142,125.85694984341383, -0.18836945835745944,-37.779359308324906,0.14888285506421683
2024-09-06 05:02:08,0.24659668992785788,-88.94895850561332,125.8868997614862, 0.4103405312279528,-36.93864705681465,-0.3279787924367694
2024-09-06 05:02:08,0.7785235401107946,-91.47890641364222,125.41777605847783, 1.3942441878977134,-33.946728375895454,-1.1566763999965288
2024-09-06 05:02:08,0.814357247188462,-92.32840564034888,125.27848770013325, 1.496993124257079,-32.95900954448261,-1.2561516418866057
2024-09-06 05:02:08,0.6423592373560385,-92.14351486289836,125.69592305328158, 1.1621107910288917,-33.55783721820943,-0.9684603235634572
2024-09-06 05:02:09,0.008659332304057132,-89.45315766651986,126.64224130715345, 0.01432603232837626,-37.18908450306107,-0.011412763351323046
2024-09-06 05:02:09,-0.021618675662029452,-88.64083318764513,126.82404952658435, -0.034971590933597425,-38.183221524973675,0.02748899908884981
2024-09-06 05:02:09,-0.6155104989532675,-87.21893360742916,127.18877168001703, -0.9581131490288857,-39.97378216522465,0.7342672351371758
2024-09-06 05:02:09,-0.8966696366307704,-86.65174132280964,127.40391493206216, -1.3734480475157695,-40.760315041973975,1.040399670379938
2024-09-06 05:02:09,-1.0135478716882793,-86.18099307343729,127.73585337580616, -1.5277507102074461,-41.56497225682334,1.1431882041638934
2024-09-06 05:02:09,-0.9460571404938063,-86.94463919410279,127.90376241013031, -1.443041325497206,-40.96812017505823,1.0897027457964832
2024-09-06 05:02:09,-0.7662844921614053,-87.63722898344892,127.9578807670989, -1.1841492019889814,-40.326689174024715,0.9028100617949693
2024-09-06 05:02:09,-0.6175859839462724,-88.28664917647484,127.91291395759565, -0.9682866859928663,-39.63028422551251,0.745780262096838
2024-09-06 05:02:09,-0.4919760582930117,-88.9911411649938,127.84176422405565, -0.7842556767670125,-38.85324526921041,0.6107582929583558
2024-09-06 05:02:09,-0.40132804431721053,-89.75461042636287,127.86416945801209, -0.6502571836231376,-38.11135093755467,0.5116390200899195
2024-09-06 05:02:10,-0.596030054541084,-89.39196666458248,128.2007158003246, -0.9509735586214566,-38.81260355200341,0.7410254323805884
2024-09-06 05:02:10,-1.0375764670497467,-89.94661109662907,128.47938959194062, -1.6652657195084666,-38.54457367303143,1.3025860729901313
2024-09-06 05:02:17,-1.1732852277692172,-90.36469307781444,129.55867044944614, -1.8562270588223955,-39.2087071948803,1.4384957170936565
2024-09-06 05:02:17,-1.2948500110240908,-91.16313076940797,130.77263134693874, -2.03046782107637,-39.62717690195969,1.5641545870909677
2024-09-06 05:02:17,-0.852977847452789,-91.24908210323474,131.49247164581195, -1.3201895970405348,-40.250890623588745,1.007672755177797
2024-09-06 05:02:17,-1.181742218084835,-91.80414290710797,131.27987126748724, -1.8584237722048573,-39.49052216279149,1.4344044147931838
2024-09-06 05:02:17,-1.618765211452273,-92.40096479992843,131.10940477818593, -2.5874717793795687,-38.7369636766046,2.0188348074729427
2024-09-06 05:02:17,-1.6830255828748433,-92.90965582123877,130.7636586995777, -2.741335981058629,-37.88579468860552,2.1641846422013016
2024-09-06 05:02:17,-1.5377575079796764,-94.54557275922689,130.15731084227062, -2.639646384155703,-35.640537675199525,2.1457261088013553
2024-09-06 05:02:17,-1.5832076009698504,-95.46454084851024,129.90488253627728, -2.797909620793635,-34.472224318383496,2.307185937747966
2024-09-06 05:02:17,-1.569874562506726,-96.2587713809371,129.64341851807416, -2.8513421382711917,-33.4172669175983,2.38055964629105
2024-09-06 05:02:17,-1.4804015257638703,-96.97429840092546,129.42440658619333, -2.757517937649715,-32.48017245523706,2.3266975237306284
2024-09-06 05:02:18,-1.4789671169726692,-97.39320779281599,128.7151891581826, -2.8433009927528587,-31.353332946752083,2.428647162880027
2024-09-06 05:02:18,-1.396161090766491,-97.82979012904195,127.85669563331454, -2.7884020570861887,-30.056322199977416,2.413933254387147
2024-09-06 05:02:18,-1.2994691151544873,-98.06112957818272,127.23907653024962, -2.663984210894499,-29.20432574195496,2.3257513799827763
2024-09-06 05:02:18,-1.2427346742606384,-98.2174825486796,126.69536457782411, -2.6049126816309003,-28.502716174895628,2.2895420396662476
2024-09-06 05:02:18,-0.9437596758958161,-98.51671176810802,126.06363643984866, -2.039994272650684,-27.561821971891714,1.8086431862470556
2024-09-06 05:02:18,-0.7802725947651704,-98.79539606956907,125.61920633951927, -1.728724087560639,-26.834315309808158,1.5426628849251969
2024-09-06 05:02:18,-1.07335894732247,-98.1354426454976,125.77782455271546, -2.312529866052317,-27.66157207067137,2.048459393811896
2024-09-06 05:02:18,-1.1402421976653896,-97.37260520638118,126.16600236418896, -2.3663198153400447,-28.81403359091238,2.073616386600153
2024-09-06 05:02:18,-1.0927198873370632,-96.89035658893242,126.61870152294232, -2.2027417221728127,-29.74658640830138,1.912714810251618
2024-09-06 05:02:18,-1.0687302273201298,-96.48953675737158,126.97946260628844, -2.105637819078652,-30.50684927160567,1.81436163551235
2024-09-06 05:02:18,-1.0129973769921,-95.99887225490048,127.41530458613327, -1.9428413483387899,-31.431090014888607,1.6579370463533027
2024-09-06 05:02:18,-0.8927249186963032,-95.43684253959445,127.7891173647182, -1.6679238765277888,-32.36325210843145,1.4089616501096396
2024-09-06 05:02:18,-0.830715373661616,-94.83721887564383,128.2486581881493, -1.508372941334925,-33.42056716002034,1.2590520166172832
2024-09-06 05:02:18,-0.7056477078212842,-94.00376508623529,128.77641653293676, -1.2371507166481763,-34.77890936509647,1.0161965464935467
2024-09-06 05:02:18,-0.6056132193506183,-93.22620345669921,129.44528351173233, -1.0248730022128139,-36.22344986503617,0.8268148273447582
2024-09-06 05:02:18,-0.6008121825618986,-92.58428082096512,130.00098021949043, -0.9887545906873765,-37.42081684399642,0.7852916437182267
2024-09-06 05:02:18,-0.5468011125258851,-91.89037149913264,130.66585668219295, -0.8730661310937791,-38.77873306985657,0.6806372582380342
2024-09-06 05:02:18,-0.5242409455460815,-91.13570864237812,131.0941185885057, -0.8162480429536831,-39.9612722783813,0.625654235456669
2024-09-06 05:02:18,-0.771804840626518,-90.48100723951619,131.1800380844493, -1.1834976461590547,-40.70507418539975,0.8972361229485771
2024-09-06 05:02:18,-0.9930191295803521,-90.22306742294293,130.43482265192975, -1.5378840552130697,-40.22193258573348,1.1743672638504064
2024-09-06 05:02:18,-0.8838866342777721,-89.9729185462627,129.69281827495263, -1.382999476876721,-39.72810506670052,1.0637301047031966
2024-09-06 05:02:18,-0.8106809124383021,-89.69605692010437,128.96387315660746, -1.280677764434862,-39.274830654284514,0.9914623512725478
2024-09-06 05:02:19,-0.947251544950713,-89.59720480581706,128.3287284144432, -1.5137604156721305,-38.741285140189945,1.1808099541306136
2024-09-06 05:02:19,-1.3399039383578712,-89.58107785981993,127.92570094077742, -2.1591478225636767,-38.364424386022186,1.693251153941091
2024-09-06 05:02:19,-1.9356743506242169,-89.63635159189103,127.66960973663474, -3.139771827751472,-38.07503530801477,2.4725813127878484
2024-09-06 05:02:25,-1.6434698097799423,-90.40824712115955,128.6410147294974, -2.6544781962868433,-38.26267333232212,2.0848150260203404
2024-09-06 05:02:25,-1.3687456894195347,-91.22149462089484,129.59558202439706, -2.204164813200348,-38.394728287454306,1.7278442461142869
2024-09-06 05:02:25,-1.2492597644243824,-92.27879801956988,130.11821250345173, -2.0359131326535853,-37.85694323837904,1.6077008270469122
2024-09-06 05:02:26,-1.2864487812652166,-93.34254010436496,130.43870064114816, -2.1322412155944575,-37.11525415579454,1.7005846511490548
2024-09-06 05:02:26,-1.4553092069548856,-94.08693958667922,130.63017508391238, -2.4431785912809,-36.568164965924595,1.9626576951301042
2024-09-06 05:02:26,-1.9232786458471876,-95.63016088072257,130.93673470566756, -3.325264263179561,-35.35212339187639,2.7131433963860934
2024-09-06 05:02:26,-2.2073466147021747,-96.58136928177274,131.15239776419577, -3.886050772171469,-34.6326750293579,3.1990742813911424
2024-09-06 05:02:26,-2.425728292863236,-97.35353623591381,131.28492311830766, -4.339907234183082,-34.00762508069602,3.599775310769787
2024-09-06 05:02:26,-2.7254514683750437,-98.21462384481468,131.4240140143377, -4.9674455755418325,-33.308264620139724,4.154570364986958
2024-09-06 05:02:26,-3.0916737777739316,-100.03283898618312,131.77233603557758, -5.86222697686703,-31.87405844772762,4.983109016120892
2024-09-06 05:02:26,-3.7089170959845554,-102.5213988234375,132.24826337880089, -7.447906855424453,-29.936351936952573,6.4632549780050175
2024-09-06 05:02:26,-4.020190111124023,-103.41791532958773,132.449044064367, -8.240516605415596,-29.284135025558566,7.1992609632649405
2024-09-06 05:02:26,-4.419819613433333,-104.4219038943862,132.82205316547385, -9.230411443948142,-28.713689768403167,8.111499655462383
2024-09-06 05:02:26,-4.78156241215698,-105.3512489760334,133.11233259120493, -10.180959920919415,-28.137564243004825,8.998721721728186
2024-09-06 05:02:26,-5.312043707945588,-106.44218861291797,133.40902577932408, -11.587174821562407,-27.446528509963535,10.312631193779568
2024-09-06 05:02:26,-5.823366344174659,-107.53437712193352,133.85435487593517, -12.954001412571593,-26.911552362527836,11.591323720915794
2024-09-06 05:02:26,-6.288294571311559,-108.50940559573627,134.19831552992247, -14.262808732563421,-26.39649280251671,12.827645602009
2024-09-06 05:02:26,-6.567270236312365,-109.33440897309906,134.5577004517567, -15.11776849171992,-26.009965080213906,13.646878059289513
2024-09-06 05:02:26,-6.951538233181104,-110.13145614186753,134.93590753584238, -16.20547792197883,-25.700671010738546,14.675013049207458
2024-09-06 05:02:26,-7.359378967713887,-110.9652615425285,135.28171111444135, -17.414402440609905,-25.340782444369566,15.826782273060662
2024-09-06 05:02:26,-8.154330152528361,-112.32727900004274,135.8284729164755, -19.764794121504348,-24.799654336081012,18.065858032899882
2024-09-06 05:02:26,-8.683380398143182,-113.17906707094846,136.14340344495605, -21.377511928493384,-24.467823169477036,19.610428630087426
2024-09-06 05:02:26,-9.689274529356702,-114.15394267853922,136.53414436453764, -24.152939709578277,-24.288323493763276,22.231750187015887
2024-09-06 05:02:26,-10.636362923013715,-114.97532951142828,136.81885913244062, -26.782110656089618,-24.18108367495122,24.723986152388107
2024-09-06 05:02:26,-11.299733703334843,-115.58171684375328,137.02005260819075, -28.664971451180037,-24.10925281109059,26.51923982894391
2024-09-06 05:02:26,-12.692358015115358,-116.07393616432434,136.77371862558468, -32.50386666235683,-24.134702265936035,30.17664940399412
2024-09-06 05:02:26,-13.183114855905453,-116.57023796630129,136.38778882790533, -34.641035048131315,-23.654161292296752,32.32823271632624
2024-09-06 05:02:26,-13.360908399807405,-117.04368058795148,136.0960540396408, -36.039701856532915,-23.126925295065526,33.78764871797625
2024-09-06 05:02:26,-13.38081759172097,-117.57445901165875,135.70840580749692, -37.39061613505875,-22.401924005776756,35.24575858149339
2024-09-06 05:02:26,-13.133281724802785,-117.89174250204161,134.91386086594682, -38.55547308549244,-21.380207461377914,36.58164380610398
2024-09-06 05:02:27,-12.82411602251484,-118.1717789022668,134.02087701722016, -39.8117429515963,-20.28353459791051,38.019305416982064
2024-09-06 05:02:27,-12.689011078495088,-118.22987507331248,133.30756996017234, -40.87831339998411,-19.61126858724176,39.192244346376754
2024-09-06 05:02:27,-12.603610014711261,-118.2898192727705,132.70980593912927, -41.919473118051,-19.06326556175324,40.31867694843373
2024-09-06 05:02:27,-12.40450236827703,-118.27288778056212,132.10065608515538, -42.62221885588264,-18.49514799668408,41.112243593554446
2024-09-06 05:02:27,-12.371073437759193,-118.13199299010356,131.39536664836282, -43.71165238194675,-18.0612442312259,42.267799037728714
2024-09-06 05:02:27,-12.33453383157736,-118.01736702933414,130.72310050794624, -44.8331730210312,-17.637080585514518,43.4546450293975
2024-09-06 05:02:27,-12.388594802334858,-118.0347806054188,130.11962027726588, -46.37475217948045,-17.240384454903783,45.05830910199471
2024-09-06 05:02:27,-12.680334274829805,-117.98310593363597,129.4121058041863, -48.630091056717376,-17.007871266656817,47.35603213334539
2024-09-06 05:02:27,-14.021333422069242,-118.83636696246052,126.34397926938536, -62.3809733298877,-15.869186387653503,61.456432485353325
2024-09-06 05:02:27,-14.86472008269799,-118.74826700270505,125.36352089514867, -66.53747616195793,-16.23990001406367,65.67356159660376
2024-09-06 05:02:27,-15.357479949923755,-118.88340281840703,124.85256083409763, -69.26123443881428,-16.450684410285376,68.45571243243336
2024-09-06 05:02:27,-15.921773234276358,-119.06504829114759,124.33881801047718, -72.14083095350514,-16.750984690043847,71.40281095878139
2024-09-06 05:02:27,-16.95350072526338,-119.40583235407622,123.4794796197302, -76.88228354715488,-17.42206855116035,76.27491252705711
2024-09-06 05:02:27,-17.496364076123616,-119.41562398342293,123.09312813015154, -78.49887854271185,-17.866831528780807,77.93278621449215
2024-09-06 05:02:27,-18.4651174144456,-119.35398013468355,122.31452970155954, -81.20753488067062,-18.69277382322363,80.72619957007171
2024-09-06 05:02:27,-19.16117007777627,-119.44783051343066,121.86487786622536, -83.07991929301805,-19.30733267515047,82.67188995561898
2024-09-06 05:02:27,-20.17723479036961,-119.83966062768502,121.73275893570275, -84.86313915301787,-20.26216238348909,84.52628531850215
2024-09-06 05:02:27,-21.30716525004192,-120.09762400971834,121.62520371077716, -86.0899531574089,-21.359312030553163,85.80257909132018
2024-09-06 05:02:27,-22.1283643564035,-120.00818431334275,121.63572187974073, -86.00457079341986,-22.185138035735108,85.6862965049299
2024-09-06 05:02:27,-23.40188489522712,-119.9539390534629,121.58093062482534, -86.24646783304424,-23.455200867408834,85.90948449341165
2024-09-06 05:02:27,-24.74522124888626,-119.65505634537439,121.47388471186792, -86.06067239776526,-24.80777721671339,85.66165654765763
2024-09-06 05:02:27,-27.39002397985536,-119.37068663060968,121.78281416605134, -85.35612131336065,-27.48784459518622,84.768248797553
2024-09-06 05:02:27,-28.546382857833827,-119.77838293369129,122.49502468542315, -85.02065774807336,-28.664525423962584,84.32942686520722
2024-09-06 05:02:27,-29.508281661950143,-119.63283905587589,122.8161935638296, -84.39616759350098,-29.664120385271517,83.55761351984215
2024-09-06 05:02:27,-30.697501505782967,-119.50797176280302,123.04725974647843, -84.06369106956633,-30.881073433541708,83.09192813229619
2024-09-06 05:02:28,-31.881178406592042,-119.56851454895752,123.58830524206687, -83.5696406950583,-32.10708030178909,82.42106110042769
2024-09-06 05:02:28,-32.52827431468655,-119.35071729130863,123.72000243702992, -83.18797657712904,-32.788443394272136,81.91271089852158
2024-09-06 05:02:28,-33.37226277837071,-119.12319656056609,124.06560679093103, -82.54814537521362,-33.69431893349648,81.06581850762744
2024-09-06 05:02:28,-34.39010379970041,-118.83842337526518,124.45644790484775, -81.86039063760265,-34.79015190818413,80.12059263042632
2024-09-06 05:02:28,-35.20756829468438,-119.03060615615314,124.9225722917343, -81.7227244208905,-35.634277703198904,79.85177143378243
2024-09-06 05:02:28,-36.08371994951085,-119.15510308079557,125.36598848422724, -81.5560141890346,-36.542662869935874,79.5311847220667
2024-09-06 05:02:28,-41.01534012534941,-118.22062126484117,126.43779042705845, -80.66809418295186,-41.68714292136563,77.5900282182145
2024-09-06 05:02:28,-44.7908753165768,-116.24750620551255,125.9395320337317, -80.3750304011539,-45.60880173843328,76.3732452456599
2024-09-06 05:02:28,-46.813723373810454,-115.44608756369426,125.57401745726466, -80.62772985014338,-47.64607727076536,76.23424563365067
2024-09-06 05:02:28,-47.480109683170085,-115.0067508827873,125.06509210910943, -80.90136541179976,-48.28247884392115,76.46848964901076
2024-09-06 05:02:28,-48.014391687017856,-114.64910906045723,124.59020837000602, -81.1689367297817,-48.78394840500433,76.73245521384233
2024-09-06 05:02:28,-48.146925939567716,-114.56337182050426,123.94047978737217, -81.69633095769942,-48.82912822503134,77.49946025562149
2024-09-06 05:02:28,-47.17343293112093,-115.40251775871747,123.9182842370779, -82.18483457365949,-47.756180037651106,78.46119011583156
2024-09-06 05:02:28,-45.70004828203227,-116.1534704245012,123.9975729462409, -82.41380751422352,-46.22091389823407,79.10413682479145
2024-09-06 05:02:28,-44.50003857559366,-116.11557528014853,123.62811317596098, -82.42158832697967,-44.998310179965586,79.34445396709879
2024-09-06 05:02:28,-42.50055669813163,-115.79833993607953,122.70760444058112, -82.52103776682566,-42.952685606422136,79.83136637237172
2024-09-06 05:02:29,-43.226204727751295,-114.21802637341395,120.84196635928146, -83.00335681417374,-43.63159742423575,80.37653437375187
2024-09-06 05:02:29,-43.65851998898065,-113.5743516295135,120.27768294494264, -83.02585326389173,-44.06746013808304,80.33816624943447
2024-09-06 05:02:29,-44.33593737084544,-112.57528403458666,119.43291521414022, -83.03282606913642,-44.75389351302666,80.23596507868726
2024-09-06 05:02:29,-45.060915435907134,-111.70018715014685,118.80204564416225, -82.96689777517676,-45.49790045124384,80.01766129878837
2024-09-06 05:02:29,-45.63811445121837,-110.68202807902975,118.12092726132599, -82.78380033225642,-46.10784351564098,79.65024035148443
2024-09-06 05:02:29,-46.331147080498475,-109.81535582115691,117.48138178661584, -82.74302635242897,-46.81800281174175,79.45881162535358
2024-09-06 05:02:29,-47.0254335232867,-107.52797062240833,115.53178400749715, -82.60847194879402,-47.54326154414007,79.12160505167682
2024-09-06 05:02:29,-47.490255223255986,-106.4436538751201,114.66778906792717, -82.52987167001731,-48.028060237676605,78.90698341851737
2024-09-06 05:02:29,-48.73775174265214,-104.69537191884962,113.62594334837436, -82.24413076429903,-49.34434477665868,78.19237151425608
2024-09-06 05:02:29,-49.2963203142175,-103.76536348060628,112.98808917336152, -82.14988292455031,-49.93047854194048,77.9107822575331
2024-09-06 05:02:29,-50.083369856560374,-101.45795997606845,111.75848407825951, -81.49178488169714,-50.85163238580575,76.66929065347915
2024-09-06 05:02:29,-50.04503201647027,-100.79043480932147,111.52602013253583, -81.1302183666459,-50.88009665382559,76.10750175147909
2024-09-06 05:02:29,-48.95152580698657,-101.42492638469643,112.19460667186789, -80.758170125775,-49.824545667932156,75.8441737120688
2024-09-06 05:02:30,-48.35146910583777,-102.39734818326555,112.78638688754884, -80.88856890976402,-49.18153104630383,76.21461101837512
2024-09-06 05:02:30,-47.63460418468653,-103.50910547924757,113.49977380788917, -81.00896358638144,-48.422084427568706,76.58993343424586
2024-09-06 05:02:30,-47.181449493319015,-104.24720706083673,113.8662448864164, -81.19858628497138,-47.923446728325246,76.98998550650786
2024-09-06 05:02:30,-44.16689019265626,-108.46818051104106,115.71688596393851, -82.59870505773077,-44.63634891719725,79.65446954944832
2024-09-06 05:02:30,-43.684042457457345,-109.10369410911804,115.96526770160472, -82.86996323180597,-44.11204001444903,80.11692858244353
2024-09-06 05:02:30,-43.190325352193334,-109.82716295389231,116.32199392344295, -83.1292981777504,-43.58062746582238,80.55612312913313
2024-09-06 05:02:30,-42.82050860495194,-110.6205161000544,116.9736409947886, -83.19045740817663,-43.19887106778038,80.69722128101996
2024-09-06 05:02:30,-42.41109681430205,-111.331398610751,117.45911082525198, -83.33491689126828,-42.7682497785052,80.95552455997614
2024-09-06 05:02:30,-41.94092456716216,-112.07378970246945,118.03363060243345, -83.40837634982049,-42.28443849623613,81.12237374828966
2024-09-06 05:02:30,-41.57346817204838,-112.66665947164995,118.5309832601651, -83.42918541108352,-41.91039763885355,81.20142665850017
2024-09-06 05:02:30,-41.15475360094608,-113.28764888274068,118.9802072662417, -83.52548222834265,-41.47699481701348,81.38684368697605
2024-09-06 05:02:30,-38.309285897826165,-115.65425729961466,120.7828005909311, -83.54442317005176,-38.59870381175263,81.7619798650877
2024-09-06 05:02:30,-37.60628872372423,-116.19589230659714,121.22161654232966, -83.51168708514653,-37.89133800859455,81.79951263368929
2024-09-06 05:02:30,-32.42130189944461,-118.0627382254877,123.25505201108558, -81.89071277416058,-32.78961119244352,80.38021296219387
2024-09-06 05:02:30,-30.926832799647002,-118.33549694528723,123.42112053014449, -81.58376705543535,-31.30126650011564,80.17604154738484
2024-09-06 05:02:30,-24.691073280595194,-119.84990680006891,123.95657679473511, -81.14658290578271,-25.009125407279065,80.24739792212245
2024-09-06 05:02:30,-22.910858318103287,-119.4154310344812,123.54942810929, -80.32027057512269,-23.261047360321115,79.48219914705544
2024-09-06 05:02:30,-22.028192035211617,-119.23115674152879,123.35230144301633, -79.92806673470369,-22.391507847274735,79.12561222155121
2024-09-06 05:02:30,-18.659054259830086,-118.45615913612582,123.08385473624568, -76.56262405039053,-19.20450627874777,75.80195841259491
2024-09-06 05:02:31,-15.830996867669993,-118.33021925722274,123.0809340439654, -73.71803961593388,-16.510972420674,73.05714224994621
2024-09-06 05:02:31,-12.658902057066324,-118.06378429701869,122.2176443949328, -72.12558899811857,-13.312422146912745,71.66463783991685
2024-09-06 05:02:31,-15.113283880122307,-117.11816022879819,121.35270797280079, -74.7085083464968,-15.681988889114017,74.14650888940824
2024-09-06 05:02:31,-16.40413415546043,-116.94645577963794,121.33095142751786, -75.44279839765933,-16.964405631074364,74.81051929284908
2024-09-06 05:02:31,-17.84987917912548,-116.54612924987364,120.9599349376179, -76.55926377831203,-18.370226749246164,75.86577724590347
2024-09-06 05:02:31,-18.932554537292262,-116.20722268895113,120.6552795465908, -77.25957966637716,-19.429388857602817,76.51755893358316
2024-09-06 05:02:31,-22.524349609349485,-116.5588827558237,121.51108579896658, -78.2414523821868,-23.034613868111933,77.25471398256789
2024-09-06 05:02:31,-26.172729301782425,-117.35532556253301,122.31074106049476, -80.03153449568853,-26.60516543547203,78.87893656066163
2024-09-06 05:02:31,-28.457564248925806,-116.5878136200035,121.92773520438475, -80.25696041760737,-28.913010611670163,78.90198011431796
2024-09-06 05:02:31,-30.54176944188736,-115.08483939856302,120.85320202097806, -80.33286527805525,-31.029965315844425,78.75673781616408
2024-09-06 05:02:32,-40.37953375523652,-107.62830300115948,115.10494545828992, -81.30100600377214,-40.9490048646541,78.54827480796752
2024-09-06 05:02:32,-41.04876333263979,-106.87704234860033,114.44295515672985, -81.40172038770663,-41.6183561765914,78.56572737795848
2024-09-06 05:02:32,-42.617984558429804,-104.11829847352847,111.98992877236712, -81.53409742597803,-43.201505677861306,78.45955304432626
2024-09-06 05:02:32,-44.001804190071866,-102.55269393441725,110.07670745141142, -82.27860485785249,-44.510282667150236,79.23490801317534
2024-09-06 05:02:32,-44.38859876285968,-102.48575091948877,109.57775486204108, -82.81144463064848,-44.83464612429062,79.91499169884703
2024-09-06 05:02:32,-44.59743418613766,-102.7492254137065,109.2774353597647, -83.4227634242393,-44.972952283002094,80.74310859967716
2024-09-06 05:02:32,-44.457930430954264,-103.15030643078558,109.10114721861898, -83.96875317649517,-44.77170927191196,81.5349273680177
2024-09-06 05:02:32,-44.40103572264714,-103.85201248302592,109.32526718804394, -84.43714020183789,-44.667146301696384,82.20207198625573
2024-09-06 05:02:32,-43.732256026855794,-105.06265672900055,109.58255021361384, -85.29105926518652,-43.91819407841079,83.47638731706266
2024-09-06 05:02:32,-43.344286450932515,-105.46275202630058,109.60568514993751, -85.62278869970199,-43.50268569735261,83.97584388857202
2024-09-06 05:02:32,-42.133370444142486,-106.64451962662143,109.74900517340137, -86.57398596244552,-42.226237516576184,85.3778888890957
2024-09-06 05:02:32,-41.63193795019495,-107.11105876940246,109.80607918583759, -86.97187186018,-41.70318465998351,85.94710839796886
2024-09-06 05:02:32,-40.88314546472918,-108.97339937881368,110.16681653116599, -88.62182787898759,-40.89749968966525,88.17700022011935
2024-09-06 05:02:32,-39.48748904645396,-110.4788534503044,109.94041095403294, -90.65343570001112,-39.49055946416469,90.84669118701053
2024-09-06 05:02:32,-38.808384080744815,-110.68966420788121,109.82056036079095, -91.08045380511071,-38.81657903331235,91.38659020054693
2024-09-06 05:02:32,-37.638050013549105,-111.08810814064157,109.71991756807628, -91.77345788999959,-37.659227292384045,92.23975455180172
2024-09-06 05:02:33,-34.61251253911303,-111.78574576296353,109.56636995112146, -93.21149419922178,-34.67473588362144,93.90309672635996
2024-09-06 05:02:33,-32.96996421980124,-111.94740562942815,109.54519056781831, -93.69711089631076,-33.04750604505726,94.40808960295155
2024-09-06 05:02:33,-31.977469634901524,-112.06719188920579,109.51301229007136, -94.08284107592887,-32.06852739137171,94.81480810932887
2024-09-06 05:02:33,-28.12005676212857,-112.92574096422402,110.41682253714856, -94.68287504659561,-28.22265918664325,95.31130549811986
2024-09-06 05:02:33,-27.1231004424766,-112.8432834670291,110.59250573794088, -94.38432834331233,-27.209269395057866,94.92731596427066
2024-09-06 05:02:33,-26.152171491288236,-112.83081176499228,110.73025359682607, -94.26903294743691,-26.23047138149733,94.75697572644124
2024-09-06 05:02:33,-24.56870366297224,-112.84179271321382,111.37256375775013, -93.20999611019427,-24.60987346273061,93.52993621362927
2024-09-06 05:02:33,-22.979275594644,-113.05884807314835,112.0720111553012, -92.32578875288873,-22.999308013783292,92.52638189230467
2024-09-06 05:02:33,-22.08449068848586,-113.33798213455783,112.66873891174508, -91.64893511560055,-22.09412165414351,91.7795364128537
2024-09-06 05:02:33,-21.180775716584076,-113.55695458134272,113.17123495524123, -90.99532742164695,-21.18412612414609,91.06744617652942
2024-09-06 05:02:33,-20.46147463007675,-113.53998563950586,113.43105166423439, -90.29195274861272,-20.461752169296588,90.31161340742537
2024-09-06 05:02:33,-19.61124611410027,-113.42842755783546,113.56487689932372, -89.61704967239437,-19.6117021122531,89.59346697678849
2024-09-06 05:02:33,-18.74958714241452,-113.3377326492217,113.73974108387033, -88.81587163915489,-18.753741449152916,88.74950100097473
2024-09-06 05:02:33,-17.23095030482363,-112.89201793071913,113.50914483142861, -88.01102859597273,-17.241662986551923,87.91752554339033
2024-09-06 05:02:33,-14.018710076732752,-111.88579117539001,113.21637784270348, -84.68648714803061,-14.0804552717266,84.52288387374105
2024-09-06 05:02:33,-12.511617383147696,-110.59780708439422,112.33184604700675, -82.23484173608138,-12.629311565696336,82.04474133867883
2024-09-06 05:02:33,-11.838036787831824,-110.02318769731443,111.9284557128057, -80.98691051172325,-11.98821736938985,80.78936300885572
2024-09-06 05:02:33,-9.437383281574574,-107.4082160807281,110.98961371563716, -69.40340055816883,-10.088328709281974,69.10768414957799
2024-09-06 05:02:33,-8.861940514495542,-106.9472487726672,111.2814392145426, -64.14005439474808,-9.857438902683135,63.80404059023888
2024-09-06 05:02:33,-7.482111166692489,-104.72627104335427,111.14579722073451, -49.59168891264523,-9.846704376180249,49.171499604337534
2024-09-06 05:02:33,-7.194542030601858,-103.93956391849468,111.07682015776653, -45.454252321441096,-10.120947088953764,45.0049766956377
2024-09-06 05:02:33,-6.110308684612995,-100.34700942846092,111.08772273486024, -29.87380191785027,-12.339371536486633,29.298856902182756
2024-09-06 05:02:33,-5.757485182363564,-99.08115200604007,111.77338426408103, -24.650377849900128,-13.917508100085472,24.00952191677196
2024-09-06 05:02:34,-4.646854664460499,-94.81071782987382,114.14278678317602, -13.794996246192799,-19.86192553912229,13.00310822109111
2024-09-06 05:02:34,-4.337009925788976,-94.25644715083882,114.61158540340197, -12.299849633664085,-20.79285779306236,11.52089115323919
2024-09-06 05:02:34,-4.090045438345324,-92.0858546127967,115.19101057511203, -10.327061248282305,-23.444820924830694,9.49068239184216
2024-09-06 05:02:34,-4.026738494680841,-91.66596142426764,115.58026524563759, -9.851632351367854,-24.231292862040522,8.9985341598472
2024-09-06 05:02:34,-3.889436204037331,-91.1094317815701,116.08989863362444, -9.1456236250086,-25.262229685772052,8.283737170510832
2024-09-06 05:02:34,-3.7527762147233372,-90.91989594912168,116.49512134599557, -8.639477698163281,-25.830741446168794,7.787432112737911
2024-09-06 05:02:34,-3.638130976114464,-90.67424943216766,116.85098931177525, -8.201701264919135,-26.410669752789442,7.355591163830283
2024-09-06 05:02:34,-3.5437692789482407,-90.57369920754314,117.58650497934302, -7.764482656910009,-27.226920318345456,6.913024279229535
2024-09-06 05:02:34,-3.510297091278779,-90.48860013397123,118.2765447015807, -7.495959176064862,-27.991252106744778,6.627385299397565
2024-09-06 05:02:34,-3.46264442736146,-90.46072131283566,118.94895606447359, -7.2297766286474205,-28.680384694794395,6.350505025991338
2024-09-06 05:02:34,-3.3959371259711686,-90.50905617175735,120.03464685617378, -6.86596031168478,-29.70274910718512,5.970829821166017
2024-09-06 05:02:34,-3.0683138607590266,-90.72908056125821,122.05738120571907, -5.886124774411341,-31.46298348081438,5.0255422932287965
2024-09-06 05:02:34,-2.965064322476881,-90.90808850030663,122.84898352184193, -5.591756069042818,-32.06371844243535,4.7430184971785225
2024-09-06 05:02:34,-2.877034849777187,-91.43753395645246,124.82525368739924, -5.218027981420349,-33.497136946956154,4.35504719658477
2024-09-06 05:02:34,-2.742456177399925,-91.83398650993354,126.0023513252654, -4.874993717872268,-34.264918374864635,4.0319869773384465
2024-09-06 05:02:34,-2.639023396893575,-92.19028366939048,127.12753102072882, -4.601550169721964,-35.02413780881078,3.7709255606829135
2024-09-06 05:02:34,-2.5089871229462704,-93.3071359147144,128.54394232903888, -4.3430986946923245,-35.31448780335613,3.5461995332959226
2024-09-06 05:02:35,-2.4283165192760765,-94.27382215016172,128.62652492140245, -4.29784529113785,-34.427905950205414,3.5471523052496576
2024-09-06 05:02:35,-2.3627231291766693,-95.5358813091603,127.80006994445678, -4.419757546026212,-32.34126369295179,3.736269826971531
2024-09-06 05:02:35,-2.5532522652648604,-95.81859519474047,127.15565153267153, -4.900690487188826,-31.430347379011398,4.184407475686361
2024-09-06 05:02:35,-2.8885920839189603,-96.01845103710326,126.50958858094492, -5.6790290208747285,-30.614544525674173,4.89159402999393
2024-09-06 05:02:35,-3.2192634686741024,-95.93836994094538,125.93540328572892, -6.418899076146492,-30.15328859800756,5.556178676197927
2024-09-06 05:02:35,-3.36597271332102,-93.96138709649159,126.4810077639927, -6.243626119464371,-32.674327685184,5.261650811800428
2024-09-06 05:02:35,-3.2452984396696998,-93.26350740260892,127.12645012237368, -5.810447350785963,-33.99962912250713,4.8222631337756585
2024-09-06 05:02:35,-3.1512579725800043,-92.88845996409661,127.54437779360026, -5.530037249305377,-34.781046598076685,4.546618743595586
2024-09-06 05:02:35,-3.049377381009054,-92.45461865367024,127.95803079433765, -5.2410406914760275,-35.616976452590166,4.26462032698724
2024-09-06 05:02:35,-2.7808656749111664,-92.1099327231091,128.7017067240154, -4.658398776196814,-36.682555249871825,3.7387760438384685
2024-09-06 05:02:35,-2.787760896567149,-92.86940034840411,128.84233544516593, -4.738821779111785,-36.06625115406539,3.8335914767763724
2024-09-06 05:02:35,-2.667271316746994,-93.41380631143323,128.71043181203984, -4.609543901482358,-35.384210885386594,3.760821765049431
2024-09-06 05:02:36,-2.771543564822182,-93.90058134721733,128.50936075769886, -4.871771824105291,-34.70578002586329,4.008147127628136
2024-09-06 05:02:36,-3.3940976813877053,-94.13147829359042,128.51870208176268, -5.994630196779884,-34.53379779416723,4.944118325905651
2024-09-06 05:02:36,-3.7944295205888756,-93.59899415750616,127.98624243881022, -6.697546324158574,-34.570339538199214,5.5230486913319785
2024-09-06 05:02:36,-3.7190989692976317,-92.78828480401306,127.30443626869288, -6.544069839998165,-34.69122105737318,5.388317495558379
2024-09-06 05:02:36,-3.407117976143935,-92.25364270799874,126.72760578517611, -6.0043343296212095,-34.62118446303557,4.946963204826415
2024-09-06 05:05:48,-3.1815516981953262,-92.95279447130491,127.34443700273523, -5.620294056524009,-34.520446144870284,4.635464732159222
2024-09-06 05:05:48,-3.569270127052421,-93.64462684553622,127.01954054658374, -6.469000602421243,-33.54325009871653,5.398704867519584
2024-09-06 05:05:48,-3.907428650771931,-93.90139013821998,126.55579490260544, -7.214612921236644,-32.86164374298504,6.069581051287341
2024-09-06 05:05:48,-4.197843796954251,-94.20492717542413,126.26009714315764, -7.873723030438244,-32.29979990418027,6.667328015650759
2024-09-06 05:05:49,-4.00037195261099,-95.1415823196246,126.17157140070671, -7.725846585108149,-31.261264653615164,6.614901199305878
2024-09-06 05:05:49,-3.300578930783533,-97.58701699446972,124.42255455735503, -7.280034739941357,-27.02279114774497,6.492438750518321
2024-09-06 05:05:49,-3.2844253004299304,-96.76938273893377,124.17643169606599, -7.106421431334324,-27.588004870692316,6.305344470826478
2024-09-06 05:05:49,-3.24565889739196,-96.34803277263013,124.50081548929084, -6.853449650029287,-28.324045603973637,6.0394140808216745
2024-09-06 05:05:49,-3.0415833885581782,-94.49287094575068,125.75662682599538, -5.845853410657863,-31.396442291503625,4.994619344587011
2024-09-06 05:05:49,-2.8704136516789447,-93.84301521048762,126.10538183573293, -5.366108635277749,-32.376066240512685,4.535754516925116
2024-09-06 05:05:49,-2.399705021314967,-93.33629264387778,126.60071846143632, -4.3690736757130075,-33.34094343949791,3.6521257714355326
2024-09-06 05:05:49,-2.1396912910910544,-92.95662203206943,127.01598488841636, -3.816647426052456,-34.118411600150594,3.1611968771712733
2024-09-06 05:07:10,-2.509688118092992,-91.51106475221042,126.44840325051203, -4.376627656690249,-35.015930061978096,3.586720772751352
2024-09-06 05:07:12,-3.2813504029333043,-91.46300335545916,126.1322016897922, -5.755398778758053,-34.804783836981144,4.730945057902578
2024-09-06 05:07:14,-4.842075132601775,-89.0819707244241,125.28485790666042, -8.161839466778561,-36.481321657891705,6.578228470426745
2024-09-06 05:07:17,-4.565771115682318,-89.77179552424104,125.83267207130694, -7.7257101733350195,-36.30983236498785,6.2388156100032415
2024-09-06 05:07:17,-4.458843085589662,-90.50379237780601,125.98417234231697, -7.651771152984085,-35.722947460999194,6.224679283334986
2024-09-06 05:07:17,-4.311255043551263,-90.87892495394543,125.68601411122805, -7.52354882379213,-35.03961675584025,6.171615239076291
2024-09-06 05:07:18,-3.8026394781305237,-91.34736894611876,125.78414820828692, -6.70355999199074,-34.62032249493001,5.524717691365363
2024-09-06 05:07:18,-3.390423083152626,-91.93158233549855,125.82014979359225, -6.064962090826929,-34.037580710146784,5.03173627140833
2024-09-06 05:07:18,-2.670057295245925,-92.3812237356035,125.70274599024131, -4.852398051636559,-33.416020999990934,4.053203552178683
2024-09-06 05:07:18,-2.179404879203034,-92.75062998645195,125.74620832893957, -3.9974663911733916,-33.05935398640841,3.351917718498865
2024-09-06 05:07:18,-1.3763100982125476,-93.02063130080191,125.85113749480553, -2.5374165845172305,-32.856116083453585,2.1319305227922545
2024-09-06 05:07:18,-0.8043281588721926,-93.0865577206612,125.70967478479494, -1.4917146464676092,-32.631935872976825,1.2563329524804603
2024-09-06 05:07:18,0.5026949500729696,-93.67339267455353,126.2695631770699, 0.9330794494239251,-32.59961906800933,-0.7860985323056698
2024-09-06 05:07:18,1.2113122963385767,-94.09550479820533,126.59093685523257, 2.253899595869078,-32.51552821232272,-1.9008746143850803
2024-09-06 05:07:18,2.047267459426596,-94.46612157218067,126.65643635645353, 3.838832331177655,-32.24836542230247,-3.2480487632155373
2024-09-06 05:07:18,2.8987309534855292,-94.756191026968,126.58222336669425, 5.484751787728705,-31.943955956179366,-4.658152568053269
2024-09-06 05:07:18,3.7858348607487162,-95.06122042554446,126.4312115628023, 7.244334777235196,-31.574465871106156,-6.180897847954187
2024-09-06 05:07:18,4.884127048483658,-95.31341639620945,126.25347405784537, 9.43640651959702,-31.285391401774792,-8.083912842566338
2024-09-06 05:07:19,5.428773788847187,-95.44603339406692,126.17720903642481, 10.535150235134354,-31.160764860711907,-9.04229153462428
2024-09-06 05:07:19,6.02971324126409,-95.523140568441,125.86830891760218, 11.80924870722965,-30.882350481932775,-10.17271013705491
2024-09-06 05:07:19,6.616915058696149,-95.62544908120122,125.64383336394889, 13.054885857199316,-30.672499712657626,-11.278918707219638
2024-09-06 05:07:19,7.1610923653911875,-95.72029927208604,125.43580241860107, 14.22278300955534,-30.489429881134825,-12.320714585642449
2024-09-06 05:07:19,7.7674054644133275,-95.6307081077511,124.94435387613964, 15.56823203242639,-30.236699189269245,-13.53384311458052
2024-09-06 05:07:19,8.38132567873655,-95.69547173305185,124.52893667031461, 16.98813445637002,-29.926154395575452,-14.82997152077624
2024-09-06 05:07:19,9.614669636716567,-95.7878152000091,123.72998491508606, 19.875895294315264,-29.423563250595205,-17.478562810079435
2024-09-06 05:07:19,10.23977687767012,-95.58120776643472,123.02656058767309, 21.40210433052213,-29.153714808830713,-18.89534502208787
2024-09-06 05:07:19,13.159964659150571,-95.07742910236146,120.77667224371581, 28.332343818603363,-28.66746457489732,-25.317913815244548
2024-09-06 05:07:19,14.195158864865954,-94.95960883025914,120.05619039399193, 30.81072302076962,-28.604812823365556,-27.635729048627798
2024-09-06 05:07:19,14.92327633392983,-94.91657475636117,119.4719607708644, 32.672807425771644,-28.492217459672204,-29.40749112500403
2024-09-06 05:07:19,15.651630349409348,-94.81190691997261,118.84713210635448, 34.52371881491869,-28.426307230405413,-31.17191386587882
2024-09-06 05:07:19,16.261921439400744,-94.75557773629242,118.15589673897597, 36.2963731473095,-28.232578288909266,-32.90684157404408
2024-09-06 05:07:19,16.519497566160673,-94.62280154236015,117.52537371964576, 37.311100665273706,-27.97590874281414,-33.94239031948007
2024-09-06 05:07:19,16.849495618702754,-94.64159116781872,116.99363287271001, 38.53313595230004,-27.728815342005625,-35.180929428266865
2024-09-06 05:07:19,17.161858920943253,-94.63401014143881,116.50508911681464, 39.659078611053545,-27.538033997359854,-36.319114393778534
2024-09-06 05:07:19,17.421580534130776,-94.64351476453254,116.00891236928436, 40.7392845212852,-27.3076278806787,-37.428256053704075
2024-09-06 05:07:19,17.77612209201734,-94.64629452938422,115.28707699063682, 42.28646206681485,-26.98437899226837,-39.0241215213934
2024-09-06 05:07:19,18.16332110958036,-94.29005026608671,114.00097734487883, 44.20773795849286,-26.556020946777927,-41.0264011154226
2024-09-06 05:07:19,18.326337523718493,-94.03824679705252,113.25058093491464, 45.187295726136455,-26.309706133856054,-42.05965840100586
2024-09-06 05:07:19,18.49543044853789,-93.9040554607339,112.61908816435852, 46.19275862371819,-26.076743400703506,-43.118940676789435
2024-09-06 05:07:19,18.95182976759245,-93.71812110753599,111.5320374315679, 48.301909513635444,-25.783236754572883,-45.305077718607485
2024-09-06 05:07:19,19.699662278206183,-93.75816002849963,110.1653252929801, 51.73013338410325,-25.426807134644008,-48.86239763198351
2024-09-06 05:07:19,20.231191335317114,-93.53730595701263,109.34642449461606, 53.527810678244116,-25.469651249081323,-50.689886749724124
2024-09-06 05:07:19,20.546585477645074,-93.1825283364143,108.3400309549614, 55.09988910779021,-25.336397792953093,-52.33700209107555
2024-09-06 05:07:19,20.77682214603204,-92.79560711555197,107.30874620735904, 56.554470498490865,-25.158586888866594,-53.880013225908854
2024-09-06 05:07:20,20.862298938903663,-92.31381143465043,106.06836772891145, 58.041132999702874,-24.818464582999262,-55.49715588202416
2024-09-06 05:07:20,20.84856428718743,-91.9532852528132,104.90532299224068, 59.521604864147584,-24.391045920290573,-57.12893523096268
2024-09-06 05:07:20,20.90737004057728,-91.54879723237845,103.58652878697102, 61.36797958901271,-23.9899381950109,-59.139056480279216
2024-09-06 05:07:20,20.84239336451065,-91.04782391536524,102.21471563316439, 63.037601281942116,-23.52746669554984,-60.97751846768998
2024-09-06 05:07:20,20.845371968388328,-90.71948695582704,101.17718851080267, 64.51333406678216,-23.21667829754022,-62.58453020707289
2024-09-06 05:07:20,20.885737759628313,-90.3738320507623,100.21284185305248, 65.87592760990393,-22.9931650818042,-64.05820382183347
2024-09-06 05:07:20,21.05764386387549,-90.06618861943821,99.37542768184403, 67.21063036052337,-22.937786610590642,-65.47673665711545
2024-09-06 05:07:20,21.1503797889209,-89.79108823824862,98.53551492584197, 68.547223724041,-22.809934564604113,-66.91160236054228
2024-09-06 05:07:20,21.27556504440107,-89.48527353015754,97.65704106922877, 69.94623701398876,-22.722798898577956,-68.40883926928322
2024-09-06 05:07:20,21.42964446412897,-89.27794579515123,96.85138822946743, 71.43822627433462,-22.669005989229483,-70.00316506117298
2024-09-06 05:07:20,21.58226650297108,-88.84195453741415,95.76708998886681, 73.04843371702009,-22.61547289527264,-71.7269534983688
2024-09-06 05:07:20,21.66590783903812,-88.3393553470944,94.73854640766928, 74.32802525300804,-22.547482280094407,-73.10227166853167
2024-09-06 05:07:20,21.814224276974805,-87.76792697269093,93.67189787274395, 75.58760403378182,-22.561368753672042,-74.44894812762573
2024-09-06 05:07:20,22.096881486395596,-86.94048156461966,92.35784119118063, 76.90909453899488,-22.71892280050173,-75.85055392581819
2024-09-06 05:07:20,22.383951465741696,-86.36295213020608,91.36473911160994, 78.04699973351373,-22.907915553594208,-77.05674285445366
2024-09-06 05:07:20,22.78691721285975,-85.94545626551661,90.59652316848371, 79.07498638837151,-23.231934594025716,-78.13722528824803
2024-09-06 05:07:20,23.844997352087475,-84.48130388065493,88.6513874939844, 80.65725242209786,-24.18589266271617,-79.77639609164248
2024-09-06 05:07:20,24.09276075701562,-83.72380635450655,87.93459257626101, 80.67516355520048,-24.436323538828972,-79.776183884454
2024-09-06 05:07:20,24.372769330255167,-82.97988458785555,87.32261511160908, 80.5112818260349,-24.733363365876187,-79.5730021352107
2024-09-06 05:07:21,24.685034360634035,-82.42301659649098,87.03532791868415, 80.07647955676127,-25.085672374409285,-79.06672790720283
2024-09-06 05:07:21,25.191372924401126,-82.29325923940375,88.20327824214421, 77.65268692913311,-25.831217979340966,-76.3309948056382
2024-09-06 05:07:21,25.113999742644097,-82.21293067584368,88.77763518887579, 76.29300937463162,-25.903862247650107,-74.82927402831038
2024-09-06 05:07:21,24.824486662180796,-81.8880537346754,89.09191892117028, 74.83241928561878,-25.78485626544937,-73.24494254105446
2024-09-06 05:07:21,24.751546547578165,-82.13152431666839,89.88120047447288, 73.69678545051983,-25.863271927397868,-71.9938717840933
2024-09-06 05:07:21,24.560237572830022,-82.47378490868886,91.50275681879343, 71.04738752290284,-26.07037036437329,-69.07815155429503
2024-09-06 05:07:21,24.214425830787036,-82.24225263858132,92.24837227663407, 68.87553362802277,-26.084784888115667,-66.7238707012721
2024-09-06 05:07:21,24.00501161793438,-82.14379720279972,93.04849151812746, 66.98440807807398,-26.23158767697531,-64.65934083184888
2024-09-06 05:07:21,24.08712469577941,-83.02379746177287,96.02133246726673, 63.2933085205897,-27.18493674579021,-60.50886162027457
2024-09-06 05:07:21,23.803131341356703,-83.06340207388058,96.76701215728278, 61.762277768346515,-27.265508201403506,-58.860856078320026
2024-09-06 05:07:21,23.491329700532646,-82.86157013844911,97.10992749632996, 60.477806274822214,-27.263664702969542,-57.500575977431026
2024-09-06 05:07:21,23.18633373216004,-82.96433121871951,98.40280434936456, 58.13869700976361,-27.61767606498283,-54.9530706729535
2024-09-06 05:07:21,23.083888786919328,-83.08798006553178,99.07260818082315, 57.13262959695054,-27.82674385497389,-53.84789377058431
2024-09-06 05:07:21,22.611252776661903,-83.18428677200313,99.67841160903188, 55.71815833220252,-27.730423820604337,-52.39858805140557
2024-09-06 05:07:22,22.15629406002993,-83.22066986829532,100.23733023965801, 54.295841057468465,-27.673190040616866,-50.94029538934714
2024-09-06 05:07:22,21.657142535306853,-83.50883329983964,101.72307558498443, 51.79124828023486,-28.013094156661445,-48.27874183075102
2024-09-06 05:07:22,21.46666574443543,-83.73526182065876,102.67182546705928, 50.468762001119096,-28.32583782707814,-46.84742031976171
2024-09-06 05:07:22,21.100840921385775,-83.90996153714445,103.56231048965944, 48.92670243085038,-28.52551370203509,-45.23143298367573
2024-09-06 05:07:22,19.716005615331234,-84.86411859202508,106.87162624061986, 43.72149811476288,-29.216361439764675,-39.85094370676963
2024-09-06 05:07:22,19.311123395098882,-85.39059809967395,108.23949359789779, 42.063835999474264,-29.57809121651035,-38.125639680408895
2024-09-06 05:07:22,19.070788421990716,-85.59668838490835,108.91612065417459, 41.131392075673034,-29.78319500511073,-37.16085296773418
2024-09-06 05:07:22,18.75316460553519,-85.7283573436395,109.49327526751276, 40.11422099723899,-29.93174328897204,-36.13429817840264
2024-09-06 05:07:22,18.3585750977267,-85.91366190469925,110.08853743958989, 39.0192352563777,-30.018106442568353,-35.05530395055378
2024-09-06 05:07:22,16.025754413276758,-86.37766086734618,112.67630424877913, 32.95557948716794,-30.496858337504957,-29.18848156448138
2024-09-06 05:07:22,15.310407966929755,-86.59451191928278,113.61854349670728, 31.069878085529396,-30.77306733672008,-27.370014872735446
2024-09-06 05:07:22,14.948728118526587,-86.80069101308786,114.13333176054873, 30.177186311175802,-30.87474108973874,-26.522866421533
2024-09-06 05:07:22,14.574204914231013,-86.96015029980848,114.61001211068452, 29.260312855076897,-30.98553759392016,-25.65554535909728
2024-09-06 05:07:22,14.157692216406586,-87.12739879919295,115.14315893327162, 28.237381239242104,-31.129181776396496,-24.688457358561912
2024-09-06 05:07:22,12.071319864537926,-88.05924502730453,116.89724741643066, 23.911571505615687,-31.061145520018506,-20.79715131718664
2024-09-06 05:07:22,11.22586057866576,-88.23678923686701,117.10273932900783, 22.34867584451507,-30.795941699551612,-19.450816825763106
2024-09-06 05:07:22,9.802483951087215,-88.60301051626037,117.53815118804182, 19.65193948552503,-30.413891247605516,-17.11698956524408
2024-09-06 05:07:22,9.298567536326228,-88.74556912464033,117.69835134062028, 18.686792072800397,-30.28575252852228,-16.281176708771145
2024-09-06 05:07:23,6.058130419224837,-90.06748350579576,119.62697235033819, 12.141075960433922,-30.118874386744437,-10.5413530449543
2024-09-06 05:07:23,5.2631959857904205,-90.1632289161384,119.8211782839388, 10.545857040432406,-30.079468707357215,-9.151501015774727
2024-09-06 05:07:23,4.376493227268083,-90.33234309986759,120.32957581221997, 8.703221492879006,-30.285378334863672,-7.530127476351652
2024-09-06 05:07:23,2.9482335330333016,-90.6061442072875,121.55619714895438, 5.718620969691382,-31.076283016511248,-4.902220827435817
2024-09-06 05:07:23,2.2396092026775167,-90.5885637715261,121.96252666770826, 4.295921675510294,-31.445662834935696,-3.666871188938478
2024-09-06 05:07:23,1.7830549918672893,-90.5528925447924,122.42805223514831, 3.3737349645843158,-31.919744700385834,-2.864516018301407
2024-09-06 05:07:23,1.3350876418929962,-90.53955311238424,123.02072653812378, 2.4849835274959458,-32.50559814209829,-2.096062831387939
2024-09-06 05:07:23,-0.16006261316902792,-89.19780895948539,125.44978884682781, -0.27067763280171286,-36.25228478453373,0.2182807016529269
2024-09-06 05:07:23,-0.3414344759302277,-88.85453725664506,125.74584157637096, -0.5687622113126267,-36.892659679893455,0.4548795455659176
2024-09-06 05:07:23,-0.46481175682448234,-88.3695783083262,126.05999900580733, -0.7602202651616554,-37.692860871687095,0.6015752832416738
2024-09-06 05:07:23,-0.6485312077446699,-87.9327109010651,126.40869771621536, -1.0422715336728174,-38.48060478317728,0.8159446401053169
2024-09-06 05:07:23,-0.973575186299059,-87.5627605806882,126.81467378224986, -1.5384651569439391,-39.26203503300678,1.1912862745229675
2024-09-06 05:07:24,-1.3602014189622387,-86.25842597997992,128.41023674138177, -2.0263674969517704,-42.1696430828269,1.502145555010999
2024-09-06 05:07:24,-1.252162771295649,-85.49063809006142,128.73741482556028, -1.8272672201674638,-43.261320876557185,1.330892896559417
2024-09-06 05:07:24,-1.1739684348719202,-84.71847185813303,128.99993134728135, -1.6812134547938973,-44.29379028567682,1.2035279425256582
2024-09-06 05:07:24,-0.7690670950612244,-82.7298907943954,129.49731883196705, -1.0555147829224607,-46.77228026631085,0.722965179909477
2024-09-06 05:07:24,-0.5534396341786181,-81.79713228192854,129.49508128901755, -0.7482695260501804,-47.700381296959776,0.5036067343140044
2024-09-06 05:07:24,-0.16149925253530273,-81.05248770192495,129.26062297024308, -0.21661114862195463,-48.20833871516789,0.14435524349768647
2024-09-06 05:07:24,0.9389085234245096,-77.91396559872359,128.6106688637856, 1.21329497166294,-50.70300020160483,-0.7684974554798917
2024-09-06 05:07:24,1.303926000797582,-77.03689761607315,128.12277212918542, 1.6756187150433925,-51.09785117373979,-1.052457267615475
2024-09-06 05:07:24,1.7206217525885488,-75.40071472570675,127.3042157882503, 2.185976639179342,-51.92375186704132,-1.348518211003726
2024-09-06 05:07:24,2.0329143236435474,-73.87717933216325,126.53977498091444, 2.5562510947119117,-52.69009909584693,-1.550060449568952
2024-09-06 05:07:25,2.3911277543473375,-72.27986933480372,125.43244379252383, 2.9870577015288626,-53.18995022769215,-1.7907774473623137
2024-09-06 05:07:25,2.567649355379081,-70.70004711924383,124.39260482709176, 3.1851063419067254,-53.7348130585313,-1.885327331680891
2024-09-06 05:07:25,2.37954272923398,-70.05179229130688,123.7167411689469, 2.952959032051165,-53.701278631184756,-1.7491434414012985
2024-09-06 05:07:25,1.5860973970988232,-69.1849650858481,122.58086503945893, 1.9754904376153295,-53.41220385924484,-1.1777995996819965
2024-09-06 05:07:25,1.1188964046457495,-68.69558726866937,122.14136638264652, 1.39278867913047,-53.453878623640215,-0.8294688689909674
2024-09-06 05:07:25,0.37169111362549356,-67.01181662009621,119.98337008902234, 0.46557822586492037,-52.97246290163585,-0.2803745765957101
2024-09-06 05:07:26,-0.48193164286844975,-65.39967989757925,116.99125210983753, -0.6150117639284796,-51.593179119507674,0.38207957836129636
2024-09-06 05:07:26,-1.5055710592970872,-64.51811183800913,114.09899453067024, -1.9772445937283527,-49.59772601344092,1.2818463976080865
2024-09-06 05:07:26,-1.549455743350529,-64.57608077754422,113.44556261038939, -2.0567456072218757,-48.88777459179047,1.3527141240625202
2024-09-06 05:07:26,-1.3376960033486036,-64.77638894502196,110.69967361721461, -1.8617084669358939,-45.93840244649226,1.2949256796354232
2024-09-06 05:07:26,-1.2395985240402196,-64.75057047942548,109.73468633432488, -1.7532694494547676,-44.99753060138651,1.2399956369623233
2024-09-06 05:07:26,-0.9889387846583158,-64.927356786448,108.15722825027309, -1.4436977764233894,-43.23894947239285,1.0518427749390344
2024-09-06 05:07:26,-0.7352912969028789,-65.10499113880292,107.05569229208585, -1.099852372322601,-41.955949859180805,0.8179600724569702
2024-09-06 05:07:26,-0.5578612853668787,-65.72843076242447,106.0216446493508, -0.8625904505307114,-40.2964169014799,0.6579260979739197
2024-09-06 05:07:26,-0.25177913086368575,-65.89684789783405,104.39812581881006, -0.4044395029193295,-38.50197335789157,0.3165110197501604
2024-09-06 05:07:26,-0.1919381630023241,-65.95008278710473,103.82562236733469, -0.312627276291616,-37.875952916383646,0.24677070989043814
2024-09-06 05:07:26,0.17247889046780365,-66.15577710773657,102.27686630077335, 0.29258651389053125,-36.12144492855175,-0.2363431174870798
2024-09-06 05:07:26,0.6514177387477889,-66.56274047669146,100.70927845840828, 1.1604195826159258,-34.151997451082494,-0.960347997763018
2024-09-06 05:07:26,1.1454819871509088,-66.51628078526632,98.28564972637157, 2.174893407637311,-31.78785331768886,-1.8489153168706578
2024-09-06 05:07:26,1.2287376920440076,-66.57404098083089,97.32741361389392, 2.401919043510753,-30.77550758724067,-2.063994170498438
2024-09-06 05:07:26,1.6083408771740235,-66.5930613303152,95.10837979115318, 3.3660105565775487,-28.556837215720858,-2.957290027353596
2024-09-06 05:07:26,1.7425627826535859,-66.57040908270496,94.27945893334113, 3.7434131799324373,-27.759456933984893,-3.313608843860967
2024-09-06 05:07:27,2.109536376296345,-66.2578384363323,92.34518474608488, 4.788217236667341,-26.16654167344697,-4.299446160027623
2024-09-06 05:07:27,2.1695611660060092,-66.11855553517434,91.65519487966105, 5.022259242729333,-25.622471227344107,-4.530552672345988
2024-09-06 05:07:27,2.5201120299124016,-65.58694588321704,89.85012858342407, 6.113376849088301,-24.38582984894233,-5.571574773110972
2024-09-06 05:07:27,2.6949121144662893,-65.39245649610147,89.00708290713368, 6.701710530014871,-23.75914791147987,-6.138255716436206
2024-09-06 05:07:27,2.8466453524343827,-65.13007096509325,88.22016846600125, 7.2259739522848,-23.255373876989324,-6.64437157078774
2024-09-06 05:07:27,3.02247365831214,-64.72647699498502,87.26947261274927, 7.841810508659614,-22.73423815358021,-7.239289925789719
2024-09-06 05:07:27,3.253231682223613,-64.34315314894677,86.49130643155065, 8.573905614067984,-22.373904838577385,-7.937010810936928
2024-09-06 05:07:27,3.4816561453705774,-64.00008532624574,85.78242201012154, 9.311176432715236,-22.04545925432135,-8.641073113394874
2024-09-06 05:07:27,3.74775721537235,-63.68101474844496,85.15133921952709, 10.146448997618146,-21.77973049604689,-9.435676211403724
2024-09-06 05:07:27,4.160308999921344,-63.674209751694136,85.00295413105076, 11.309213089349882,-21.7121223152056,-10.525461398286971
2024-09-06 05:07:28,4.45475126006512,-64.07907093634358,85.57725523190874, 12.00166811230854,-21.933449891922187,-11.155569387080035
2024-09-06 05:07:28,4.187634689921853,-64.81908399323572,86.46333716168363, 11.227746396361262,-22.026517472107116,-10.426892693352645
2024-09-06 05:07:28,3.7489948447852965,-65.36855207038764,87.2782490148461, 9.959838756992855,-22.212558346691864,-9.233924201686833
2024-09-06 05:07:28,3.264325475788069,-65.78952116838451,87.9198028853973, 8.609268001790113,-22.357768933273903,-7.970728918489808
2024-09-06 05:07:28,2.8336321676094203,-66.07476290613815,88.24457096740929, 7.472704725232206,-22.341105985547117,-6.917434644922501
2024-09-06 05:07:28,2.429001513157495,-66.28650051072555,88.1643807164183, 6.494492275836202,-22.00572842095079,-6.024960342005683
2024-09-06 05:07:28,1.9051605938921123,-66.28877082490641,87.7940233404519, 5.184746269385309,-21.58549147594058,-4.822917617736853
2024-09-06 05:07:28,1.2867295405870052,-66.33183575364265,87.75192722153659, 3.519483624283397,-21.4568899332927,-3.2761100244735024
2024-09-06 05:07:28,0.795927625309132,-66.45639315874286,87.61656966809076, 2.203983509114004,-21.174454024093016,-2.0553136695084406
2024-09-06 05:07:28,0.3973359466806393,-66.62780444121199,87.83889587219826, 1.0980876924202372,-21.214641086588877,-1.0236881972438283
2024-09-06 05:07:28,-0.896697579186527,-66.87174891852766,88.02697063597483, -2.483290592603685,-21.173346360066112,2.3158375461322533
2024-09-06 05:07:28,-2.447963059101532,-66.28344015517423,86.44026259849353, -7.0721591372177475,-20.29878564064506,6.636997979533569
2024-09-06 05:07:28,-2.968015182901487,-65.88355862950803,85.79873866538826, -8.654716110060294,-20.12624648912898,8.133526910792757
2024-09-06 05:07:28,-3.4896780591620136,-65.08947333168535,84.83377262960374, -10.232497311836319,-20.038193188542337,9.625016662313651
2024-09-06 05:07:28,-3.7234845275649846,-64.20066499494632,83.42648556330573, -11.179420267875528,-19.569672038356373,10.548561293269653
2024-09-06 05:07:29,-4.611984220794286,-61.843252554392365,80.27348202706992, -14.314137579385019,-18.979059941548684,13.565516899707124
2024-09-06 05:07:29,-4.91269935806838,-60.94281337453546,78.98725852164665, -15.508751524223896,-18.679747926471762,14.728236862424229
2024-09-06 05:07:29,-5.192859037229697,-60.016292080539785,77.80526701988714, -16.566297694360046,-18.50785965255595,15.75308643476539
2024-09-06 05:07:29,-5.453295198240708,-59.22191727584797,76.74214867190437, -17.5948264329337,-18.32385495563051,16.753878552219568
2024-09-06 05:07:29,-5.66353858268836,-58.51765413390556,75.99815179957078, -18.270598637464303,-18.34778965291081,17.399190500236006
2024-09-06 05:07:29,-6.030080157122662,-57.02220497623024,74.1132507846417, -19.770276749220756,-18.093644902244748,18.863358234672642
2024-09-06 05:07:29,-6.016953174434929,-56.671177366101674,73.1208023711119, -20.416456759038287,-17.486936366034037,19.545957158472937
2024-09-06 05:07:29,-5.717337432568233,-56.95540146092456,73.75474385075324, -19.106453734677334,-17.719004376482765,18.26153841288599
2024-09-06 05:07:29,-5.443045267386854,-57.4358813103229,74.44132369945066, -18.04589008331164,-17.8307654824024,17.231558403663833
2024-09-06 05:07:30,-5.086529781379301,-58.00792801552241,75.01165775772438, -16.929129828360274,-17.726679189811314,16.16828500720279
2024-09-06 05:07:30,-4.791997078515092,-59.3876280562295,76.23279554437897, -16.13451510255196,-17.494488351950977,15.424559607958344
2024-09-06 05:07:30,-4.784065986168219,-60.42631790039108,77.2118953242283, -16.16171892751207,-17.435137865739293,15.455483343704081
2024-09-06 05:07:30,-4.772983077593102,-61.42997004794911,78.01631583326571, -16.304283321771393,-17.240881152162785,15.608167161780251
2024-09-06 05:07:30,-4.765016758488217,-61.96329869049994,78.29202715553376, -16.514554342770786,-16.99159848366139,15.83054369595891
2024-09-06 05:07:30,-4.377551744488889,-63.67497247453781,79.00921503892332, -16.144447014384532,-15.932421273335471,15.55485490912618
2024-09-06 05:07:30,-4.245158096900283,-64.21025785831586,79.25128286923145, -15.962127743531205,-15.615305303262328,15.401443803837916
2024-09-06 05:07:30,-4.063396611618919,-64.68223811524356,79.46415245725612, -15.558798132386059,-15.318227565738944,15.031489863472887
2024-09-06 05:07:30,-3.2173117338799497,-67.66162991007236,80.43838761054212, -14.261217597389821,-13.169071610665407,13.900905525084191
2024-09-06 05:07:30,-2.9894585114796253,-68.14191645800672,80.34012076061464, -13.882948875855577,-12.553787975020143,13.563443646769745
2024-09-06 05:07:30,-2.7692190708618067,-68.5948412292255,80.26824394577615, -13.444798371942776,-11.992934890811426,13.161664545365085
2024-09-06 05:07:30,-2.0027574740149188,-70.80790444517369,80.43958122079746, -11.805011145014113,-9.835770319999778,11.636260297582664
2024-09-06 05:07:30,-1.9384217965429371,-71.23979120191376,80.46207572550972, -11.924506986884525,-9.42207529239577,11.768151045876502
2024-09-06 05:07:30,-1.8033395097754927,-71.49583515185913,80.1796771469367, -11.779205251237844,-8.867705711532185,11.64227327020614
2024-09-06 05:07:30,-1.595357100017917,-71.58673282302969,79.66341953432641, -11.212557913072256,-8.231716156923584,11.099919523695899
2024-09-06 05:07:30,-0.3204134677778837,-71.88052215934714,76.75749911124785, -3.763453582806616,-4.887465694379857,3.749808621953459
2024-09-06 05:07:30,0.3279840228325893,-71.68584566161267,75.4957959323813, 4.923907292641737,-3.8240209183215352,-4.912998401162698
2024-09-06 05:07:30,1.064056241178096,-71.5456093443739,74.42645396056517, 20.281984147063312,-3.07091632672663,-20.255227248470238
2024-09-06 05:07:30,1.2568988469520184,-71.53470220377025,73.9179176978611, 27.817606773938465,-2.69417883213052,-27.791461629525134
2024-09-06 05:07:31,1.9595280399023387,-71.32328433520713,71.60338617630643, 81.86820894899714,-1.9794384529200144,-81.86341870079481
2024-09-06 05:07:31,2.2689853390817154,-71.05307183295822,70.60497633431154, 101.16562418527056,-2.3127859974582523,-101.17449796446586
2024-09-06 05:07:31,2.4873548087473933,-70.37573316864255,68.25732747994579, 130.39582540317033,-3.2667654930607672,-130.44182054000902
2024-09-06 05:07:31,2.5312741689338365,-70.06701399646794,67.2766117908007, 137.75786568460094,-3.766779281763299,-137.81952657925484
2024-09-06 05:07:31,2.9405414794806086,-70.24542710470199,67.10046601864038, 136.8844455466001,-4.304518228497727,-136.9651865768746
2024-09-06 05:07:31,3.289305329629935,-70.33139195397133,66.91184547850989, 136.06369088780576,-4.743413902661921,-136.16190371358317
2024-09-06 05:07:31,3.7019655065696937,-70.59453272210577,67.00088987184662, 134.09069308792942,-5.157599926945139,-134.20686684427056
2024-09-06 05:07:31,4.068967208410598,-71.14250239470223,67.52254313198708, 131.5910982129957,-5.444130436038362,-131.71973409908895
2024-09-06 05:07:31,5.6447347493887925,-73.08014221632448,69.5459313586949, 121.95116504537754,-6.656818220582879,-122.12545495237487
2024-09-06 05:07:31,6.77739014666772,-73.57863366689506,69.48852770144583, 120.97072487115975,-7.910996194958052,-121.21301462865904
2024-09-06 05:07:31,7.495877098403342,-73.65571387084502,69.0734115593278, 121.26487857097754,-8.778706231727499,-121.56521236987861
2024-09-06 05:07:31,9.406105668034456,-72.68203723738307,67.05157086830386, 120.6363665223879,-10.949496723471283,-121.0999477549186
2024-09-06 05:07:31,9.90230891191467,-72.37174833132728,66.51770635087587, 120.2962014537393,-11.488403042141519,-120.80377358822312
2024-09-06 05:07:31,10.438524300000743,-72.02188586645829,65.95193081486302, 119.8546391319331,-12.058121334320939,-120.40962075437946
2024-09-06 05:07:32,13.487767414309081,-70.29317622823608,64.26141650842528, 113.6582535224553,-14.752184830199306,-114.37215665316072
2024-09-06 05:07:32,14.50821877223506,-69.54671782139025,63.7222206368383, 111.4135409137871,-15.610397160770201,-112.15556381254407
2024-09-06 05:07:32,15.041948966567327,-69.03105873929766,63.22041720093609, 110.64306353266129,-16.101055176398628,-111.41085979583465
2024-09-06 05:07:32,16.814731737605186,-67.73390413574262,62.39618577166977, 107.10999379651678,-17.618265910181773,-107.899459232418
2024-09-06 05:07:32,17.812160006077097,-66.70383419162918,61.804375372231455, 104.88608647634211,-18.452615404528714,-105.65431059758056
2024-09-06 05:07:32,18.258597970483454,-66.35171424020089,61.582409395046284, 104.1448454391872,-18.850651914515936,-104.91169732877489
2024-09-06 05:07:32,19.092263858022537,-65.87809249049698,61.28784551949394, 103.0186810531965,-19.61629114650306,-103.79102628029335
2024-09-06 05:07:32,19.949402247508147,-65.29577075752039,61.07642694655392, 101.45872265079382,-20.37292209960195,-102.20111113487866
2024-09-06 05:07:32,21.499410394646553,-63.05403391087195,59.165243765422964, 99.76920497875814,-21.831871299097276,-100.50776744925673
2024-09-06 05:07:32,22.840885753290756,-60.30500677555641,57.4158596421855, 96.8239473745942,-23.013175012409153,-97.40769309375673
2024-09-06 05:07:32,23.279067441420434,-59.592313363382125,56.990104567651485, 96.02396876166382,-23.416012698068137,-96.56008519009745
2024-09-06 05:07:32,23.698000811039737,-58.87242000671204,56.51509937492336, 95.35348663757252,-23.80822578559227,-95.84812766819731
2024-09-06 05:07:32,24.805975786094443,-56.54723553774844,55.19541421407289, 92.92200099951236,-24.840455313214804,-93.2193052225087
2024-09-06 05:07:32,25.01833539446239,-55.84892140892446,54.68546217881016, 92.4912207992111,-25.04363385570057,-92.74935725171021
2024-09-06 05:07:32,25.14024984312854,-55.21664515343634,54.205201619178084, 92.15413057655617,-25.159266031684325,-92.37966688700658
2024-09-06 05:07:32,25.630565839421802,-52.2771031736536,52.0885635570485, 90.39296752751335,-25.631212399298423,-90.43585560375719
2024-09-06 05:07:32,25.662473023950625,-51.40729999561827,51.40067469912079, 90.01378945479024,-25.66247382121028,-90.01529848411587
2024-09-06 05:07:32,25.657904775885974,-50.83143543007282,51.26413403191574, 89.09930845574064,-25.66130588023777,-89.00077133995342
2024-09-06 05:07:32,26.1320507280604,-47.029492414570065,48.90541522644536, 86.18252282481672,-26.194573502813462,-85.74711755146438
2024-09-06 05:07:33,26.19258555467781,-46.04830763091267,48.062050600208806, 85.91398041892168,-26.264427919461184,-85.44545948038889
2024-09-06 05:07:33,26.23123342851645,-45.20614468253445,47.34403263240254, 85.67047620346706,-26.31205540793962,-85.17230512721756
2024-09-06 05:07:33,25.93480141070001,-41.450846976486936,44.47451409749136, 83.80970183967811,-26.098338466162613,-83.11329203952795
2024-09-06 05:07:33,25.791178546980355,-40.287356905493326,43.43105847763155, 83.52535037149113,-25.969037643612065,-82.80543014374774
2024-09-06 05:07:33,25.711117899504508,-39.11142001097109,42.41170852572594, 83.1820642115548,-25.907763733014328,-82.42869342265871
2024-09-06 05:07:33,25.70856712350733,-35.75572586702894,39.53169387574408, 82.21113220658935,-25.965710916138512,-81.34919466220057
2024-09-06 05:07:33,25.686925436275196,-34.70765114068837,38.454207763207876, 82.26359388079442,-25.94034115472443,-81.4091192160428
2024-09-06 05:07:33,25.57610159696314,-34.21232861734456,38.12762228911214, 81.88055394092564,-25.854094657384152,-80.99155155494586
2024-09-06 05:07:33,25.437032362725173,-32.63366262813519,36.020825416824565, 82.91895523749862,-25.64666556966114,-82.1542634644216
2024-09-06 05:07:33,25.142503344827546,-31.81314659503284,34.65267216315188, 83.9747350931023,-25.291974863083638,-83.34139850236099
2024-09-06 05:07:33,24.87650849707681,-31.21730188069903,34.10824678786713, 83.79234907793808,-25.033303231233607,-83.1545811109229
2024-09-06 05:07:33,24.301009095902145,-29.666544986981183,34.44085392229275, 79.55603674801054,-24.73760269365227,-78.52754336100887
2024-09-06 05:07:33,24.125944087598807,-29.356337216005894,34.47336952552803, 78.73714429247067,-24.63083979299601,-77.64291188713885
2024-09-06 05:07:33,24.004276939010357,-28.989648652737195,34.38497467025344, 78.07735315328996,-24.56807868617588,-76.92952079298962
2024-09-06 05:07:33,23.44656543002199,-26.829107018353305,33.30731211498282, 75.41808162518029,-24.276273294270453,-74.07239212412216
2024-09-06 05:07:33,23.18978072881248,-26.656622305850043,33.542776286327964, 74.36421735980792,-24.13637542572333,-72.94970158688741
2024-09-06 05:07:33,22.75682671960959,-26.942132225086034,35.05456760325497, 71.40647867792188,-24.08698128246442,-69.77128334204221
2024-09-06 05:07:33,22.60567353206269,-27.338024034087127,36.206261910198876, 69.68299278250583,-24.197768985084913,-67.90708244361144
2024-09-06 05:07:34,22.427900326806476,-28.74687690857673,40.47943225927246, 63.77202543445251,-25.170238367705004,-61.43810874374162
2024-09-06 05:07:34,22.31675431056173,-30.31774768813768,44.70170583133395, 58.81753925879131,-26.350002101631944,-55.96588916821497
2024-09-06 05:07:34,22.32943437866957,-30.996008439498887,46.23959588386808, 57.37522186897612,-26.81475932684316,-54.34949475253708
2024-09-06 05:07:34,22.238444463232064,-31.906915850725575,47.94329051318891, 55.95594700998268,-27.177240992220362,-52.784220387510246
2024-09-06 05:07:34,22.311888588593014,-33.485165246552874,51.19216114735124, 53.45583134589663,-28.200141666895448,-49.936944476993105
2024-09-06 05:07:34,22.26926106251353,-34.09547481204044,52.58138959227601, 52.24998311285813,-28.638233139941605,-48.580946379403315
2024-09-06 05:07:34,22.216294886167653,-34.768422156610214,54.080183687295445, 51.002313391511564,-29.111657278821497,-47.17575878276381
2024-09-06 05:07:34,22.230406465179072,-35.347449437472875,55.55511728805378, 49.797082815644316,-29.69300535549135,-45.78689259445915
2024-09-06 05:07:34,22.15095345124315,-37.404205722977785,59.99090610824332, 46.6661125014592,-31.223239973252362,-42.18893525517205
2024-09-06 05:07:34,22.140524301971414,-38.44202589086957,62.5706271212936, 44.86625200128107,-32.29215614266162,-40.07717482087031
2024-09-06 05:07:34,22.03966879459584,-43.25244681545868,73.3927945481048, 38.87733647335223,-36.71661605842258,-32.87410758711236
2024-09-06 05:07:34,21.886915569285506,-44.0582728940652,74.59678497854475, 38.330906565153924,-36.94551847959762,-32.28782041125304
2024-09-06 05:07:34,21.763537615418855,-44.82089503287989,75.79861800315754, 37.799132390735366,-37.225948270276085,-31.7003145263766
2024-09-06 05:07:34,21.492846887572043,-47.17270659202282,79.28190454126931, 36.53142766890849,-37.98829727534601,-30.27892969768463
2024-09-06 05:07:34,21.300293051670273,-48.498313557452065,82.10199874809533, 35.16383160528382,-39.105060422886154,-28.664013330968704
2024-09-06 05:07:34,21.164623503407846,-49.1552025447551,83.43997547019791, 34.50099894540331,-39.59983831770593,-27.904803776645597
2024-09-06 05:07:34,21.05265083626552,-49.81459178765593,84.67114544924397, 33.960091452759755,-40.02071513400665,-27.28337026545785
2024-09-06 05:07:34,20.79491578478106,-50.39265793104225,85.45431718603488, 33.4679191019295,-40.074083197609355,-26.833356474332398
2024-09-06 05:07:34,20.54958820454553,-50.99795729422754,86.36512412753231, 32.92929289459055,-40.21998040044753,-26.313781798831936
2024-09-06 05:07:35,20.260500460297212,-51.62362866048045,87.23731443054207, 32.370388969457814,-40.30055767806218,-25.801321045298337
2024-09-06 05:07:35,19.285896988663144,-53.167683732190575,89.80571975829388, 30.385930744688928,-40.76523175359878,-23.94643515695295
2024-09-06 05:07:35,18.89546476810553,-53.37901416607625,90.8363825416022, 29.371487492038483,-41.32043787272161,-22.913325378446864
2024-09-06 05:07:35,18.522783334631733,-53.65097655031458,91.80398470389913, 28.472719092295335,-41.786920360976474,-22.01759453283197
2024-09-06 05:07:35,16.160240307619237,-55.72297674333615,95.44132637830774, 24.392920718806028,-42.370554025854226,-18.522152395123474
2024-09-06 05:07:35,15.7984320641428,-55.880162035173704,95.78930770761079, 23.798124755906876,-42.43126342362896,-18.030401972437403
2024-09-06 05:07:35,15.411661358448963,-56.05285128427603,96.19731025380474, 23.15034176896156,-42.52912772692841,-17.48935170466207
2024-09-06 05:07:35,14.998481537021519,-56.166130304825046,96.73531141084975, 22.389410041245217,-42.79889338225964,-16.81840749124068
2024-09-06 05:07:35,14.692343676859805,-56.213360474052365,97.21753040374784, 21.783090314142523,-43.11481005602839,-16.263208179408696
2024-09-06 05:07:35,14.356761408446337,-56.25372358472247,97.62948833125324, 21.167536408184304,-43.368154692380216,-15.721595994894312
2024-09-06 05:07:35,13.808205151187087,-56.28260365343369,98.12247882314509, 20.226351788718155,-43.65735379417824,-14.926091057798793
2024-09-06 05:07:35,13.063864323488986,-56.397046862216826,98.71203730050658, 19.018192967064472,-43.91934573231837,-13.943501751939078
2024-09-06 05:07:35,12.67530780109596,-56.54266076242022,99.13956830857438, 18.381208692549205,-44.094470714139526,-13.42255152453578
2024-09-06 05:07:35,12.222064740894048,-56.701424947118504,99.60565449647704, 17.650168671921616,-44.28379072855831,-12.83211174680191
2024-09-06 05:07:35,11.469888133176674,-56.96018668046352,100.05837855225201, 16.53984635382764,-44.30747655503828,-11.997573126717842
2024-09-06 05:07:35,10.185612610053902,-57.54708466312988,100.73524730963311, 14.70948627583855,-44.14172655950301,-10.668958257973227
2024-09-06 05:07:35,9.560009612822908,-57.956825002001736,101.26648428360623, 13.794975191457647,-44.14729843357784,-9.991879339180457
2024-09-06 05:07:35,8.944426314670249,-58.2965555893665,101.70668743942176, 12.899750148976736,-44.14173425274161,-9.333318296156962
2024-09-06 05:07:35,7.065025282750577,-59.459215741433134,103.06991984229474, 10.186341472335375,-44.0654755148285,-7.356755725049648
2024-09-06 05:07:35,6.360122596523474,-59.737446214875426,103.15354929928003, 9.211885283933471,-43.78753043686033,-6.677659764123038
2024-09-06 05:07:35,5.795683395690488,-60.10432647871051,103.25737079757947, 8.441259114992096,-43.464538441393486,-6.147682495661425
2024-09-06 05:07:35,3.3949910681572524,-61.16245001935571,103.26079168825865, 5.056852328299204,-42.209513703079196,-3.7499676321900117
2024-09-06 05:07:35,1.760408355231814,-61.50849434754717,102.59655061304778, 2.6774679133256436,-41.119058610951875,-2.017691278936371
2024-09-06 05:07:35,1.333514036292233,-61.5471591662613,102.17017172317783, 2.047657405008926,-40.64109914743954,-1.5540518890736257
2024-09-06 05:07:35,1.1127463337676846,-61.73174975084896,101.65441246345956, 1.7336055750692336,-39.935573265890106,-1.3294382683798407
2024-09-06 05:07:35,0.8298024141180164,-61.909485185716875,101.19961333046406, 1.3102550376451267,-39.297471493884146,-1.0140355581242493
2024-09-06 05:07:35,0.6205434000027885,-62.05839461167434,100.51376840017576, 0.9977489165176089,-38.459604919801606,-0.7813146986739488
2024-09-06 05:07:36,0.5328072541931685,-62.299540452271586,99.661509050566, 0.8779473016610628,-37.36521315722213,-0.697797915058765
2024-09-06 05:07:36,0.5728940153879322,-62.840123295914005,95.98214206624766, 1.0478000700116614,-33.14640504047022,-0.8773272396767585
2024-09-06 05:07:36,0.631171117905862,-62.85706585659078,95.09973356438118, 1.182941951738115,-32.248178705713784,-1.000507458330405
2024-09-06 05:07:36,0.6349838745308941,-62.638579923892095,94.05582709208144, 1.2180221778718137,-31.423007165460064,-1.0394314501843032
2024-09-06 05:07:36,0.915762051030094,-60.58588773822372,86.75145104403109, 2.075983658310446,-26.180454476304874,-1.8631649522417058
2024-09-06 05:07:36,1.0437807291787662,-60.27974624490464,85.72011461942228, 2.4286317616335262,-25.460346874988133,-2.193013022008584
2024-09-06 05:07:36,0.9591152159976969,-59.7215360672367,84.50171111009001, 2.28730227848519,-24.79755817088534,-2.076596385655174
2024-09-06 05:07:36,0.7399739390755724,-58.89225528190515,82.92372443291549, 1.8165458577408724,-24.042183316636283,-1.6590450461553723
2024-09-06 05:07:36,0.4309852501946703,-58.43137320311783,82.24447523673804, 1.0673404481034439,-23.816774681963437,-0.9764657342218052
2024-09-06 05:07:36,0.05096447823478262,-57.87024286498743,81.42274305535993, 0.12754200289803608,-23.552552189115765,-0.11691701358936724
2024-09-06 05:07:36,-0.17402360546510295,-56.937248329978004,79.91811122534033, -0.44572255985176956,-22.981486069325484,0.4103472954620164
2024-09-06 05:07:36,-0.35882412037641803,-56.114779145202576,78.55995149163188, -0.9397522487061942,-22.447892143655125,0.8685559293342622
2024-09-06 05:07:36,-0.6498171172338415,-54.54092490190182,75.41013147514619, -1.8235826440144662,-20.878869803458073,1.7039119299754666
2024-09-06 05:07:36,-0.9017544904393964,-53.62928658726294,73.71193267724789, -2.6245284967145466,-20.10204611550523,2.464850985029042
2024-09-06 05:07:36,-1.0578636517503694,-53.0849273263908,72.7776124565904, -3.1365135134359377,-19.719951959024513,2.9529023898200903
2024-09-06 05:07:36,-1.3645084590966583,-49.74042275580189,66.92198846775801, -4.610077523520273,-17.234034181861915,4.40393002313168
2024-09-06 05:07:36,-1.4681906230500608,-49.04251043811128,65.780106831176, -5.085796351573341,-16.800031097018746,4.8697981667810675
2024-09-06 05:07:36,-1.5809273243446835,-48.27899817095026,64.66084486064204, -5.589008033410501,-16.455872783164665,5.361434427779281
2024-09-06 05:07:36,-1.8176402660889328,-45.88544397891364,60.637243400425476, -7.104059661949673,-14.860890620380854,6.868747411331002
2024-09-06 05:07:37,-1.8909347367459521,-43.4227459534377,56.32791603453466, -8.408869375214989,-13.040643111674786,8.194990412864822
2024-09-06 05:07:37,-1.9991324250795308,-42.40444307490722,54.63656302973034, -9.35533002055776,-12.391948212095752,9.141096138730116
2024-09-06 05:07:37,-2.140285704773019,-41.09382358014971,52.40959847163268, -10.783711073051945,-11.513811905314666,10.571646413218764
2024-09-06 05:07:37,-2.6579064147318725,-34.33807195291576,40.2435497277377, -24.284721295872636,-6.474109718659664,24.147600130890368
2024-09-06 05:07:37,-2.6668014048147617,-32.7448040575508,37.409340600292836, -29.802532891634,-5.37159284240987,29.693899136242514
