time,a1,a2,a3,a4,a5,a6
2024-09-06 03:59:14,-0.042553511086727,-95.94259112459949,125.0135957738477, -0.08757787024040165,-29.07103307406578,0.07654464793393334
2024-09-06 03:59:14,0.1162549001215833,-95.25432160640568,125.66023362030128, 0.22969612560827435,-30.406112993637926,-0.19810391761454071
2024-09-06 03:59:14,0.07568169793416618,-94.56373578911584,126.23290073288285, 0.14415163553160326,-31.66924597180686,-0.12268652484396941
2024-09-06 03:59:15,-0.019297061031700508,-94.03985127826138,126.62270483028173, -0.0358335952817298,-32.582858636627385,0.030193873895620005
2024-09-06 03:59:15,-0.2399485361530325,-93.62473735286255,126.87714070233905, -0.4375941745885156,-33.253169617695235,0.36594281591058087
2024-09-06 03:59:15,-0.5390940118212311,-95.25693794786946,128.15804553192368, -0.992388176877823,-32.905027485830956,0.8332061131060817
2024-09-06 03:59:15,-0.3190383254646453,-95.59396234295642,127.67995732601514, -0.6005930785478786,-32.08741170551655,0.5088509300292424
2024-09-06 03:59:15,-0.1771173288594323,-95.98461180095879,127.12629394790797, -0.34248030192428947,-31.14213521467628,0.2931253703054288
2024-09-06 03:59:15,0.0007306679904779123,-96.3640472967357,126.70297711877423, 0.0014465403479916317,-30.33892982999893,-0.0012484403334333538
2024-09-06 03:59:15,0.5519396636644303,-97.8217365096628,125.43304663486691, 1.1907483209344576,-27.616392381242196,-1.0551201870387446
2024-09-06 03:59:15,0.5330971947956841,-98.18523367380817,125.08180357065977, 1.1782922910338955,-26.90145861839167,-1.0508149070099115
2024-09-06 03:59:15,0.5150040797102716,-98.45828804009093,124.69719371808709, 1.1647353820696826,-26.243601014294715,-1.044705078872817
2024-09-06 03:59:15,0.3492292308404162,-98.92601220894302,124.379980717429, 0.8125213262640407,-25.456204405607256,-0.7336460423626321
2024-09-06 03:59:15,0.4691878782525954,-98.88366772580034,123.68350083347944, 1.1184632128432186,-24.8039903447004,-1.015305735234055
2024-09-06 03:59:15,0.7541353406063346,-97.73811769059265,123.24765909043, 1.7506657953193498,-25.51994000071995,-1.5799540423769538
2024-09-06 03:59:15,0.7785080466482787,-97.13903813542397,123.38177769222793, 1.7601875980170074,-26.25346581364486,-1.5787143473366287
2024-09-06 03:59:16,0.769152127096492,-95.48034640989897,123.65041970923562, 1.6289065014250053,-28.179712011487815,-1.4359196561036252
2024-09-06 03:59:16,0.7541656954529551,-93.00524085680225,123.98342960849183, 1.4649848440870603,-30.986455282527174,-1.2559879797565023
2024-09-06 03:59:16,0.6811260652963548,-92.22885413571919,123.92270767858037, 1.296283529935349,-31.700409635704375,-1.102939517846088
2024-09-06 03:59:16,0.40928764089965153,-88.27410767194544,123.87788029164102, 0.7030068339869996,-35.60581417522911,-0.5715835834074383
2024-09-06 03:59:16,0.43185971489556263,-87.53022182617505,123.90119943041088, 0.7282235297233809,-36.37318742571053,-0.586355870499468
2024-09-06 03:59:16,0.46303729030449275,-86.91238469505205,123.92830605387238, 0.7690883082748265,-37.01840277147563,-0.6140859088457706
2024-09-06 03:59:16,0.8899929712057432,-85.18326183192588,124.12498999764333, 1.4158176059996044,-38.95028091600916,-1.101158268108649
2024-09-06 03:59:16,1.0087785702160375,-84.84124466527085,124.42831146943821, 1.5827792804975065,-39.59780496608141,-1.219717089932833
2024-09-06 03:59:16,0.7401647525024806,-84.66678229259668,125.43829882342882, 1.133322050400793,-40.777060368459644,-0.8582633548752949
2024-09-06 03:59:16,0.322556342224943,-84.81606216790779,125.8479129513824, 0.49133651301090153,-41.03289406674195,-0.3706351661011219
2024-09-06 03:59:16,0.12592468678501256,-85.36837492591799,125.75312849791229, 0.19435261210174343,-40.38491625372432,-0.14804035387675105
2024-09-06 03:59:16,0.0177079873251233,-87.73546503229952,124.86976614044207, 0.029333138269225553,-37.13430472186461,-0.023385042292601493
2024-09-06 03:59:16,0.07636836655438228,-89.12349938442607,124.10679329507529, 0.13319949474456313,-34.98336664116666,-0.10913287791948614
2024-09-06 03:59:16,0.13744536886875675,-90.9335357394219,123.49294231285691, 0.2553909665013576,-32.559664755049276,-0.21525195753778165
2024-09-06 03:59:16,0.4165524406115439,-91.36263181811951,123.28896031996243, 0.7876535004361337,-31.92875860215349,-0.668498298181142
2024-09-06 03:59:16,1.0431578028550619,-91.57507301809486,124.40835328109381, 1.923438096295872,-32.84799328395797,-1.6160830754465523
2024-09-06 03:59:16,0.9635173104805514,-91.31158175731481,125.00340681615181, 1.7365574282575655,-33.703974310316816,-1.4448054823091874
2024-09-06 03:59:17,0.9873518644258916,-90.47718649367668,125.9650814672373, 1.7004428281074697,-35.49982504957523,-1.3844969699185148
2024-09-06 03:59:17,0.9301988509478756,-90.1365997575327,126.28227545208127, 1.5767755058990263,-36.1560117449154,-1.2732217120988478
2024-09-06 03:59:17,0.8261806963668568,-89.8168019107295,126.8468125046054, 1.3716946032994104,-37.037905784999964,-1.0950135382565367
2024-09-06 03:59:17,0.6963236927057818,-89.5017589513325,127.18190351646638, 1.1390806205547168,-37.68562269214237,-0.901486542709193
2024-09-06 03:59:17,0.005104929196999453,-89.77320157697355,126.95568099550312, 0.008446897650666862,-37.18247971833341,-0.006729768044613782
2024-09-06 03:59:17,0.2390855278436123,-90.21486002715827,126.38900900373406, 0.4050594964716406,-36.17483118259534,-0.3269738928333112
2024-09-06 03:59:17,1.4685397897791514,-91.28739627833087,125.447369649912, 2.6141190853751244,-34.187696365066245,-2.1628763296895612
2024-09-06 03:59:17,1.6871614899773562,-91.15261743473884,125.98096302922423, 2.9523675068673767,-34.86403016607449,-2.423150305503907
2024-09-06 03:59:17,2.058904392798837,-91.00526529163326,126.43397667390543, 3.548720917801477,-35.48067170187655,-2.8910087004153957
2024-09-06 03:59:48,2.6814766882971792,-90.09603381649376,125.71842879739698, 4.5973343353249,-35.7098581052165,-3.7356872091814464
2024-09-06 03:59:48,3.0848870996791766,-89.35495598053876,125.01753999011183, 5.281413341866721,-35.77812584566833,-4.288890676323756
2024-09-06 03:59:48,3.0607144906348327,-89.64922035708842,124.5273108984717, 5.342033318592242,-34.99517395316558,-4.380366300709549
2024-09-06 03:59:48,3.088759573077797,-89.74274972487777,124.03076302819548, 5.471436600159138,-34.40989730367959,-4.518403735711056
2024-09-06 03:59:48,3.172521159709817,-89.6920358030268,123.44317984143996, 5.6972081992504355,-33.882331115149235,-4.734576517552169
2024-09-06 03:59:48,3.1754962747208637,-89.63745550253641,122.69106304986617, 5.808066899660117,-33.18855602920401,-4.8656059258486115
2024-09-06 03:59:48,3.0234408150020555,-89.97995947070365,122.21209650859551, 5.655593093423751,-32.358405422082605,-4.7818172734492475
2024-09-06 03:59:48,2.782233147973645,-90.5179389150311,121.91827164426495, 5.3288123930796,-31.51080211681682,-4.5466116471784
2024-09-06 03:59:48,2.594879541248344,-90.85248655102814,121.53742359843669, 5.075005442603352,-30.78379884773401,-4.362946449985763
2024-09-06 03:59:48,2.417645433228303,-91.23992039354434,121.01761313356293, 4.8592495612764095,-29.866702995388042,-4.216379137016105
2024-09-06 03:59:48,2.2742887249964134,-91.52417930403382,120.61713586451484, 4.669504806706441,-29.173962769746684,-4.079292765310994
2024-09-06 03:59:49,2.1341586898465676,-91.99434858721185,120.18621452971594, 4.510200252833096,-28.26592061440713,-3.974239625652492
2024-09-06 03:59:49,2.0593643294747515,-92.43007913827368,119.7690147915564, 4.476956157023923,-27.41042697398404,-3.9760489821225335
2024-09-06 03:59:49,1.9705144888566393,-92.77311785053314,119.38742754254119, 4.391756565092994,-26.68184805973172,-3.9256434773216977
2024-09-06 03:59:49,1.975945141715539,-93.13702068982721,118.96243355541712, 4.528177299812741,-25.8957183107711,-4.0751216930501375
2024-09-06 03:59:49,1.8691196516205035,-93.44253044045577,118.57373681219092, 4.394039270235235,-25.196113884408515,-3.977384422716646
2024-09-06 03:59:49,1.7620596646880624,-93.72021211516423,118.17576392401372, 4.249845678400011,-24.515056092087452,-3.8679519702083067
2024-09-06 03:59:49,1.7777746257258844,-94.38610083187885,117.53659207742186, 4.513990995598928,-23.21490520537244,-4.149838655366658
2024-09-06 03:59:49,1.7207754561859248,-94.71027196619077,117.16025020066449, 4.498193122090836,-22.512429295146568,-4.1566657512686485
2024-09-06 03:59:49,1.631480300142896,-94.9800632665778,116.72862325235296, 4.39559690648531,-21.806707688008615,-4.082162386307633
2024-09-06 03:59:49,1.209906873673736,-95.535998919284,116.10835098302813, 3.4395772267265157,-20.60636035167711,-3.219993538001006
2024-09-06 03:59:49,0.9852076479112707,-95.86715255090819,115.816843459775, 2.885364573877904,-19.973013170869404,-2.712087695479003
2024-09-06 03:59:49,0.612503355130677,-96.60560988262543,115.59315147798117, 1.8819203198834171,-18.99705400232323,-1.7794899171324798
2024-09-06 03:59:49,0.1867772400086213,-97.27077080823801,115.65525458199639, 0.5921875463134669,-18.38539974590195,-0.5619621617910467
2024-09-06 03:59:49,-0.18381049465954932,-97.87635460691206,115.82334795516945, -0.5965024761800688,-17.947903617297413,0.5674768813936749
2024-09-06 03:59:49,-0.13100281852886617,-98.26751947358856,116.67329755362401, -0.41489452136169946,-18.406228131445342,0.39366990671592617
2024-09-06 03:59:49,-0.09263244977221227,-98.72821246064143,117.72388784502537, -0.28458581598204424,-18.995892907705844,0.26908805063721486
2024-09-06 03:59:49,-0.22465849908525748,-99.33990875896927,118.79318034253166, -0.6745455340579033,-19.454518557039094,0.6360364058248713
2024-09-06 03:59:49,-0.6329386021893387,-99.82615757020562,120.11210195381128, -1.8250363888520702,-20.29540020329054,1.7118019018268962
2024-09-06 03:59:49,-0.9366063756424858,-100.13738669959668,121.44867385057879, -2.575589583331891,-21.33090148601903,2.3993630525764438
2024-09-06 03:59:49,-1.0576535800402647,-100.21660653320723,122.2297245711467, -2.8198142407252287,-22.037250409790857,2.614095936248035
2024-09-06 03:59:49,-1.1436552443128796,-100.29445912384097,122.90732210406932, -2.9721024631462334,-22.640249374456353,2.743436801524575
2024-09-06 03:59:49,-1.0984975825181735,-100.35874774066346,123.665183450544, -2.7746163814613882,-23.330866668535116,2.548057057413071
2024-09-06 03:59:49,-1.08156685238308,-100.41102507488196,124.35991625240253, -2.6628699948469077,-23.971863533779242,2.4334734928008506
2024-09-06 03:59:49,-1.0107284484567172,-100.3432752998069,124.95517961852296, -2.4256970311539012,-24.631357746100626,2.2052071515177625
2024-09-06 03:59:49,-0.8135153062425191,-100.07509974476767,125.52269824731516, -1.8927195543586484,-25.45973244010254,1.7090279244234143
2024-09-06 03:59:49,-0.5441451158877525,-99.75100924487265,126.17833285590002, -1.2224781157236426,-26.432522117073542,1.0947122303411723
2024-09-06 03:59:49,-0.37448322876571577,-99.49636529833816,126.79003687009592, -0.8166220869495533,-27.296043189074478,0.7257006569789184
2024-09-06 03:59:49,-0.3676530754744073,-99.19409007732497,127.26448079082788, -0.7812786803205639,-28.072602514803922,0.6893722615899888
2024-09-06 03:59:49,-0.3530302702173059,-98.81677435444776,127.66782110858277, -0.7315865722282748,-28.853020864268828,0.6407758867482898
2024-09-06 03:59:49,-0.3314360689405718,-98.47600619169543,128.09879130835583, -0.6705097044377736,-29.624470984942526,0.5828697842866558
2024-09-06 03:59:49,-0.18843404164579197,-98.02162931643586,128.57332895656666, -0.37069899276235446,-30.552224590433692,0.3192345886851005
2024-09-06 03:59:49,-0.08638995516387485,-97.60507400352986,129.0179344619935, -0.1657513046693127,-31.412967102744332,0.14145771739411672
2024-09-06 03:59:49,-0.06900499926674727,-97.23227313308286,129.37099493303148, -0.12971556644460136,-32.13878794262599,0.10983826331190497
2024-09-06 03:59:49,-0.04435531422710377,-96.8383580230061,129.70139481397527, -0.08174091827189575,-32.86306336738475,0.068659921071092
2024-09-06 03:59:50,-0.07187596161945432,-96.12671229997693,130.18733895359912, -0.1283337828311155,-34.06069333982646,0.10631750507992296
2024-09-06 03:59:50,-0.15681596155388555,-95.50730370871193,130.57675056145803, -0.27292665839615876,-35.06975254140744,0.2233782434773316
2024-09-06 03:59:50,-0.3298620240005087,-94.77342925131464,130.99429863618997, -0.5582255531426207,-36.22216574838066,0.45034326244194356
2024-09-06 03:59:50,-0.5432419935769351,-93.92379482548498,131.419262701925, -0.8924191308859901,-37.49882451719884,0.708036061184496
2024-09-06 03:59:50,-0.6306417381628752,-93.01741114576689,131.51578587505105, -1.0130267476895234,-38.5027379552903,0.7928048766769293
2024-09-06 03:59:50,-0.5484901690927673,-92.07462208102784,131.22502093772894, -0.8687063840148723,-39.153623397501626,0.6736639958237732
2024-09-06 03:59:50,-0.3691679954890579,-90.8861479016268,130.71681427556572, -0.5763445051181,-39.83209225065072,0.44259540270038794
2024-09-06 03:59:50,-0.25357591975978455,-89.6715802495996,130.00526383121073, -0.3917780022629813,-40.334344449669615,0.29864667803479206
2024-09-06 03:59:50,-0.1202736224798811,-87.89414852502827,128.78489000934394, -0.18373045744784966,-40.89088726412041,0.13889263862855594
2024-09-06 03:59:50,-0.046899148515026856,-86.68536458738794,127.71211345743802, -0.07144778710844292,-41.02677093000645,0.05390043413660328
2024-09-06 03:59:50,0.0012468588140356895,-85.50691285131006,126.58408681515374, 0.001897589846089301,-41.077173979408286,-0.0014304510904486617
2024-09-06 03:59:50,0.04852804124659876,-84.5165747334487,125.66207175212611, 0.0737537784603066,-41.145520538991995,-0.05553962358125239
2024-09-06 03:59:50,0.15728473824461822,-83.1965311835256,124.42693159583209, 0.23863897268827564,-41.23064675005413,-0.17947186774147
2024-09-06 03:59:50,0.05383120752823975,-81.75963279159814,123.19658701067064, 0.08134111647147953,-41.43698286547556,-0.060980155944646175
2024-09-06 03:59:50,0.010551067346899465,-80.52546989081631,122.07502678437694, 0.015907707945169533,-41.549557989723056,-0.011905047312467831
2024-09-06 03:59:50,-0.23685221828296854,-79.29428867898363,120.9026629348827, -0.3566835008981063,-41.6089254899054,0.2666918664883427
2024-09-06 03:59:50,-0.5381558292358194,-78.40143116010172,120.08111740923918, -0.8092687320070351,-41.68252479783979,0.6044128779190912
2024-09-06 03:59:50,-0.7594981929769242,-77.50009628872404,119.23558093009213, -1.1408302567405926,-41.74112708438455,0.851292321959721
2024-09-06 03:59:50,-1.1803330605786035,-76.99550620781284,118.8005583664027, -1.7703683395424608,-41.81864526891369,1.3195697267554167
2024-09-06 03:59:50,-1.6486110340481157,-76.78230530404221,118.6568267573246, -2.468976179172602,-41.90097096933662,1.8381669205297808
2024-09-06 03:59:50,-2.2294115085557142,-76.13059854675522,118.37234134516785, -3.3142661266283744,-42.28947957875728,2.4529821987209584
2024-09-06 03:59:50,-2.6217120423734888,-76.16271055590336,118.90495875472502, -3.8596850688671154,-42.807102410950726,2.833619654182057
2024-09-06 03:59:50,-2.644899171514045,-76.52054051094804,119.75054135502766, -3.8584704079818377,-43.29489070739185,2.8103227527867563
2024-09-06 03:59:50,-2.6385514025177845,-77.10115058904977,120.70097279083393, -3.823132526048372,-43.66357260961805,2.767635310994062
2024-09-06 03:59:50,-2.547260026436507,-77.86981393670379,121.5162595698667, -3.6879094542577815,-43.7057673894758,2.6677392396838875
2024-09-06 03:59:50,-2.2349804111847558,-79.3898116142833,122.81759934867361, -3.2493272667871422,-43.47381358758448,2.3591977122407295
2024-09-06 03:59:50,-2.0206358725776994,-80.43361700044224,123.4333627360505, -2.961419405364467,-43.0379376398418,2.165405244773611
2024-09-06 03:59:50,-1.8881977810600115,-81.28885144254323,123.96882557343335, -2.784167268349027,-42.71370083890889,2.046414624182573
2024-09-06 03:59:50,-1.831929049042041,-82.33879005621247,124.37648188161117, -2.7346310503470095,-42.07016160081628,2.030676817138718
2024-09-06 03:59:50,-1.72266667449815,-83.31021280444851,124.7643215696683, -2.6011329874601383,-41.48341661863802,1.949219684390528
2024-09-06 03:59:50,-1.6408482769670911,-84.19713125031498,125.14947656525487, -2.5025562155475995,-40.97940999770599,1.889809784175223
2024-09-06 03:59:50,-1.4362308633138885,-85.04716826610999,125.45087505279349, -2.215187014349924,-40.4248493915832,1.6866802719270604
2024-09-06 03:59:50,-1.1792515692275043,-86.00128858323538,125.76636597952246, -1.8432380850082004,-39.77965828517033,1.4167483244819499
2024-09-06 03:59:51,-0.9924176621315737,-86.93817075699897,126.0855348078751, -1.5717425023985645,-39.157920660456206,1.218864330389101
2024-09-06 03:59:51,-0.8614592198409472,-87.99308046459188,126.34094436186328, -1.3883103855393943,-38.356049161508174,1.0887529863580472
2024-09-06 03:59:51,-0.6471839825348241,-88.98351354045487,126.54238501448008, -1.0616184772077102,-37.56362450528991,0.8415561803032903
2024-09-06 03:59:51,-0.4781913404540225,-89.91298674064883,126.76030644600569, -0.7973716295685146,-36.84998245364411,0.6380783737209411
2024-09-06 03:59:51,-0.46023512008050754,-90.77884970475861,126.90654957420692, -0.7805745567964927,-36.13023205954222,0.6304671459476746
2024-09-06 03:59:51,-0.6074615327081201,-91.55230563377059,127.02549043327446, -1.0466893313148873,-35.47770355492528,0.8523944317003709
2024-09-06 03:59:51,-0.6994008893993611,-92.37419088422772,127.16133081737, -1.225754728374276,-34.793284237503315,1.0066595175978046
2024-09-06 03:59:51,-0.8831599622551963,-93.26169875635921,127.38688156986744, -1.5739806941947871,-34.13522501536331,1.3029114159108452
2024-09-06 03:59:51,-1.0612201830385481,-94.02828404337603,127.706625121889, -1.9132368799020039,-33.69308611900713,1.592035469987132
2024-09-06 03:59:51,-0.984962907547771,-93.38059120798614,127.802141262043, -1.7420766215794548,-34.43390236947705,1.4369698838168032
2024-09-06 03:59:51,-0.918981607674179,-92.57202000343803,127.55003525548634, -1.602793389077273,-34.988547536826935,1.3132278349988082
2024-09-06 03:59:51,-0.31270846164529886,-93.43069364161512,127.77252148913723, -0.5543090718257384,-34.34307682757369,0.4576833458180091
2024-09-06 03:59:51,-0.316135174834543,-94.27951869798696,128.11600473357828, -0.5677335265457554,-33.8377870248858,0.47157413535779014
2024-09-06 03:59:51,-0.44787031370897246,-95.63260715812427,128.61408592863017, -0.822694825540091,-32.98417603784233,0.6901077149282214
2024-09-06 03:59:51,-0.768265096274144,-96.78272688320428,128.94804615366508, -1.4429013566921953,-32.1735084426213,1.221401849532381
2024-09-06 03:59:51,-1.3147673326200284,-97.44223757419033,129.30007040337165, -2.4898388879858953,-31.88209835816326,2.114584944807608
2024-09-06 03:59:51,-1.674459186716758,-97.3624659275984,129.92360775175052, -3.1090560068696242,-32.5994356601097,2.6199943385404367
2024-09-06 03:59:51,-2.180276686822058,-97.16414124963731,130.21663725864735, -3.9929744880039695,-33.116184263805884,3.3459893099752427
2024-09-06 03:59:52,-2.5975725082625583,-96.92565468600077,130.4741049939938, -4.69298095364918,-33.63712943788258,3.9098805069358025
2024-09-06 03:59:52,-2.964385580585747,-97.06948123714491,131.27045922508321, -5.263645251924585,-34.313626006816285,4.351469248768295
2024-09-06 03:59:52,-3.317343918220053,-97.65705694136736,131.9541618733376, -5.873128502797371,-34.437610113241035,4.8492434827752815
2024-09-06 03:59:52,-3.7832689235717107,-98.38987702117389,132.24244253525953, -6.76972807816519,-34.038261493056744,5.618007444476116
2024-09-06 03:59:52,-3.795798510367493,-99.16281441039105,132.29406821211086, -6.921218985992335,-33.32333658908655,5.791744860636803
2024-09-06 03:59:52,-3.945673510310321,-99.994517212223,132.45049648153426, -7.323887696275907,-32.668891871318216,6.175057501307313
2024-09-06 03:59:52,-4.211494561367224,-100.76987939636543,132.5744319879921, -7.954026094919679,-32.05316443147481,6.753672801894606
2024-09-06 03:59:52,-3.9003404082568176,-99.89969891545225,131.8550291657505, -7.340429729300413,-32.167441328256494,6.223274298452023
2024-09-06 03:59:52,-3.7042035708598804,-99.1607046746882,131.1258930481492, -6.972079536352469,-32.15649252545637,5.910794623586655
2024-09-06 03:59:52,-3.378401177174158,-99.08631255551957,130.52875974527566, -6.456523961001424,-31.604926843103737,5.505293994262907
2024-09-06 04:00:07,-2.7400253798006418,-98.28341314811739,130.4776769106137, -5.132919850650051,-32.29815731956815,4.34206257312589
2024-09-06 04:00:07,-2.3303684743416655,-97.6549956631937,129.77985930034745, -4.376206522627041,-32.200249342215216,3.7051503642042656
2024-09-06 04:00:07,-2.3149150111606063,-97.51269512559794,129.13383070162342, -4.4089295245914295,-31.696995726613732,3.7533313891816547
2024-09-06 04:00:07,-2.4237116463495223,-97.16263346945954,127.87630567620636, -4.737422081224984,-30.799841166419863,4.071692913537394
2024-09-06 04:00:07,-2.2790518740042605,-97.00453796099971,127.24211752843817, -4.51863626815497,-30.31524105230447,3.902823723838628
2024-09-06 04:00:07,-1.9314922296648063,-96.77529355390219,126.2206701143806, -3.924383477014758,-29.50299084696477,3.4168036583538504
2024-09-06 04:00:07,-1.839879436464122,-96.53501375485601,125.06863831841866, -3.8472755358500095,-28.58790442106082,3.3793933391481596
2024-09-06 04:00:07,-1.8353306287197773,-96.21740712913798,124.37559232368761, -3.884542793933111,-28.21304939543741,3.424214624855599
2024-09-06 04:00:07,-1.7411037334915205,-95.86723509098572,123.65927421517138, -3.7300321534514786,-27.84218562512583,3.2992497828115446
2024-09-06 04:00:07,-1.6017023674811854,-95.36439162283149,122.48398507430154, -3.5101837121355492,-27.16327079164087,3.1238568913500475
2024-09-06 04:00:07,-1.1054195222527268,-94.72914115332871,121.51555444179762, -2.451665319207902,-26.80752760426323,2.188448040850459
2024-09-06 04:00:07,-0.6704473198117862,-93.96463127552386,120.81561176241362, -1.4841048613453458,-26.858727701040088,1.3240648213838613
2024-09-06 04:00:07,-0.16564090293691103,-93.36579042383116,120.26483982640966, -0.36611807973576904,-26.899521364467006,0.32650549241904736
2024-09-06 04:00:07,0.6121464916101514,-92.95476975855209,119.99350006641322, 1.3463857053716457,-27.045136723771442,-1.1992021765753784
2024-09-06 04:00:07,1.0988885424339412,-92.76499562241153,120.22331134465765, 2.3820916570531305,-27.478587353082382,-2.1136112362234423
2024-09-06 04:00:07,1.5537671493985141,-92.90844674816452,120.77299182635214, 3.321488575713678,-27.90436622984778,-2.9360190040820857
2024-09-06 04:00:07,1.514009830108702,-93.60158944047387,121.54702067388236, 3.2280440968430644,-27.983113282934013,-2.8513041882061043
2024-09-06 04:00:07,1.2692798500153812,-94.56734540050749,122.50319217540084, 2.7077679061796234,-27.96234731115253,-2.3920434482206443
2024-09-06 04:00:07,1.1259833062461027,-95.22528911412147,123.19538582602017, 2.3996676509282477,-27.990923453805525,-2.119232093257069
2024-09-06 04:00:07,0.7014822112194342,-96.0980581436131,124.08369860632482, 1.494635560314692,-27.993720361263946,-1.3198277182738354
2024-09-06 04:00:07,0.34059602959352114,-96.97485076864044,125.0274879467841, 0.7242070185632992,-28.054536836294936,-0.6391204596052729
2024-09-06 04:00:07,0.0496094757573729,-97.70842575629095,125.81752854324012, 0.10529389665338806,-28.10914299467189,-0.09287468300392854
2024-09-06 04:00:07,-0.23768195410661985,-98.62071764149539,126.8851316024442, -0.5019145284855301,-28.265330895210706,0.4420708128941512
2024-09-06 04:00:07,-0.2141517065076467,-99.40900377278581,128.1389720799436, -0.44550927678554475,-28.73069839374016,0.3906638875036127
2024-09-06 04:00:08,-0.2575094579411256,-100.12840539401435,129.16284185434333, -0.5305690345883453,-29.035478918327865,0.46388988831477096
2024-09-06 04:00:08,-0.38881457057413077,-100.46140112719553,130.13640489352156, -0.7853204574373548,-29.677318941613116,0.682318545226559
2024-09-06 04:00:08,-0.5734715201563244,-100.7000436713841,130.97525035778048, -1.1373813942343112,-30.280122460605888,0.9822418592341458
2024-09-06 04:00:08,-0.7468225583994917,-101.05531682713443,131.83247088631128, -1.4592591096833714,-30.785325233280044,1.2537073956070588
2024-09-06 04:00:08,-1.1573485151276797,-101.29265821559147,132.66837755541167, -2.2220883294879936,-31.394881277492487,1.8970267415305528
2024-09-06 04:00:08,-1.0866260648871913,-101.62999115398654,133.50737096065757, -2.056964599492084,-31.893944172432484,1.7466290244746139
2024-09-06 04:00:08,-1.111177549731158,-101.98097086419318,134.364727848807, -2.0740432036634915,-32.40074169325279,1.7513778157985023
2024-09-06 04:00:08,-1.0602981445781479,-101.92117759275408,135.0677922799362, -1.9386371779759,-33.16163421370156,1.6230781557179248
2024-09-06 04:00:08,-0.7801119345185203,-102.29439803958289,134.21345554286682, -1.4752358939977595,-31.927582213032412,1.2521354560799884
2024-09-06 04:00:08,-0.665215521169713,-102.52443940416197,133.72719234886546, -1.2838737939833107,-31.209127926638665,1.0981231323235605
2024-09-06 04:00:08,-0.4719580065434372,-102.75542422099147,132.7247141561981, -0.9447290055467026,-29.972660695358904,0.818403129841444
2024-09-06 04:00:08,-0.8640580443452923,-102.46423362132285,131.20981404876926, -1.7962205650646679,-28.75745592198512,1.5748015850820187
2024-09-06 04:00:08,-1.0972938490058588,-102.32025831403453,130.12716358984454, -2.3511850556284823,-27.826821249048045,2.079554314512349
2024-09-06 04:00:08,-1.4271153226706395,-101.8794145641788,128.83713936977261, -3.1455382723367897,-26.992647652660956,2.8034583158557096
2024-09-06 04:00:08,-1.6005445916793675,-101.11887573080736,127.61766389908128, -3.5834797926538187,-26.543590542905413,3.2065962833704065
2024-09-06 04:00:08,-1.256573436682296,-100.36022443541434,126.7323590352099, -2.827006546204716,-26.399911798340554,2.5325911086739628
2024-09-06 04:00:08,-1.068539303028268,-99.78256232147825,125.90889486808442, -2.4253896347113733,-26.146639787310768,2.1774499729931462
2024-09-06 04:00:08,-0.5442676180936341,-99.0332287339181,125.32446562270906, -1.2286265504922511,-26.2964688729191,1.101513711672005
2024-09-06 04:00:08,0.23934413133758525,-98.15602171755168,124.96655951825431, 0.530635376093787,-26.81152698638457,-0.47359222311641225
2024-09-06 04:00:08,0.8263688836999084,-97.38861428379533,124.46341280406165, 1.8151020718853679,-27.086454135037584,-1.6161346228095752
2024-09-06 04:00:08,1.4706441354468893,-96.1669122290813,123.90504118748703, 3.1572403979217123,-27.773997143734803,-2.794116605518105
2024-09-06 04:00:08,1.9605570442967073,-94.76660453600559,123.2669198115832, 4.1033479265348145,-28.56202639354771,-3.60537867091261
2024-09-06 04:00:08,2.3772627033190865,-93.60438312308213,122.62261416600495, 4.8915793534585905,-29.1069989014879,-4.2762915315724515
2024-09-06 04:00:08,2.718169731099735,-92.18774870570624,121.82274002973793, 5.484422500996786,-29.74811155071255,-4.7652376048102925
2024-09-06 04:00:08,2.979189225332144,-90.94179418287041,121.034313239977, 5.925907853539346,-30.22587654448528,-5.124890474469297
2024-09-06 04:00:08,3.271613946755622,-89.76548002485504,120.24421237592446, 6.429996368838896,-30.637023314902926,-5.538480066734503
2024-09-06 04:00:08,3.500589164178411,-88.59879142349254,119.43395794537665, 6.8058051945348765,-31.013783792680933,-5.840148856598666
2024-09-06 04:00:08,3.7202169669660607,-87.44111930418362,118.43651577257774, 7.196243261136692,-31.19578605980795,-6.164362063292344
2024-09-06 04:00:08,3.9515868621408794,-86.31277090897447,117.48626559451878, 7.601196895069274,-31.397918007611544,-6.498476109759707
2024-09-06 04:00:08,4.218646471231752,-85.2227712358463,116.59178467783303, 8.065223278417617,-31.62272277519026,-6.880152831600096
2024-09-06 04:00:08,4.338079410519634,-84.33473570383867,115.84948924442601, 8.257328106047881,-31.78145217923067,-7.032721738374882
2024-09-06 04:00:08,4.48433403991187,-83.39361451440796,115.05617945390334, 8.497589947128317,-31.945837658998844,-7.225409263658029
2024-09-06 04:00:08,4.535527262551204,-82.64004184492119,114.24635481661598, 8.607057893868157,-31.89669303661825,-7.322746190168215
2024-09-06 04:00:08,4.31924076579338,-81.41262351133251,113.01501580462342, 8.201655169405262,-31.865890764608242,-6.978803069714491
2024-09-06 04:00:08,3.93569956427363,-80.6608597046437,112.4105803597455, 7.4488691732250585,-31.967407198198565,-6.329217751603233
2024-09-06 04:00:08,3.8473112680773998,-79.63855031088191,111.4704777726188, 7.266234629519646,-32.03931622386476,-6.1687613231506955
2024-09-06 04:00:08,3.810265548256125,-78.30109197880688,110.48786453649083, 7.126580944388239,-32.38743108655012,-6.026909197771365
2024-09-06 04:00:09,3.549113688144496,-77.48428716789422,110.46090200444957, 6.500861828304007,-33.145594250614856,-5.45004766797023
2024-09-06 04:00:09,3.347580757224972,-76.89533438791752,110.56056205467031, 6.023456365637548,-33.811732803191845,-5.010420778029567
2024-09-06 04:00:09,3.079698231224121,-76.83617371386876,111.33945849704054, 5.425771765148771,-34.62348619047837,-4.4691951490943715
2024-09-06 04:00:09,2.8127581732236573,-77.54038872998143,112.60000868702957, 4.888659666039286,-35.1578640959001,-4.0000305792392385
2024-09-06 04:00:09,2.7847768302094016,-78.67000280500147,114.00058173385824, 4.807988962629506,-35.42592099503937,-3.920954919664874
2024-09-06 04:00:09,2.664319686201579,-79.29966176061083,114.83206833029675, 4.577999458491085,-35.61904187990386,-3.7241751881338216
2024-09-06 04:00:09,2.3885533612485697,-80.48720549742845,115.90457463076785, 4.116837615865849,-35.48731134756177,-3.354054856369142
2024-09-06 04:00:09,1.7811655604172403,-81.96144891021757,117.02992796565036, 3.098054321544673,-35.10789547808629,-2.5352437277576394
2024-09-06 04:00:09,1.278651210434989,-83.16205262350528,117.9635863663895, 2.2395873901380545,-34.822054847719684,-1.8388485968093662
2024-09-06 04:00:09,1.0070842019203776,-84.26141465793322,118.77954947550376, 1.7768194324018003,-34.531001545221855,-1.4639294454590208
2024-09-06 04:00:09,1.0158278023593896,-85.18065324199787,119.46255556588473, 1.8030566617497361,-34.295109659257406,-1.4897448629473375
2024-09-06 04:00:09,0.9043940429813604,-86.09001871210154,120.11596518853749, 1.6159410216994385,-34.03651666708433,-1.3392108723752938
2024-09-06 04:00:09,1.1116327271288362,-87.02620886162467,120.78969660736016, 1.9996201831872469,-33.77961465356296,-1.6622575866244444
2024-09-06 04:00:09,1.2905132437003424,-87.86736225185948,121.48696649577228, 2.3299164128888594,-33.6414556049388,-1.9400315967129451
2024-09-06 04:00:09,1.3681847241056464,-88.70957304291986,122.15080007613606, 2.4816464829975766,-33.46595337061947,-2.070617024797932
2024-09-06 04:00:09,1.1600624382697726,-89.68777993790165,122.94313138701989, 2.114796993985441,-33.27325525561395,-1.7683463467059082
2024-09-06 04:00:09,0.9766170296511608,-90.5918765520743,123.89519150640487, 1.7782721679173992,-33.31598194408679,-1.4861645254870812
2024-09-06 04:00:09,0.8337129483387483,-91.4809225368279,124.75767334590961, 1.5192295689442914,-33.285991817048505,-1.2700767915993485
2024-09-06 04:00:09,0.74593570453728,-92.49492411692387,125.84486348291182, 1.356683821318311,-33.357316586132875,-1.1332446673854515
2024-09-06 04:00:09,0.6593512469371462,-93.45991378949418,126.81096653568528, 1.19920559735887,-33.35681663868017,-1.001695708570029
2024-09-06 04:00:09,0.35742240706831085,-94.3698554900792,127.83947310299499, 0.6480783707965512,-33.471303845273894,-0.5406094604648133
2024-09-06 04:00:09,0.07319947316518849,-94.8949607454192,128.7403211645847, 0.1314282215435768,-33.8454301470629,-0.10915686432415744
2024-09-06 04:00:09,-0.17436524411847246,-95.5660253538525,129.64194829977413, -0.31120270664743344,-34.07631517207182,0.257767514224335
2024-09-06 04:00:09,-0.33712776735409644,-95.72164864187845,130.34625977117975, -0.5933143770494327,-34.62604751536638,0.48823106148913104
2024-09-06 04:00:09,-0.35119588547517966,-95.53418357777677,130.81708279248085, -0.6079961622875444,-35.28442030191371,0.4963102540636058
2024-09-06 04:00:09,-0.42403374098522584,-95.62048602869896,131.41595257432417, -0.724950533424774,-35.797642439953975,0.5880093324140787
2024-09-06 04:00:09,-0.1653699448527901,-95.37983805959692,132.07658984569122, -0.276731489438357,-36.697071995427095,0.22188563562759112
2024-09-06 04:00:09,0.0031130203183889205,-95.0013725372911,132.7316496543417, 0.005087091129306109,-37.73027722635071,-0.004023381745632826
2024-09-06 04:00:09,0.09523251420846966,-94.83499832468462,133.39101447702717, 0.15279241648950015,-38.55611545040445,-0.1194834880685693
2024-09-06 04:00:09,-0.45180722433608933,-94.47836887052306,133.89057931107683, -0.7116030701865441,-39.414378110612056,0.5497776154937285
2024-09-06 04:00:09,-1.2289499346053727,-94.04493466346995,134.23069265762032, -1.9041487333081528,-40.201359183564314,1.4545751786794914
2024-09-06 04:00:09,-1.7702187476167484,-93.74009345810806,134.66077304587597, -2.7014247330312084,-40.952213681200156,2.0409181131237
2024-09-06 04:00:09,-2.328318148457219,-93.17872695847696,134.6371649937131, -3.5142137118183925,-41.51195225876512,2.6329545264361545
2024-09-06 04:00:09,-3.2047001536109665,-92.38278722684247,134.7760767379267, -4.7472949373789195,-42.491345463592694,3.504214220996303
2024-09-06 04:00:09,-4.1639165105406795,-91.28737918040704,134.52354707796314, -6.066598063468678,-43.39677696430047,4.4158539937929095
2024-09-06 04:00:09,-4.66934621208501,-90.84467793116558,134.46358082786105, -6.752149109407256,-43.81809572488883,4.882781357507354
2024-09-06 04:00:09,-5.170064605696308,-90.44699273526844,134.53277707515582, -7.4097350368665555,-44.325926757564524,5.315201582735173
2024-09-06 04:00:09,-5.846170874399473,-90.29787643195131,134.6220971202679, -8.336819653907625,-44.62850673106017,5.953825661301502
2024-09-06 04:00:10,-6.480686811427194,-90.07513676753433,134.69274877335891, -9.186863418736507,-44.9874472424022,6.525416451685124
2024-09-06 04:00:10,-7.114793960536909,-89.84387618414891,135.04953932715478, -9.97572818781838,-45.642039635278216,7.010562699358376
2024-09-06 04:00:10,-7.693340680475875,-89.26095295683979,134.60475669823956, -10.752752187452456,-45.85117101474933,7.5349989148272725
2024-09-06 04:00:10,-7.810183790656167,-88.53663559100174,133.77006252436536, -10.93447681335569,-45.75822987698305,7.676568181524524
2024-09-06 04:00:10,-8.100242151930736,-87.95049315441179,133.0489764312825, -11.36134699762877,-45.66537242390342,7.9933148493648485
2024-09-06 04:00:10,-8.466520201279787,-87.35991181725994,132.39398706747366, -11.880948182509528,-45.65439684733787,8.365753071311893
2024-09-06 04:00:10,-8.74410346269283,-86.53806608855726,131.78543048583583, -12.220721485373927,-45.903864183764846,8.570806841026455
2024-09-06 04:00:10,-8.3960252555353,-85.65332237866647,131.46607433279397, -11.630957502663477,-46.406661270496194,8.078013286274624
2024-09-06 04:00:10,-7.827352954917921,-84.27032713345008,130.96316884167126, -10.697829586216159,-47.193962824755,7.315036988068266
2024-09-06 04:00:10,-1.1775700155838393,-86.163562027144,127.14473975262554, -1.7952585226101792,-40.99510512114418,1.3551902544701437
2024-09-06 04:00:10,-0.9210082349321578,-86.90071990888734,127.00120190683789, -1.4296746079104434,-40.10927152804009,1.0935338664454168
2024-09-06 04:00:10,-0.46653711014206567,-87.56797096040924,127.00058115727462, -0.7344832193419486,-39.434919831164095,0.5672881426451467
2024-09-06 04:00:10,-0.05642171022612352,-88.13153749892052,126.89892356800948, -0.09010743805196464,-38.767420661334754,0.07025626379865035
2024-09-06 04:00:10,0.3136193358242122,-88.74531442836238,126.91730013850345, 0.5074466776940947,-38.17307753195756,-0.39893186425837046
2024-09-06 04:00:10,0.7307523414307883,-89.49699484610262,127.06656253511768, 1.198386627191695,-37.575625003536445,-0.9498317972132864
2024-09-06 04:00:11,1.1178073734591885,-90.15321592569103,127.10249528950224, 1.8591620647726799,-36.963773095315126,-1.4856885004747877
2024-09-06 04:00:11,1.60677387870352,-91.07159806384067,127.45960297286655, 2.7071185697411413,-36.41856389292661,-2.1789936922166993
2024-09-06 04:00:11,1.7470774075169802,-92.0724129749791,127.66188237789936, 3.000173509811032,-35.62666909718345,-2.439386440252024
2024-09-06 04:00:11,1.532314150348316,-93.13554005541579,127.73989462182897, 2.6968314018257535,-34.6340388407732,-2.219479121119754
2024-09-06 04:00:11,1.2164134310149992,-93.67222944688176,127.67673053827852, 2.1743311247043993,-34.023635937242226,-1.8023713058539073
2024-09-06 04:00:11,0.6716370419322751,-94.17065369485837,127.50765103274618, 1.2220012766232013,-33.342981206378276,-1.0209008492720075
2024-09-06 04:00:11,0.22780408665322627,-94.69545204610739,127.35559635290397, 0.42212383772107387,-32.66085079198721,-0.3553793718942393
2024-09-06 04:00:11,-0.2521945293087718,-95.41997776058605,126.99165368831743, -0.48167909755031313,-31.57257910786715,0.4103824558161988
2024-09-06 04:00:11,-0.382347579153805,-95.93908495536425,126.47050471965545, -0.7526046202370973,-30.533582759876502,0.6482517112020258
2024-09-06 04:00:11,-0.30023079675331,-96.5598896078449,125.4087177032637, -0.6222208432885445,-28.85025600889893,0.5449981330739226
2024-09-06 04:00:11,0.2394138863769295,-96.55278666286569,124.93690736023078, 0.5036158710742222,-28.385046400873826,-0.44307006124114245
2024-09-06 04:00:11,0.5870552296885941,-96.64713886158752,124.48808510282673, 1.2568696324271575,-27.84664001490331,-1.111364320798621
2024-09-06 04:00:11,1.2535368714184838,-96.67732979757892,124.27112743934912, 2.704674549495467,-27.620021923309857,-2.396836764767754
2024-09-06 04:00:11,2.1923782916856074,-96.54371627049807,124.2880922019122, 4.701169414272884,-27.824004021732343,-4.1596778448751515
2024-09-06 04:00:11,2.9300194227119905,-96.47195363071322,124.17285364779437, 6.283260353473977,-27.84322541947683,-5.560694476767306
2024-09-06 04:00:11,3.662847013778771,-96.07224643178816,124.1047867009656, 7.756638501932067,-28.251574804155346,-6.8419911964336695
2024-09-06 04:00:11,4.225673139865157,-95.486137639911,124.00092234169071, 8.797976836301288,-28.80016649081511,-7.723756678478733
2024-09-06 04:00:11,4.763657076940254,-95.0789848600767,123.88818068213027, 9.811083355997361,-29.16703508644934,-8.586917907564615
2024-09-06 04:00:11,5.535254967271557,-94.26461263421271,123.6891298325396, 11.159002119741299,-29.89477423664733,-9.70453594046382
2024-09-06 04:00:11,6.208949946485193,-93.3736310251264,123.68796482692173, 12.16349080992525,-30.88431726955809,-10.480012965026354
2024-09-06 04:00:11,6.791407539315353,-92.69845703857283,123.6172333898152, 13.049263696258217,-31.583595296045488,-11.168989296813486
2024-09-06 04:00:11,6.952320407939021,-91.95084755612591,123.66538253272037, 13.059528292679365,-32.389839234534875,-11.082482067876196
2024-09-06 04:00:11,7.114186390303033,-91.1902733194224,123.79894169344838, 13.039720832863763,-33.29182180532375,-10.956354913914499
2024-09-06 04:00:11,7.377626017035388,-90.49902902773226,123.84177273646723, 13.255506897126331,-34.05692288077094,-11.043347611484316
2024-09-06 04:00:11,7.287394928636199,-89.78195729864375,123.80154966441854, 12.874908062657365,-34.699279885968664,-10.642837459761248
2024-09-06 04:00:11,7.23762660401744,-89.05805815815906,123.73293975837075, 12.583515526681616,-35.3294117474465,-10.321341084503198
2024-09-06 04:00:11,7.290789302333861,-88.37601881691192,123.67196987075239, 12.485292194483034,-35.94513186250478,-10.162979805211657
2024-09-06 04:00:11,7.373513569729327,-87.78909772032549,123.74037053797824, 12.430309807872817,-36.59953024581973,-10.035017645913241
2024-09-06 04:00:11,7.018631661517535,-88.40577684230593,124.49990798513711, 11.803952998523139,-36.67895675560284,-9.514526178780041
2024-09-06 04:00:11,6.600254758103002,-89.08583168892707,124.85968481647352, 11.195945837310871,-36.2975703422055,-9.063672003482338
2024-09-06 04:00:11,6.036241390328575,-90.1377425578784,125.41302259135827, 10.376167656874669,-35.72189871492964,-8.455396532053364
2024-09-06 04:00:11,5.4826696818830705,-90.88714694291572,125.9387978232142, 9.488011426632193,-35.42356175361537,-7.755424672145331
2024-09-06 04:00:11,5.00436902760286,-91.3434556083323,126.64511033256308, 8.6163988394408,-35.60894322709712,-7.023121563148214
2024-09-06 04:00:12,4.436539565057403,-91.19121565939832,127.20368021668145, 7.5173162572153105,-36.24798809010341,-6.074618906515461
2024-09-06 04:00:12,5.414088070365791,-90.30311884079492,127.06131682588301, 8.999295141229549,-37.09904153171447,-7.199269432389432
2024-09-06 04:00:12,6.034724579021457,-89.31392565109563,126.63641601608488, 9.890887108015232,-37.736982955238396,-7.85112326514194
2024-09-06 04:00:12,6.589694257556748,-89.54023723899193,126.9457449902129, 10.767594273093753,-37.89774550513353,-8.534573160208367
2024-09-06 04:00:12,6.513726583009714,-90.35314344899363,127.1412798402183, 10.794467084470966,-37.27993678371571,-8.626310401087848
2024-09-06 04:00:12,6.132421006530691,-90.77534532830123,126.97691550822074, 10.30997839893186,-36.64715409182812,-8.303790501620957
2024-09-06 04:00:12,5.557814840770309,-91.83246182749593,126.97074468275795, 9.596154418674647,-35.51918739370483,-7.835163188167699
2024-09-06 04:00:12,5.161672084039286,-92.52453794067286,127.03111462947243, 9.059954960415368,-34.84312266624867,-7.455908071163652
2024-09-06 04:00:12,4.787059425769195,-93.31841988343153,127.08437035265278, 8.568533437462282,-34.06373031217124,-7.1148993909103195
2024-09-06 04:00:12,4.352867574289856,-94.02689955073942,127.08705658139647, 7.9434101977409615,-33.313206086351975,-6.650979159256161
2024-09-06 04:00:12,3.7918903521637475,-94.50174471512825,127.14872401310275, 7.004209978306942,-32.84223549079657,-5.893325234331701
2024-09-06 04:00:12,3.2929573577823055,-95.00737257762152,127.21519922544195, 6.161203736985048,-32.35769549060118,-5.210256832295735
2024-09-06 04:00:12,2.718713736402113,-95.61921227927766,127.64884366539894, 5.116395794931815,-32.132570640647,-4.3359219246804805
2024-09-06 04:00:12,2.060267244049558,-95.99254464481345,128.07768040787633, 3.8744262678717494,-32.14416496658839,-3.28193869427661
2024-09-06 04:00:13,1.5813573784747124,-96.04330439052544,128.42344703387414, 2.950997921259094,-32.414537527379416,-2.491841587752899
2024-09-06 04:00:13,1.106786228550801,-95.9820547532237,128.96869545382935, 2.0322764780193547,-33.00310599829561,-1.7045625117980694
2024-09-06 04:00:13,0.8367302427970738,-95.94202262251032,129.6609442990202, 1.50705798604885,-33.72807494281405,-1.2534823397582124
2024-09-06 04:00:13,0.5237254512374272,-95.94149535341523,130.13479562440722, 0.931861720575945,-34.19682307415689,-0.7707752359925699
2024-09-06 04:00:55,-0.15372031230401673,-97.24126773114034,127.84126723753054, -0.3019779044531074,-30.600348186594886,0.2599247630881716
2024-09-06 04:00:55,0.26264691342781177,-97.64977143588362,126.9187131791229, 0.5371975219736085,-29.270015827481302,-0.46861424933220475
2024-09-06 04:00:55,0.13962347282250315,-97.94122475995736,126.55156004004921, 0.2915787372337827,-28.61064717302835,-0.25597573233889487
2024-09-06 04:00:55,-0.3579729507922182,-98.10454104892038,125.58873787648065, -0.7756287822119904,-27.48634637268631,0.6880854125103455
2024-09-06 04:00:55,-0.5845068833225456,-97.5694290441303,124.7785617101807, -1.2781703026102884,-27.214931033590236,1.1367127392972665
2024-09-06 04:00:55,0.6632739940337824,-95.91189498133323,122.01764538358495, 1.507060215791541,-26.113583879836117,-1.353284861005834
2024-09-06 04:00:55,0.6291094505559507,-96.34165788273722,121.60655969188626, 1.4737351107596532,-25.27221895942711,-1.3327369803409161
2024-09-06 04:00:55,0.11675255105141802,-96.42544824147822,122.0653119309472, 0.2698135336102314,-25.6401115223791,-0.24324528081118513
2024-09-06 04:00:56,0.11819376927187991,-95.0413098203135,124.42704066000643, 0.24087309527675438,-29.385947318934555,-0.20988126028244858
2024-09-06 04:00:56,0.17827614793120075,-94.70306549281322,124.91135291799496, 0.3543202605264672,-30.20876380413725,-0.3062037959917296
2024-09-06 04:00:56,0.27867316084379656,-94.48629326884716,125.38653483161453, 0.5426342326722693,-30.901373885644645,-0.46561238108317876
2024-09-06 04:00:56,0.749192780570828,-93.43362882129819,126.91904124349945, 1.3577338291009864,-33.49281602820932,-1.1323534821913985
2024-09-06 04:00:56,0.9171811210959657,-92.92425381770491,127.24922445512304, 1.626238460294654,-34.33572042466899,-1.3429759438160767
2024-09-06 04:00:56,1.0912827777575649,-92.35271909779924,127.54248949831262, 1.893186273626707,-35.20450522759679,-1.5471087941224877
2024-09-06 04:00:56,1.0792171146738154,-91.69407560691434,128.01637564437456, 1.8215975746606197,-36.33612270053826,-1.4675703977460117
2024-09-06 04:00:56,1.1136392866491174,-91.16288705338023,128.33557503107815, 1.842700842412113,-37.1869577156626,-1.4682048243816632
2024-09-06 04:00:56,1.1888918309512566,-90.4907989857016,129.19646805366546, 1.9008291188939406,-38.72105916006393,-1.4832408183952084
2024-09-06 04:00:56,1.0592217756838196,-90.29387556958172,129.68106888780693, 1.6689462702440643,-39.39911649826528,-1.2898141014989908
2024-09-06 04:00:56,0.9037971977670123,-90.06014696393291,130.1450308968215, 1.403417920059554,-40.0933527422085,-1.073698330797412
2024-09-06 04:00:56,0.9177876498342867,-89.30184787062117,130.4633889511706, 1.394267563600187,-41.16994827295414,-1.0496390352485045
2024-09-06 04:00:56,0.7054143408911596,-88.83052076607454,130.83743982787374, 1.05401817421054,-42.011740396289724,-0.7831831917697766
2024-09-06 04:00:56,0.47830855958454854,-88.33131348539169,131.1984388610491, 0.703065339249306,-42.86927625527865,-0.5152940533001944
2024-09-06 04:00:56,0.35247113525606727,-87.69944622643219,131.4572182928197, 0.5096308002262722,-43.75890427483042,-0.368088794357636
2024-09-06 04:00:56,0.16921027183702217,-87.03808830902771,131.7814430848899, 0.24037788659766118,-44.743606885973826,-0.17073223777559163
2024-09-06 04:00:56,0.43830407564334395,-88.3178589243759,131.88107519976137, 0.6359889299522882,-43.564978980435214,-0.46084227137279343
2024-09-06 04:00:56,0.6868134071309832,-90.11828997101601,131.6541511551077, 1.0357158933056607,-41.5405078741447,-0.7752570821744319
2024-09-06 04:00:56,0.6331869262846438,-91.51592850933741,131.4369128280184, 0.9866292105982981,-39.92516542293412,-0.7566603093466443
2024-09-06 04:00:56,0.597926678417939,-92.61604783045306,131.23078381152223, 0.9580376000051314,-38.618641972290106,-0.7485586630635509
2024-09-06 04:00:56,0.4600130090893916,-93.42775370765071,130.87256273234, 0.7565764353837685,-37.4472203692919,-0.6006693655318271
2024-09-06 04:00:56,0.37192779687250654,-94.0057943034687,130.59851152471487, 0.6238954541121686,-36.59434305778991,-0.5009179333911814
2024-09-06 04:00:56,0.28455151391073996,-94.61864222177563,130.35553617266817, 0.48718460940141345,-35.73787593006918,-0.3954498264890534
2024-09-06 04:00:57,0.05683674775627469,-95.42094063760618,130.15286386418637, 0.09975946543740674,-34.73196389066534,-0.0819849818784098
2024-09-06 04:00:57,-0.020718139732861934,-96.41117588689485,129.88806846207314, -0.03756003238682476,-33.47689823948242,0.031329135986937984
2024-09-06 04:00:57,-0.295554474784287,-97.50893470416122,129.90924973456123, -0.5515689180452603,-32.40151617629651,0.46570135005107666
2024-09-06 04:00:57,-0.5690197866726013,-98.40468977157654,129.95586984187418, -1.0873565586082254,-31.555781369076463,0.9266007749694288
2024-09-06 04:00:57,-0.9122254134237738,-99.08492168066132,130.16480311851842, -1.7666712699983556,-31.09192687472576,1.5129988796033476
2024-09-06 04:00:57,-1.1207901845540946,-99.59501658779706,131.45504374899667, -2.122627590358976,-31.877661092110284,1.8027178925211405
2024-09-06 04:00:57,-1.175845258430063,-99.86117288480307,132.21534124566216, -2.196452408823056,-32.37320864737631,1.8553367398119418
2024-09-06 04:00:57,-1.2645130298653275,-100.37819245133335,133.08207159550545, -2.3394813546697097,-32.725603963539356,1.968453451722895
2024-09-06 04:00:57,-1.7960263648502663,-102.23554466245815,134.48763001011628, -3.362816868334754,-32.296665090046844,2.843497050902741
2024-09-06 04:00:57,-1.8831175975935524,-101.28021236818037,133.92881068236562, -3.4875266571030763,-32.69686060097175,2.935952113270108
2024-09-06 04:00:57,-0.617258849872725,-96.49898816130056,130.34746723972688, -1.108092278140533,-33.853436346989554,0.9202677729435094
2024-09-06 04:00:57,-0.15199285806795904,-95.38287159856154,129.3441496280206, -0.2720788257746536,-33.961577350776054,0.2256660762911562
2024-09-06 04:00:57,0.25062473292271265,-94.63177747333651,128.36312362652646, 0.45132608106692806,-33.732167078065025,-0.37534433957360036
2024-09-06 04:00:57,0.5586454935630794,-94.1283408882127,127.53246587140055, 1.0146473284646425,-33.408254411954076,-0.8470225198964056
2024-09-06 04:00:57,0.7987538237218879,-93.7292109135406,126.73405956925083, 1.4661585093590985,-33.01341939754896,-1.229516588228826
2024-09-06 04:00:57,1.1503218176019006,-93.69824841973902,125.83766020871276, 2.1616000720695894,-32.15778659666751,-1.8302253144140712
2024-09-06 04:00:58,1.4881910049249933,-93.62440730012742,124.86961997976653, 2.8673177008629294,-31.27705224041976,-2.451152722468766
2024-09-06 04:00:58,2.3004390533973162,-92.41466588049434,122.2384977437913, 4.617994704183083,-29.90428241645513,-4.005306400932184
2024-09-06 04:00:58,2.8403960569463513,-90.82427614958993,121.27494488429426, 5.591388866583221,-30.570192335955646,-4.818174904637452
2024-09-06 04:00:58,3.7875073226106313,-85.95605842023586,117.49680487595873, 7.212659293003484,-31.744043591690794,-6.14265914164574
2024-09-06 04:00:58,4.356345140372331,-81.6935295182646,113.587299252667, 8.204631400287997,-32.15878895122442,-6.959287917088171
2024-09-06 04:00:58,4.468682207846547,-81.00108189388803,113.02817296341598, 8.383174221790165,-32.304464263330594,-7.100059924684951
2024-09-06 04:00:58,4.9143253027562945,-80.48909261546305,112.38337708940621, 9.243054399507923,-32.23115275981699,-7.838008334814569
2024-09-06 04:00:58,5.322946256525784,-80.87919006970561,112.45008343218838, 10.090678582495006,-31.970708323556185,-8.584900250293924
2024-09-06 04:00:58,5.728295319166408,-82.27456653253388,113.03741521443523, 11.095958938876272,-31.240179903129125,-9.518907056350582
2024-09-06 04:00:58,5.425288764854438,-82.77660178664136,113.83304922680749, 10.431268127365275,-31.48006334042092,-8.922783797625875
2024-09-06 04:00:58,3.6732692924907813,-86.31259396958332,118.98484941233544, 6.781943630675986,-32.855343331134605,-5.7049526196353675
2024-09-06 04:00:58,3.4291259145585924,-87.15798807319003,119.76494179059854, 6.345056547885802,-32.76696970675768,-5.341810212312327
2024-09-06 04:00:59,2.5017225680261914,-90.54112112042286,123.27549426444706, 4.619343838588547,-32.81922407342243,-3.8844967531931607
2024-09-06 04:00:59,1.3944612814609667,-92.00456368996531,124.59094953187142, 2.5879393947731524,-32.61292274669556,-2.18033180893495
2024-09-06 04:00:59,0.11991059798604614,-93.33511981145045,125.65734695198807, 0.22426519028474567,-32.32242545379725,-0.18951616422229978
2024-09-06 04:00:59,-0.06644067707906606,-93.3756207705773,126.31723501862847, -0.12218195201922866,-32.941673700127865,0.10253814188503113
2024-09-06 04:00:59,-0.003425818550002291,-92.33153708829418,128.02228459298195, -0.005872059393710535,-35.69074764726603,0.004769155985374057
2024-09-06 04:00:59,0.1793543355143881,-91.84120717145252,128.31319143915897, 0.30172327624690587,-36.47236402326342,-0.24262965615632498
2024-09-06 04:00:59,0.3695282939379462,-92.52258942822147,128.3347569560754, 0.6315152446565058,-35.81381899063279,-0.5121171551586412
2024-09-06 04:00:59,0.17275931763223543,-93.43999058557199,128.24640580675901, 0.302656916687432,-34.80678987321326,-0.24850676960930662
2024-09-06 04:00:59,-0.5521114056459111,-94.8048415218347,128.43813643473027, -0.9967453415764291,-33.63729342757247,0.8298768514410368
2024-09-06 04:00:59,-0.7899392161630338,-94.45426965964536,128.9530875974205, -1.3945061585436098,-34.50674056164839,1.14922893570061
2024-09-06 04:01:00,-0.7288930674246547,-94.01201977392424,129.35672270904215, -1.259848234500669,-35.35123963397366,1.0276134675658826
2024-09-06 04:01:00,-0.7168581388432889,-93.57967928720275,129.68330377165375, -1.216446172898661,-36.10977291626312,0.9828052209603563
2024-09-06 04:01:00,-0.6934250168184924,-92.9593940989113,129.88091797949852, -1.154222231988639,-36.927107767578704,0.9227308807223091
2024-09-06 04:01:00,-0.31697812088400024,-93.1937685018928,129.52880475696693, -0.5349687620774168,-36.336228340044485,0.43095050994100126
2024-09-06 04:01:00,-0.517617503404807,-95.11792258158002,128.85213183114664, -0.9320145177588938,-33.737710385764466,0.7750738835681501
2024-09-06 04:01:00,-0.6871134362457274,-95.84193720421192,128.53337312558787, -1.272014433154386,-32.69785505821611,1.0704909068270823
2024-09-06 04:01:00,-0.8524181086789306,-96.6513698170917,128.17884260902022, -1.629831898679541,-31.53780740516509,1.389200410332335
2024-09-06 04:01:00,-1.058456534260427,-97.38130122874063,127.81727630021501, -2.0887479648275225,-30.45261056666542,1.8008072531175983
2024-09-06 04:01:00,-1.1445944560763381,-98.56588474729037,127.42930842727799, -2.3700813201990565,-28.884157856857335,2.0755149012987566
2024-09-06 04:01:01,-1.2309328373875497,-98.12885113739495,128.0459819143315, -2.466905337761532,-29.94010075585681,2.1380200322135714
2024-09-06 04:01:01,-1.2554981723247822,-97.62390228454578,128.54168587960453, -2.4424289617350796,-30.940742748140103,2.095205544803253
2024-09-06 04:01:01,-1.1738243761811011,-97.16475357172664,128.87788112438997, -2.2322031816114705,-31.732580278401773,1.898781674131163
2024-09-06 04:01:01,-1.105244812377502,-96.76226952506285,129.16306359611468, -2.0620105866092637,-32.41758690646307,1.7408898627991172
2024-09-06 04:01:01,-0.9505469516612869,-96.27278263492089,129.48139411178929, -1.735188314530425,-33.2206546592873,1.4517342546614729
2024-09-06 04:01:01,-0.8197607842268483,-95.79640318366815,129.77908422056154, -1.4664085012425443,-33.99137987209587,1.2159140740734293
2024-09-06 04:01:01,-0.624202527883853,-95.16332682985568,130.12142245652188, -1.0893139073272493,-34.96295877132204,0.8927527795017368
2024-09-06 04:01:01,-0.38552565330209954,-94.67132547689448,130.38398769424734, -0.6604432894022245,-35.714466354027,0.5362458848174109
2024-09-06 04:01:01,-0.2231327680354025,-93.86432821088735,130.7995868331774, -0.3713200771415184,-36.93583655537033,0.2968009650549771
2024-09-06 04:01:01,-0.23952037128072357,-93.28541037354127,131.01663627407916, -0.39139610464277447,-37.73187292829251,0.30955041699486935
2024-09-06 04:01:01,-0.31042433730591246,-92.60508735617601,131.20135293960197, -0.4976038951577269,-38.59731912205788,0.38890596189571314
2024-09-06 04:01:01,-0.28798790886036263,-91.62916344213424,131.5387039254863, -0.4488693924321785,-39.910405790722706,0.34430755749620445
2024-09-06 04:01:01,-0.1580694282497045,-90.87645047796113,131.86402912591427, -0.240997112803218,-40.98782958736379,0.18191687165552772
2024-09-06 04:01:01,0.25319482945780913,-91.76608694224909,132.29014902893337, 0.3896665175210685,-40.52471654988314,-0.29619747518554507
2024-09-06 04:01:01,0.3508871206130119,-92.45774812182633,132.27459336651575, 0.5479639675672577,-39.81813403570991,-0.42088591442665674
2024-09-06 04:01:01,0.4507657035300055,-93.55065382648704,132.20823445051388, 0.721589006132781,-38.65979719166909,-0.563478060872861
2024-09-06 04:01:01,0.3517313683885032,-94.62880578759089,132.06276692035823, 0.5786391225326841,-37.435371452313206,-0.45946809529229105
2024-09-06 04:01:01,0.12979477496846636,-95.55306005072626,131.90044577995837, 0.21899587046463265,-36.34758551888409,-0.17638753043391783
2024-09-06 04:01:01,-0.13030534532201382,-96.44632261620009,131.7741839036093, -0.22534181072079673,-35.32807034471331,0.18384642208273497
2024-09-06 04:01:01,-0.36285586344544557,-97.23438689441521,131.5871018956304, -0.6430171381327607,-34.35439598919046,0.530858201288897
2024-09-06 04:01:02,-0.4410896205465933,-97.8488299582092,131.31339827224923, -0.7998779773471472,-33.46713684583096,0.6672731986178276
2024-09-06 04:01:02,-0.3345778994307827,-98.19046337956435,130.95798758512657, -0.6181617438066905,-32.76904188190402,0.5197928835650182
2024-09-06 04:01:02,-0.37927689449616697,-97.93156255891229,130.2307971358939, -0.7097770747037045,-32.3012203199597,0.5999481565623054
2024-09-06 04:01:02,-0.27900654727726504,-97.1666149086915,129.58523055534974, -0.5204262468989752,-32.41968530184525,0.4393180517288261
2024-09-06 04:01:02,-0.14412724759798287,-96.25693819433556,128.82372972350936, -0.26775257622239584,-32.56707534310023,0.22565213487530947
2024-09-06 04:01:02,0.09555253856651347,-95.15194205165025,127.8246972726634, 0.1770011548088568,-32.67287946003947,-0.14899376415673163
2024-09-06 04:01:02,0.25804402927560705,-94.2522964474331,126.89110519571656, 0.4784350500956071,-32.639715988584136,-0.40288270446143626
2024-09-06 04:01:02,0.4893372252420688,-93.37924158775957,125.99280717989068, 0.9078575026471177,-32.61683114496473,-0.7647016040228727
2024-09-06 04:01:02,0.5663264180285148,-92.67354052234646,125.25811315733374, 1.0515043406000466,-32.588951388652426,-0.885980434506081
2024-09-06 04:01:02,0.632710880371228,-91.8291303805716,124.36336911405745, 1.1763547196375712,-32.53971470463275,-0.9917294733283347
2024-09-06 04:01:02,0.7025190168767875,-91.01939463556522,123.62574227959315, 1.3035438501057788,-32.61307979041238,-1.0980683157286235
2024-09-06 04:01:02,0.7989152645657416,-90.14958080675865,123.13468514341673, 1.4672329315381345,-32.99368501305674,-1.2306929103853195
2024-09-06 04:01:02,0.909390854688527,-89.27306629081232,122.86605607849184, 1.643294539867539,-33.60385314696589,-1.3687887182921188
2024-09-06 04:01:02,0.8964973526139498,-88.5682138375454,123.15467398513526, 1.5790447762894764,-34.59663066790913,-1.2999280022829423
2024-09-06 04:01:02,0.8253772503536274,-88.44820861610704,123.79217259689003, 1.42659815666767,-35.35234575937198,-1.1636272434427326
2024-09-06 04:01:02,0.6272357776666129,-88.69137879020843,124.64701902527246, 1.068174831097283,-35.96037312254314,-0.8646401650003172
2024-09-06 04:01:02,0.48772228447703414,-89.10872823716761,125.50656884475318, 0.8218908335855089,-36.40065631132932,-0.6615452261604121
2024-09-06 04:01:02,0.320715250668753,-89.58882270137303,126.3954776264346, 0.535303593272506,-36.807854471695066,-0.428594894383601
2024-09-06 04:01:03,0.1095110527829537,-90.13519795625109,127.31462253146388, 0.18121538781163293,-37.17956255673266,-0.14438272570935906
2024-09-06 04:01:03,-0.10762512671461746,-90.9899827187303,128.13908383250362, -0.17821901123545886,-37.14923453036397,0.1420523558365004
2024-09-06 04:01:03,-0.25571986103122457,-92.0430660418936,129.00109351475578, -0.4253229891901624,-36.958785909694825,0.3398643328920704
2024-09-06 04:01:03,-0.40913852762319325,-93.44533320518093,129.8676680376928, -0.6890740949312346,-36.42431453045441,0.5544673110737017
2024-09-06 04:01:03,-0.5018676350202023,-94.72285462499718,130.56865180470487, -0.8569639538337821,-35.848839508261165,0.6946426677299273
2024-09-06 04:01:03,-0.5869846858240526,-95.81906806518413,131.12316565400636, -1.0156212158673803,-35.30834330609812,0.8288301797069342
2024-09-06 04:01:03,-0.62301999278892,-96.98839342575678,131.50514568740732, -1.0993932609281263,-34.52167734528811,0.9058388220320928
2024-09-06 04:01:03,-0.672936437168566,-97.96426984657737,131.87728992021607, -1.205999892288305,-33.918897577500765,1.0008188396300643
2024-09-06 04:01:03,-0.8450050910360598,-99.02540695863595,132.12871068340996, -1.54693876178261,-33.11285964143337,1.295803871737896
2024-09-06 04:01:03,-0.7015190085969505,-99.60878169384068,131.89935549755006, -1.3130172455235736,-32.29736899711241,1.1099310476740136
2024-09-06 04:01:03,-0.49914570997467067,-99.74740365765582,131.39760409780772, -0.9511760722551063,-31.653727445928133,0.8096950454010919
2024-09-06 04:01:03,-0.14944815016243473,-99.63417223307817,130.80908988859687, -0.2887018263297493,-31.175239802493913,0.24701039109797107
2024-09-06 04:01:03,0.2823743016328026,-99.17804973769165,130.01998743102493, 0.550777487499068,-30.84310298205484,-0.47288730689969727
2024-09-06 04:01:03,0.8139822803493241,-98.52128252785792,129.1905939788564, 1.5954810393843228,-30.679059760369547,-1.3722679368602106
2024-09-06 04:01:03,1.3945993543691442,-97.73915230634168,128.28584116188105, 2.7424220695885158,-30.575435219500115,-2.36158273213624
2024-09-06 04:01:03,2.0012849303613165,-96.9164815453338,127.51591079498314, 3.9269828305997754,-30.658472830408677,-3.379452439134697
2024-09-06 04:01:03,2.7153616931318516,-96.21267171405529,126.93491977833503, 5.303881834636326,-30.83032686786006,-4.55779933174692
2024-09-06 04:01:03,3.2294960902228738,-95.73957504996756,126.50521962529173, 6.294679496318624,-30.918152155734727,-5.405952177904282
2024-09-06 04:01:03,3.4636879802858895,-95.37220196468253,125.86020835282035, 6.803087864727362,-30.6653081012319,-5.858901390775895
2024-09-06 04:01:03,3.547588798073549,-94.9528992885374,125.13769984777, 7.0293461101959345,-30.37302799545817,-6.072354467224398
2024-09-06 04:01:04,3.5959542689437662,-94.31703681765298,124.39133792196348, 7.147918392040273,-30.268535244293926,-6.181591581336224
2024-09-06 04:01:04,3.512443595037247,-93.44414356747326,124.14431709240611, 6.85551279733522,-30.880960427269375,-5.891036568783519
2024-09-06 04:01:04,3.531654415090268,-92.83391904066309,124.14817050111765, 6.772056523121125,-31.492654912120646,-5.781915289470363
2024-09-06 04:01:04,3.408346804569481,-92.15038296226399,124.40303435177142, 6.368007776456095,-32.41290375576082,-5.38227590315981
2024-09-06 04:01:04,3.2263538063409847,-91.64409361427334,124.69193474076486, 5.901535806981741,-33.187168095688165,-4.944150200994137
2024-09-06 04:01:04,3.1518741641957533,-91.44866572044293,125.17587344383182, 5.66381579264086,-33.8568128830589,-4.708170914865273
2024-09-06 04:01:04,3.0792976006543937,-91.4430373105632,125.75963555761896, 5.450781147487579,-34.43760862305287,-4.499827598358695
2024-09-06 04:01:04,2.8215721654018266,-91.93150975964863,126.61039980619523, 4.950685689651151,-34.77915693663155,-4.069571710176952
2024-09-06 04:01:04,2.5370438568914593,-92.38705042181952,127.24085728354882, 4.433426861228612,-34.934368484524384,-3.636939728346272
2024-09-06 04:01:04,2.1452903987851415,-93.09051460231719,127.97656845911267, 3.7472620668113983,-34.9436069901144,-3.0731281615521
2024-09-06 04:01:04,1.9376352233100946,-94.02757265123864,128.52581406213534, 3.418324490358355,-34.54588249856295,-2.8166535492636773
2024-09-06 04:01:04,2.0929955572065615,-94.6620997691808,128.5365561582884, 3.751395340435015,-33.9313523898832,-3.113944597127791
2024-09-06 04:01:04,2.2422329748479655,-95.40057789813544,128.47718417715788, 4.103528603713434,-33.143899957736224,-3.437640631275695
2024-09-06 04:01:04,2.320068355075826,-96.12135195675454,128.21340913686043, 4.360879460094289,-32.166873626460934,-3.6935093750943913
2024-09-06 04:01:04,2.330421181957203,-96.45466543863125,127.51080070599124, 4.510543041629852,-31.13473571648938,-3.8629480858682763
2024-09-06 04:01:04,2.4273735271122754,-96.36087907536448,126.77289528213073, 4.7868491793352375,-30.499488240955237,-4.126981646879957
2024-09-06 04:01:04,2.4551802377283147,-95.62958845894074,125.95701228994373, 4.853647540808834,-30.417211012895343,-4.188164958666876
2024-09-06 04:01:04,2.4941206806552025,-94.80162758977623,125.48070526601839, 4.879497739062951,-30.770443450384864,-4.195233296984889
2024-09-06 04:01:05,2.0267740686467923,-94.43588367750907,125.53362887693683, 3.9195689141552257,-31.15711826750742,-3.355578245665476
2024-09-06 04:01:05,1.5397766660572052,-94.72802092923256,125.90615578860626, 2.972308242593024,-31.212308837877757,-2.542687718996762
2024-09-06 04:01:05,1.1238200912005651,-95.05782461913377,126.37943493643179, 2.161103893825325,-31.339716836433276,-1.8460323692662026
2024-09-06 04:01:05,0.6939121239784605,-95.23701188732537,126.93382750505603, 1.320500587820838,-31.703619348396195,-1.1235076699131819
2024-09-06 04:01:05,0.5233318678409953,-95.43151782247601,127.56322731361706, 0.9838825494648933,-32.135514603620095,-0.8331674092575663
2024-09-06 04:01:05,0.3214317634991296,-94.86467789371957,127.89147317386835, 0.5897346583218438,-33.028182207803354,-0.49444024246657825
2024-09-06 04:01:05,-0.24945450763635002,-95.56555231576726,128.49220815511876, -0.45891612783978075,-32.92749438155627,0.38519786933824207
2024-09-06 04:01:05,-0.5712647853848493,-96.21087094160065,128.66662768420454, -1.064418000303825,-32.46023433944986,0.8981475130838811
2024-09-06 04:01:05,-0.8784480097060751,-96.89335492282547,128.87746954657894, -1.6581044242573715,-31.99489625099187,1.4063407674953827
2024-09-06 04:01:05,-0.7357468721344059,-97.72517811345341,128.99963219360873, -1.4170358578817726,-31.282230427571143,1.211093632427951
2024-09-06 04:01:05,-0.6469389913607642,-98.3959929972077,129.01541955965405, -1.2700143829997461,-30.62559696906697,1.0929122733380379
2024-09-06 04:01:05,-0.3938368659177932,-98.77762905293983,128.74705558507966, -0.7883651745193584,-29.971773779980968,0.6829491323638079
2024-09-06 04:01:05,-0.04344481319803428,-99.17418898965683,128.53176108642103, -0.08861608457487136,-29.357601378964986,0.07723574169276448
2024-09-06 04:01:05,0.2565084016360181,-99.86840460247669,128.49994695781024, 0.5353004267342694,-28.63259408450342,-0.4698419538364097
2024-09-06 04:01:05,0.37342936743739147,-100.53856248853825,128.4927000746096, 0.7965843593306091,-27.95643062339647,-0.7036363831010447
2024-09-06 04:01:06,0.4560452016972814,-100.97415129201904,128.2480264546064, 0.9951219167131623,-27.277395260688838,-0.8844811609568525
2024-09-06 04:01:06,0.5480929338545667,-100.41895126605058,127.56705184083985, 1.2010494529794098,-27.153212433192554,-1.0687136025575892
2024-09-06 04:01:06,0.43926576323456895,-99.50167217249064,127.19915488328759, 0.9449904587687096,-27.70069011836625,-0.8366996310854181
2024-09-06 04:01:06,0.4156453247165368,-98.67594703476223,126.9315986454145, 0.8779347912895735,-28.25845663246685,-0.7733168512419798
2024-09-06 04:01:06,0.48177161956562625,-97.77878353755602,126.61102693206263, 0.9989370894938189,-28.835922601984425,-0.875093974128352
2024-09-06 04:01:06,0.4955163809663398,-96.96106334560719,126.45239674115636, 1.0064714889113662,-29.49512171466159,-0.876052229461209
2024-09-06 04:01:06,0.4589608037697779,-96.18275144436821,126.36095043046411, 0.9129499584814798,-30.18135997137551,-0.7892058853007495
2024-09-06 04:01:06,0.3508376869372857,-96.0195934698632,126.86351306115873, 0.6842687919193224,-30.845718284343977,-0.5874870302284193
2024-09-06 04:01:06,0.23503284356103882,-96.19187554020611,127.58677663086478, 0.4511693476198168,-31.395690985905592,-0.38511579373847166
2024-09-06 04:01:06,-0.023023357986698134,-96.54971930167763,128.42518917878212, -0.04359866089881814,-31.87547731582232,0.037023888139494976
2024-09-06 04:01:06,-0.21544938667346175,-96.7827017839027,129.04932025631518, -0.40356445925370343,-32.267260062184405,0.34124241149358064
2024-09-06 04:01:06,-0.3919434359295251,-97.05911428604259,129.7910202475545, -0.724842295731923,-32.73399151354217,0.6097396952721393
2024-09-06 04:01:06,-0.7192319421540917,-97.59652016739899,130.6748794453897, -1.3176291816965247,-33.08528910488513,1.1040453344216712
2024-09-06 04:01:06,-1.0689502594875082,-98.26113438741918,131.3375361230211, -1.9581210588002333,-33.09170824851474,1.640699781482278
2024-09-06 04:01:06,-1.4803221356833258,-98.89662699553602,131.75186291050454, -2.727158246315234,-32.88483304997653,2.2906781086911865
2024-09-06 04:01:06,-2.0566196983316525,-99.47571734613018,132.13282323208023, -3.8073301953527867,-32.71464415707592,3.2047606598984677
2024-09-06 04:01:06,-2.532346513453146,-100.0241067821054,132.7238427550947, -4.680096179084838,-32.78678954201081,3.937082558351304
2024-09-06 04:01:06,-3.089556284244938,-100.20285618517983,133.1229069691045, -5.671805132750398,-33.04845931013559,4.7587791381576405
2024-09-06 04:01:07,-3.1343658128601697,-99.614976512084,132.26002566871085, -5.796429063454826,-32.77859758096631,4.878329298270932
2024-09-06 04:01:07,-3.055329201505645,-99.27603180051042,131.50477990420413, -5.715494638211971,-32.35770550779084,4.83259699484285
2024-09-06 04:01:07,-2.9976501137448426,-99.01249003232564,130.7480367984528, -5.685432321946373,-31.86208366898722,4.833173103189565
2024-09-06 04:01:07,-2.920569379345238,-98.81983981479252,130.04399864976702, -5.620733114361151,-31.34670754400245,4.804468776099107
2024-09-06 04:01:07,-2.8057950963146006,-98.60620116753589,129.27092295924606, -5.488962467088764,-30.780368991526093,4.719537990393873
2024-09-06 04:01:07,-2.4908153201100145,-98.22009653791329,128.21915749737374, -4.972391751546264,-30.092693124250314,4.30490409622327
2024-09-06 04:01:07,-1.9964161487282603,-97.9154721034088,127.2523402324164, -4.069580981816337,-29.39868927055411,3.5469571695424285
2024-09-06 04:01:07,-1.6005030885979445,-97.8405770023716,126.7415362874811, -3.308812763513584,-28.941423851997552,2.8963449749949213
2024-09-06 04:01:07,-1.2398026157236304,-97.76966439065963,126.25396031546246, -2.598237839394349,-28.509006479404285,2.2835374587161232
2024-09-06 04:01:07,-0.6667177757406102,-97.73314352344306,125.60200822095389, -1.4260581984203808,-27.876199716772867,1.260635206959679
2024-09-06 04:01:07,-0.027074736244386277,-97.52244737578977,125.09747550008335, -0.05848813734854552,-27.575040373609077,0.05184419994425782
2024-09-06 04:01:07,0.6240352781645447,-97.27618479952179,124.4186808098117, 1.3676775878393257,-27.149123989432525,-1.217037602551073
2024-09-06 04:01:07,1.1041151718958,-97.0202700084198,123.83799168639095, 2.4461311692158407,-26.8387576554082,-2.182905699547877
2024-09-06 04:01:07,1.5814890866927724,-96.71027163456827,123.16399989982918, 3.5464848599957106,-26.497557223035585,-3.1747452579546414
2024-09-06 04:01:07,1.7426878075248091,-96.57116839613046,122.52274853522378, 3.977100725209997,-26.00597778224958,-3.575515760609961
2024-09-06 04:01:07,2.0680398934514135,-96.69429765057501,122.12386645486339, 4.806883988753093,-25.50794299672811,-4.340222221785325
2024-09-06 04:01:07,2.4619731791714323,-96.59389598610014,121.01660475172946, 5.93681403085176,-24.538914888064717,-5.403927712392781
2024-09-06 04:01:07,2.860908523590534,-96.6798796789775,119.75992023925107, 7.264812947438767,-23.24705205363079,-6.680556880917626
2024-09-06 04:01:07,2.881811493265872,-96.79246022612004,119.03275948777406, 7.575897177105727,-22.41683127021768,-7.009340861031117
2024-09-06 04:01:07,2.926063810114537,-96.85072493280747,118.3909607895169, 7.925565830450157,-21.728698094476304,-7.368854120168782
2024-09-06 04:01:07,2.903392794482093,-97.07011849203008,117.87600787774603, 8.1259747770079,-20.99859131531109,-7.592837994162047
2024-09-06 04:01:07,2.7885282180815976,-97.48384451841076,117.22393314172066, 8.206045984180511,-19.92829171995193,-7.720779196180213
2024-09-06 04:01:07,2.5797911548609918,-97.98483233951845,116.7863235706875, 7.958390936242159,-18.971313781160827,-7.531204593500772
2024-09-06 04:01:07,2.461838952774083,-98.51887700764185,116.37878253707635, 7.980048215238616,-18.023298077335564,-7.593157814660174
2024-09-06 04:01:07,2.399093951914976,-98.82062868298917,116.06236368596882, 8.045439427064911,-17.402823441219212,-7.681664850193752
2024-09-06 04:01:07,2.4150411993132104,-99.01156454154574,115.61233687574229, 8.397390690714104,-16.77062667782909,-8.045006594894845
2024-09-06 04:01:08,2.5919840268357732,-99.34789593876411,114.70757269894835, 9.69856942338269,-15.571650971453078,-9.348989610431575
2024-09-06 04:01:08,2.6587416213880277,-99.5522418812216,114.21913247051747, 10.392650486127382,-14.900720812634903,-10.050419858170558
2024-09-06 04:01:08,2.7152975306111578,-99.68618787301223,113.58307144984131, 11.170249323019213,-14.154541457943017,-10.839271633225492
2024-09-06 04:01:08,2.6620263428029984,-99.80888953267879,112.93784341250242, 11.568222124554174,-13.39146491607102,-11.261833197380943
2024-09-06 04:01:08,2.64217884412305,-99.75451442639071,112.28912125142055, 12.004153357707978,-12.805691383967234,-11.71392936009777
2024-09-06 04:01:08,2.605331858711028,-99.77782741577981,111.72270860522066, 12.399351637461944,-12.221673483262508,-12.126740715484074
2024-09-06 04:01:08,2.425735114507712,-100.08005682593581,110.99171115729717, 12.614382199863801,-11.17484103166919,-12.382663525325148
2024-09-06 04:01:08,2.381885850584603,-100.22429809928198,110.47147649774541, 13.160551168404734,-10.51748158878906,-12.946954512634436
2024-09-06 04:01:08,2.315143832132971,-100.32491998493633,109.57572178419808, 14.116653486020446,-9.533654294464025,-13.92932306184632
2024-09-06 04:01:08,1.989050930394519,-100.21417987442511,108.90167515454425, 12.948827476483771,-8.910585271371644,-12.797727503111945
2024-09-06 04:01:08,1.5497942240915201,-100.06188905341993,108.10827204286643, 10.93975195143318,-8.193310060802258,-10.830742776326765
2024-09-06 04:01:08,1.349037019456515,-99.7964097022234,107.15970360827356, 10.41197082950885,-7.485183203044891,-10.325162448116176
2024-09-06 04:01:08,1.2082752827677492,-99.70476870222723,106.50366942445889, 10.101849671755755,-6.904934550492675,-10.030073874146787
2024-09-06 04:01:08,1.1312480605046962,-99.52046830772642,105.47538300218692, 10.776545659826066,-6.061032905452872,-10.717703850295308
2024-09-06 04:01:08,1.0499698963523665,-99.23196736751112,104.41754126948567, 11.462918467703805,-5.290519980530792,-11.415370739845557
2024-09-06 04:01:08,1.0248827159133613,-98.7462384894065,103.39459808206249, 12.448305230875459,-4.759761117847445,-12.406707358386036
2024-09-06 04:01:08,1.0024629650096761,-97.9850007241817,102.1128555763683, 13.662923416096575,-4.247632088850539,-13.62679581738752
2024-09-06 04:01:08,0.8481021479713027,-97.45242836739763,101.33429605647771, 12.33422427973051,-3.9732949930950756,-12.305482718476533
2024-09-06 04:01:08,0.39414301566564225,-96.67162924682992,100.64829144117489, 5.664935224749286,-3.9961157886934124,-5.651251762245986
2024-09-06 04:01:08,0.05908223444171716,-96.1639645549461,100.29839351351946, 0.8194293430563154,-4.13485035559044,-0.8172967481872773
2024-09-06 04:01:08,2.7381836016579446,-90.86991641688077,97.4230920217639, 22.737202871883028,-7.099931891917776,-22.580413024127097
2024-09-06 04:01:08,4.128581824012064,-88.38382186394125,96.23327166403588, 27.85801208538119,-8.862970221814887,-27.57464162524745
2024-09-06 04:01:08,5.0256308751472405,-86.64834087402161,95.32488324775046, 30.239446769885795,-10.017279659968668,-29.857948408401626
2024-09-06 04:01:08,4.705981829375433,-86.16740238231492,95.40983055220559, 27.136936093241935,-10.362250371941737,-26.756335446668942
2024-09-06 04:01:09,4.3090755504855345,-85.77527399204288,95.4194169480502, 24.216913049837952,-10.554708341176928,-23.853227947227552
2024-09-06 04:01:09,4.163137693201236,-85.2231094467667,95.28461661462919, 22.61839477301799,-10.880581600530123,-22.251755569746436
2024-09-06 04:01:09,3.8171640198575796,-84.41920228178044,95.05796075935689, 19.8699979469002,-11.295398758622659,-19.51445773552125
2024-09-06 04:01:09,3.7852461064937692,-83.77394119017075,94.8662953646305, 18.97756644691048,-11.712766622266347,-18.609877005535047
2024-09-06 04:01:09,4.000171052743679,-83.30055212714204,95.1806452498208, 18.762061144245752,-12.526289686479972,-18.345690410524508
2024-09-06 04:01:09,4.185876985955476,-82.97618614237079,95.48952437100425, 18.664379186932692,-13.184294815613447,-18.205256249819048
2024-09-06 04:01:09,4.348413708193943,-82.56934759736971,95.71381583706642, 18.488855082525536,-13.833030174389384,-17.98762439372628
2024-09-06 04:01:09,4.5176115584043055,-82.31070804066414,96.21201191939028, 18.204470694332596,-14.603179659298307,-17.653445686525174
2024-09-06 04:01:09,4.764686646777804,-82.16617279772251,96.80731371835611, 18.250527611351167,-15.38079043347422,-17.63807122858639
2024-09-06 04:01:09,4.953211525937286,-81.94287392661204,97.26727691548581, 18.15572401266271,-16.086749506752604,-17.48894285177734
2024-09-06 04:01:09,5.225168354903563,-81.7404955285665,98.07366902000922, 18.013887721144407,-17.126906778820903,-17.26353024041
2024-09-06 04:01:09,5.660560016473301,-81.63951198739358,99.32140036592983, 18.073274502758444,-18.538250753676138,-17.192131547901504
2024-09-06 04:01:09,6.231779579275122,-81.59877297318553,100.77925569270184, 18.38486994749286,-20.131150530676138,-17.3309255449391
2024-09-06 04:01:09,6.752658631116679,-81.61265276690352,102.28513692013195, 18.541464170942717,-21.701432608443852,-17.308505229972234
2024-09-06 04:01:09,7.08533125394867,-82.0077874878474,104.25871066713717, 18.172462958602196,-23.297070332235734,-16.777396673006983
2024-09-06 04:01:09,7.181059204319855,-82.14045375833653,104.91711833123222, 18.027316876167056,-23.82427049121385,-16.579063800213476
2024-09-06 04:01:09,7.211021617919596,-82.490809656478,105.71755881808559, 17.78763824356837,-24.261031992751462,-16.30379747603958
2024-09-06 04:01:09,7.32883963453426,-82.92455047884201,107.06208333487032, 17.459206986050273,-25.161742030200053,-15.89017622135685
2024-09-06 04:01:09,7.358550490746859,-83.58168087109257,108.69856180440965, 16.9221254669608,-26.105334179426556,-15.280753214875627
2024-09-06 04:01:09,7.35119138773771,-84.28413212655025,110.2307576320232, 16.428679631380092,-26.898287451071347,-14.73292628882524
2024-09-06 04:01:09,7.349335713922871,-84.92108433672314,111.63393854127222, 16.00949639572258,-27.63356199972293,-14.262281861656707
2024-09-06 04:01:09,7.279725299162484,-85.60918141539435,112.97499498690033, 15.53072973678502,-28.245098561140274,-13.75617848741146
2024-09-06 04:01:09,7.13937441172113,-86.37533942415163,114.24826935968483, 14.998284595560882,-28.70158810435514,-13.224491108839864
2024-09-06 04:01:09,6.990555326981498,-87.1184589731254,115.46242856687553, 14.481332036849423,-29.12373165709309,-12.714033172145506
2024-09-06 04:01:09,6.779302473337054,-88.06860264946309,117.07585807034246, 13.774206510454583,-29.721725290954183,-12.018590261927365
2024-09-06 04:01:09,6.416439021645463,-89.28683760215927,118.88923607018714, 12.825299013270769,-30.228125426834275,-11.128208963474869
2024-09-06 04:01:09,5.985431775263724,-90.54842644696924,120.43959591931954, 11.881007810431171,-30.4301564987434,-10.281956530204972
2024-09-06 04:01:09,5.473541943361893,-92.02909637412026,121.84827378976124, 10.907219292496148,-30.271873786542145,-9.448810842911627
2024-09-06 04:01:09,5.126750704443603,-92.81096561022764,122.69367250976859, 10.208157081798586,-30.279217112570578,-8.839222810862998
2024-09-06 04:01:09,4.747433092673425,-93.88280734368345,123.93019079977296, 9.417315866683907,-30.385480331722462,-8.142463881629636
2024-09-06 04:01:09,4.4961675918061985,-94.90379672280281,125.06884878474693, 8.894006778577712,-30.46706303826103,-7.6817416437930195
2024-09-06 04:01:09,4.328561738351262,-96.0496000518767,126.29171181131642, 8.546725242457825,-30.521270681144003,-7.3765670001065775
2024-09-06 04:01:09,4.144631731594028,-97.18012744244206,127.46387913303306, 8.177253449054668,-30.539364847565146,-7.0552421484243215
2024-09-06 04:01:09,3.7503455176048055,-98.4801231971922,128.69934190593744, 7.420260435808565,-30.429210949248173,-6.4073294337234845
2024-09-06 04:01:09,3.389261786182861,-99.34466523668752,129.53812117807217, 6.716092057097611,-30.365244744888074,-5.8015594043357535
2024-09-06 04:01:09,3.0986827752248134,-100.04263856401587,130.25627259538075, 6.140039193002425,-30.357180312559326,-5.303365803392578
2024-09-06 04:01:09,2.8118661811820624,-100.85475208817084,131.42993816931553, 5.515238696424422,-30.691746740864904,-4.746510808526227
2024-09-06 04:01:09,2.3363061350081775,-101.3907175659051,132.2163275022303, 4.552223469022767,-30.90532972335167,-3.9080532833693837
2024-09-06 04:01:09,1.6913010597112583,-101.85895878272274,132.98606719618442, 3.2691635263556913,-31.16841744176908,-2.7980717279058327
2024-09-06 04:01:10,1.116021626886365,-102.0849644313312,133.43007293778868, 2.1446738426891168,-31.362948207166767,-1.8315419460871025
2024-09-06 04:01:10,0.11731007384444686,-102.41285398101789,134.00672712414558, 0.2239183038826913,-31.59406839781728,-0.1907296626661914
2024-09-06 04:01:10,-0.5902835517220753,-102.28949379546407,134.2564287589526, -1.1148408510208603,-31.971806926036827,0.945762707288949
2024-09-06 04:01:10,-1.2202479466949003,-102.3079174138038,134.5776747681636, -2.284644327494064,-32.29032927660219,1.9316207790348034
2024-09-06 04:01:10,-1.9212595679674238,-101.99129604960604,134.72951237558254, -3.5493998757097547,-32.788279630172354,2.985019538789885
2024-09-06 04:01:10,-2.7167230413609276,-101.35362342662825,134.6526967419985, -4.939845361754498,-33.396982514798,4.12725819748133
2024-09-06 04:01:10,-4.257847725190579,-100.32651152946383,134.62814514187755, -7.525767357469763,-34.53275384291757,6.211200066841809
2024-09-06 04:01:10,-5.055711782837281,-99.55759101263013,134.49668817925203, -8.781344236938244,-35.25690739260452,7.189307320810311
2024-09-06 04:01:10,-5.802409527884321,-98.92375151721299,134.43537530476203, -9.923074269766895,-35.920953921088596,8.063633056841285
2024-09-06 04:01:10,-6.823504130380688,-98.32833416964229,134.35025506955412, -11.500901181713239,-36.576374131630615,9.280019341908428
2024-09-06 04:01:10,-7.96347892646352,-97.96369588931722,134.261046837455, -13.295757029130009,-37.04301382665156,10.681643925910016
2024-09-06 04:01:10,-8.981875345827934,-97.51896712048867,134.17466775543943, -14.829119904446323,-37.58961173740596,11.848368753810398
2024-09-06 04:01:10,-9.999721865854543,-97.25832089804729,134.01547060912452, -16.41727221372435,-37.90708598551258,13.087438675199316
2024-09-06 04:01:10,-11.023046693385659,-96.87733725904846,133.8857842115869, -17.932644160449705,-38.38889144471089,14.23334512169755
2024-09-06 04:01:10,-12.087431247473432,-96.82253689621317,133.67685242680756, -19.649078105480946,-38.51704899965958,15.60843246148799
2024-09-06 04:01:10,-12.838574626864222,-97.50474757064444,133.5361026489124, -21.178320113953568,-37.95651306589967,16.98724130819256
2024-09-06 04:01:10,-13.786229301283683,-97.95868156339247,133.52941401042102, -22.870392165584114,-37.81773094895762,18.428766916520708
2024-09-06 04:01:10,-14.793001305630128,-98.39075950393726,133.64071121362832, -24.58714140301469,-37.85427158119539,19.863821190017312
2024-09-06 04:01:10,-15.779126225200812,-98.83536073573791,133.91540643171817, -26.18238756982074,-38.04637822602311,21.166571298153322
2024-09-06 04:01:10,-16.550348999613348,-99.25533753783796,134.18840959678693, -27.42775558628778,-38.20007288717997,22.1872174261878
2024-09-06 04:01:10,-17.130660167505933,-99.7453679509105,134.47520722777685, -28.414493836398513,-38.24354936829754,23.021306598642266
2024-09-06 04:01:10,-16.481767065696815,-100.43355394801972,134.5259208634932, -27.826718887031017,-37.42900882520056,22.741408878141378
2024-09-06 04:01:10,-15.717522950772626,-100.51613423321362,134.3377628983943, -26.820808685639435,-36.89749774295496,22.01484515482094
2024-09-06 04:01:10,-14.39327982819185,-100.77513035215378,134.00614760769753, -25.093297508661877,-35.88325407805878,20.77754294435551
2024-09-06 04:01:10,-13.592168326399346,-100.92678268863457,133.81995022563905, -23.998988366047897,-35.29701487281068,19.969322701168558
2024-09-06 04:01:10,-12.4111068122982,-101.0526662079757,133.63351859689982, -22.228644419035128,-34.619746647948176,18.588609600703066
2024-09-06 04:01:10,-11.038631638672928,-101.04238626296296,133.35107593075264, -20.051583560276416,-33.948126352764405,16.845010772499542
2024-09-06 04:01:10,-9.843925872573738,-101.0152937536572,133.07901925603534, -18.10069477993386,-33.386123729750096,15.265669038007069
2024-09-06 04:01:10,-8.628923946501132,-101.03984878841194,132.85647792289856, -16.05815924022091,-32.84706757276521,13.594512346010564
2024-09-06 04:01:10,-7.56163581436298,-100.98885938432986,132.52249428564124, -14.24199492209031,-32.33649597455525,12.104140629942648
2024-09-06 04:01:10,-6.412478066213559,-100.88033095096516,132.11936779075808, -12.22755745059195,-31.82509130624159,10.43307945449352
2024-09-06 04:01:10,-5.4427439726298985,-100.96511569997169,131.71269741944405, -10.556841671711146,-31.179091461427397,9.059297367877644
2024-09-06 04:01:11,-4.389613776875763,-100.87009912192461,131.3338081288324, -8.609728332711324,-30.748247205524272,7.413934070760771
2024-09-06 04:01:11,-3.374742453125325,-100.74352655678379,130.888566869199, -6.697156012457668,-30.31569445274394,5.788073032015195
2024-09-06 04:01:11,-2.265750002074833,-100.50138566276502,130.2599117141128, -4.5576067508015,-29.836777876602792,3.9555423801530067
2024-09-06 04:01:11,-0.8840908335471098,-100.1258253774326,129.80123947138298, -1.7852959719730896,-29.687381891102838,1.5510822215251765
2024-09-06 04:01:11,0.33675474179153214,-99.75343828175367,129.2891586645404, 0.6830950021971137,-29.537466962138268,-0.5943223815705476
2024-09-06 04:01:11,1.4017322280700482,-99.44913394257924,128.6831507856603, 2.8683539938164064,-29.26463816007987,-2.502768727104168
2024-09-06 04:01:11,2.4273386987627554,-99.11033186797921,128.07431749155435, 5.002721310488596,-29.056732828603803,-4.375695144762292
2024-09-06 04:01:11,3.0403036302776782,-98.84041679554275,127.19483130028854, 6.381160974367951,-28.503489834753488,-5.612963899201625
2024-09-06 04:01:11,3.678322598132877,-98.43775374526453,126.40425078489088, 7.805794063171319,-28.18798968286577,-6.8895322335285
2024-09-06 04:01:11,4.2718326867863725,-98.27843871610455,125.604544400273, 9.242005394707334,-27.632572237578778,-8.20310992015955
2024-09-06 04:01:11,5.245402994806987,-97.93852453524566,124.39361700913213, 11.644289750219015,-26.933278182701784,-10.410516506982885
2024-09-06 04:01:11,5.878802278734369,-97.70271741623401,123.69932764405576, 13.219759252266245,-26.607849297771324,-11.861585776867797
2024-09-06 04:01:11,6.233753511867887,-97.46848782775788,122.92247824841189, 14.259903626670129,-26.1566931625309,-12.850660605066114
2024-09-06 04:01:11,6.691370353173282,-97.27781861302685,122.36303114253309, 15.467896661235809,-25.90640275532131,-13.977624031901964
2024-09-06 04:01:11,7.205787183292713,-97.02089491266821,121.74513688830285, 16.819387908920792,-25.68938761518624,-15.238101710072524
2024-09-06 04:01:11,7.636730360411928,-96.72804632346589,121.24279929224502, 17.907887337121263,-25.606360409596476,-16.246416920286542
2024-09-06 04:01:11,8.352825556782587,-96.2613822037321,120.18962366948534, 19.900453686742743,-25.263030152208714,-18.12747205439606
2024-09-06 04:01:11,8.889823460285786,-95.52502507966128,118.96979333717016, 21.461433561840913,-24.98436486650703,-19.613268129646386
2024-09-06 04:01:11,9.428215504107026,-94.87485984755628,118.11869439897515, 22.81991590139132,-24.98454927325094,-20.876621270764147
2024-09-06 04:01:11,10.451381852139743,-93.30794331666284,116.41929432884316, 25.17082237581407,-25.246062578664485,-23.028191029118304
2024-09-06 04:01:11,10.972368806760894,-92.44204452434926,115.65001429294261, 26.19690034129421,-25.540745232592535,-23.937183007112964
2024-09-06 04:01:11,11.1967866662167,-91.71452188178452,114.89783413017099, 26.69414076770694,-25.61053327691881,-24.390443123862127
2024-09-06 04:01:11,11.288068353247775,-91.21188624674804,113.99646732671009, 27.26722160337192,-25.293322276046823,-24.985644283001854
2024-09-06 04:01:11,11.174178928142993,-90.88018566095245,113.18859333849211, 27.49216080028231,-24.822116208849685,-25.282157842615458
2024-09-06 04:01:11,11.251744838018709,-90.45577695353616,112.44965496549403, 27.977911831384365,-24.577154562525422,-25.784631814075983
2024-09-06 04:01:11,11.2960639930976,-90.56340963126081,113.17573848397672, 27.45230649560674,-25.143728255659223,-25.186817575309064
2024-09-06 04:01:11,11.0357291350097,-91.01608652442437,114.0859077587557, 26.459824568613424,-25.442767681436827,-24.200880575323232
2024-09-06 04:01:11,10.768763820037837,-91.19860898614772,114.96269949670844, 25.266446510510914,-25.96065835468618,-22.994240417761894
2024-09-06 04:01:11,10.362350171343369,-91.69412268377704,116.29657206917392, 23.71195599376544,-26.569962577844656,-21.446482105376063
2024-09-06 04:01:11,9.622194349288879,-92.70513283306893,118.39313450541188, 21.3611038275287,-27.315938529259235,-19.16232171469325
2024-09-06 04:01:12,9.057854901275778,-93.23172110988486,119.40229109655564, 19.872850233820905,-27.588904474871548,-17.763315993196287
2024-09-06 04:01:12,8.477110610848687,-93.72274876146619,120.28422616758729, 18.4337962716017,-27.787461997507897,-16.42944743924103
2024-09-06 04:01:12,7.892162824165361,-94.11803934029322,120.6659921115064, 17.23145744257622,-27.614344708048996,-15.36682889961138
2024-09-06 04:01:12,6.327496326038901,-95.39027469337756,121.86459476975631, 13.968197796133602,-27.16677856355978,-12.478336079146462
2024-09-06 04:01:12,5.089181608045137,-96.62137032749764,122.84354067814117, 11.395527862159925,-26.67708805126012,-10.209462654729302
2024-09-06 04:01:12,3.030271369032523,-98.0763732282234,124.01399484659296, 6.900940951631954,-26.101851151141886,-6.202930844618919
2024-09-06 04:01:12,2.4497712060597197,-98.28462551606844,124.78187637944396, 5.4774544014760185,-26.60209691722453,-4.900588871680496
2024-09-06 04:01:12,1.6854373350819145,-98.60531579673369,125.45978228953086, 3.7269180414050673,-26.903381441075254,-3.3245161988750365
2024-09-06 04:01:12,0.7824835759163828,-99.01516230039738,126.14931751343265, 1.715282736666523,-27.144579311785435,-1.5264531403186343
2024-09-06 04:01:12,-0.14382071893764398,-99.129501063895,126.75956005728943, -0.31011587413805364,-27.630403825535677,0.2747500950715239
2024-09-06 04:01:12,-1.045919899559729,-99.29266187008258,127.35130509230993, -2.222718536441247,-28.07654758679908,1.9613660069741023
2024-09-06 04:01:12,-1.6553085984296305,-99.17003849128642,128.01557857430637, -3.427905795695916,-28.88892018727615,3.002165851725974
2024-09-06 04:01:12,-2.137140577236899,-99.26609493990605,128.4952860246323, -4.370193197753833,-29.300335836152794,3.8128681566574194
2024-09-06 04:01:12,-2.659454789007154,-98.45923372872926,129.56787311996294, -5.137262722963991,-31.210751409778428,4.396892063607517
2024-09-06 04:01:12,-2.201985720776766,-97.86694142995762,129.43568341560416, -4.200635984571402,-31.63752968004469,3.5781150296045245
2024-09-06 04:01:12,-1.6790301633993554,-97.46008881396065,129.2567231379324, -3.184214850972701,-31.836292964177822,2.7059523936755845
2024-09-06 04:01:12,-1.0400916408233436,-97.00036307891585,128.96220978475003, -1.964276262623679,-31.976973304980838,1.6664020115429112
2024-09-06 04:01:12,0.7090192567956075,-95.75093193185492,127.74790087379381, 1.3379143628975707,-32.00398959010277,-1.1346242777639333
2024-09-06 04:01:12,0.941734042521116,-95.40726685287109,127.12204702992805, 1.7909986706560155,-31.727301512750362,-1.5234901562374452
2024-09-06 04:01:12,0.9369944017871922,-95.2863849636455,126.50945436123659, 1.807135273946772,-31.235706189463937,-1.5453130058964735
2024-09-06 04:01:12,0.3981489791238185,-95.74135990208862,127.25835656703885, 0.7616084429335408,-31.51925253687646,-0.6492546464430984
2024-09-06 04:01:12,0.7271623787422927,-95.68638919471438,127.84896777647377, 1.3658305207230446,-32.169915818022965,-1.15620052856303
2024-09-06 04:01:12,0.9228705350470294,-95.57909137667448,128.33351977910354, 1.705379785875505,-32.76597933637741,-1.4341576177746482
2024-09-06 04:01:13,1.0728591090785653,-95.44672908803763,128.86137938185877, 1.947671161712012,-33.429871751528076,-1.6256399276081728
2024-09-06 04:01:13,1.1258859035367943,-95.33724377805696,129.4182643316636, 2.0086375346914545,-34.09736684418709,-1.6635389693331897
2024-09-06 04:01:13,0.7137234264294914,-94.99793060638584,131.03718652388753, 1.212996607010393,-36.04536510146161,-0.980820778629969
2024-09-06 04:01:13,0.31808220160180395,-95.57698237188308,131.5581192501072, 0.5413885704081054,-35.98235294749314,-0.43809504555636414
2024-09-06 04:01:13,-0.15642558529214795,-96.26698287135731,131.82929325022835, -0.26896158498880474,-35.56260905081451,0.218795542471375
2024-09-06 04:01:13,0.17593896068298664,-96.83122209056695,131.2583594434575, 0.31119726503914036,-34.42753146368225,-0.25668935891223726
2024-09-06 04:01:13,0.2514344602257881,-97.11354661851176,130.45338183338754, 0.45747634551768734,-33.340673804391066,-0.3821861543232227
2024-09-06 04:01:13,0.33769843974858044,-98.36201011492237,129.41641865388007, 0.654621435023457,-31.056061209878585,-0.5607964235777272
2024-09-06 04:01:13,0.001725328539837534,-98.81937045392844,129.01135575945457, 0.0034307651944944784,-30.191985350173667,-0.0029653652813835807
2024-09-06 04:01:13,-1.8872187775953542,-98.76119513230599,128.16228319372195, -3.839878364519874,-29.456193101451348,3.3447149467797916
2024-09-06 04:01:13,-2.4093940998309504,-98.17958193890463,128.05374778624667, -4.828589875133222,-29.962227080157053,4.185741585189471
2024-09-06 04:01:13,-2.9936228257127224,-96.57901360011775,128.20566895473434, -5.6952268559384756,-31.753389029859175,4.8471873690929455
2024-09-06 04:01:13,-3.0712059606600066,-95.94586465645995,128.26837182522567, -5.73028602456201,-32.45233582708667,4.840074727186768
2024-09-06 04:01:14,-2.6013283607054705,-92.72299823683949,126.18139732323542, -4.7108669320682965,-33.54763799263222,3.928863568927435
2024-09-06 04:01:14,-2.234657243519634,-91.58581872437975,125.25415213018417, -4.026284041580808,-33.73369021094368,3.3500690626196117
2024-09-06 04:01:14,-0.5977868554467709,-89.50383360768943,124.82800951644282, -1.033797414560647,-35.32857605036114,0.8434534865431579
2024-09-06 04:01:14,-0.38336894070555194,-89.15536501748856,125.15844800421476, -0.6521594661705558,-36.00484804973347,0.5275835275046433
2024-09-06 04:01:14,-0.3363221559267731,-88.8681192433982,125.5726199060885, -0.5626934707767024,-36.70582470892919,0.4511249127786498
2024-09-06 04:01:14,-0.20365119499869602,-88.94459229189192,126.1924654333511, -0.3364640285150073,-37.24834913354028,0.2678330363312013
2024-09-06 04:01:14,-0.14994311231577245,-90.61926789337278,126.7590305481458, -0.25424451552143146,-36.14003132013915,0.2053227532034288
2024-09-06 04:01:14,-0.4006365384767527,-90.65812338580069,127.28742594472152, -0.6714732987045172,-36.63118655451202,0.5388612877460596
2024-09-06 04:01:15,-0.7201855992080857,-91.38216508552242,127.72365088833162, -1.2151868169927207,-36.34763764135291,0.9788064981256531
2024-09-06 04:01:15,-1.2886198433763925,-92.41783493283432,127.81067019954202, -2.224164168873883,-35.41322545592759,1.8129863243404902
2024-09-06 04:01:21,-0.8706931677362952,-91.6920147380296,127.52501189380584, -1.4870652072747388,-35.84215777261353,1.2055572238630716
2024-09-06 04:01:21,-0.45183372588640075,-90.9139347165382,127.07037748493502, -0.7658004878596574,-36.158880788271226,0.6183078492714345
2024-09-06 04:01:21,-0.25532659334246466,-90.85560908712228,126.41165075314512, -0.43907779176164685,-35.55683758397966,0.35720929802098844
2024-09-06 04:01:21,-0.11840283409555274,-90.93065825103896,125.87864611745948, -0.20669649651973204,-34.94816292486026,0.16942329064278377
2024-09-06 04:01:21,-0.2062876344254371,-91.18669541587404,125.33677262066037, -0.3674732311331598,-34.150624663751046,0.3041091697006995
2024-09-06 04:01:21,-0.028667154961822122,-90.93305230461971,124.45314306767924, -0.05191167280921616,-33.52010158992542,0.04327835667560259
2024-09-06 04:01:21,0.1359639542550098,-91.02012658982521,123.80422364911644, 0.2510981456730613,-32.78434753449769,-0.21110226326136244
2024-09-06 04:01:21,0.15365996201457158,-91.24062233345882,123.39407904936586, 0.2887303451520389,-32.153784503416475,-0.24444625492010963
2024-09-06 04:01:21,0.13115968698668737,-91.55809194479676,123.01381554854598, 0.25133986793885976,-31.455969007226976,-0.214403698713616
2024-09-06 04:01:21,0.022921311686944723,-92.13207762419961,122.48457113406033, 0.04536012587673398,-30.352501339435058,-0.039142746094766895
2024-09-06 04:01:21,-0.20110101505909578,-92.7195084083367,122.28682290943189, -0.4075391123124528,-29.56793657154568,0.3544672421623849
2024-09-06 04:01:21,-0.4336922460599806,-93.24764485015179,122.0300947083457, -0.9006814232633359,-28.785437539431648,0.7893984819324453
2024-09-06 04:01:21,-0.6256233398513741,-93.69810955345169,121.87110173792951, -1.3249098333662888,-28.17936883385926,1.1679193961177234
2024-09-06 04:01:21,-0.8092237136514616,-93.41572569576608,122.6885249512859, -1.6546111423406846,-29.282992073911203,1.4432718132072817
2024-09-06 04:01:21,-0.8001695517798463,-92.92762051603286,123.1765812629982, -1.5880961703412102,-30.258540526759013,1.3718237817460568
2024-09-06 04:01:21,-0.7644398337134317,-92.52318685499544,123.48900955592946, -1.4854699130673266,-30.974320121911116,1.2737145958468932
2024-09-06 04:01:21,-0.6644009268359725,-91.92672907910759,123.9732130482633, -1.2520091391471209,-32.05263705206146,1.0612015694906005
2024-09-06 04:01:21,-0.38830452340671334,-90.98526669110896,124.46539201880839, -0.7038748411711155,-33.48211473480711,0.5870814816049199
2024-09-06 04:01:21,-0.17688376799101507,-90.16639214245032,124.84080099174409, -0.3109136634252325,-34.67480354072917,0.25569443958292626
2024-09-06 04:01:21,0.015293645740876965,-89.4274542759905,125.029126810593, 0.026271118418132677,-35.60167538543863,-0.021360619694392347
2024-09-06 04:01:21,0.3404731437730736,-88.36806245582403,125.21236108410116, 0.5677816370902719,-36.845648672580786,-0.45437479675023845
2024-09-06 04:01:21,0.4479534297815627,-88.17279748080824,125.68454725814098, 0.7356219512283416,-37.51403082709893,-0.583510340393052
2024-09-06 04:01:21,0.356198678131108,-88.56552592106547,126.50159519633625, 0.579378097170788,-37.937489682785134,-0.4569509505713532
2024-09-06 04:01:22,0.15215999849956816,-88.9067756308586,127.18967798991986, 0.24559873573515634,-38.28315834869883,-0.19278527232498188
2024-09-06 04:01:22,-0.11037426504753076,-89.21128538491287,127.87412157506296, -0.17667302085308945,-38.662969065744704,0.1379525333358642
2024-09-06 04:01:22,-0.34551079248923483,-89.5271805813993,128.54464092831154, -0.5488054454789959,-39.01874599905625,0.42639408193503425
2024-09-06 04:01:22,-0.5697783713828639,-90.13028859489937,129.2595872795646, -0.9028280238128074,-39.132780993698645,0.7003336464282669
2024-09-06 04:01:22,-0.7043502295476625,-91.23406717543136,129.88159584373287, -1.127723839322518,-38.65294237094909,0.8807331536663547
2024-09-06 04:01:22,-0.9430497116786216,-92.26141592193258,130.1547821849614, -1.5351980331363992,-37.9033367223128,1.211454819412272
2024-09-06 04:01:22,-1.079611001626135,-92.3419197012122,129.6421389556144, -1.7811983018000936,-37.313568621282414,1.416808053337234
2024-09-06 04:01:22,-1.4060833906839216,-91.81483930943963,129.09867615514722, -2.320370392432442,-37.30649114094068,1.846004451171889
2024-09-06 04:01:23,-1.794689437923852,-91.34502556580308,128.58908473287786, -2.963716501771511,-37.28101198786905,2.3589246529751198
2024-09-06 04:01:23,-1.8921669523528302,-91.1943659399083,127.97826748363661, -3.1578866610992034,-36.82566654687538,2.5286908542279
2024-09-06 04:01:23,-1.9042284816447712,-92.00796419907502,128.33242002383398, -3.2124765112570577,-36.36746889427052,2.58773748316589
2024-09-06 04:01:23,-1.753357449155328,-91.98555872799633,128.88423799452357, -2.9186915078408857,-36.934394910140036,2.3337090953411437
2024-09-06 04:01:24,-1.293542966136625,-91.87897904136864,129.15809276081467, -2.1349965025879873,-37.29829091216998,1.6986603385304486
2024-09-06 04:01:25,-0.6578449165829721,-90.9236313009198,128.27334219148446, -1.0842570918786678,-37.35465906483961,0.8619084358276756
2024-09-06 04:01:25,-0.3666013390545817,-90.77713992123319,127.6707155496454, -0.6106510111448745,-36.89513802387545,0.4883660208813183
2024-09-06 04:01:25,-0.14292706876052827,-90.59338748935988,126.71949993200272, -0.24242725532535359,-36.12635667602468,0.19581344865260086
2024-09-06 04:01:25,-0.05490000466904847,-90.32791476964069,125.75952700984807, -0.09469907326497118,-35.431649207771216,0.07716155640418809
2024-09-06 04:01:25,0.0781750167723866,-90.01211039979663,124.56420940560878, 0.13783685606752524,-34.55217645249647,-0.11352389017528716
2024-09-06 04:01:25,0.24949319622202734,-89.7418785562962,123.54296415867157, 0.4484712980591112,-33.801896991113495,-0.3726667787965665
2024-09-06 04:01:25,0.22964473313867098,-89.60155252916928,122.9042838388692, 0.4182434908607641,-33.303431839169384,-0.34955910588572875
2024-09-06 04:01:25,-0.12676355290012117,-89.33705199683894,122.21114034322011, -0.23353776668752918,-32.87430532095699,0.19614013586223183
2024-09-06 04:01:26,-0.7309471100197846,-88.98702057465906,122.15476247607097, -1.3358891417830852,-33.174874942024516,1.1182056868740977
2024-09-06 04:01:26,-1.1552355593092256,-88.12350028097913,122.36461820901192, -2.0525066851111653,-34.25822420011956,1.6966451045883364
2024-09-06 04:01:26,-1.3356324217392836,-87.38267147791609,122.78460817791623, -2.304736247607951,-35.423833974804666,1.8784393582036785
2024-09-06 04:01:26,-1.4860264591107644,-86.83476353121333,123.34079833741092, -2.4968904057473678,-36.53206265819816,2.0067611106043595
2024-09-06 04:01:26,-1.9520932571904064,-86.49500457808591,123.61795384927598, -3.2322920219395623,-37.16685634797776,2.5767447009984425
2024-09-06 04:01:26,-2.445623840445958,-85.92785971803487,123.64303022542838, -3.993787421520551,-37.78260411315596,3.1583733326445564
2024-09-06 04:01:26,-2.8516056795092193,-85.16784897515707,123.28282954663119, -4.61373831534521,-38.20532372555765,3.6284709932059998
2024-09-06 04:01:26,-3.2431195162392696,-84.2349375759657,122.91662052791202, -5.180434182460357,-38.796151513449495,4.0418474210793045
2024-09-06 04:01:26,-3.671191235454607,-83.60939756080971,122.74354397764345, -5.8048094450283125,-39.278422559246195,4.4995436722325675
2024-09-06 04:01:26,-4.208572037932952,-83.51246237791851,122.76600870929025, -6.63339624491822,-39.442238116441246,5.1319856097204415
2024-09-06 04:01:26,-4.75564074900358,-83.50287259446792,122.61673075652409, -7.512316599836645,-39.35582614487442,5.822088305201594
2024-09-06 04:01:26,-5.303688129303989,-82.94797299586038,122.51629483096826, -8.29156056517201,-39.86424615679549,6.382584579161165
2024-09-06 04:01:26,-5.66497386536419,-82.46118769336398,122.7887090114746, -8.714455529397224,-40.65605292621199,6.632750866437247
2024-09-06 04:01:26,-5.985438504924023,-81.9636484980752,123.0715416569729, -9.06058956815205,-41.46457940936088,6.814544625904573
2024-09-06 04:01:26,-6.258039756392646,-81.42288283569854,123.07184197137047, -9.369938897152428,-42.031418965488776,6.987646654616237
2024-09-06 04:01:26,-6.527223336479544,-80.761823852576,122.55764444722394, -9.74123684878851,-42.20959518321677,7.246700643434629
2024-09-06 04:01:27,-6.333427982176417,-80.05505610486101,122.18536290413715, -9.394865670512687,-42.515476336953675,6.9533061599453045
2024-09-06 04:01:27,-5.817798277956413,-80.40694532452001,122.38909947010487, -8.661010093677907,-42.309083329644196,6.427169178904876
2024-09-06 04:01:27,-5.3128307326389566,-80.71547171423373,122.55819712311975, -7.935972934624587,-42.11687754693643,5.90368666993419
2024-09-06 04:01:27,-4.813353850350728,-80.99046615255327,122.82564818112202, -7.195486395089498,-42.06040458287838,5.354827364433995
2024-09-06 04:01:28,-4.424576657333503,-80.5098332317325,122.37586175622137, -6.613343815323721,-42.05621405113681,4.920122046230615
2024-09-06 04:01:28,-4.033452884730296,-79.86154320267852,122.03229303305332, -5.9960016457919085,-42.32718308558619,4.440257460323555
2024-09-06 04:01:29,-3.524652715074788,-79.68445285562703,121.74580311309658, -5.253134924763017,-42.18131877546346,3.897617679019749
2024-09-06 04:01:29,-3.11734170423054,-79.74678471420735,121.45894399972163, -4.6791906414784625,-41.80718868081218,3.4912803538245334
2024-09-06 04:01:29,-2.672782558006248,-80.17162587455104,121.34484362510645, -4.0560544009070005,-41.244433132760236,3.0519779629165975
2024-09-06 04:01:29,-2.3640842377145987,-80.709963736011,121.38462972287427, -3.624431420220364,-40.73137905731401,2.7480712540363563
2024-09-06 04:01:29,-2.0929644662535494,-81.4285751666409,121.6828451883791, -3.236969417647756,-40.29939284345346,2.4698551872562438
2024-09-06 04:01:29,-1.9129897966008451,-82.31691452596097,122.18437183298167, -2.9827312432275725,-39.90567694610771,2.288908655672311
2024-09-06 04:01:29,-1.8109885927089369,-83.13269157534344,122.86716018291469, -2.8317117163219336,-39.76888482505782,2.177266744576875
2024-09-06 04:01:29,-1.7600477911709589,-84.00135470079543,123.5870886112153, -2.7607504546117156,-39.61841407857526,2.127298405492314
2024-09-06 04:01:29,-1.6234198523047065,-84.73650024189094,124.14354960812601, -2.556256240968774,-39.435031604410845,1.9748411967452264
2024-09-06 04:01:30,-1.434605066951367,-85.48257334440392,124.84064200460196, -2.261493619646602,-39.3799602235465,1.7483994341754328
2024-09-06 04:01:30,-1.4448221139590818,-86.190592999748,125.56628836463683, -2.276736565313918,-39.39788584554176,1.7597371678059825
2024-09-06 04:01:30,-1.3688623447224346,-86.90728650201177,126.23251076289867, -2.159425771689692,-39.34517919344257,1.6702893167549655
2024-09-06 04:01:30,-1.100452723545522,-87.60636311950974,126.6262233836978, -1.747561452295942,-39.032899100651726,1.3576455698668222
2024-09-06 04:01:30,-0.9092111894260932,-88.51044975931582,127.07939218874121, -1.4581484158141589,-38.57798823547049,1.1400179431219986
2024-09-06 04:01:30,-0.7679452505560579,-89.38387841669898,127.44601424902235, -1.2454999561031646,-38.06870770603203,0.980605841361472
2024-09-06 04:01:30,-0.7442963675581425,-90.01608100089689,127.3930907015353, -1.2259550710384453,-37.38333749838243,0.9741879382504982
2024-09-06 04:01:30,-1.0434148176619062,-90.86124496401365,127.0919709213336, -1.7650294524128802,-36.24369023419281,1.423670805184677
2024-09-06 04:01:31,-1.297563616959869,-91.85774504678355,126.79909799995289, -2.2647533197374274,-34.96237581431872,1.8563473403581188
2024-09-06 04:01:31,-1.5547339520535466,-92.4811079462836,126.5376524052943, -2.7747674000342974,-34.08773669198404,2.298572041993027
2024-09-06 04:01:31,-1.7614189539226959,-92.97326339724738,126.2904698082115, -3.204479344410863,-33.35837186026464,2.677377427578516
2024-09-06 04:01:31,-2.072110906168922,-93.45392136062236,125.79648670360282, -3.8690460452530453,-32.40168363406394,3.268108249584532
2024-09-06 04:01:31,-2.384710109282131,-93.86658739331114,125.40715441508054, -4.551818866886801,-31.62131811112662,3.878260115333048
2024-09-06 04:01:31,-2.8288895607079256,-93.73248734729806,125.89171348624483, -5.3038456841110335,-32.27010590991196,4.488267068551731
2024-09-06 04:01:31,-2.9920372361737875,-93.49882951566322,126.45529029036308, -5.48821062297567,-33.07673867312305,4.60298168057362
2024-09-06 04:01:31,-3.1049477755078745,-93.31530293975919,127.06622010159494, -5.576427015804257,-33.87658675333617,4.634314917615733
2024-09-06 04:01:31,-3.01400210776188,-92.9734454820797,127.73208414863632, -5.276518303318858,-34.872686028453494,4.332985621070694
2024-09-06 04:01:31,-2.9104853290866775,-92.70249896266331,128.25277954565922, -4.997445394665686,-35.65357186575673,4.064203519962651
2024-09-06 04:01:31,-2.685633077016458,-92.53149046150344,128.7693163010643, -4.536978981759195,-36.323602895426646,3.6580537689172172
2024-09-06 04:01:31,-2.3903470000799576,-92.27028027306896,129.1890832845966, -3.9753034043873643,-36.98510685395191,3.1772845566289343
2024-09-06 04:01:31,-2.2706351496315262,-92.20904996713841,128.5369517729318, -3.8292029665687104,-36.38903712226113,3.0841518315112317
2024-09-06 04:01:40,-2.0448672635348086,-91.43713988545943,127.7766480321071, -3.4481492962429168,-36.38907755918426,2.776963526229954
2024-09-06 04:01:40,-2.1557532408187594,-90.88089309311152,126.41689599199873, -3.7056257108850295,-35.59273753041619,3.014743743098628
2024-09-06 04:01:40,-2.742436779947786,-90.8673650636033,125.64882666489535, -4.7999295202251,-34.875830094413445,3.9408412118603326
2024-09-06 04:01:40,-3.4335712548737174,-90.84353204034329,124.7293397540301, -6.142181150373425,-34.03864509172847,5.09588928587344
2024-09-06 04:01:40,-3.7992930309793658,-90.81331390588062,124.17007292441697, -6.886475091253722,-33.54755805325443,5.747815285435123
2024-09-06 04:01:40,-4.256504142308149,-90.82211877304468,123.61688184811564, -7.8241624761418285,-33.039226219816875,6.571090116318515
2024-09-06 04:01:40,-4.668515528047124,-90.84369125812401,122.73816537327632, -8.786006257992375,-32.19864002018453,7.451304215990975
2024-09-06 04:01:40,-4.306779257025588,-90.51795133791794,121.72461392379934, -8.269992770262801,-31.472718581296576,7.066726064676006
2024-09-06 04:01:40,-4.082793555837937,-90.02708582961657,120.62787490844266, -7.981928203248495,-30.84576250816812,6.864534601965984
2024-09-06 04:01:40,-4.3157811923904355,-89.74892084693997,119.97881018220272, -8.524840387504655,-30.5075447292301,7.358634302479285
2024-09-06 04:01:40,-4.29456583004343,-88.81152585760651,119.49567431701864, -8.371396861588707,-30.954188501612744,7.19263588757267
2024-09-06 04:01:40,-4.207826422667111,-87.97241612776033,119.52720744002076, -8.002770106864531,-31.80538741912657,6.813376111481405
2024-09-06 04:01:40,-4.1429109023358555,-87.03921071838295,119.45828675687567, -7.694656453507058,-32.654059712047655,6.489801037644754
2024-09-06 04:01:40,-4.070915565155212,-85.88984026065879,119.12347731348733, -7.399058983942069,-33.45362145682205,6.183699288216441
2024-09-06 04:01:40,-4.015291805227904,-84.83522196046542,118.9442007849983, -7.134967677125214,-34.316078553609685,5.902736132749152
2024-09-06 04:01:40,-3.910350197359883,-84.10490501362247,118.57335173615688, -6.886718769971624,-34.66227640974111,5.673277504527672
2024-09-06 04:01:40,-3.6939935956454106,-83.38805271370788,118.21074336454211, -6.450488435270433,-34.993455070586705,5.291695733650322
2024-09-06 04:01:40,-3.517013290073229,-82.69588026969927,117.87231560126598, -6.089552218425016,-35.3292512494787,4.974370865290121
2024-09-06 04:01:40,-3.158041552003429,-81.80438194518922,117.41995666011856, -5.412325369869896,-35.73686121041486,4.397685283014063
2024-09-06 04:01:40,-3.008729671522884,-81.07370157630751,116.92792737670833, -5.127753851785524,-35.963371508153344,4.154187805094874
2024-09-06 04:01:40,-2.858653280852242,-80.337807463387,116.48098581696594, -4.839261719604522,-36.24068480159661,3.9063055492479717
2024-09-06 04:01:40,-2.707599689437344,-79.54190521184918,115.85594864420914, -4.565738505114661,-36.40098539859911,3.677627517784156
2024-09-06 04:01:40,-2.6037712057848266,-78.50319839175089,114.90492866566024, -4.3820249580066655,-36.48188264294705,3.525773546294026
2024-09-06 04:01:41,-2.1334072466419496,-79.65252757507261,115.62864747591334, -3.6284736239911966,-36.03079367980093,2.935707477081828
2024-09-06 04:01:41,-1.7474131759167268,-80.93718834283328,116.88280459738661, -2.9750138969983557,-35.98234610086328,2.408122332955892
2024-09-06 04:01:41,-1.6235792160221392,-82.08887498611494,117.8860594076425, -2.7743119824792544,-35.82906846089983,2.2499228083617364
2024-09-06 04:01:41,-1.5062383419925354,-82.9821377115751,118.66789548710122, -2.5809442030456884,-35.71331410555316,2.0960752131865914
2024-09-06 04:01:41,-1.4665146838845837,-84.11088684103696,119.59828486893414, -2.525107533631288,-35.513712260758794,2.055827281371463
2024-09-06 04:01:41,-1.5300667123132712,-85.32493143657393,120.49195322754971, -2.6552707254218095,-35.19600643578177,2.1703636531141166
2024-09-06 04:01:41,-1.54799495294046,-86.38788817324206,121.28692003692638, -2.704308983611716,-34.928995908878605,2.2177005125044547
2024-09-06 04:01:41,-1.5996638421987655,-87.39407795088829,122.18757858343238, -2.801869495303132,-34.82562321679136,2.300635509060988
2024-09-06 04:01:41,-1.6072343133928872,-88.31896890280095,123.07106004682916, -2.8180422408238233,-34.78456837078586,2.315073638797186
2024-09-06 04:01:41,-1.6030835062349391,-89.23977716045663,123.8934776522029, -2.8177397302882263,-34.68612892776647,2.317581122316273
2024-09-06 04:01:41,-1.4650906418873202,-90.2629205363891,125.05788140727907, -2.566287873580685,-34.821906675876,2.1072044914529853
2024-09-06 04:01:41,-1.403272514053965,-91.38207586060673,126.34492022528173, -2.4477988430737563,-34.98741120815581,2.0058290024272454
2024-09-06 04:01:41,-1.440955329692211,-92.381259128421,127.52445909878617, -2.5022374106089655,-35.16893070188069,2.0459038074264564
2024-09-06 04:01:41,-1.2715515756356042,-92.83930379353927,128.42049171671306, -2.184636863603512,-35.600904159144854,1.776601544403111
2024-09-06 04:01:41,-1.2014831465542277,-93.47807528435905,129.23466202082832, -2.055545762421638,-35.774077112091504,1.6679671644779093
2024-09-06 04:01:41,-1.217226438519838,-94.28224917286656,129.83454436033628, -2.092831650593511,-35.5703824019806,1.7025687220593841
2024-09-06 04:01:54,-1.0900741127441764,-94.5513606274345,130.5842122409086, -1.8526604100742325,-36.04710399645598,1.498118765660603
2024-09-06 04:01:54,-1.2091535478754925,-95.39901734353106,130.69301408556197, -2.0921666634031553,-35.31201599283277,1.7074958014366408
2024-09-06 04:01:54,-2.005965491377598,-97.12480550084102,130.3565576871318, -3.656864292699947,-33.285305214275326,3.058199020231518
2024-09-06 04:01:54,-2.3205158372408885,-97.60532583276066,130.17779617690385, -4.304535974168434,-32.64594249003805,3.6264899946293467
2024-09-06 04:01:55,-2.5747966066063697,-98.40762470347806,130.02023699634188, -4.903411860977597,-31.706465564323445,4.174398913999344
2024-09-06 04:01:55,-2.7488390599911803,-99.02524976834319,129.73325564663938, -5.371225877936338,-30.818823743862204,4.616309239682381
2024-09-06 04:01:55,-3.0551005480598294,-99.60338309232858,129.4711611246513, -6.11720953173424,-30.00927313245364,5.302195502966001
2024-09-06 04:01:55,-3.0874520365336764,-99.9079331501676,129.01725437157876, -6.326854446461865,-29.2583349360404,5.525060885615474
2024-09-06 04:01:55,-3.0189243281988447,-99.99585669073863,128.40230995153078, -6.326015024861803,-28.55312740709934,5.561763338577145
2024-09-06 04:01:55,-2.946149979139121,-100.16635814858908,127.70027078148236, -6.352637498423878,-27.678825049792046,5.63064548199564
2024-09-06 04:01:55,-2.9885754228102765,-100.22896388228847,127.14286531078675, -6.5793048993729775,-27.067005080539595,5.864032997198906
2024-09-06 04:01:55,-3.267020360372817,-99.26417683132085,126.82321280382803, -7.033468258803168,-27.736935838682353,6.232045245174163
2024-09-06 04:01:55,-3.1188080364419175,-98.38371729001115,127.09089093685196, -6.471763936850127,-28.86175211697853,5.673498354223447
2024-09-06 04:01:55,-3.1520203807410505,-97.44545597733459,127.11583589043013, -6.347925066196209,-29.82217500653806,5.512858132329474
2024-09-06 04:01:55,-3.1002336860395006,-96.67324290981266,127.26589468516651, -6.0747447838675015,-30.734189229586924,5.226639046547871
2024-09-06 04:01:55,-3.0699689879006056,-96.02301676289443,127.3513693464721, -5.889274921789982,-31.46318017343046,5.0282265145330935
2024-09-06 04:01:55,-2.988148571032315,-95.00693243136811,127.2407071619406, -5.589625045031546,-32.35711034652854,4.726006685353562
2024-09-06 04:01:55,-2.862644779049321,-94.23572124129332,127.08882340213117, -5.266404546456542,-32.963654262183276,4.422280366254425
2024-09-06 04:01:55,-2.760195758393774,-92.93352861342947,126.74151164746104, -4.952182835111628,-33.907120775929094,4.113213926750754
2024-09-06 04:01:55,-2.80119026670293,-91.25074486646588,125.46722383034768, -4.97292466031165,-34.31702494591919,4.110569539441693
2024-09-06 04:01:55,-2.684784471541785,-90.46873644614105,124.61804543294284, -4.775133058524373,-34.24191596224119,3.950348701241579
2024-09-06 04:01:55,-2.45567563047494,-89.66511041810287,122.90659322879941, -4.473412255456948,-33.32167690514511,3.7402732478349443
2024-09-06 04:01:56,-2.4074351869308286,-88.83429238057172,121.20948194243897, -4.489440981307903,-32.45486405446165,3.7904874332727427
2024-09-06 04:01:56,-2.581248044745878,-88.30012108114174,120.20955922276396, -4.874888971081198,-32.002678918948156,4.136820567835191
2024-09-06 04:01:56,-2.8430152664827757,-87.61080480455993,119.02146485969959, -5.443126843278247,-31.52595331604764,4.643554824939205
2024-09-06 04:01:56,-3.580427302472691,-85.5366149181122,116.03295480666112, -7.028983177229007,-30.685693993260553,6.052675402035596
2024-09-06 04:01:56,-3.7213265886972007,-84.8798347156268,115.2226475389071, -7.336461108291582,-30.548563506397535,6.327064242245375
2024-09-06 04:01:56,-2.454650340963621,-81.45711540577295,112.08428532691744, -4.809859788955626,-30.715853464997174,4.137622731015466
2024-09-06 04:01:56,-2.8062523765098595,-80.92674345546614,111.50612960737644, -5.5035991930666555,-30.695463379419955,4.736296056130914
2024-09-06 04:01:56,-3.0489477541811234,-80.3224687123584,110.66098351386192, -6.0196875293954095,-30.476809510224736,5.192882433069656
2024-09-06 04:01:56,-3.013324152040504,-79.59121366206013,109.99043191516627, -5.939060896422144,-30.533980965839582,5.120206101293799
2024-09-06 04:01:56,-3.0632095169649647,-78.90879439916418,109.34525243868022, -6.0302160823812265,-30.575503030746873,5.196730021227509
2024-09-06 04:01:56,-3.3361002122057153,-78.38742032510307,109.21945297694973, -6.48865504474293,-30.994321570748433,5.568496345435525
2024-09-06 04:01:56,-3.655470948665797,-80.05436772490582,111.05921921516776, -7.07001796212643,-31.198276411912964,6.055781901481163
2024-09-06 04:01:56,-3.238767828010574,-81.38801361256712,112.59655754047654, -6.232548951580204,-31.35927489589713,5.327786279878202
2024-09-06 04:01:56,-3.0116536139914114,-82.71426096317018,114.0330502723397, -5.779537078341816,-31.448602492797953,4.935122805328291
2024-09-06 04:01:56,-2.9383705101429554,-85.33269968631531,116.62323660251201, -5.644117218322691,-31.41425866333251,4.821040089186186
2024-09-06 04:01:56,-3.042193627519534,-86.01181722632636,117.25366027537696, -5.850680679017382,-31.374696668434513,4.999903123759158
2024-09-06 04:01:56,-3.2627820562595407,-86.58792527118852,117.8959145719412, -6.260708008068346,-31.46036348154888,5.346179780029841
2024-09-06 04:01:57,-3.0760856935866787,-89.53935996151172,120.63527487976484, -5.940307888333871,-31.232519010385463,5.084270721820315
2024-09-06 04:01:57,-2.8977785867969175,-90.42206211708526,121.66160278903479, -5.574621333619421,-31.36011513501808,4.764309833876072
2024-09-06 04:01:57,-3.166546274054614,-91.98111913435838,123.23427745471966, -6.0865796420603235,-31.39700550779214,5.200672518964412
2024-09-06 04:01:57,-2.8030303196897854,-93.38346303550279,124.73887028194125, -5.3753425026386665,-31.467728658775258,4.5884784741645355
2024-09-06 04:01:57,-2.60242094333052,-93.55336543227615,125.37894158870142, -4.926263361888856,-31.92065959880912,4.184199029017684
2024-09-06 04:01:57,-2.213952721641342,-93.25649587635203,126.59604524045659, -4.02367948292891,-33.40450528869555,3.360659585467957
2024-09-06 04:01:57,-1.9936223625597724,-92.40270896228704,126.01870391064656, -3.597757969320638,-33.668126509206985,2.9954890171829143
2024-09-06 04:01:57,-2.114812014307793,-90.3941514359566,122.74849984688794, -3.9473215338651024,-32.415898047731446,3.3337615664760745
2024-09-06 04:01:57,-2.3583327702700068,-88.71770241825917,120.81742304263526, -4.431657155820543,-32.17699934923672,3.7531066592999247
2024-09-06 04:01:58,-2.5153078297699523,-85.34734496440555,117.41516441745586, -4.729887870362412,-32.15582207204116,4.006917106529277
2024-09-06 04:01:58,-2.6804118038573144,-84.03234841888374,115.87285572134837, -5.0712304961801955,-31.941307472792076,4.306542494821865
2024-09-06 04:01:58,-2.714642575919104,-83.37764237894464,115.0622805271047, -5.1582399384826845,-31.78865359206526,4.387774934123415
2024-09-06 04:01:58,-2.5169579807191234,-81.95734819496516,113.72908584080302, -4.772226506821755,-31.860873594752434,4.055817381195785
2024-09-06 04:01:58,-2.57418375715584,-81.17738371222262,112.90062648120863, -4.887001877014604,-31.816648000385136,4.155477058494077
2024-09-06 04:01:58,-2.7647143995392693,-80.61085643559824,112.17481724830749, -5.2708990665413555,-31.672350712496996,4.4893632616987675
2024-09-06 04:01:58,-2.5559805510477065,-79.93501347097524,111.75966496179748, -4.838782965835522,-31.91637984608357,4.109987201895194
2024-09-06 04:01:58,-2.353082896294209,-80.29186700401858,112.50151325678897, -4.408398417437558,-32.28625551118888,3.7289138045968997
2024-09-06 04:01:59,-2.2566360172771365,-81.04365538442941,113.36324934522091, -4.215402010540855,-32.38976032968409,3.5614279254904107
2024-09-06 04:01:59,-2.0548664715583413,-82.45302817028444,114.79672342371668, -3.836797018680973,-32.40183201134651,3.240839341271333
2024-09-06 04:01:59,-1.7946893882527835,-84.632898988634,117.37040077919116, -3.316016100276566,-32.78119164827733,2.788834343601765
2024-09-06 04:01:59,-2.470361107522438,-85.84126523505557,118.68107939019927, -4.5486507558415825,-32.92222069280467,3.820548185836024
2024-09-06 04:01:59,-2.526376625544377,-86.60501774104887,119.52292107414792, -4.641721494800677,-33.00382772615835,3.895232614638635
2024-09-06 04:01:59,-1.7899240601362505,-88.39726382538963,121.71452054559278, -3.2562559164020453,-33.35976436692078,2.720621780757708
2024-09-06 04:01:59,-1.3482277461330796,-88.8486998039093,122.48857359174632, -2.4327375208445448,-33.663704336980125,2.0251545241796745
2024-09-06 04:01:59,-1.2800812771328252,-89.5700859977563,123.30833784081898, -2.303933720974528,-33.759655263010764,1.915753957147708
2024-09-06 04:01:59,-1.346402543491385,-90.25249066877684,123.97600868504713, -2.424137348640277,-33.74720909243421,2.0160333077882036
2024-09-06 04:01:59,-1.4549129591079466,-90.91196167994504,124.61336773453728, -2.6208376293245355,-33.72909113868502,2.1801467608204836
2024-09-06 04:01:59,-1.4687376495420246,-91.38814357521433,125.31161603852412, -2.6304718944757117,-33.95145060861586,2.1824838113051865
2024-09-06 04:01:59,-1.4982365108053541,-91.82760423584912,126.1599396638446, -2.6551878561427076,-34.36100463541383,2.192351607677278
2024-09-06 04:01:59,-1.5149526101552147,-92.07173954223713,126.88481172880888, -2.6523398165235217,-34.84186312092816,2.177367694791858
2024-09-06 04:01:59,-1.5897228473097593,-92.03142321293147,127.43713113821383, -2.742525891469012,-35.436720777165206,2.2350641235268234
2024-09-06 04:01:59,-1.664010434703435,-91.5227561132093,127.72979958510955, -2.8155150923523244,-36.24003487211286,2.2714852853014627
2024-09-06 04:02:00,-1.6531953049477464,-90.90875842799655,127.91642652223517, -2.7451877999731815,-37.03929605988065,2.191879286271311
2024-09-06 04:02:00,-1.3482835549462084,-91.82067015663057,127.22006949681841, -2.3266957087408278,-35.42171536068157,1.8963934911819829
2024-09-06 04:02:00,-1.2969953419823619,-92.2638042222277,126.91252209716642, -2.280444669285728,-34.66995239240109,1.8758550273459917
2024-09-06 04:02:00,-1.2848712774371713,-92.97698918787277,126.36480504437405, -2.333942162910218,-33.409667744876096,1.9485965174834394
2024-09-06 04:02:00,-1.2238439407424377,-94.00059650431565,125.82633152308401, -2.319882768630287,-31.84678777019544,1.9709522900881487
2024-09-06 04:02:00,-1.1955047229494005,-94.74620257186774,125.36549257482122, -2.3462334528674846,-30.64035617294146,2.018953066541027
2024-09-06 04:02:00,-1.0748812112735253,-95.80052613608845,124.49021035655281, -2.2381536141140215,-28.708102211828475,1.9632662095463638
2024-09-06 04:02:00,-1.0730010718776837,-96.24800235209868,124.07878560395935, -2.2973635779750974,-27.849808247446372,2.031509446735527
2024-09-06 04:02:00,-1.4296126639157458,-96.46227413019345,123.47001943418888, -3.145646380320812,-27.04271490633125,2.8023077609671656
2024-09-06 04:02:00,-1.7455330431578442,-96.6523481184987,123.11248576591255, -3.9126028906836767,-26.51350610003615,3.5021952534791834
2024-09-06 04:02:00,-1.97213865297602,-96.87349006202048,122.68707470490686, -4.521404218425152,-25.88365663593773,4.069435825987266
2024-09-06 04:02:00,-2.306968532571581,-96.37522798232305,123.21903632451595, -5.098152554984621,-26.935420573193674,4.5475528809228685
2024-09-06 04:02:00,-2.177542559922051,-95.54830656281763,123.70526890788041, -4.60679633048524,-28.234166895828743,4.060643185832815
2024-09-06 04:02:00,-2.219804881560549,-94.70720953265999,123.99577822975711, -4.530350768782968,-29.36513037225661,3.9502348128268268
2024-09-06 04:02:00,-2.2367167935019316,-94.05478153104364,124.1840662844063, -4.449329226135436,-30.204416661925773,3.8472263274185803
2024-09-06 04:02:00,-2.3586476025670757,-93.12604456767404,124.48655779139796, -4.525317706275857,-31.440069555374908,3.8631225080021068
2024-09-06 04:02:00,-2.1073884817437225,-90.89999953198574,125.05306845973547, -3.7501003384306757,-34.21014859717624,3.1026615336738215
2024-09-06 04:02:00,-1.979209679388772,-89.85724507891123,125.41155738416785, -3.4011317389926004,-35.602108789402735,2.7664907523543874
2024-09-06 04:02:00,-1.5766157343407805,-88.82783597752248,125.73353463887952, -2.624332125502035,-36.93457216591611,2.0982166881244875
2024-09-06 04:02:00,-1.2881672919972669,-87.82482829329615,125.9928947524883, -2.083945109453142,-38.186484823108245,1.63826264745444
2024-09-06 04:02:00,-1.0719318639026318,-86.64096185696854,126.288726390307, -1.6796845979113129,-39.65986294634324,1.2932507772924602
2024-09-06 04:02:00,-1.2153130634646745,-86.0878843422046,126.47753498454293, -1.8751458149110314,-40.40479794466703,1.428107794673579
2024-09-06 04:02:00,-1.2633104259003256,-85.37201782477027,126.66909220351991, -1.9138113181717649,-41.31292600795106,1.4377258167646736
2024-09-06 04:02:00,-1.4389744296299432,-85.96614314533296,126.62703290980744, -2.207807131408949,-40.68192128412676,1.6746207329500642
2024-09-06 04:02:00,-1.4399610842748438,-86.61732846485111,126.43881635449377, -2.247861148357046,-39.84318307549607,1.726273239164836
2024-09-06 04:02:00,-1.4761204988888248,-87.85650326544516,126.09868216331768, -2.383888054769267,-38.26629801218466,1.872102037388076
2024-09-06 04:02:00,-1.5192554356249528,-88.82201213456261,125.82274490849929, -2.523372045784207,-37.02745195956082,2.01499903341073
2024-09-06 04:02:00,-1.5775266611359333,-89.52272045605694,125.58443030105322, -2.6786017365862254,-36.091520663489725,2.165063867619592
2024-09-06 04:02:00,-1.5040083916824942,-90.44487972390198,125.35831574088951, -2.626593855384744,-34.94170693956476,2.153606155968043
2024-09-06 04:02:01,-1.4420941788831056,-91.20870185241185,125.03665198398511, -2.5892121156239165,-33.855020097567625,2.150665153731567
2024-09-06 04:02:01,-1.4716626980612384,-91.96250698731993,124.71114180213118, -2.7190483073633507,-32.77800651974334,2.2866094123380494
2024-09-06 04:02:01,-1.6653523298550792,-92.50884971455362,124.43955178842417, -3.146470010167122,-31.969514734042196,2.669996835210919
2024-09-06 04:02:01,-1.9735277909549827,-93.29510163427098,123.98851665129123, -3.861966096661792,-30.750619651393965,3.3202908559377695
2024-09-06 04:02:01,-2.273303717713683,-93.12761981929701,124.67460801087978, -4.338986810626,-31.62036085476595,3.6967648960665613
2024-09-06 04:02:01,-2.219374933235996,-92.60047153026642,125.07599552723366, -4.128291246195304,-32.542988471247654,3.48184275573102
2024-09-06 04:02:01,-1.9322461087425296,-91.60239432225453,125.8659780369901, -3.4292491524488264,-34.31137801895912,2.8335877189746994
2024-09-06 04:02:01,-1.918511979875233,-90.84459440165418,126.19038749582893, -3.3138401840533502,-35.391051664603225,2.702513413937428
2024-09-06 04:02:01,-1.856550296939305,-90.20643016975633,126.48898113203157, -3.135261056303586,-36.32350094710084,2.526918693775828
2024-09-06 04:02:01,-1.853200855256906,-89.61223149394692,126.75033959581086, -3.0676792926778003,-37.17765984931914,2.4450742366054854
2024-09-06 04:02:01,-1.7990745859915505,-89.0753112946689,127.00227924799606, -2.9253768112888934,-37.96319771287872,2.3071432103651897
2024-09-06 04:02:01,-1.7349178900737015,-88.53126437792584,127.25698951896271, -2.7719206490581474,-38.758467001736896,2.1621824708881157
2024-09-06 04:02:01,-1.5257250286499886,-87.90911447238311,127.58460666562216, -2.3889551315743,-39.699974330871754,1.8384963381641566
2024-09-06 04:02:01,-1.4174591493408317,-88.60916620289585,127.16615404308344, -2.2734169993791387,-38.578979101675145,1.7776048864333254
2024-09-06 04:02:01,-1.3915020491634844,-89.85558205754346,126.47053583029147, -2.3322044862311877,-36.63768630160823,1.8717875740673515
2024-09-06 04:02:01,-1.4937523479544752,-90.9652950052446,125.8344842112216, -2.6115857964667555,-34.89712193701652,2.1424575598522266
2024-09-06 04:02:01,-1.6042687461143874,-91.77480144367425,125.29360561167496, -2.903447012268156,-33.55269535987233,2.420301103966906
2024-09-06 04:02:01,-1.8267494443150247,-92.64553289472101,124.785203350118, -3.4308939099392335,-32.18598816303225,2.9046305967103336
2024-09-06 04:02:01,-2.0236763359963272,-93.39170551189332,124.3722085416554, -3.9268802617933263,-31.039969240991326,3.365982090936795
2024-09-06 04:02:01,-2.2097888025029415,-94.05359479265374,123.93371792420143, -4.429019329754163,-29.954197587787164,3.8393173004325067
2024-09-06 04:02:01,-2.459523081113602,-94.4693671987924,123.64518227751223, -5.035364622438306,-29.270211066997692,4.395169475860691
2024-09-06 04:02:01,-3.164213316465574,-94.87337754969984,123.09089031062382, -6.668747710035133,-28.379873923094333,5.8732487336675145
2024-09-06 04:02:01,-3.8279928718674068,-94.99844240848624,123.06659232854378, -8.093500842772027,-28.306939784445913,7.136322737989195
2024-09-06 04:02:01,-3.7788670590756386,-94.569401089817,123.82684876858536, -7.69654059008259,-29.479051018848757,6.709862892589571
2024-09-06 04:02:02,-3.1759440600162936,-93.99292479239386,124.78857131798745, -6.185505457899717,-30.942975482221946,5.310627501700511
2024-09-06 04:02:02,-2.583994425965134,-93.41405677769396,125.42619268561683, -4.866125514955369,-32.1052036891361,4.124765547205586
2024-09-06 04:02:02,-2.121940700095221,-92.9507801568511,125.9282402232975, -3.894187375819176,-33.03796179610851,3.2660283742005585
2024-09-06 04:02:02,-1.638962162311056,-92.32976375968872,126.42882349017218, -2.9217157684403117,-34.1336660960911,2.419054039818524
2024-09-06 04:02:02,-1.408285284084652,-91.67612244897305,126.7397619534821, -2.450382157612714,-35.0882897174194,2.005471342632817
2024-09-06 04:02:02,-1.156936096255198,-91.08156691526717,127.05159247147726, -1.9692078432545777,-35.9861165983498,1.593619649473123
2024-09-06 04:02:02,-1.1810905098883502,-90.54172674023278,127.24944850353575, -1.9754461264414611,-36.72404541204997,1.5835933334356462
2024-09-06 04:02:02,-1.6262462490828629,-90.84407110764695,127.1150152069746, -2.747505024911094,-36.30238212096865,2.2148192917635887
2024-09-06 04:02:02,-1.5066502710255114,-91.29739946369217,127.82065765641983, -2.530488246804692,-36.549996439826145,2.0333048928385513
2024-09-06 04:02:02,-1.6082049916602024,-91.97471361132133,128.49224462875057, -2.7012601807350203,-36.548000073823744,2.170649859270925
2024-09-06 04:02:03,-1.5444603412808444,-92.11091882945114,129.14262182508512, -2.5633643278057696,-37.05928474249521,2.046092144861029
2024-09-06 04:02:03,-1.4819705602060178,-91.67064936263871,129.44000781828123, -2.4187073634433123,-37.7940858709248,1.9117331622018436
2024-09-06 04:02:03,-1.4571125308067818,-92.236103198677,129.22565582224348, -2.4208633261374306,-37.01414139501577,1.9334446762352848
2024-09-06 04:02:03,-1.4683714043718081,-92.05310461828152,128.54411158943628, -2.468123046543882,-36.516434191678,1.9840309195668184
2024-09-06 04:02:03,-1.5629183992180884,-91.58168823595656,127.85135999310754, -2.6406943155689504,-36.29871131637238,2.1287735204780085
2024-09-06 04:02:04,-2.149652233710407,-91.65014520862412,128.2331145832157, -3.6038157773542054,-36.63726091998884,2.8931664266416206
2024-09-06 04:02:04,-2.7780988753820335,-91.8382333405215,128.592706946409, -4.636141444651794,-36.8445401662987,3.713055753979517
2024-09-06 04:02:22,-2.3613575404800473,-92.68835841723495,129.36079146465332, -3.949759304095553,-36.737721663244734,3.167060134657377
2024-09-06 04:02:22,-2.3174684579802856,-93.34497833895797,129.3055139674646, -3.9423751810596155,-36.02507831502629,3.190174560948311
2024-09-06 04:02:22,-2.619261328714548,-94.24146252911092,129.05950478736622, -4.580784897284081,-34.90401749963172,3.759376241283574
2024-09-06 04:02:22,-3.077662098288468,-95.23666666441684,128.61629352866294, -5.5815422306004,-33.504844866013826,4.658593769025213
2024-09-06 04:02:22,-3.300016956215498,-95.92482697252254,128.40420065140907, -6.128652405313088,-32.62832075962321,5.167186358112146
2024-09-06 04:02:22,-3.574959921805903,-96.50091651874023,128.1466411721806, -6.790669883473441,-31.826170053570596,5.777214908251461
2024-09-06 04:02:22,-3.5951591452658835,-96.9617466799438,127.91958124654441, -6.963632418237151,-31.14529500068833,5.967729315397
2024-09-06 04:02:22,-3.782399373293329,-97.52148664819283,127.54769695741096, -7.526221509791523,-30.24144796362709,6.511461301002892
2024-09-06 04:02:22,-3.8790005142812256,-97.89625375195293,127.2458438442484, -7.876237317453435,-29.582174112935284,6.860062688542822
2024-09-06 04:02:22,-3.7882138527652898,-98.2889774706367,126.89636052946862, -7.8734219153771265,-28.836084986159097,6.907229270515261
2024-09-06 04:02:22,-3.50695946968333,-98.62868658129328,126.64990552589478, -7.432184204325749,-28.222166717246015,6.556854942681972
2024-09-06 04:02:23,-3.2470090485448115,-97.92255822980582,126.02415793682694, -6.867637304198798,-28.273371305730468,6.054804579909829
2024-09-06 04:02:23,-3.0672824617248433,-98.12946799013561,125.24638585057497, -6.704993607832232,-27.276769401760394,5.965127068417359
2024-09-06 04:02:23,-2.8175728172080277,-98.47101628134402,124.61227867656793, -6.373797577067943,-26.282039061931812,5.719525361879591
2024-09-06 04:02:23,-2.7301324822744117,-98.82658446617003,124.0736438103777, -6.3792709245574715,-25.384616983308938,5.767726792571889
2024-09-06 04:02:23,-2.7417026772957755,-98.92648299603428,123.57931238604766, -6.549298379883702,-24.795345366327876,5.950077426720579
2024-09-06 04:02:23,-2.5874214777697198,-98.63397191845714,122.6860060177108, -6.326946648827753,-24.182578259159463,5.7756556905153635
2024-09-06 04:02:23,-2.5026514669435804,-97.92690346456487,121.79660524728698, -6.164645383088947,-23.992900407415032,5.6355835640832055
2024-09-06 04:02:23,-2.726383043798125,-96.66756760840656,120.56467187350992, -6.704539396441616,-24.043057015802063,6.1274830121734
2024-09-06 04:02:23,-2.847665884679271,-95.5307291867154,119.45473872654358, -6.993032370154252,-24.082992081233655,6.389597102552518
2024-09-06 04:02:23,-2.7841093204576914,-94.49505695631996,118.60824955185115, -6.788195390855419,-24.26384398339176,6.193428016778643
2024-09-06 04:02:23,-2.577218293788596,-93.60190903126114,117.95195787166716, -6.230223164350107,-24.477787805939816,5.6740952708665215
2024-09-06 04:02:23,-2.3965352847998904,-92.33105191531013,117.09054816742187, -5.7066401544551475,-24.86793029841017,5.180542653555593
2024-09-06 04:02:23,-2.336005430849594,-91.48491774627159,116.35545041584243, -5.540138064210192,-24.973048809503275,5.024958511377703
2024-09-06 04:02:23,-2.336344332251581,-90.45191443012438,115.49396497231194, -5.505628853138315,-25.14380004903075,4.986705869906356
2024-09-06 04:02:23,-2.449556950608977,-89.50994237691931,114.49118807766169, -5.7840250962764905,-25.093381443367562,5.241313372933391
2024-09-06 04:02:23,-2.6054612737713905,-88.94039699943357,113.69036933871948, -6.203285984583018,-24.878141462074762,5.63153673349923
2024-09-06 04:02:23,-2.9841629897958306,-89.22095506378795,113.49984275277714, -7.225604570042636,-24.450562787217383,6.583567923719828
2024-09-06 04:02:24,-3.1022527697365234,-90.21858420548556,113.82561228149133, -7.707444944606669,-23.798419868422748,7.059000498084569
2024-09-06 04:02:24,-3.0199882954455353,-91.14580203945653,114.18101087861945, -7.678747787727566,-23.221634680372176,7.063221255659603
2024-09-06 04:02:24,-2.9048983100406787,-92.179157384436,114.60381858480454, -7.577094315759531,-22.602399350076183,7.001140731532499
2024-09-06 04:02:24,-2.858350454465126,-92.8589302448894,114.85789966034415, -7.592198541482856,-22.174743992575866,7.036507275471938
2024-09-06 04:02:24,-2.976833034953444,-93.93345562479129,115.15380009462973, -8.175766445561393,-21.41857954507408,7.617999183105273
2024-09-06 04:02:24,-3.046371849831213,-94.8742097654726,115.43213078955299, -8.617915056352516,-20.772739656681793,8.065325080421509
2024-09-06 04:02:24,-3.0698913792671303,-95.80934681929246,115.87067971033369, -8.886081106828831,-20.28528853669297,8.342956210395663
2024-09-06 04:02:24,-3.1324003742820157,-96.53976992225638,116.2936800991395, -9.197400652476125,-19.99092134785216,8.651875675151402
2024-09-06 04:02:24,-3.241249419592267,-97.32741871882881,116.81194689056036, -9.635858603652041,-19.741942913114205,9.079216547561288
2024-09-06 04:02:24,-3.2722254127928423,-98.0701098962548,117.4692803457315, -9.766738874520179,-19.662727974085005,9.207283893893667
2024-09-06 04:02:24,-3.203733268021003,-98.89861320472421,118.37106012796319, -9.531729824467996,-19.724141698357528,8.981881752495966
2024-09-06 04:02:24,-3.0136131335889718,-99.71134303508276,119.33987405599669, -8.90703554090086,-19.849506994616302,8.385604797813713
2024-09-06 04:02:24,-2.8414304770844545,-100.3622314180324,120.34944937414383, -8.261959516410666,-20.179999195842207,7.761165998723161
2024-09-06 04:02:24,-2.7311621302791687,-100.78178860418937,121.14464928016388, -7.8062566779754405,-20.53749164640472,7.315666925078249
2024-09-06 04:02:24,-2.7516542403680297,-101.38390612250411,122.45813584729642, -7.613235942204238,-21.24500272062098,7.101308073113264
2024-09-06 04:02:24,-2.8570498317307824,-101.32717527242963,123.12228504144385, -7.655457703825329,-21.972526235358725,7.105293293652032
2024-09-06 04:02:24,-2.8889694183774766,-101.34224200329642,123.70693116569629, -7.554900451324274,-22.541010287187476,6.983677873434169
2024-09-06 04:02:24,-2.809431053397814,-101.01554233808012,124.15665943660109, -7.117626214508423,-23.30172131750069,6.542326698510891
2024-09-06 04:02:24,-2.8163515336090494,-100.56151597064472,124.59606426731732, -6.887111203350921,-24.189263783014802,6.287474412888076
2024-09-06 04:02:24,-2.7957585062980903,-100.26610030077471,125.06360916175746, -6.641281833676022,-24.944706831839515,6.026542093870238
2024-09-06 04:02:24,-2.9222389451409634,-99.95386352761444,125.64278059752341, -6.716192545704586,-25.84337082628004,6.049754218313985
2024-09-06 04:02:24,-2.974494247480009,-99.40507880219825,126.2430745394274, -6.5655109821482505,-26.99016061315265,5.855693817889777
2024-09-06 04:02:24,-2.9367781265602773,-98.87961105954577,126.79772330154506, -6.252918929655918,-28.059791835745628,5.522776624291343
2024-09-06 04:02:24,-2.906356069232419,-98.42820536386358,127.33004153980714, -5.996606687382753,-29.035048204818402,5.247477568981842
2024-09-06 04:02:24,-3.114177775510769,-97.82284565173234,127.8595256706884, -6.203240228861976,-30.182692673195007,5.367539385851063
2024-09-06 04:02:24,-3.2346366434754863,-97.25793074744664,128.36870860764233, -6.242096729198613,-31.26170347767433,5.341463535607178
2024-09-06 04:02:24,-3.3463598501195126,-96.65616652827327,128.7602289334408, -6.2784751920974236,-32.25944031559937,5.315381224781017
2024-09-06 04:02:24,-3.562627068794521,-95.91666588178565,128.82165424678598, -6.537957467273452,-33.07571859302925,5.4855620211005585
2024-09-06 04:02:24,-3.713231016702576,-95.21775940379871,129.02453556225205, -6.6530405920195825,-33.98598649104648,5.524276295435425
2024-09-06 04:02:24,-3.5487674019574253,-94.54220264251373,129.158172440703, -6.230352616392795,-34.774816013247005,5.124172781733605
2024-09-06 04:02:24,-3.374804883604804,-93.92130110630704,129.3382413857867, -5.810172633237041,-35.55642966629696,4.732305400061081
2024-09-06 04:02:25,-3.3001369652014954,-93.25993179379459,129.5332739372318, -5.5665610506345375,-36.402616705627345,4.4853048345148485
2024-09-06 04:02:25,-3.1234551584538517,-92.62075493376786,129.6891526896589, -5.172891425498603,-37.18092398241069,4.125494234681083
2024-09-06 04:02:25,-2.96382841503552,-91.84348684754569,130.03112383973058, -4.787096606828564,-38.28496751692961,3.760935682345446
2024-09-06 04:02:25,-2.6048330500902943,-92.530102755041,129.77324741674315, -4.298977546446286,-37.320948395830165,3.4211283825950174
2024-09-06 04:02:25,-2.4525203694847404,-93.47987905567697,129.35475801482355, -4.180191080656394,-35.94738287034889,3.3861699110813355
2024-09-06 04:02:25,-2.3562610530787573,-94.11688748723637,129.06115583742383, -4.108994158225255,-35.01353595710319,3.367233417361954
2024-09-06 04:02:25,-2.400688350748462,-95.17037475479518,128.48234288495786, -4.36536022112659,-33.388410305313755,3.6470333132862116
2024-09-06 04:02:25,-2.548075726332657,-96.35691521401358,127.79826184262731, -4.876291517123072,-31.533881740571385,4.158958737360458
2024-09-06 04:02:25,-2.680550362952344,-97.26008867481428,127.19794018835512, -5.3594312302484415,-30.046531845513453,4.642616464508245
2024-09-06 04:02:25,-2.783872678084121,-98.16274779615404,126.66819525827145, -5.817765556435896,-28.62970760599965,5.110480916693646
2024-09-06 04:02:25,-2.9142406000396637,-98.91950508977874,126.11368919847038, -6.356089428138512,-27.338047216747462,5.651073883860409
2024-09-06 04:02:25,-2.916470543825164,-99.50748734242336,125.62224173988349, -6.602128087473806,-26.265733774729974,5.9255925884337834
2024-09-06 04:02:25,-2.8815311776862558,-99.90525431175594,125.0853295228688, -6.7470245922913215,-25.333727592137034,6.1033231937384205
2024-09-06 04:02:25,-2.9034303706236853,-100.31654146034298,124.5192501272214, -7.052357954262654,-24.365825746215695,6.429717512466408
2024-09-06 04:02:25,-3.100455459861526,-100.54981935027813,123.91188758705296, -7.778268499099896,-23.555471258205728,7.137115512411459
2024-09-06 04:02:25,-3.2089395875849545,-100.80772846397382,123.36772464628868, -8.314128055152558,-22.77526903935284,7.673922842642765
2024-09-06 04:02:25,-3.302154930810764,-101.09347721612774,122.80472212138652, -8.864927068018142,-21.948924623691564,8.231515450108674
2024-09-06 04:02:25,-3.6231883030444054,-101.24407453266461,122.39208134471801, -9.95471546358141,-21.442105705389235,9.278137952508583
2024-09-06 04:02:25,-4.20491864013803,-101.30466553406904,121.59659073911267, -11.969388973203147,-20.705018649896537,11.216571078897617
2024-09-06 04:02:25,-4.623149423933681,-101.28387388218565,121.04927117878195, -13.448310719056094,-20.277806211972845,12.642456462292857
2024-09-06 04:02:25,-4.300269686460057,-101.17051273585277,120.47730477350083, -12.812962482542538,-19.762059867449548,12.081169822956747
2024-09-06 04:02:25,-3.9718169134169763,-100.63232604671292,120.51425678818819, -11.539123876529537,-20.259022111211433,10.842733895393387
2024-09-06 04:02:25,-3.8093634023859555,-100.09123847582062,120.7097599045755, -10.707183925323074,-20.95238930757727,10.014022302173396
2024-09-06 04:02:25,-3.7988307376523385,-99.72196937641097,120.97877765752185, -10.378483758412353,-21.57810369569056,9.66535045804906
2024-09-06 04:02:25,-3.7633994893468574,-99.15295374123369,121.2528212281101, -9.917300220516955,-22.402180109137113,9.182110871628394
2024-09-06 04:02:25,-3.7115562466294616,-98.70889731879026,121.43732849739875, -9.53094251042519,-23.01362127935297,8.784723091128406
2024-09-06 04:02:25,-3.5323685780331897,-98.32102253676815,121.87796195160742, -8.780260810954378,-23.805371653772465,8.043472528033774
2024-09-06 04:02:25,-3.237200950349081,-97.81018348620411,122.34629275872622, -7.756055525847323,-24.735630774491064,7.051943597168378
2024-09-06 04:02:26,-3.0026708999488996,-97.36154058955415,122.72060389927229, -6.982493759165084,-25.524526579587196,6.306792883199575
2024-09-06 04:02:26,-3.0195559179916573,-96.93807929108542,123.1804327329533, -6.803140109784842,-26.403258406846525,6.099136765542155
2024-09-06 04:02:26,-2.7686628433121565,-96.67270923247776,123.71065722040694, -6.072493600370755,-27.16870255211995,5.406704602138581
2024-09-06 04:02:26,-2.559733308952428,-96.34275919624679,124.14370581174093, -5.47519139980242,-27.909180102998512,4.841600076958548
2024-09-06 04:02:26,-2.4467500332525702,-96.02208533798039,124.62469760516318, -5.100491431478683,-28.69826104518493,4.476674625457909
2024-09-06 04:02:26,-2.5782925543634567,-95.57837484194093,125.09231562907532, -5.22269616743359,-29.616238472113555,4.543446297278808
2024-09-06 04:02:26,-2.6241057788276905,-95.11920763536699,125.48821361703926, -5.179893833050008,-30.4713818591606,4.467586819349249
2024-09-06 04:02:26,-2.774683001062511,-94.80406383954995,125.95819879177904, -5.3519191355806495,-31.265072403669663,4.578271273148267
2024-09-06 04:02:26,-2.6682349270454715,-94.53590318474645,126.46910794731694, -5.035234616274597,-32.03273394992949,4.271686773745506
2024-09-06 04:02:26,-2.6060360586289373,-94.01718939499325,126.89526201661944, -4.792732010378922,-32.96963243344823,4.0236831339092225
2024-09-06 04:02:26,-2.5413556439017384,-93.50459695320711,127.3122864362142, -4.560779399511655,-33.891750165540124,3.7883552961959195
2024-09-06 04:02:26,-2.3683078723073483,-93.0456211303721,127.63133621734377, -4.167225575904763,-34.65663153061412,3.4298088573419463
2024-09-06 04:02:26,-2.226369265321974,-92.56344200678082,127.97382562050568, -3.8385330005670184,-35.471173715883715,3.127705313491813
2024-09-06 04:02:26,-2.468279030883846,-91.99966450118143,128.32103499770255, -4.162423405517124,-36.39361787322561,3.3526591143939117
2024-09-06 04:02:26,-2.4358139789849536,-91.37588330966105,128.84847146886165, -3.9996630655108536,-37.54006994879825,3.173355268666227
2024-09-06 04:02:26,-2.4200389386495593,-90.88375452316663,129.2460952769492, -3.8956168567426985,-38.42685514156181,3.0536517711593074
2024-09-06 04:02:26,-2.054333737384055,-90.5984581331796,129.6415804510744, -3.259216742900576,-39.08850534229108,2.530800652478404
2024-09-06 04:02:26,-1.613227494707417,-90.54950913535002,130.18469481575866, -2.5280046061520838,-39.66259468587574,1.946613935911926
2024-09-06 04:02:26,-1.2548387790992241,-90.50363971829722,130.59693784053354, -1.9479647824091912,-40.10961673025587,1.4900676003314302
2024-09-06 04:02:27,-1.111318109702116,-89.99867029372116,129.93844323691417, -1.7307640618796987,-39.95264257281792,1.326927697080786
2024-09-06 04:02:27,-1.3875101211910128,-89.538284196282,129.34775716850982, -2.166573497299817,-39.82962542704964,1.6641507746036381
2024-09-06 04:02:27,-1.6276753743968022,-89.69453608553673,128.92385658331557, -2.5726640010077486,-39.25762803265284,1.9925714903850358
2024-09-06 04:02:27,-2.064442059761225,-89.80479618241822,128.60114659622585, -3.292710874306133,-38.84258610601854,2.565711063483482
2024-09-06 04:02:33,-1.9676497314178327,-91.00654299884431,129.8114165951806, -3.1379431623765424,-38.84686492416181,2.444870579067235
2024-09-06 04:02:34,-2.148785849054619,-91.81210338875826,130.12973292449107, -3.4630716179629246,-38.36858289483106,2.71643972897495
2024-09-06 04:02:34,-2.453458694414344,-92.94794950584551,130.59248062885928, -4.012935993323221,-37.7125700006391,3.1765335003158564
2024-09-06 04:02:34,-2.819929467912246,-96.09593369466668,132.16819144708478, -4.781977533345173,-36.167390357604695,3.863594889465692
2024-09-06 04:02:34,-2.854277334362357,-97.08616882106313,132.68073203206083, -4.895979725207365,-35.693747290504014,3.9795509084211043
2024-09-06 04:02:34,-2.755812179318177,-98.18610157141299,133.28946939741635, -4.7848168856760225,-35.1975269448432,3.9130275836501296
2024-09-06 04:02:34,-2.71273398648979,-99.09873024994178,133.73666068899294, -4.765227140293991,-34.73076289883608,3.91917677025459
2024-09-06 04:02:34,-2.7008939742018283,-99.96135650732265,134.13840003358945, -4.800284720600703,-34.270666279006036,3.9698342402861653
2024-09-06 04:02:34,-2.991202425972152,-101.30688865872023,134.88587531985127, -5.3971033757679425,-33.69639202402034,4.494418236005577
2024-09-06 04:02:34,-3.5376040329762617,-102.15878979287075,135.31576507128443, -6.448915381851554,-33.32371655716214,5.395450912598951
2024-09-06 04:02:34,-4.199639693288684,-102.45804703331211,135.5245053553848, -7.664884876727575,-33.302011809067224,6.417735956913843
2024-09-06 04:02:34,-5.507049332575113,-102.28528643689789,135.50492916816754, -9.980978601657542,-33.62132254968111,8.337074879672576
2024-09-06 04:02:34,-6.481425435068113,-102.22428533886912,135.68803221890872, -11.64178699209193,-34.013798806448904,9.691443269702106
2024-09-06 04:02:34,-7.259518667469967,-102.09152613138488,136.05938863500836, -12.843390866174467,-34.643703671168424,10.623466121281659
2024-09-06 04:02:34,-8.020832812030305,-102.12480477866538,136.73793277701344, -13.932106497762291,-35.417077706229165,11.429195813597428
2024-09-06 04:02:34,-8.880868596928224,-102.11585962522415,137.44197688645426, -15.121742872780231,-36.28405852584878,12.288705901224521
2024-09-06 04:02:34,-9.599686441687384,-101.66706227220591,137.86337454624578, -15.981454699445617,-37.278777537934026,12.837564687762756
2024-09-06 04:02:34,-10.032736159064786,-100.77850753862214,137.89787694098325, -16.339085197968938,-38.26204822891466,12.962897249987597
2024-09-06 04:02:34,-10.084875501265683,-99.8138740783342,137.54834118524636, -16.204447412521098,-38.86410969518284,12.750186218242165
2024-09-06 04:02:34,-9.491715789698954,-99.18420361221116,137.26229663703694, -15.168053726732033,-39.06840300177476,11.885942926365775
2024-09-06 04:02:34,-8.751827162022206,-98.92794486094029,136.8373237567418, -14.066411836132836,-38.75799671797401,11.055490883510917
2024-09-06 04:02:34,-8.14796597027515,-98.76066186250213,136.40827502079964, -13.192234675517549,-38.391133306146976,10.41051847081838
2024-09-06 04:02:35,-6.003048758391804,-98.94060132581328,135.83723982987811, -9.934829600480208,-37.31313999607312,7.930627172885854
2024-09-06 04:02:35,-5.359046344469424,-99.09196504367178,135.67646327756557, -8.944509273929409,-36.92058220080192,7.171827147811614
2024-09-06 04:02:35,-3.9679092787394237,-99.36513406715561,135.38943772750318, -6.7264055093946045,-36.21274174207528,5.4357618595493
2024-09-06 04:02:35,-1.6214207929225606,-99.81759513810555,134.7221651247576, -2.8320530381254674,-34.93743585399531,2.3222745082084986
2024-09-06 04:02:35,-0.806863070165703,-99.87908069987776,134.40545373384563, -1.4233786500558683,-34.53463021674705,1.1726336469320304
2024-09-06 04:02:35,0.15291508210954563,-99.68499145235154,134.0679595742479, 0.2707781653126342,-34.38326632604992,-0.22346791948927525
2024-09-06 04:02:35,4.306366540522854,-98.13704618665719,132.2451375620424, 7.648312508390474,-34.34620392553444,-6.3267174362408065
2024-09-06 04:02:35,6.168816135719135,-97.41250815702,132.01423727438623, 10.776378842334479,-35.079735150401405,-8.853226740146814
2024-09-06 04:02:35,7.630641637590078,-96.3966392220547,131.76358895734668, 13.032308227873232,-36.07560979320148,-10.596249351915239
2024-09-06 04:02:35,8.357261454188054,-95.90651347466927,131.54907313980257, 14.149395680762783,-36.482506904113905,-11.458469525978867
2024-09-06 04:02:35,8.301626575416934,-95.03212970536546,131.05865380638193, 13.932894471626504,-36.84405671301911,-11.229177208319285
2024-09-06 04:02:35,8.30270004793319,-94.1015489978516,130.47856717685627, 13.823139458886118,-37.1845273594352,-11.090929797164044
2024-09-06 04:02:35,8.44389700719648,-93.32140293235875,130.00616412750082, 13.954716435633669,-37.51050698241896,-11.15071578314207
2024-09-06 04:02:35,8.842458301584724,-92.24976960607296,129.86197781853633, 14.299998557585173,-38.487440319976784,-11.283434871470286
2024-09-06 04:02:35,9.012388923790784,-89.12791125234082,129.13822141472934, 13.857848724481567,-40.845757177486306,-10.570808956160564
2024-09-06 04:02:35,9.403606880524343,-88.54751573732256,129.18945180868428, 14.2662713897804,-41.53092123153793,-10.777099342157564
2024-09-06 04:02:35,10.312585778802934,-86.86979347148787,129.2796149526436, 15.09864009214705,-43.41352922685569,-11.088436238701304
2024-09-06 04:02:36,9.596253409019528,-85.57334279852682,129.18221554115456, 13.773025682785786,-44.44416305319534,-9.926382081151369
2024-09-06 04:02:36,9.66425977240553,-84.77452211156397,129.25533968737258, 13.660331193593514,-45.30283262723097,-9.700647148815332
2024-09-06 04:02:36,9.476014416690905,-84.12472920289207,129.21138669742368, 13.262195912879486,-45.860927328436,-9.321267811587417
2024-09-06 04:02:36,9.497836814921158,-83.71858522542618,129.5594864618805, 13.127097318401098,-46.59875392674367,-9.103490960601254
2024-09-06 04:02:36,10.08681016509539,-84.65344533321377,129.19753432528466, 14.230202774052266,-45.43685597635765,-10.090148011393476
2024-09-06 04:02:36,10.24654433907469,-85.01275547017903,128.77919701462062, 14.64556375190964,-44.712338101661004,-10.520742963381991
2024-09-06 04:02:36,10.342426713203235,-85.14146355882157,128.29923352706433, 14.938711431392264,-44.14160559092055,-10.83887043212765
2024-09-06 04:02:36,10.237616161427477,-85.2981899133835,127.81323125251006, 14.962858138046096,-43.50080612543685,-10.971105031762209
2024-09-06 04:02:37,10.158314923399749,-85.58586218505506,127.40539828133048, 15.041077642824447,-42.813790564580344,-11.15130607053844
2024-09-06 04:02:37,9.894264953371067,-86.09178926422679,127.33390137990517, 14.819939957259177,-42.204933388603635,-11.088818913562491
2024-09-06 04:02:37,9.476484880160463,-85.87023424277304,127.62879563215651, 14.070443651762645,-42.62700532258462,-10.448595480819654
2024-09-06 04:02:37,9.062178345942733,-87.27930746513888,128.8477628231935, 13.51643887603543,-42.36858678671139,-10.070745092054718
2024-09-06 04:02:37,8.624885330365856,-88.47809337571667,129.6630736929508, 12.971511392622595,-41.92013604389341,-9.725655382560358
2024-09-06 04:02:38,10.298005816439144,-89.45885944548391,131.14586323469325, 15.280340729779141,-42.71312517297177,-11.35049795656392
2024-09-06 04:02:38,10.929193388231134,-88.41580698149292,129.9182318202495, 16.24623396240111,-42.66372487534473,-12.0944842557358
2024-09-06 04:02:38,11.367214169792657,-87.67717551777987,129.3418521581979, 16.826384952434804,-42.91251843217356,-12.488871530099319
2024-09-06 04:02:38,11.364153103933988,-86.87465785162735,128.51804509517146, 16.82862658688157,-42.89147852608296,-12.494709075783046
2024-09-06 04:02:38,11.17149495647599,-86.08518857823306,127.7226174163629, 16.553879328162658,-42.844418255117105,-12.294504381574592
2024-09-06 04:02:38,11.061115332579242,-85.33453194293324,127.16624535726076, 16.336329947330636,-43.007436574607894,-12.097748553562226
2024-09-06 04:02:38,11.261208006760787,-84.43191541235603,126.87400221497268, 16.438914922203526,-43.634875378686765,-12.054231407318305
2024-09-06 04:02:38,10.836817636475034,-83.71332065861445,126.77526459814239, 15.661342923864835,-44.14441570300233,-11.375047226075617
2024-09-06 04:02:38,10.356583702763213,-83.49879131881356,127.01160395645564, 14.865102533192267,-44.48735549708969,-10.72241741626698
2024-09-06 04:02:39,9.811331879178258,-83.57787122357776,127.01257416793452, 14.118711641460695,-44.31271325132886,-10.202813984540269
2024-09-06 04:02:39,9.33569761854996,-83.51628063927933,126.69828554053598, 13.508379083013132,-43.984686578212596,-9.806902879934176
2024-09-06 04:02:40,8.902409744082957,-84.24775200960399,127.03008140503705, 12.986366507488755,-43.52300981214656,-9.493183589791881
2024-09-06 04:02:45,9.030094395340921,-85.63621020569404,128.15796256355094, 13.232057786918974,-43.29052280235554,-9.712288932318042
2024-09-06 04:02:45,8.890520840709522,-87.6761744639742,128.83988309052822, 13.368523944017518,-41.94498000812934,-10.024244989196552
2024-09-06 04:02:45,8.784896929523631,-88.68690423466825,129.0627467526069, 13.417645448148917,-41.16001145554557,-10.182052515416785
2024-09-06 04:02:45,8.282063137759852,-90.10116023750663,129.15952392127735, 13.007922142017591,-39.78900996456572,-10.065862693871495
2024-09-06 04:02:45,7.850769527699249,-91.39587780907448,129.25067432854706, 12.663652020783665,-38.54049302709363,-9.967815409851617
2024-09-06 04:02:45,7.451941712339924,-92.46825543285496,129.14869129528205, 12.3508649796137,-37.32526982996076,-9.877462661881996
2024-09-06 04:02:45,6.477942348110469,-93.9866422554135,129.3755893792469, 11.092955131737611,-35.900695691495386,-9.024288875160476
2024-09-06 04:02:45,5.656996260261154,-94.85471495311796,129.54202539191772, 9.873803041401601,-35.088460260392125,-8.105819154821564
2024-09-06 04:02:45,4.915857689622751,-95.62508537220273,129.57929638566168, 8.754312348537042,-34.26595067445217,-7.252696109456867
2024-09-06 04:02:45,4.485941184779519,-96.12828752437865,129.31786868170965, 8.156076372678863,-33.45696124598318,-6.818580727471757
2024-09-06 04:02:45,3.735677780486641,-97.17930869986341,129.40301918440196, 6.9809932245534,-32.416339228418536,-5.901557329897622
2024-09-06 04:02:45,2.6853357109465077,-98.01963425244907,129.83471033936002, 5.084126500933845,-31.916346327710713,-4.3186777890457035
2024-09-06 04:02:45,1.723182029177966,-98.64049131644953,130.39666809629585, 3.2715367603341186,-31.798013033927603,-2.781353879657117
2024-09-06 04:02:46,0.9368950689074594,-99.221812073271,130.81692197552758, 1.7878427937679306,-31.60756097371039,-1.5227659605245325
2024-09-06 04:02:46,0.22734303468446415,-99.62255005678622,131.30105906481032, 0.43290264891849906,-31.679239901209613,-0.3684027148246565
2024-09-06 04:02:46,-0.5894204865218312,-99.94053823714484,131.6935492365082, -1.119917469955459,-31.75790934598544,0.9522765460150642
2024-09-06 04:02:46,-1.34028377952378,-100.3625080683293,132.0722139240425, -2.5487134506192324,-31.735067936344123,2.168049150930056
2024-09-06 04:02:46,-2.294358254681862,-100.68039387331612,132.44664440948196, -4.352068950933544,-31.840350825263428,3.6991541284381837
2024-09-06 04:02:46,-3.1384584590721882,-101.09779632227179,132.98442369728355, -5.926074408005777,-32.02449356076798,5.02928941888843
2024-09-06 04:02:46,-3.949248645466824,-101.522060787079,133.46038765203343, -7.435237469089687,-32.15591544694979,6.3046975691615845
2024-09-06 04:02:46,-4.83838753246371,-101.35226319239385,133.86169525317484, -8.950615143668822,-32.82840582735139,7.539154162354478
2024-09-06 04:02:46,-5.908355292240632,-100.52293258320518,133.80918445131516, -10.678457099173901,-33.74702960349333,8.91082984760277
2024-09-06 04:02:46,-6.307540427640699,-99.81691143533426,133.56436153153612, -11.253155816998918,-34.26311615855174,9.3381813291992
2024-09-06 04:02:46,-6.849835864565982,-98.80954379967099,133.45730672442204, -11.930588369176746,-35.23519408534857,9.791669568820929
2024-09-06 04:02:46,-6.587139707831868,-98.28657351106692,133.67501625175572, -11.276932063449026,-35.91746913698388,9.173358176160313
2024-09-06 04:02:46,-6.012346631901602,-98.02986935444092,134.08121153274175, -10.146468924870467,-36.48209166647976,8.188353757734106
2024-09-06 04:02:46,-5.956375446589422,-97.72731995684566,134.47896012848582, -9.891276898321172,-37.16387464717379,7.911059217414993
2024-09-06 04:02:46,-6.547974872648584,-97.84608326044723,134.70513270765215, -10.832866764541446,-37.35473412733713,8.648783769760842
2024-09-06 04:02:46,-7.1868614995894085,-98.31056023401229,135.33360397344046, -11.8276792275244,-37.615856479400684,9.4185768642785
2024-09-06 04:02:49,-6.909275481600172,-99.55851388482512,135.30172689455566, -11.719295703345697,-36.31735399492542,9.489019044193885
2024-09-06 04:02:49,-7.243057001592272,-99.71778444263447,134.80844921205605, -12.46645081758882,-35.73626628488828,10.173673148896452
2024-09-06 04:02:49,-7.58620588686771,-99.44307957287107,133.99525518309096, -13.21513840339952,-35.27384531859078,10.852653064102565
2024-09-06 04:02:49,-7.725011048990143,-99.28094408671133,133.38256798299972, -13.60109199044764,-34.86215366521731,11.22856931954027
2024-09-06 04:02:49,-8.267804510320326,-97.88638830970336,131.37292028654622, -14.754770417207197,-34.37627128422303,12.26357097959541
2024-09-06 04:02:49,-8.431420867256172,-97.30160441002108,130.54492720492303, -15.130487862274812,-34.17652114123715,12.6093557605165
2024-09-06 04:02:49,-8.39156343589127,-96.58943494045117,129.82030216742666, -15.06600080855329,-34.15581204173981,12.557820392323467
2024-09-06 04:02:49,-8.2139390540358,-95.83733178189212,129.03294320321396, -14.770163770808711,-34.083487308481985,12.317997227086058
2024-09-06 04:02:49,-7.833367166635761,-95.28568556428681,128.28696010112452, -14.175945314825048,-33.815636024133916,11.852198839626556
2024-09-06 04:02:49,-7.311799916854562,-94.79680170367425,127.68419256127918, -13.295499893264703,-33.601077562522654,11.134782165347216
2024-09-06 04:02:49,-7.084925141535637,-94.35165137202767,126.95334620824106, -12.989763869500718,-33.27947622770462,10.915455532580262
2024-09-06 04:02:49,-6.431736528086249,-93.96504219319218,126.60433892569665, -11.805406836171105,-33.19808332654695,9.920431016342175
2024-09-06 04:02:50,-5.860893439075408,-93.95271187286355,126.57155780470259, -10.781670656087801,-33.08387762024411,9.065410552105835
2024-09-06 04:02:50,-3.118282641047296,-93.76352765514977,127.12471301254186, -5.657625848975543,-33.48981388304104,4.72303742356048
2024-09-06 04:02:50,-2.6419629872385495,-93.5730675754708,127.34615418467527, -4.745035448056408,-33.86404390830479,3.9428944172189095
2024-09-06 04:02:50,-2.300038029591045,-92.9206373166668,126.95676323409982, -4.1044715655289945,-34.104406664283,3.40040071928929
2024-09-06 04:02:50,-2.0777990555914343,-92.37902623199466,127.04079454767886, -3.6500529415482474,-34.71621234940844,3.001597601356981
2024-09-06 04:02:50,-2.1012585810823237,-91.96319607053292,127.29926117914525, -3.629827779571239,-35.39036895410612,2.960454759584503
2024-09-06 04:02:50,-2.646337487738437,-92.28026146112248,127.48187363465976, -4.584167481766111,-35.28813307476239,3.744524558288969
2024-09-06 04:02:50,-3.123280479603017,-92.72246990255061,127.65243895105387, -5.443768578568004,-35.051645303954984,4.460880822320045
2024-09-06 04:02:50,-4.351884609181369,-93.51069566451686,127.92946602071893, -7.667947474716219,-34.659125051651465,6.319446813852325
2024-09-06 04:03:00,-4.661361442243117,-94.38732402098779,128.71995598217214, -8.2261671657709,-34.60912868698781,6.785518369234314
2024-09-06 04:03:00,-4.619942968977407,-94.6868605472886,129.4547465501534, -8.065467190369784,-35.03515804308798,6.618379334310899
2024-09-06 04:03:00,-4.670116797706244,-94.97508523837016,130.47292793397656, -8.007908308771608,-35.763682638780665,6.512345840300631
2024-09-06 04:03:00,-4.820646987354227,-94.61420417834506,131.06281572888872, -8.079399900223308,-36.72214352784365,6.4913501414979455
2024-09-06 04:03:00,-4.85459496799183,-94.34214045415756,131.49861872406058, -8.004297439661904,-37.42685223759051,6.371731665333361
2024-09-06 04:03:00,-5.0132880702997396,-93.96734428245846,131.83181563211284, -8.133510217310361,-38.145505087180474,6.412957631464002
2024-09-06 04:03:00,-4.881645687878658,-93.16239449884752,132.28820938812495, -7.707986818744542,-39.38062388009323,5.972353778936282
2024-09-06 04:03:00,-4.695081937737596,-92.35459728199514,132.52477249498915, -7.255817025025445,-40.397392380808874,5.538213859960849
2024-09-06 04:03:00,-4.791941916133408,-91.5614499740485,132.48757262187607, -7.29245717414708,-41.15657460593156,5.503446229899439
2024-09-06 04:03:00,-4.947482526890041,-89.85685308134533,130.94566673224173, -7.503375973842298,-41.33302445733569,5.6482253701845755
2024-09-06 04:03:00,-4.904048622866037,-88.91676864043531,129.65884395369508, -7.489451880171682,-40.98496759754816,5.667514832678379
2024-09-06 04:03:00,-4.886162741295352,-88.23840401567502,128.78282772955515, -7.492021589983317,-40.787233511494605,5.686323553885348
2024-09-06 04:03:00,-4.766945619698618,-87.77092731800528,127.90222242911308, -7.372032345076995,-40.36582140328839,5.629947221949938
2024-09-06 04:03:00,-4.7292241373050175,-87.43175063792123,127.0991066029762, -7.384462566867199,-39.902007347347585,5.677853427103148
2024-09-06 04:03:00,-4.7119766465387505,-87.06103228709128,126.38372996877625, -7.411007009107504,-39.55850419742689,5.726632217003442
2024-09-06 04:03:00,-4.613562876699598,-86.5821321084372,125.60126717206894, -7.304055832888576,-39.24767044534544,5.668667737414377
2024-09-06 04:03:00,-4.273381632151941,-85.88466522589812,125.5573277769307, -6.67595035954394,-39.86432888817114,5.1337547120529985
2024-09-06 04:03:00,-4.304407073565612,-85.85795874814693,126.16507154979342, -6.636762485499842,-40.49725790170787,5.056366109338678
2024-09-06 04:03:01,-4.488501873563488,-86.50248899085418,127.32809116584411, -6.846983587018245,-41.02857944363491,5.175846766631617
2024-09-06 04:03:01,-4.492212112833348,-87.18569004622353,128.40247017332632, -6.799546151763153,-41.41731944600416,5.109540492326316
2024-09-06 04:03:01,-4.417047704709183,-87.74531627410117,129.10991892672553, -6.666925217194845,-41.55750076269177,4.9987125502293335
2024-09-06 04:03:01,-4.328902384255364,-88.64314387920369,130.09475484000745, -6.523390109587544,-41.63634029750469,4.884737822257457
2024-09-06 04:03:01,-4.375921667601112,-89.65003203840327,130.62111464123086, -6.656779825761264,-41.16304618259302,5.021264207337314
2024-09-06 04:03:01,-4.480808763977095,-90.72644521060616,130.47867255857153, -6.986563762537568,-39.96230853244751,5.36592806540742
2024-09-06 04:03:01,-4.533107916054064,-91.64556715381283,130.25343794324874, -7.241143530467394,-38.83177890582611,5.652595150868631
2024-09-06 04:03:01,-4.662718727469142,-92.11523310874962,130.0086291723403, -7.564152130657214,-38.13637148616682,5.962720050688775
2024-09-06 04:03:01,-4.761283392091167,-92.95398852610032,129.6769148617422, -7.930084509903552,-36.98714782466776,6.3489626296328385
2024-09-06 04:03:01,-4.52901507705156,-93.49576842042478,129.46628221536807, -7.680446412094505,-36.21630000905557,6.209483279564112
2024-09-06 04:03:01,-3.944214098690573,-93.65502315508246,129.336241849977, -6.741603404827165,-35.8697715841323,5.471720835923335
2024-09-06 04:03:01,-3.529521541298713,-93.22790830725694,129.50638724147205, -5.951011749949293,-36.4262830878062,4.7943837147995305
2024-09-06 04:03:01,-3.304519343891623,-92.43594795587663,129.96689465082812, -5.414297865472873,-37.65478849692697,4.291293986346111
2024-09-06 04:03:01,-3.2795675416170282,-91.63195952780742,130.254844241464, -5.245147103225859,-38.740182557835126,4.095648244906726
2024-09-06 04:03:01,-3.685786348419257,-91.21027228928133,130.44678542997664, -5.81511991240061,-39.38140862028155,4.5009513091830655
2024-09-06 04:10:55,-3.305051743967177,-90.85843036527613,129.8672867013344, -5.241934107077644,-39.12635364601106,4.0709824656417455
2024-09-06 04:10:56,-2.9268728926627667,-91.18969249624467,129.67441932475168, -4.696815965520473,-38.578644171921226,3.6749487077150564
2024-09-06 04:10:56,-2.7757587687476852,-92.09472537938483,129.69972061018055, -4.542845150297168,-37.69218584053841,3.59760131406964
2024-09-06 04:10:56,-2.552708633185135,-93.04407911558705,129.3890446390287, -4.302060647297704,-36.42216805126493,3.464007352833881
2024-09-06 04:10:56,-2.4416158838377706,-93.50312631553778,129.10146812867416, -4.189557655161934,-35.67093710916556,3.4055731138821748
2024-09-06 04:10:56,-2.353153503481063,-94.51659031495242,128.60525631688503, -4.193356208696395,-34.15999259024952,3.471841666637007
2024-09-06 04:10:56,-2.1257416272313123,-94.9403585745497,128.34295267782284, -3.8572789959415266,-33.46233858354158,3.2194069071290694
2024-09-06 04:10:56,-1.778377702757688,-95.50174953338944,127.92881908225263, -3.313838081344972,-32.47048406136109,2.796677998666745
2024-09-06 04:10:56,-1.661749957380563,-95.90087806983446,127.53726037457562, -3.1657575984808113,-31.6754727810982,2.694929507415306
2024-09-06 04:10:56,-1.9186497996491307,-96.33096461590581,127.28641770671493, -3.7262184963074563,-31.008965155419695,3.1948871135630723
2024-09-06 04:10:56,-2.150117826128195,-96.77891399427689,127.07658706642857, -4.256097726740964,-30.366639744074607,3.6739215510146113
2024-09-06 04:10:56,-2.51181233646839,-97.38694017181123,126.97201853938735, -5.07749941082081,-29.681897495770613,4.414101021613064
2024-09-06 04:10:56,-2.766285451484143,-97.87514907432524,126.86683621591, -5.6930440596185266,-29.1119501840868,4.977718422338151
2024-09-06 04:10:56,-2.844988578240573,-98.4529908656827,126.68289274190315, -5.997585310047159,-28.36116021867511,5.282046576796174
2024-09-06 04:10:56,-2.7706181310581828,-97.99305817991181,126.90667980179539, -5.715882942956015,-29.0346480897492,5.00145013241589
2024-09-06 04:10:57,-2.721224948945332,-97.56155191834242,127.29159210022921, -5.474698849277109,-29.84297952965844,4.75228932214685
2024-09-06 04:10:57,-2.6837926873812528,-97.1089304315318,127.59618342212886, -5.278745403266591,-30.593827445026022,4.547256441117829
2024-09-06 04:10:57,-2.640588019165482,-96.6063227599094,127.8878014405902, -5.075742148616655,-31.381468242477432,4.33633178625047
2024-09-06 04:10:57,-2.59066594958205,-96.02036266625612,128.26627767268047, -4.847202201541006,-32.33862176734494,4.098203302667702
2024-09-06 04:10:57,-2.5671776259449506,-95.41501077540386,128.62109623982005, -4.680308083155488,-33.29383546566807,3.9147340509441255
2024-09-06 04:10:57,-2.5698271861328648,-94.83849489831672,128.9399753225932, -4.57688782060988,-34.186488758654306,3.7886038893042198
2024-09-06 04:10:57,-2.626265995036156,-94.33008488313301,129.24014955949633, -4.582468736111898,-34.996204962620176,3.7565454667894764
2024-09-06 04:10:57,-2.7503900058971276,-93.86717225100965,129.62700776167875, -4.69948849471456,-35.851382408609794,3.8120485117281455
2024-09-06 04:10:57,-2.9370180867196787,-93.1435670550092,130.32882368284214, -4.852070340668735,-37.28434840867213,3.8638833058654196
2024-09-06 04:10:57,-2.2867224824283285,-94.583135165436,130.300661914626, -3.9130179118499466,-35.78093291801004,3.1761560765968406
2024-09-06 04:10:57,-2.2052870076720366,-95.22723748392278,130.13215875626614, -3.850038506854618,-34.96569307568464,3.156648187139601
2024-09-06 04:10:57,-2.8005167107688296,-94.23033050884854,130.42365879729346, -4.7354934564113655,-36.28674284080023,3.82016119013329
2024-09-06 04:10:57,-2.92546278200585,-93.70741565806941,130.63485091985967, -4.86178746866554,-37.026672041194914,3.8848122260575906
2024-09-06 04:10:58,-3.1333915459769397,-92.50692070001418,131.0143955814994, -5.024718831685178,-38.61500628696838,3.9300206408195635
2024-09-06 04:10:58,-3.442969463286924,-91.92904554727028,131.14982193240576, -5.4352638169397105,-39.34731063304299,4.208251740495441
2024-09-06 04:10:58,-3.8033768261631007,-91.4859355988615,131.28716719426092, -5.929092117296767,-39.95244419150221,4.551803203709237
2024-09-06 04:10:58,-3.8997393471403425,-90.85701692263046,131.4170508535355, -5.984760791452937,-40.714789568351634,4.543268902985391
2024-09-06 04:10:58,-2.432658859437419,-90.57180738036558,130.6499620744455, -3.775205857126322,-40.13948175747387,2.887795463402665
2024-09-06 04:10:58,-1.9950761476359011,-91.17340079989229,130.36777195374182, -3.15508358784526,-39.23694522124083,2.4447166734701136
2024-09-06 04:10:58,-1.1006178947422476,-92.93172242725728,129.3542415840128, -1.8532998954513356,-36.43684279980816,1.4911855281280926
2024-09-06 04:10:58,-0.9861955924591974,-93.46627659015536,128.92337997811654, -1.6997329328235198,-35.4690190809901,1.3844492014270484
2024-09-06 04:10:58,-0.9065498531110152,-93.92784830980588,128.60501035114518, -1.5930908438468323,-34.6875267523169,1.3100568788456979
2024-09-06 04:10:58,-1.1163858673754832,-95.34440950375414,127.47420633997984, -2.098431640212977,-32.147110212291224,1.7769348780457352
2024-09-06 04:10:58,-1.3812691544389972,-95.96237964315318,127.43452495691955, -2.6443173988408484,-31.499332822457,2.255104291687992
2024-09-06 04:10:58,-1.598493015976066,-96.24243890945071,127.10348839729798, -3.113966196618153,-30.89834180083189,2.6727250686598474
2024-09-06 04:10:58,-1.837795042543176,-96.1409763852496,127.82208542717925, -3.496143210432323,-31.728830705732307,2.9746532697320576
2024-09-06 04:10:58,-2.0538968548730847,-94.80746342123409,128.301327658725, -3.7182212544170135,-33.5494493007012,3.100128202254593
2024-09-06 04:10:59,-2.4258521227135437,-94.50174759750102,128.91505985248833, -4.286887208573783,-34.488193208542555,3.535550231874686
2024-09-06 04:10:59,-2.9938973006979475,-92.5903898789275,130.28229975207697, -4.889226671168337,-37.79300663542921,3.867135099645863
2024-09-06 04:10:59,-3.198367790105539,-92.06885483872736,130.56340744376405, -5.130024908944359,-38.60663500737371,4.013020753860594
2024-09-06 04:10:59,-3.345395891850811,-91.5270474157386,130.8357113551387, -5.271912971654217,-39.42776639937623,4.076799057569141
2024-09-06 04:10:59,-3.3379674177821195,-90.95897120823183,131.0688038612578, -5.1728971058908515,-40.22508959258299,3.9540530806354566
2024-09-06 04:10:59,-3.0604037714079544,-91.68642822822413,131.47836321895787, -4.775334183081007,-39.889939824678905,3.667498195862143
2024-09-06 04:10:59,-3.0017033883142608,-94.2132117433578,130.53145263999264, -5.059584913699574,-36.425050118256806,4.074846666117676
2024-09-06 04:10:59,-3.307517114011875,-94.92536840355072,130.30412504711612, -5.70014646415235,-35.51293830020617,4.644995455559364
2024-09-06 04:10:59,-3.28518117876884,-97.14324470137993,129.31037815598697, -6.15362060599974,-32.31653117145996,5.206184440418642
2024-09-06 04:10:59,-3.2409495610827777,-97.70000842296108,129.09949263186684, -6.202904541025824,-31.54929387708931,5.291706674640477
2024-09-06 04:10:59,-3.0926761869283106,-96.9402366071094,128.864813164603, -5.833894617857165,-32.058261508488144,4.949089269599013
2024-09-06 04:11:00,-3.2434381695747736,-95.88024014528798,129.3375102205233, -5.868776127212293,-33.59590406455162,4.893694006484789
2024-09-06 04:11:00,-3.2562141688169586,-95.08724195271458,129.5687340832459, -5.738540548388958,-34.615948609664045,4.727789912664376
2024-09-06 04:11:00,-3.0908561360278792,-93.36099679944266,129.61332705281143, -5.217453120491641,-36.365840790962594,4.205423960557484
2024-09-06 04:11:00,-3.018360531282959,-92.52831687986738,129.3741255105276, -5.025159675949444,-36.95175183186789,4.019537690176766
2024-09-06 04:11:00,-2.9094368492150053,-91.70096522976213,128.94682842186234, -4.799982390943643,-37.342892204459254,3.8193654188565067
2024-09-06 04:11:00,-2.877575797756266,-92.30571598480991,128.77439297730373, -4.83385336382348,-36.56631013070859,3.885665511115236
2024-09-06 04:11:00,-2.6567135334702625,-94.02214288442464,129.47292958743728, -4.5740567722347745,-35.53718810530829,3.724757148611709
2024-09-06 04:11:00,-2.6076661385397117,-94.77877310816798,130.10281559377069, -4.5037896388704555,-35.40767702387872,3.6733525522484856
2024-09-06 04:11:00,-2.50043956920208,-95.59279432948343,130.84456864929984, -4.326746381758109,-35.32888523670487,3.5322032524103353
2024-09-06 04:11:00,-2.329046939793017,-96.20915558554894,131.48459106960766, -4.028499403113837,-35.34228888821638,3.2879026775977422
2024-09-06 04:11:00,-2.176171126328707,-96.94261041833501,132.27408606112942, -3.7594166936863367,-35.389727092976436,3.0662706120753964
2024-09-06 04:11:00,-1.979741232328486,-97.6889519341158,133.22808664595377, -3.4033022808896782,-35.58698361233333,2.7687799986227546
2024-09-06 04:11:00,-1.847661412334892,-98.52254802796463,134.37537666580798, -3.1525013601718146,-35.89403130548989,2.5547357969899487
2024-09-06 04:11:00,-1.76383603920004,-99.21242402251805,135.2363598312945, -2.9973035081913193,-36.061251592321774,2.4237505776269885
2024-09-06 04:11:00,-1.7321379151375131,-99.98896599463225,136.05026352059096, -2.940869191543795,-36.09723557327686,2.3770005150797755
2024-09-06 04:11:00,-1.758593801290768,-100.73996470808095,136.7420703808517, -2.989969874852089,-36.03922979404163,2.4184922564823803
2024-09-06 04:11:00,-1.7995240376243857,-101.4556346702321,137.38423147793804, -3.0648780875640833,-35.96757312373701,2.4813737903963444
2024-09-06 04:11:00,-1.8838766158225038,-102.2696897021623,137.97750066112238, -3.2254919184404485,-35.75087258652384,2.6186406079788203
2024-09-06 04:11:00,-1.962989101852168,-102.94162267951944,138.61357067893766, -3.363667422321968,-35.71876154810881,2.732005365668581
2024-09-06 04:11:00,-2.116729915002607,-103.46428832269457,139.34726425269727, -3.6082221537360164,-35.936983127935186,2.922774208155829
2024-09-06 04:11:01,-2.510907590934422,-103.64407929639319,139.91361270953303, -4.239342563212151,-36.34443686828535,3.416847237749314
2024-09-06 04:11:01,-3.060549697806835,-103.07806320907883,139.64525311417856, -5.12832827223067,-36.67721907140245,4.11690604374531
2024-09-06 04:11:01,-3.2071701364782506,-102.27073708584214,139.0115661925181, -5.351391701719221,-36.860875051491135,4.286099719342387
2024-09-06 04:11:01,-3.2873021238182574,-101.12126901391582,138.14404419461414, -5.448944968550601,-37.147601865823944,4.348034363760069
2024-09-06 04:11:01,-3.275402385069482,-99.88130584451727,137.25146395438492, -5.3863500053608515,-37.49253811091948,4.2783708465510895
2024-09-06 04:11:01,-3.2096643499707436,-98.92868706637267,136.59276734079597, -5.2436800155397405,-37.78036671303295,4.1487648537791975
2024-09-06 04:11:01,-2.845645138302462,-97.35618630046145,135.52437237201966, -4.59870221708201,-38.257980910116544,3.6140157332061467
2024-09-06 04:11:01,-2.7139332169952306,-96.54869993806325,134.8197076773224, -4.376429021640928,-38.35239093854409,3.4346067154270163
2024-09-06 04:11:01,-2.596398723718494,-95.85607243249368,134.05255997540394, -4.194213638044298,-38.271180421157624,3.2950836748546237
2024-09-06 04:11:01,-2.4834476787448914,-95.15948935162767,133.30754684207156, -4.016431203937546,-38.216517621257196,3.157602448819331
2024-09-06 04:11:01,-2.343345342271609,-94.53891352079697,132.40439260907326, -3.8141926047689934,-37.927060915578124,3.01029101930794
2024-09-06 04:11:01,-2.2845428957913314,-93.91047902593544,131.507869926228, -3.7411424795623596,-37.65649117215238,2.963387579606626
2024-09-06 04:11:01,-2.255428520679731,-93.3099779788378,130.6197705074694, -3.717762426582073,-37.36799850068104,2.9562332441128416
2024-09-06 04:11:01,-2.084737912716806,-92.83280378184598,129.82942384161976, -3.461666879124567,-37.04692242313576,2.764123361236881
2024-09-06 04:11:01,-1.7770626350458374,-91.71276965236896,127.17435338462205, -3.061138747641722,-35.5002525091937,2.49291234371113
2024-09-06 04:11:01,-1.658076175510133,-91.14497862808352,125.50123863388156, -2.936343150211878,-34.391337911296034,2.4237439373227123
2024-09-06 04:11:01,-1.5322169751004973,-90.74817329469832,124.5377279511813, -2.753606793461205,-33.82015648119097,2.288211059913792
2024-09-06 04:11:01,-1.5112992013690052,-89.84034731093627,122.64802280249793, -2.787742219002377,-32.83857989871574,2.342809114131483
2024-09-06 04:11:01,-1.2276104665539194,-86.82623538974619,119.02316770786027, -2.30305124793645,-32.217811860344725,1.9487428698583509
2024-09-06 04:11:01,-1.2231908193753915,-86.11681597053798,118.17704209897686, -2.3034919933837723,-32.08106569618497,1.9520395845108574
2024-09-06 04:11:01,-1.247651354006752,-84.72480937670356,116.45027249968737, -2.3716582790621996,-31.747428280464398,2.0171197961760208
2024-09-06 04:11:01,-1.314201909782536,-84.08017544066257,115.44907245996549, -2.5234694004565985,-31.393609300767885,2.154433860644029
2024-09-06 04:11:02,-1.371493339370911,-81.22209043858447,112.2995805692515, -2.655523539994818,-31.104713360762098,2.274159013409993
2024-09-06 04:11:02,-1.3365670708054551,-80.36597612744872,111.73367907300393, -2.5664600533857422,-31.393264343144097,2.191158751923059
2024-09-06 04:11:02,-1.28609177658619,-79.67612644791427,111.24148810655511, -2.4557621997937487,-31.588847032316355,2.092240714178631
2024-09-06 04:11:02,-0.9130817664646766,-81.70320515821123,114.7113629577577, -1.675786190809979,-33.019355773953954,1.4052431190359322
2024-09-06 04:11:02,-0.7628073158229554,-82.23514788419229,115.52451033423628, -1.3895933473832696,-33.29709490776203,1.161539662057524
2024-09-06 04:11:02,0.7392595551521803,-89.03025160394444,120.14043749046843, 1.4305547253242992,-31.118087612674437,-1.224771561057681
2024-09-06 04:11:02,1.0468065638168693,-89.94522588037286,120.35024440320319, 2.067672967436164,-30.42131006908924,-1.7832053606080893
2024-09-06 04:11:02,1.4511753612722689,-90.0607149882612,120.87657242418865, 2.831074140150005,-30.846651122472586,-2.4311180316913994
2024-09-06 04:11:02,3.2194182077649107,-93.41097722666163,122.8782223119533, 6.5230844727994075,-29.626890475611155,-5.676258943720766
2024-09-06 04:11:02,5.731252845618604,-96.08041111522729,124.50806967508836, 11.905183874691982,-28.952317275913344,-10.452348135629565
2024-09-06 04:11:02,6.151141276696839,-96.90336323223846,124.95609817248408, 12.907247990049246,-28.665613866722673,-11.369203897238823
2024-09-06 04:11:02,7.262143893025605,-97.99409805272191,125.44230297321761, 15.453780820139903,-28.32032732709009,-13.677988120571374
2024-09-06 04:11:03,7.190587678287159,-99.118844471383,127.4386649127247, 14.892818206054383,-29.1450127289229,-13.07643954287757
2024-09-06 04:11:03,7.1143387639533495,-98.7507747419548,127.82886461273776, 14.402967548360825,-29.86173051752555,-12.55568690994912
2024-09-06 04:11:03,4.449187726298821,-97.9720096408433,129.08709428092314, 8.562818881047788,-31.39996318483282,-7.323562097049585
2024-09-06 04:11:03,3.741141990814096,-97.91796747900705,129.40074493821322, 7.136673711676357,-31.681591658384257,-6.081824502865395
2024-09-06 04:11:03,0.19143001188297615,-95.17577083986181,131.75593854202967, 0.32121771518853937,-36.58059861123798,-0.25794499157278916
2024-09-06 04:11:03,-2.218471223338514,-91.49775123627391,132.85805524807125, -3.3551297677956526,-41.40905874794948,2.517627746293421
2024-09-06 04:11:03,-2.7044752398969227,-91.24251040430636,133.0226621522478, -4.055334292898094,-41.85152662367069,3.0229685738211605
2024-09-06 04:11:03,-2.4706836288758947,-91.56846182820922,132.66595529501748, -3.755539117647499,-41.15851655400249,2.8292683553474633
2024-09-06 04:11:03,-2.1128347365393463,-92.66059577902755,132.32833727500787, -3.3077391362832467,-39.71468994254862,2.5455854858556615
2024-09-06 04:11:03,-1.8031972654850676,-93.49094184386684,132.07793408875534, -2.8896216507905566,-38.622536633170014,2.2583350097025736
2024-09-06 04:11:03,-1.325377374991426,-94.93579335223677,131.6284228625451, -2.217411128930425,-36.71319519303505,1.7778781661977083
2024-09-06 04:11:04,-0.611002368069907,-97.74464188145924,130.5566958515651, -1.1274470052479337,-32.81710645962089,0.9475478306685226
2024-09-06 04:11:04,-0.30011121058692414,-98.60595497272863,130.069256869602, -0.574964146379547,-31.46458632006332,0.4904275996893961
2024-09-06 04:11:04,0.16555662906457208,-100.85868845918714,129.04959111937706, 0.3504471444294215,-28.191348911660768,-0.3088761388178415
2024-09-06 04:11:04,-0.1913637401336904,-100.5875224720876,129.39296070032285, -0.3971497577288098,-28.806019388233977,0.34800617717677496
2024-09-06 04:11:04,-0.5612989960480921,-98.87381264573507,130.42044446190377, -1.0727438497865147,-31.55110990183781,0.9141933827266862
2024-09-06 04:11:04,-0.7365116929359654,-97.95678269911073,130.72533355447266, -1.36058795616745,-32.7759042479736,1.1440376764256819
2024-09-06 04:11:04,-1.1141011525787838,-95.60399517186883,131.69463019653418, -1.8908582248894596,-36.105490983797594,1.5278801269847169
2024-09-06 04:11:04,-1.3411218877093376,-94.948857418617,131.72291827888085, -2.2394705154293866,-36.79505559922937,1.7936576840127931
2024-09-06 04:11:04,-1.5798980633213107,-94.27341452253796,131.71204931933175, -2.597772717457109,-37.46707417854952,2.062382936630795
2024-09-06 04:11:04,-1.122063240149637,-94.30440249185556,131.1457859377229, -1.8709213946683776,-36.856045103953754,1.497199899321613
2024-09-06 04:11:04,-0.7354421684148071,-95.61710012000887,130.89774905720896, -1.2731725845835555,-35.28731940546223,1.0393038876986513
2024-09-06 04:11:04,-0.7078120713823699,-96.37404411160222,130.7515543600279, -1.2534203912588655,-34.38390021716156,1.0344656536061145
2024-09-06 04:11:05,-0.8003709703697404,-98.68867614078943,130.27793138065903, -1.5276696622888273,-31.598344535656242,1.3012651738852707
2024-09-06 04:11:05,-0.9981877254801044,-99.81719732460726,129.60081721250123, -2.008914157374783,-29.798808459978932,1.7434634808001592
2024-09-06 04:11:05,-1.1432213453197642,-100.87934800303788,128.78601410848586, -2.4414557817077855,-27.9281926252836,2.157398672520882
2024-09-06 04:11:05,-1.2416883009955337,-101.41390222301209,128.50289242366787, -2.7251151325031957,-27.115282541241026,2.4259810708848373
2024-09-06 04:11:05,-1.1868373647914399,-102.00537540617579,128.2179126726721, -2.6853792443327085,-26.237492602445904,2.4090473078405723
2024-09-06 04:11:05,-1.2782949189082642,-102.62410181222232,127.89778825466924, -2.991841969655276,-25.30387081025776,2.7052347282989584
2024-09-06 04:11:05,-1.253433956209747,-103.18631608379759,127.38165726806015, -3.055870404983871,-24.22583557839195,2.7872005263717288
2024-09-06 04:11:05,-1.2520923320685033,-103.6941088674408,126.98867671791506, -3.163465059101327,-23.3263215338165,2.9053605555078086
2024-09-06 04:11:05,-1.216419906934485,-104.19161907696561,126.53048042880107, -3.1975580671635977,-22.370262731166637,2.957366146125492
2024-09-06 04:11:05,-1.157801620119739,-104.63074338835047,126.07192828321463, -3.164531187757312,-21.470951207331357,2.94532410171826
2024-09-06 04:11:05,-1.1268891030043782,-104.95608166333365,125.64605743970999, -3.1866303358078825,-20.719297583841648,2.9809192961023085
2024-09-06 04:11:05,-1.0860305627515228,-105.21107135981812,125.13973772212475, -3.183344398893658,-19.957035166500415,2.9925393731014065
2024-09-06 04:11:05,-0.8366650537220047,-105.40351808540727,124.7529172066519, -2.5237328037491316,-19.366786986844772,2.381096783322245
2024-09-06 04:11:05,-0.8459537441106311,-105.63085334927484,124.28721813801012, -2.6428182109974943,-18.674852397057194,2.503858219720198
2024-09-06 04:11:05,-1.1036673976901483,-105.37574147103604,124.70757357423491, -3.330608694400564,-19.362108244053143,3.142625388180299
2024-09-06 04:11:05,-1.10552142887967,-105.23660179828737,125.42838737876879, -3.1999569789155995,-20.2207655955615,3.0031094679142
2024-09-06 04:11:05,-1.0461349894117198,-104.89640489231476,126.01867408586043, -2.900873810182506,-21.14697661643718,2.7058241221878068
2024-09-06 04:11:05,-1.0412221137262372,-104.63849651429248,126.41542111879838, -2.80464177172593,-21.800593401681105,2.604346126746081
2024-09-06 04:11:05,-0.986415740665167,-104.26159084075944,126.9052724834337, -2.5606720075143556,-22.664027444074833,2.363170950630698
2024-09-06 04:11:05,-0.9775211714248007,-103.98140227329047,127.32794900149014, -2.4653886555573887,-23.36585780905031,2.263424554540532
2024-09-06 04:11:05,-0.918481056597209,-103.46752726512456,127.8616403363825, -2.2229410846728683,-24.410341228170942,2.024403788570594
2024-09-06 04:11:05,-0.8182319105909317,-103.01475968063205,128.16613838873982, -1.9246070557131059,-25.163819005059693,1.7420720949755912
2024-09-06 04:11:05,-0.6372367422623693,-102.3669109410421,128.52395531709612, -1.4452815317319978,-26.16425864437997,1.2972422403252981
2024-09-06 04:11:05,-0.5833795278864915,-101.88289381437882,128.83080206689377, -1.28712927549467,-26.95374960387428,1.1473515551753712
2024-09-06 04:11:06,-0.5820545343635031,-101.46751359872195,129.11292142724562, -1.2542754431171792,-27.65105157158325,1.1110633975218274
2024-09-06 04:11:06,-0.5051162671963707,-100.96166581769951,129.3435997419703, -1.0625325007642605,-28.38605462418322,0.9348023915454209
2024-09-06 04:11:06,-0.482677491047455,-100.3653418346477,129.65017300458135, -0.9866904956895055,-29.288456156877494,0.8605800916286996
2024-09-06 04:11:06,-0.43872040596220363,-99.86333320491919,129.98947525883435, -0.8740589875553577,-30.129036445773917,0.755985905202173
2024-09-06 04:11:06,-0.5273969221886712,-99.38063011532184,130.38443593999287, -1.023802741919657,-31.007844648732707,0.8775228142903657
2024-09-06 04:11:06,-0.582796631423902,-98.9181761109811,130.73581061624475, -1.1053210379468468,-31.8224113377469,0.9392087661260446
2024-09-06 04:11:06,-0.5410752494513746,-98.3711197959608,130.98716368245624, -1.003764908284251,-32.62003605877858,0.8454601201719775
2024-09-06 04:11:06,-0.5142419700731865,-97.76486225377916,131.24704558407362, -0.9320849031925706,-33.485672081971394,0.7774018851681246
2024-09-06 04:11:06,-0.6455580213372153,-97.38110858079439,131.66211697100331, -1.1460217115319045,-34.286343098539014,0.9469205607417922
2024-09-06 04:11:06,-0.714115472790475,-96.97977686317732,132.04240657700842, -1.2429518508891129,-35.0689699821298,1.017360305544183
2024-09-06 04:11:06,-0.7952679948310599,-96.58278378166013,132.44450776984334, -1.3573371305114366,-35.86935834032413,1.0999957313604811
2024-09-06 04:11:06,-0.8311749167469119,-96.1825285002931,132.82432521112977, -1.3925186380001158,-36.649901249823856,1.1172931521516354
2024-09-06 04:11:06,-0.8723754394587648,-95.61560979049754,133.16107322391147, -1.431366244831766,-37.55410334689889,1.1348435769161638
2024-09-06 04:11:06,-0.9605088056415108,-95.2060671018243,133.47932791497675, -1.5504433188206137,-38.28346355004564,1.2171425978293122
2024-09-06 04:11:06,-1.0277396738042606,-94.77457922712851,133.77573979825593, -1.632786683840048,-39.01254107577146,1.2688247284940168
2024-09-06 04:11:06,-1.0965773433450643,-94.14978873885536,134.0029014527951, -1.710905555610039,-39.86568181503343,1.3133646007742052
2024-09-06 04:11:06,-1.0045931945495914,-93.75922118821866,134.323962128196, -1.544582775194868,-40.57502770354937,1.17331561936513
2024-09-06 04:11:06,-0.22899164014207601,-94.1372700694076,134.24959775673273, -0.35541536261365114,-40.112870864536276,0.27181483056294975
2024-09-06 04:11:06,0.10170313666433733,-94.81279840635678,134.13620001451247, 0.16049152231279862,-39.323511797581254,-0.12415319937821967
2024-09-06 04:11:06,0.49724635366346787,-95.82382961658132,133.9576597818949, 0.8052239161877668,-38.13657853422437,-0.6333574742164092
2024-09-06 04:11:06,0.8276532115740636,-96.84415623212985,133.7141110414459, 1.3792496594256196,-36.877924366559014,-1.103360532470234
2024-09-06 04:11:06,1.0066802901555507,-97.73355605349684,133.45097717810506, 1.7240502324397005,-35.72971829143667,-1.399694826101204
2024-09-06 04:11:06,0.9862768576396026,-98.37245894371766,133.29311539083753, 1.7225813338474287,-34.93281333005864,-1.4123531594693783
2024-09-06 04:11:06,0.9399758162128592,-98.9974917285296,133.15156369094262, 1.673955883354641,-34.16543524166457,-1.3851880432432466
2024-09-06 04:11:07,0.8152860538532919,-99.66426938160134,133.03466099569954, 1.4819750304801824,-33.37919729757563,-1.2376033375807427
2024-09-06 04:11:07,0.9441085271721024,-100.42330313461673,132.79993832388334, 1.7627022059769937,-32.388900719906125,-1.4886163803615202
2024-09-06 04:11:07,1.044196623963886,-101.21151739815133,132.43121046080165, 2.0139684877220407,-31.2353881477356,-1.72222265896512
2024-09-06 04:11:07,1.0504975103816616,-101.73671306992796,132.17203944695447, 2.073091842105153,-30.45171312504449,-1.7873227894330215
2024-09-06 04:11:07,1.2208143693278688,-102.47316943558369,131.89028942546418, 2.4843712454172837,-29.440176857474547,-2.163890351416724
2024-09-06 04:11:07,1.377697260696901,-102.8090875042315,131.55126036977174, 2.8631823801716845,-28.772358168743967,-2.5101749275010556
2024-09-06 04:11:07,1.4616583064914874,-103.24302458015069,131.17092725274952, 3.118394322445398,-27.963051388673538,-2.7549201259494476
2024-09-06 04:11:07,1.3113560133611548,-103.83336023997768,131.0269628973883, 2.867601071443283,-27.22279503892966,-2.550415120470542
2024-09-06 04:11:07,1.1517598292986866,-104.47991110480484,130.96707067673285, 2.581037717217575,-26.510380927034678,-2.309961866032189
2024-09-06 04:11:08,-0.2456212858582703,-100.93014720415614,131.8896801426053, -0.47745250219052193,-30.960410534139697,0.40942899588709847
2024-09-06 04:11:08,-0.007176320695061467,-100.06981293312685,131.50396877256617, -0.01376043689767975,-31.43415657471916,0.011740955907314665
2024-09-06 04:11:08,0.24759012824690912,-99.09624700068399,131.45428880939807, 0.46259796349461346,-32.358886111541814,-0.3907645770548642
2024-09-06 04:11:09,-0.0786586708319168,-99.94032302956477,131.55171177314517, -0.1500672725127984,-31.61147646938058,0.12780066527005107
2024-09-06 04:11:09,-0.5296791159338273,-100.80821890735044,131.45717784433467, -1.0389570909217982,-30.65309052370902,0.8938090568928485
2024-09-06 04:11:09,-1.086104576796549,-101.46155493262083,131.18700318999527, -2.1896098382625633,-29.743471714963878,1.901368232489283
2024-09-06 04:11:09,-1.6511777641036796,-102.0495351728616,130.89574532027575, -3.4192945933125047,-28.88937298082965,2.9946069295904643
2024-09-06 04:11:09,-2.179799047636376,-102.53329644902786,130.57695725321628, -4.628590298983284,-28.121393371102926,4.084161539320763
2024-09-06 04:11:09,-2.6801569105617333,-102.72781670481183,130.14980782268947, -5.803904968246371,-27.542544005896488,5.149896043922644
2024-09-06 04:11:09,-3.1278677795543546,-102.83076927124912,129.7512112815677, -6.882135496188948,-27.088057472706346,6.133321939835605
2024-09-06 04:11:09,-3.633635707603303,-102.8018321316757,129.2571133278188, -8.112623295518027,-26.685821319468978,7.258241605170491
2024-09-06 04:11:09,-3.8667178688930948,-102.13279753758773,128.6547904963793, -8.607097193355845,-26.782155138750667,7.695495901275884
2024-09-06 04:11:09,-3.7551024158714483,-101.4350977326199,128.6301805493163, -8.172374236096154,-27.43351734831996,7.263783700460656
2024-09-06 04:11:09,-3.6960870735919222,-100.8407097800125,128.72838364600904, -7.863254613054553,-28.11204176735452,6.945265171477094
2024-09-06 04:11:09,-3.6690849105605885,-100.26691623863842,128.84052413399527, -7.636263228704971,-28.788504133119506,6.701626406883117
2024-09-06 04:11:09,-3.619008043354614,-99.55310637510333,129.11035010491898, -7.30633814549354,-29.758101591057137,6.351303979849216
2024-09-06 04:11:09,-3.692316888095932,-98.68786180092722,129.61941058870804, -7.15582594551804,-31.129449926749416,6.133904084650719
2024-09-06 04:11:09,-3.8657438825283448,-98.0133757900541,130.1026384832541, -7.248968734568517,-32.296565359936615,6.136837901048269
2024-09-06 04:11:09,-3.792803539478848,-97.50549619673146,130.39873754364422, -6.959721181661419,-33.086764736173016,5.839710748558405
2024-09-06 04:11:09,-3.725636205977046,-97.00029540490276,130.64456301579958, -6.703292332406052,-33.825780387474865,5.576525083663885
2024-09-06 04:11:09,-3.505934820123003,-96.2961246267159,130.91441143466963, -6.155189326749113,-34.77331696961196,5.062290539139682
2024-09-06 04:11:09,-3.4151877478551627,-95.60556575778236,131.08454456334812, -5.870502937285807,-35.621493722973874,4.777692918459466
2024-09-06 04:11:09,-3.3401583480292283,-94.98396212313163,131.29659498175576, -5.628562910699215,-36.444866457751864,4.532918976759038
2024-09-06 04:11:09,-3.2084886319556207,-94.25636269553203,131.38369884046787, -5.306031891408282,-37.245809635775174,4.2282707700922
2024-09-06 04:11:09,-3.102066364447674,-93.60141733907736,131.52412398419054, -5.03921440329406,-38.03033301098783,3.9731975417123877
2024-09-06 04:11:09,-2.905503333604006,-93.32172969688652,131.96859606199826, -4.6461696310240495,-38.7388842948151,3.62715107588993
2024-09-06 04:11:09,-2.5981228079327137,-93.50687605007884,132.56910480665877, -4.118650124672811,-39.1347425278055,3.196880369608231
2024-09-06 04:11:10,-2.0678099311757845,-93.52483986622254,132.84096567496718, -3.26148626197302,-39.36166106838853,2.5227402646549053
2024-09-06 04:11:10,-1.7692021891540441,-94.3030935120389,133.17936024541945, -2.8174371023680918,-38.91013227323938,2.193035393312401
2024-09-06 04:11:10,-1.7291906314451948,-95.24986090446454,133.60514038996988, -2.785258831040859,-38.38823970609827,2.1838073805252827
2024-09-06 04:11:11,-2.4553287532886685,-98.9999639592635,131.52351531058036, -4.559956595111277,-32.605951819362836,3.8436456970556843
2024-09-06 04:11:11,-1.8170593783635125,-98.06655661541997,131.16215911024767, -3.325096170005308,-33.139778842083416,2.7851680281687816
2024-09-06 04:11:11,-1.9331659845283464,-97.36716839051134,131.14552813846785, -3.4740877968100716,-33.82708013310238,2.8870952588824
2024-09-06 04:11:11,-2.5870636628234047,-96.89033381973766,131.10792337540119, -4.593815357444217,-34.303366490777876,3.797373444871981
2024-09-06 04:11:11,-2.884956925599439,-96.2746134931226,131.1718576394622, -5.033965769289492,-35.00121270476197,4.127013011022114
2024-09-06 04:11:11,-3.1025217986644353,-95.58383224969387,131.26565575519476, -5.309020997725632,-35.79860533079487,4.310247188209251
2024-09-06 04:11:12,-3.2880347300621278,-94.88807346871083,131.35971370897673, -5.520390287924723,-36.59904608815367,4.436796079768883
2024-09-06 04:11:12,-3.514801512410905,-93.90456839007659,131.44412669544042, -5.756305142545614,-37.67958857172931,4.561506052525108
2024-09-06 04:11:12,-3.83982515796478,-93.09789737467727,131.5040985481226, -6.166330228854692,-38.56815435005351,4.828488636830695
2024-09-06 04:11:12,-3.7036451838576903,-92.21423543827233,131.02364562654523, -5.896793810414421,-38.95794995704708,4.591794549424111
2024-09-06 04:11:12,-3.277439148320477,-92.42171729670066,130.62039749109564, -5.290652189482883,-38.31761658213107,4.155506983447265
2024-09-06 04:11:12,-3.0297373167430046,-92.95387593432808,130.46549982347668, -4.967729334659699,-37.61582667213135,3.938717212126086
2024-09-06 04:11:12,-2.7336340106188293,-93.60615386538119,130.30607516835465, -4.5679411094871565,-36.7873043237272,3.661079849016725
2024-09-06 04:11:12,-2.304350510078953,-94.60444023974587,130.0863257633847, -3.9657651783256966,-35.54683315029584,3.2284491231521106
2024-09-06 04:11:12,-1.87507252676722,-95.60939301848579,129.75116561136508, -3.3383411629071826,-34.1869882665284,2.7624897749623405
2024-09-06 04:11:12,-1.6644252763083074,-96.13967114688352,129.52214712178116, -3.023031110662733,-33.41914411637428,2.523925084734949
2024-09-06 04:11:12,-1.4857782540573419,-96.59013973515057,129.31245529299576, -2.747059375660111,-32.75228336829085,2.3108429942623157
2024-09-06 04:11:12,-1.369970241193073,-97.21018677427904,129.08648785208558, -2.592935391451973,-31.902627262982456,2.201685577900038
2024-09-06 04:11:12,-1.4872116819481533,-98.35572025747325,128.68042181140567, -2.9436271056265353,-30.35768151135691,2.5405888695447953
2024-09-06 04:11:12,-1.8241848485494385,-99.59008718429584,128.13586538520775, -3.8130493752343346,-28.599109920634838,3.348952949770314
2024-09-06 04:11:12,-1.9082761024386397,-100.02930410843872,127.7752879370151, -4.093486601839149,-27.80632861430458,3.6221495996383424
2024-09-06 04:11:12,-1.8460092227455829,-100.55522332721105,127.31116229441419, -4.094935176375374,-26.814858141268193,3.6558679283268436
2024-09-06 04:11:12,-1.626046103957889,-101.11049306358103,126.82041210924774, -3.743916061615769,-25.75779620464032,3.372823229241022
2024-09-06 04:11:12,-1.3821304990599563,-101.6217181413801,126.40222683228515, -3.2945175870143495,-24.81659259181073,2.9908689213326367
2024-09-06 04:11:12,-1.3396928409690938,-102.00710571190973,125.99855870374938, -3.291837664811659,-24.02661955766229,3.0071692129814114
2024-09-06 04:11:12,-1.3272373197341734,-102.41560475213802,125.57722671949392, -3.3711019885300186,-23.19752725215664,3.0991108464237707
2024-09-06 04:11:12,-1.194282701198347,-102.68170565606276,125.20552302866727, -3.1150612671821882,-22.553811566575234,2.8772373396901663
2024-09-06 04:11:12,-1.1391309339142748,-103.21547694764399,124.88410750412733, -3.082514898592471,-21.69711282730066,2.86449998348126
2024-09-06 04:11:12,-1.122565720831464,-103.72148021192628,124.50708566143692, -3.160492103999086,-20.81455676446973,2.954602134521836
2024-09-06 04:11:12,-1.1093970860041031,-104.25327270327364,124.18207579023185, -3.2516858590485125,-19.95840462685391,3.0567739514198076
2024-09-06 04:11:13,-0.9963050641533873,-104.53929864173634,123.72848382032232, -3.028635420883372,-19.214058834590528,2.8602156270036088
2024-09-06 04:11:13,-0.7283677234803622,-104.751954690067,123.08346945123859, -2.3147115501491915,-18.345482436485206,2.197186861709403
2024-09-06 04:11:13,-0.8433222125107168,-105.12477732473319,122.70416734979766, -2.790201939205688,-17.598968372077817,2.6598017723990535
2024-09-06 04:11:13,-0.9541899229432891,-105.7508572880928,122.62036491679747, -3.284822799708114,-16.8956888890224,3.143325637053076
2024-09-06 04:11:13,-0.6883104880577872,-106.4111438279505,122.81415752899827, -2.43607812862327,-16.417052566388087,2.3368714255604512
2024-09-06 04:11:13,-0.7945535709292441,-106.74844300463263,122.38621713456698, -2.9452438644823125,-15.657443620016442,2.836135003780893
2024-09-06 04:11:13,-0.7211148496662995,-106.76567858075894,121.8420388156274, -2.7703722710351695,-15.093196718115513,2.674945562356577
2024-09-06 04:11:14,-0.4309284745907028,-106.32690970633219,122.00163344555648, -1.5946115477335043,-15.680497681872009,1.5352951135619288
2024-09-06 04:11:14,-0.5337794981345395,-106.4833917612844,122.65892402223288, -1.915407315007515,-16.184101899073454,1.8395549834337201
2024-09-06 04:11:14,-0.7604379963597316,-107.07839777028816,123.2883528810076, -2.7221519495256516,-16.22730411873333,2.613856636628958
2024-09-06 04:11:14,-0.2092429095020747,-107.38988649504915,123.58309549074619, -0.7502650497105128,-16.194524635800065,0.7204979926961346
2024-09-06 04:11:14,-0.10092439291452905,-107.77698956722722,123.33605333779563, -0.37625338247546114,-15.55938300621332,0.36246518539072986
2024-09-06 04:11:15,-0.10340709311885571,-108.54800655713521,124.0460859914569, -0.3869883309613061,-15.498415954832952,0.37291700469001976
2024-09-06 04:11:15,-0.3447958786428159,-108.79741050312744,124.68841555858319, -1.259072956286215,-15.894648841570532,1.2109493025599234
2024-09-06 04:11:15,-0.3350830864192291,-108.5440559156555,125.17311154376819, -1.170755918471609,-16.632336013576584,1.1217856716583836
2024-09-06 04:11:15,-0.3924287222373703,-108.16739233111643,125.64328222832007, -1.3065635052896352,-17.480157963803226,1.2462472381426457
2024-09-06 04:11:15,-0.3519591395213627,-107.79525158671133,125.93236882755566, -1.1305068824570383,-18.140417069880794,1.0743300672141898
2024-09-06 04:11:15,-0.26434097709180837,-107.38565109834143,126.20840260474688, -0.8192522569963284,-18.82454032261592,0.7754368928681926
2024-09-06 04:11:15,-0.1402155462502815,-106.95085419849607,126.58000457418984, -0.41738756542520017,-19.62963141789863,0.3931313888449306
2024-09-06 04:11:15,-0.06257233026928403,-106.39804661406808,126.93231273258252, -0.1783864031991678,-20.5343573368496,0.167052157799223
2024-09-06 04:11:15,0.09237436483101454,-105.69906034130597,127.31642089653116, 0.2507391050429708,-21.617548464340807,-0.2331032445066079
2024-09-06 04:11:15,0.09246121274089376,-104.9569011535886,127.57894061425759, 0.2403760567191774,-22.622218492246347,-0.2218819855659236
2024-09-06 04:11:15,0.04306920600987454,-104.34751503786546,127.87564732058475, 0.1078888750807313,-23.528169461572926,-0.09891943541532607
2024-09-06 04:11:15,0.056334188544556706,-103.67689607622455,128.2530645027761, 0.13545023747024476,-24.57622898275664,-0.12317966926881477
2024-09-06 04:11:15,0.07145321926905769,-103.1820167118524,128.55900219699657, 0.16672347540356924,-25.377079413752924,-0.15063587378233403
2024-09-06 04:11:15,0.15588080583460873,-102.73343050510849,128.8325005938101, 0.3543316401281644,-26.099502945180987,-0.3182017212193468
2024-09-06 04:11:15,0.30088705932362664,-102.20767628927517,129.20661387346777, 0.6627613468007227,-27.000488170295103,-0.590527548940896
2024-09-06 04:11:15,0.3903564237643952,-101.63579571466286,129.57885255782517, 0.8329921254176049,-27.94556363364754,-0.7358709954341381
2024-09-06 04:11:15,0.392489318801018,-101.04919430535166,129.867073118913, 0.8142053425218542,-28.820322214107655,-0.7133655686479866
2024-09-06 04:11:15,0.4256291585238728,-100.4198979622606,130.06711144766442, 0.8604021973089733,-29.649990946480607,-0.7477580130205657
2024-09-06 04:11:15,0.4654736932462094,-99.82474589099091,130.2406895467359, 0.9193523849115157,-30.419164161819126,-0.7928157901185777
2024-09-06 04:11:15,0.2719423711446079,-99.46441963052607,130.6040986250727, 0.5258615402702023,-31.140747126127657,-0.450088021952984
2024-09-06 04:11:15,-0.10657781351245271,-99.18617083394352,130.96372468879008, -0.20237918455062376,-31.777713865817606,0.1720422568564251
2024-09-06 04:11:15,-0.3832088578346251,-98.84819601378256,131.29295422583385, -0.7142676151612859,-32.44677398644115,0.6027724405248328
2024-09-06 04:11:16,-0.7555713412063286,-98.6767792735632,131.72869104958679, -1.3851664184349652,-33.05956719539464,1.160980659242392
2024-09-06 04:11:16,-1.177930508633216,-98.37510599933962,132.10748259633772, -2.1205256348492214,-33.75050523466342,1.7633907172073713
2024-09-06 04:11:16,-1.6109439921803639,-97.93183621568893,132.34302260347573, -2.848983107168459,-34.444231376453565,2.3501105932923325
2024-09-06 04:11:16,-1.9298830297913276,-97.53614263068394,132.68763484703106, -3.349450174813698,-35.197618845988345,2.738102241213561
2024-09-06 04:11:16,-2.1307744608552377,-97.17296642306204,133.01053623675256, -3.636094533385525,-35.892386814056586,2.9470304676273615
2024-09-06 04:11:16,-2.3562401755532982,-96.67981013409542,133.24270146874636, -3.9513374268492707,-36.62815725501608,3.1728341455576397
2024-09-06 04:11:17,-2.6965646497653095,-95.98263704398295,133.0503892095821, -4.467930544141928,-37.15165675974536,3.563751305885899
2024-09-06 04:11:17,-2.699374298210946,-91.20531534392906,129.51629085700262, -4.34917767952062,-38.39137363508456,3.4113543348111506
2024-09-06 04:11:17,-3.2700037686684853,-88.3524955773967,126.82952761649571, -5.246543859997045,-38.59425693265545,4.1050706082624755
2024-09-06 04:11:17,-3.69646053849113,-87.82274907260467,126.15240559828727, -5.947086584790026,-38.480176918380074,4.661994670394115
2024-09-06 04:11:18,-3.1172748340617593,-88.90115995775454,126.20915041827118, -5.134467118748873,-37.419105838118355,4.08188671472886
2024-09-06 04:11:18,-2.532584181408642,-90.3073939676367,127.64050654042012, -4.171430266868381,-37.40642561150668,3.315721707108631
2024-09-06 04:11:18,-2.337403958817332,-91.19223075525446,128.33090987762972, -3.8677637418230386,-37.20157760580089,3.0824359930164347
2024-09-06 04:11:18,-2.107685435798011,-92.16787943953618,129.04987921951326, -3.5090112492142573,-36.93362916840273,2.8061316510013383
2024-09-06 04:11:18,-1.5126222491171877,-94.64022687814811,131.17174832717703, -2.5400160254708224,-36.55846388359142,2.0407407994691527
2024-09-06 04:11:18,-1.185744698896361,-95.78649329846645,132.73166942080056, -1.9722892272102017,-36.961487194476675,1.5761627446239777
2024-09-06 04:11:18,-1.7878686263136057,-95.49595149332082,132.99275121059912, -2.9354916621110076,-37.53313877445132,2.3286041557043955
2024-09-06 04:11:18,-4.085331620241494,-96.73885576540594,134.45110476486497, -6.6598785120315105,-37.90013330348151,5.264128712674735
2024-09-06 04:11:18,-4.714112619338813,-97.22351242169651,134.73712886623696, -7.711982448168314,-37.76536585576312,6.110332731079238
2024-09-06 04:11:19,-6.371584330501754,-97.87976131001109,135.12844949938432, -10.45282325818412,-37.71167248989548,8.303570429393845
2024-09-06 04:11:19,-6.321250681360144,-96.84830306771774,134.10673835392976, -10.369116730713992,-37.71401929294832,8.236273889408116
2024-09-06 04:11:19,-5.109126569970175,-92.76808290778001,130.53830175047116, -8.305004738952862,-38.063044238802775,6.556219805995024
2024-09-06 04:11:19,-4.497718093115724,-90.9076196166942,128.24403894967486, -7.389950183271333,-37.567122775207025,5.8696459048121765
2024-09-06 04:11:19,-3.9331839359779988,-90.00925893961596,127.02809115194418, -6.514746832409655,-37.197422563843645,5.19754379049055
2024-09-06 04:11:19,-3.521640405610468,-89.70506476320043,126.53119937471884, -5.862253594565252,-36.97037989861939,4.689539347199084
2024-09-06 04:11:19,-2.6907112933325337,-89.5121162599637,125.56726072368635, -4.565335011868996,-36.141822918086554,3.6894942316958073
2024-09-06 04:11:19,-2.1916803428887306,-89.24789369456968,125.08534056291218, -3.7398483340518784,-35.895440076936495,3.031086473321647
2024-09-06 04:11:19,-1.7395947332734167,-88.67693852604563,124.75559353066377, -2.9522890225756466,-36.11487993778231,2.3857011198571203
2024-09-06 04:11:19,-1.8318844723987568,-87.98023863567059,124.64635228520824, -3.0658244291333245,-36.70542940339033,2.4587677993854524
2024-09-06 04:11:19,-2.001799174836607,-86.95964393332505,125.0390407894794, -3.243559036612072,-38.12400135433636,2.5526705987664635
2024-09-06 04:11:20,-1.4675750728994563,-86.90589717314154,124.68855448565115, -2.3945134224929556,-37.806895210305704,1.8922740552077546
2024-09-06 04:11:20,-1.2314359439148703,-87.3886106036205,124.39966651585497, -2.045125654531692,-37.028605920804765,1.6329467465097494
2024-09-06 04:11:20,-1.1945920284594678,-87.95880175921336,124.28018601063204, -2.0162820073996874,-36.338320175770974,1.6244154042576147
2024-09-06 04:11:20,-1.4195411487637117,-89.32927613512331,124.50657567547691, -2.463002951524226,-35.20223992575947,2.0129867552194067
2024-09-06 04:11:20,-1.6507835467270617,-90.15310689137071,124.71669075927679, -2.908095857819512,-34.59808564698308,2.3944773865966242
2024-09-06 04:11:20,-1.8660371145286503,-91.14451777373381,124.90279593277846, -3.3553986379632423,-33.80371034510559,2.789149812103143
2024-09-06 04:11:20,-1.8687847567001836,-92.03765315989386,124.90610494340525, -3.4404989512277813,-32.91558411954013,2.8892278278655352
2024-09-06 04:11:20,-1.6992445662324052,-92.74973590679987,124.62669748803518, -3.2152400210597114,-31.917453548265886,2.7299307209614905
2024-09-06 04:11:20,-1.5979750230613672,-93.12678187071596,124.33807449622648, -3.0815546025290685,-31.24804918955133,2.6351955271465712
2024-09-06 04:11:20,-1.3310151019448468,-93.53565054717923,124.00898512682778, -2.6232033757058586,-30.499597228332664,2.260644640708093
2024-09-06 04:11:20,-1.1151318178763034,-93.9115312558331,123.67598523668408, -2.2454107436724415,-29.783423403194583,1.9490587852047982
2024-09-06 04:11:20,-0.9165011278353296,-94.23429281490587,123.36847290580424, -1.8819704783341777,-29.147328331576954,1.6437971410040373
2024-09-06 04:11:20,-0.855798198270235,-94.61851994575518,122.9040885655544, -1.8055268024549782,-28.297443235045634,1.5898819038534024
2024-09-06 04:11:20,-0.7794968928624795,-95.22242470685707,122.00223425063201, -1.729632079050862,-26.790313728119216,1.54407215721212
2024-09-06 04:11:20,-0.6365413931299724,-95.36030659714152,121.30611098382096, -1.454629873522121,-25.95307048424128,1.3079883463304116
2024-09-06 04:11:20,-0.5184596061282433,-95.38508996668891,120.70646525168388, -1.2120699770410397,-25.32633243115489,1.0956030435284252
2024-09-06 04:11:20,-0.48579039614023495,-95.08153139744306,119.98651688834008, -1.1534538324025931,-24.909420727537697,1.0461785994137114
2024-09-06 04:11:20,-0.37874070611253197,-94.40094929132736,119.29783496971336, -0.899589632268943,-24.89958266552659,0.8159820354024894
2024-09-06 04:11:20,-0.27255750100604453,-93.96943452747274,118.49528161189444, -0.656577203868256,-24.52726786821937,0.5973346840353285
2024-09-06 04:11:20,-0.18347771290574838,-93.95464801438882,117.7374614203826, -0.4549659250781737,-23.783480013937535,0.41632981437026484
2024-09-06 04:11:20,-0.24579221356340453,-94.0974982156915,117.05728195242732, -0.630077703251047,-22.96102815965061,0.5801604645658539
2024-09-06 04:11:20,-0.2826464440955519,-94.2210981987836,116.35390019061725, -0.7501767839466501,-22.134516015292753,0.6948957561491401
2024-09-06 04:11:20,-0.29803208826285293,-94.32047251393506,115.69083167223515, -0.8178336037316158,-21.372339975795896,0.7615995727211275
2024-09-06 04:11:20,-0.36107402534474864,-94.34727846919674,114.89466180143539, -1.0286571048072315,-20.550418454660385,0.9632098783338894
2024-09-06 04:11:21,-0.5079084080587101,-94.27695707062321,113.01526261893557, -1.5806968890055015,-18.744940705990427,1.4968935833553254
2024-09-06 04:11:21,-0.49654592577275397,-94.04626626019127,112.12316830848495, -1.5998715638501582,-18.083492742971483,1.5208843073162688
2024-09-06 04:11:21,-0.5889022288755078,-93.83136783945217,111.24755166828447, -1.9668270414081832,-17.425829024693506,1.8766264414530685
2024-09-06 04:11:21,-0.7965331363153298,-93.56989221655525,110.31126930124329, -2.7632730598427595,-16.759773620310412,2.6460657785493296
2024-09-06 04:11:21,-1.336773929586389,-93.06174428295368,108.74803881131704, -4.932909018868773,-15.741725683370866,4.748759904442274
2024-09-06 04:11:21,-1.5722141353907255,-92.7268524886577,107.8271855670951, -6.014462451052199,-15.180066401053963,5.806063079547874
2024-09-06 04:11:21,-1.8747079588602116,-92.585348017424,107.04606351654968, -7.467465167136376,-14.579158901584996,7.229604376113818
2024-09-06 04:11:21,-2.108270547341159,-92.44132248006105,106.32366259832028, -8.723007664953851,-14.038406011792492,8.466313138430973
2024-09-06 04:11:21,-2.279544537077669,-92.27513512857178,105.6897072136455, -9.736200922767466,-13.603373161182212,9.468087222250261
2024-09-06 04:11:21,-2.3126562112502693,-91.13809168794893,103.21119473598193, -10.928424671142682,-12.289377298118273,10.68383012676043
2024-09-06 04:11:21,-2.4041624093539644,-89.82181711648954,101.86433721730478, -11.377960257462608,-12.276681662728825,11.124333832513937
2024-09-06 04:11:21,-2.411400109124438,-89.13763457576992,101.18216863541699, -11.409524866757671,-12.280054270710869,11.155091821800907
2024-09-06 04:11:21,-2.593920118292358,-89.7385444758399,101.5009400770889, -12.529507183335383,-12.041078408364857,12.262266735825143
2024-09-06 04:11:21,-2.5782328602050053,-91.93721149172032,103.70538334450306, -12.450165145279323,-12.043396609970122,12.184410067099742
2024-09-06 04:11:21,-2.606816155459316,-92.67602556959972,104.28087935835183, -12.75294766219979,-11.890118957978219,12.488000142291952
2024-09-06 04:11:21,-2.5235229460388173,-93.34880965104573,104.72078898445378, -12.599391296843626,-11.645008756039378,12.3480931995507
2024-09-06 04:11:22,-3.272757610901828,-95.84027994357959,105.17399167699371, -19.421508636721008,-9.886059911144857,19.154272714416496
2024-09-06 04:11:22,-3.5293008254042717,-96.33185413691555,105.17397049105878, -21.862777432792488,-9.515246728047348,21.589821881938974
2024-09-06 04:11:22,-4.088638807245516,-96.95311429320584,104.67821705326705, -28.002996674726784,-8.734570682381266,27.72682921733698
2024-09-06 04:11:22,-5.7048920503906455,-97.41638897782441,104.13809035776188, -40.48074875683591,-8.807810044800583,40.145451279674525
2024-09-06 04:11:22,-6.387051283880657,-97.46566719904105,104.14456624928567, -43.90418663636308,-9.231306560293895,43.531114039845626
2024-09-06 04:11:22,-8.42710158196258,-97.39601370959598,103.98787678934367, -52.22928678506902,-10.684317400354223,51.743109695120935
2024-09-06 04:11:22,-9.74057454663613,-97.24710903194703,103.94432872001063, -55.80887779215159,-11.802466261165568,55.2375760854939
2024-09-06 04:11:22,-12.37583108459762,-96.5629724894266,104.11071323724606, -59.09407026716288,-14.465124812431657,58.274562393919254
2024-09-06 04:11:22,-14.305849631309544,-96.37854807003637,104.80886054947318, -60.104778964310604,-16.560263502961014,59.044936541971765
2024-09-06 04:11:22,-14.89298995322444,-96.3803932057641,105.07241610690889, -60.39292121194842,-17.194202176343968,59.25470490298887
2024-09-06 04:11:22,-15.994886885856433,-95.78950038366622,106.09055952329983, -58.04280819905168,-18.951818374912357,56.59172403505934
2024-09-06 04:11:22,-16.143736973689702,-95.2948210428537,106.30275305261635, -56.58901041818581,-19.45670199426346,55.02314114650258
2024-09-06 04:11:22,-16.31467805915241,-94.45948624414973,107.5747823148887, -52.21576503021332,-20.820409787770878,50.3277078070585
2024-09-06 04:11:22,-16.60026289255784,-94.35768427210263,107.99442254851162, -51.661442162834845,-21.36064623885649,49.66278324941878
2024-09-06 04:11:23,-16.735410064212665,-93.10234351246925,107.47815983615904, -50.453191535813446,-21.927214485352096,48.32771492649819
2024-09-06 04:11:23,-16.780630423388434,-92.3216611131622,107.15571514119064, -49.668159711301,-22.254952200523043,47.46818545234301
2024-09-06 04:11:23,-17.112526978367534,-91.9727221538706,107.24736193334097, -49.44708446965547,-22.784678313933274,47.13554258686876
2024-09-06 04:11:23,-17.370137114133822,-91.42621824010064,107.06841774024049, -49.239919333135674,-23.212513769421456,46.8358984805315
2024-09-06 04:11:23,-17.708779387084185,-90.8730103267521,106.57205311491688, -49.72190751412774,-23.497310323034604,47.26126712489923
2024-09-06 04:11:23,-18.090715956872522,-90.40463932266842,106.14663320148829, -50.28978119246999,-23.806578579298133,47.76824045513001
2024-09-06 04:11:23,-18.425853143939346,-89.91219909831109,105.6537485920771, -50.84316502981163,-24.05543754720705,48.27419347499405
2024-09-06 04:11:23,-18.85942716955935,-89.7030870900392,105.299529919436, -51.793922235752014,-24.290639022723568,49.18797252795542
2024-09-06 04:11:23,-18.513875383420803,-90.16572038121099,105.72372184789872, -51.30660920770945,-24.00605308518441,48.755619155375854
2024-09-06 04:11:23,-18.099719909354924,-90.54807648481034,105.91981955528188, -50.95695939450268,-23.57838649781571,48.494187271478395
2024-09-06 04:11:23,-17.608982998422235,-91.0006064922185,105.97934820159306, -50.84310282012151,-22.962976170463875,48.51008667678399
2024-09-06 04:11:23,-16.100616140219188,-92.98030541788715,107.08494028243996, -49.82687707671279,-21.281102591900883,47.82203802265399
2024-09-06 04:11:24,-15.633649826394178,-93.63194519103841,107.52390963385088, -49.371500788594155,-20.79821472703711,47.4551628598415
2024-09-06 04:11:24,-14.312073807013398,-94.8805699254507,108.91433212403943, -46.45364289722363,-19.941220296337146,44.68298440729884
2024-09-06 04:11:24,-13.802904458816425,-95.29123454045714,109.45473273541587, -45.11539184962825,-19.677735743641556,43.39240224361019
2024-09-06 04:11:24,-10.940239424046743,-97.20973660509846,112.1975428405329, -36.77591572503522,-18.48172246111748,35.33247808701569
2024-09-06 04:11:24,-9.669062130186282,-97.83409032281818,113.0325040661082, -33.01954041759569,-17.952026943928697,31.72653298074539
2024-09-06 04:11:24,-7.288011897679881,-98.7071596647834,114.46055996315246, -25.223016029769553,-17.318720368858944,24.213405889362576
2024-09-06 04:11:24,-6.525233705991844,-98.61539248657232,114.63613888548748, -22.51149264870244,-17.266341642848392,21.592252042224118
2024-09-06 04:11:24,-3.56774697227383,-98.25535097018292,115.34125554291901, -11.981213258018784,-17.443545865830313,11.445105934780779
2024-09-06 04:11:24,-3.108191229360905,-98.45279299722836,115.85494371781436, -10.290730253976452,-17.669089811621465,9.814936502822231
2024-09-06 04:11:24,-1.5608856407649583,-99.22319975790037,117.63072855345226, -4.9320561630805315,-18.471303963001358,4.6791273783726055
2024-09-06 04:11:24,-0.5865286388869528,-99.17821158701423,118.54582498052164, -1.7681349676707045,-19.37615185232117,1.6680475465185474
2024-09-06 04:11:24,0.5998953152919797,-98.6849337683883,119.25450791941714, 1.7069847260132434,-20.577941092994646,-1.5981288428050737
2024-09-06 04:11:24,1.2015716598722443,-98.81215872207656,119.85758257612699, 3.3426828964954174,-21.07814308128435,-3.1194841567125975
2024-09-06 04:11:24,1.6667853153066141,-98.70675451278322,120.12228952167155, 4.556576721850697,-21.47726029076657,-4.241378895562579
2024-09-06 04:11:24,2.262810642225182,-98.74712823156756,120.54651279744851, 6.07365956691212,-21.91081850877594,-5.637868979030143
2024-09-06 04:11:24,2.906681049380895,-98.8979498275107,120.97987080294925, 7.692027516196344,-22.26291633403035,-7.124752132625854
2024-09-06 04:11:24,3.701997096589189,-99.70330528855224,121.81534392357895, 9.75317852323878,-22.404454909613193,-9.029584050020622
2024-09-06 04:11:24,4.044361654027338,-100.36449544419864,122.32380801960048, 10.706904664254534,-22.310517048698426,-9.92193687637473
2024-09-06 04:11:24,4.555312585554373,-101.0235998619356,122.88628164402584, 12.076618783083113,-22.309421603154025,-11.196372987190522
2024-09-06 04:11:24,5.374082790058504,-101.29924436100859,123.34066496717853, 14.072488118148499,-22.655357558237196,-13.025117346101354
2024-09-06 04:11:24,5.976929968221166,-101.36874917813273,123.64345444092797, 15.440741210618494,-23.02317881578297,-14.263040403253612
2024-09-06 04:11:24,6.643616960504385,-101.68489915991816,123.97460422435259, 17.071105774506893,-23.21028260582355,-15.760866830600374
2024-09-06 04:11:25,7.030589326835727,-102.32391572269873,124.42090732738282, 18.151366766538715,-23.135006435080726,-16.7769228248721
2024-09-06 04:11:25,7.645922256531993,-102.44100661301701,124.50233488977946, 19.66760929613224,-23.28606823338994,-18.175014113707032
2024-09-06 04:11:25,8.423167308166708,-102.68399636090396,124.61269276470364, 21.629180762755382,-23.416106695932044,-19.994486996325215
2024-09-06 04:11:25,8.787651073463572,-103.28917521458703,124.83564889363424, 22.827488794377622,-23.190358713669113,-21.15224232265173
2024-09-06 04:11:25,9.341859074954396,-103.7210468733241,124.92711626408715, 24.455354176125304,-23.085472079317583,-22.702812796555357
2024-09-06 04:11:25,10.010927117036385,-103.93510005779441,124.82636242144056, 26.33655139292653,-23.068885870509675,-24.486410992201513
2024-09-06 04:11:25,10.5222374539909,-104.26350741954568,124.62390506709417, 28.095686759162753,-22.815628928504026,-26.201035544753566
2024-09-06 04:11:25,11.152786030026146,-104.46491276032086,124.43786464022773, 29.992431383371745,-22.76425652189792,-28.022578272327785
2024-09-06 04:11:25,11.882135878553138,-104.84332405454809,124.25615290769566, 32.33575044595108,-22.640307099640765,-30.296230451430674
2024-09-06 04:11:25,12.665351041518521,-105.08822800974099,124.19587564566483, 34.4699190691019,-22.79260689636139,-32.329759220765766
2024-09-06 04:11:25,13.328152554915567,-105.04403420024897,124.15296707459731, 35.89264434482082,-23.154521649424396,-33.639368827064345
2024-09-06 04:11:25,14.015941948116422,-104.9514489034637,124.08934945734413, 37.286085049023654,-23.56515429576544,-34.91176415868881
2024-09-06 04:11:25,14.553434111725652,-105.34087849647139,124.20248071724936, 38.766221009968405,-23.660582576265867,-36.33615977131299
2024-09-06 04:11:25,14.97805547837571,-106.26585118969467,124.70815222645453, 40.22140821996648,-23.592881006089314,-37.776246385143494
2024-09-06 04:11:25,15.95235768333585,-106.5472953865434,125.00376098268757, 42.07908067744326,-24.21178389203658,-39.470872168182055
2024-09-06 04:11:25,16.974023926058667,-106.40093017879553,125.12132740812413, 43.56236778303092,-25.063624095607267,-40.74437294631157
2024-09-06 04:11:25,17.866758214736137,-106.03648389333429,125.2059825385153, 44.47054519104263,-25.973327351652557,-41.42952654269538
2024-09-06 04:11:25,18.678573885636794,-105.94245518303913,125.25117570038245, 45.634562359395474,-26.614180519124062,-42.429479049943325
2024-09-06 04:11:25,19.359389807578097,-105.95018574156975,125.2022260090371, 46.819408172758756,-27.039022064510263,-43.50529378386875
2024-09-06 04:11:25,19.72263672925962,-106.49588410321556,125.14040415400581, 48.27453704503317,-26.882436447823565,-45.005498130684686
2024-09-06 04:11:25,19.974765839421053,-106.7092674803848,124.76844055391388, 49.53967100131736,-26.678038943686687,-46.333695837470344
2024-09-06 04:11:25,20.292731362278545,-106.93756665172592,124.37425517789646, 50.9793860415582,-26.512929116660104,-47.83535868095828
2024-09-06 04:11:25,20.204327536763486,-107.28811741319848,124.04329216109213, 51.92673316043971,-26.022133717180125,-48.920761475594986
2024-09-06 04:11:26,20.096900434003814,-107.58124377013385,123.65617608954386, 52.88243770720155,-25.52545945405916,-50.015740872165196
2024-09-06 04:11:26,20.56674492898474,-107.38319800903665,123.16876054721291, 54.05705365484745,-25.71626463530798,-51.17541572225579
2024-09-06 04:11:26,21.047698611734383,-106.8659186067857,122.90542949690438, 54.32167608806695,-26.23993803141032,-51.32309400107519
2024-09-06 04:11:26,21.439103522348248,-106.29039510211142,122.47711898003575, 54.628789566317046,-26.63151370219387,-51.54475557151971
2024-09-06 04:11:26,21.54892853574423,-106.49570902862177,121.98304344201028, 55.93385911044065,-26.320001442630485,-52.96922979238536
2024-09-06 04:11:26,21.74580365093813,-106.74884797878474,121.63673927700745, 57.21305521210424,-26.148349058782756,-54.33780520564632
2024-09-06 04:11:26,21.949618431756463,-106.79024427947817,121.09777256794678, 58.48291471116217,-26.006477808768906,-55.69438281838488
2024-09-06 04:11:26,22.0991087685304,-106.7266790613937,120.5020410956052, 59.611158573729895,-25.857130047367527,-56.90860096626423
2024-09-06 04:11:26,21.27215739752882,-106.18932046075838,120.78338757417283, 57.089194915996465,-25.604156717874993,-54.33409293069082
2024-09-06 04:11:26,20.63221490549611,-106.26762192627658,120.90227103730524, 56.13717789765,-25.109427141698053,-53.459271114452655
2024-09-06 04:11:27,19.781877277563805,-106.3757567002742,121.00931568209083, 54.914995878157264,-24.430517145689727,-52.34988297807306
2024-09-06 04:11:27,19.134637463427858,-106.4271019018387,121.03282210886277, 53.990698404608324,-23.904751636448218,-51.51586062320251
2024-09-06 04:11:27,18.087771940594315,-106.52953343951548,121.00985839204333, 52.563247469639606,-23.01750853470515,-50.24638744329284
2024-09-06 04:11:27,17.30064873595152,-106.62128704925101,120.98265161081014, 51.46890462894544,-22.343423362929727,-49.272805839018666
2024-09-06 04:11:27,16.45327859560171,-106.53847352756253,120.92076325782193, 49.9338107366668,-21.72141000308485,-47.84370910012618
2024-09-06 04:11:27,15.815080395308755,-106.55797960964236,120.96804208344903, 48.69843494009976,-21.270731952300856,-46.6865300168107
2024-09-06 04:11:27,15.052524536314763,-106.58767761786231,121.03231469999969, 47.15293458636799,-20.74568262593438,-45.23453273622484
2024-09-06 04:11:27,14.25903038865917,-106.61310382941934,121.09751862637904, 45.45662565080244,-20.21758187868366,-43.635361434051404
2024-09-06 04:11:27,13.535956215298576,-106.75886584830846,121.20694682467868, 43.976310404586485,-19.699103259570464,-42.25265615475911
2024-09-06 04:11:27,12.801201096310571,-106.7786384312349,121.31060907378111, 42.161874644283245,-19.27455058537003,-40.52301499082927
2024-09-06 04:11:27,12.065205642484464,-106.76492809524237,121.41960908907436, 40.19350403368938,-18.897917116014575,-38.63640076901041
2024-09-06 04:11:27,11.268489944826577,-106.77125815865315,121.4504942839018, 38.177080805895116,-18.429901058966536,-36.721015315912695
2024-09-06 04:11:27,10.479677842083195,-106.85666204734278,121.583107994993, 36.04156510157615,-18.00714898312952,-34.68360768479332
2024-09-06 04:11:27,9.707053515560757,-106.93108445955609,121.7268247817921, 33.81578837767152,-17.636126993925597,-32.552456985185636
2024-09-06 04:11:27,8.913242030192304,-107.22537881207417,121.90244633159561, 31.75687036339523,-17.12057346637864,-30.6066823169661
2024-09-06 04:11:27,8.21336155833287,-107.29904699374428,122.06118086035032, 29.53023202859683,-16.848695204623777,-28.464467326900802
2024-09-06 04:11:27,7.548289723584918,-107.2735642040269,122.19231271004172, 27.23505888353904,-16.680850141886943,-26.24534478128874
2024-09-06 04:11:27,6.679005481772368,-107.18418008444682,122.33038616696028, 24.140915387406025,-16.521856792095498,-23.251947729222838
2024-09-06 04:11:27,5.624381485443472,-107.0236593516638,122.49267353311635, 20.265755344761388,-16.43627708591206,-19.501256907637757
2024-09-06 04:11:27,5.006726274098423,-106.96150847881715,122.5682545165819, 18.037125188005497,-16.371147394134972,-17.350559992989723
2024-09-06 04:11:27,4.320777655361481,-106.58444328606873,122.6213173015865, 15.296141311083739,-16.593980094858637,-14.687194833886657
2024-09-06 04:11:27,3.7682542443148916,-106.24681413660284,122.60392395279534, 13.163219108168011,-16.77399150117544,-12.621453734609908
2024-09-06 04:11:27,2.8840105203890714,-105.86295280455408,122.6077048480028, 9.918340842156208,-16.9842879547907,-9.493800206965155
2024-09-06 04:11:27,1.960345691937525,-105.46500414713148,122.84089371053601, 6.538293878486124,-17.482732700178843,-6.238712398869254
2024-09-06 04:11:27,0.7224215258129951,-105.2614974865514,123.13591607888942, 2.3524899561218424,-17.888535182410227,-2.238879584090384
2024-09-06 04:11:27,0.05325343131352747,-105.1569951051751,123.24372371100362, 0.17153233957026304,-18.086804382132215,-0.16305650317555842
2024-09-06 04:11:27,-0.5783806050495418,-105.02436236336821,123.3372698609884, -1.8401963864701307,-18.32172577468895,1.746969458366579
2024-09-06 04:11:27,-1.1271156646583256,-104.7543975487028,123.33607143910976, -3.5330620734161515,-18.614621638329552,3.3486691010283973
2024-09-06 04:11:27,-1.8478248844660707,-104.58813315583197,123.29242315570829, -5.744807331401657,-18.792092721783455,5.440461674132965
2024-09-06 04:11:27,-2.6282864252671345,-104.4656788835104,123.24184495156551, -8.11662712739624,-18.952656725987726,7.682004619597369
2024-09-06 04:11:27,-3.3641617933626087,-104.19351514602059,123.00902725951475, -10.329419715147534,-19.103172455635026,9.771862654438719
2024-09-06 04:11:27,-5.007515475598197,-104.14750901692136,122.24904379610572, -15.748948245519518,-18.759010547839146,14.950791601584195
2024-09-06 04:11:27,-5.868399989027181,-103.99395449981282,121.90755228112351, -18.47770278406411,-18.820330339833557,17.551985489954497
2024-09-06 04:11:27,-6.372746263619098,-103.92027672807177,121.53192700969777, -20.26078403998381,-18.69475611599327,19.272572845517693
2024-09-06 04:11:27,-7.295857310633546,-103.77942947640787,120.94915492991237, -23.446347582949677,-18.612477908404855,22.34346781619839
2024-09-06 04:11:27,-8.873930341396974,-103.5881385891362,119.49071638206992, -29.67497615003163,-18.154968350841,28.433084043374564
2024-09-06 04:11:27,-9.62862754084462,-103.41771735440541,118.859724809277, -32.5035436751867,-18.135770720368285,31.195083658472893
2024-09-06 04:11:28,-10.117366073760572,-102.97582554746815,118.05953945960681, -34.43844793734794,-18.096930972911338,33.09552146472593
2024-09-06 04:11:28,-10.696943391047805,-102.49763350523796,117.26226650030311, -36.54623304982966,-18.162298549279097,35.15632811965632
2024-09-06 04:11:28,-11.325499206686066,-102.01142691584126,116.46196951775056, -38.75030303285674,-18.285152883712875,37.309866912016105
2024-09-06 04:11:28,-12.094576605048948,-101.80819772274397,115.65951782192741, -41.83074136723956,-18.310341205373796,40.35624239393451
2024-09-06 04:11:28,-12.963025259741377,-101.7743130844711,114.97291788509386, -45.23259817653614,-18.418745081980227,43.72654146126183
2024-09-06 04:11:28,-13.838012899611888,-101.76535566417097,114.32805213358296, -48.555374275049346,-18.607029065125197,47.02484644011477
2024-09-06 04:11:28,-14.541149961559615,-101.97340010007187,113.83852411698291, -51.59683491486062,-18.686412686369046,50.07772651347844
2024-09-06 04:11:28,-15.262302554301083,-102.26286756128943,113.49221062533788, -54.48523061257687,-18.868803571431123,52.975954649604944
2024-09-06 04:11:28,-16.09116525514632,-102.57709510099514,113.14917830992125, -57.54269643511553,-19.176388071207064,56.04414017341304
2024-09-06 04:11:28,-16.766756665830034,-102.82426913373367,113.01261016009818, -59.5827838152313,-19.543289379945353,58.07743818779929
2024-09-06 04:11:28,-17.333925092373907,-102.75128806380195,112.66311761110046, -61.12311313731491,-19.891899151302358,59.608547578392006
2024-09-06 04:11:28,-17.89122093903759,-102.57593136159076,112.23259996044055, -62.54283495040394,-20.25563200290639,61.01924557318014
2024-09-06 04:11:28,-18.235249084815198,-102.5092055187132,111.65056736121443, -64.25624619203758,-20.328388314882964,62.786113653433375
2024-09-06 04:11:28,-18.82924583627775,-102.7000125284064,111.25780608601308, -66.42415714751262,-20.618361547292455,65.00260859535398
2024-09-06 04:11:28,-19.49907316264936,-102.95871902732354,110.9266789378927, -68.62119708440531,-21.005450221098634,67.24997222769825
2024-09-06 04:11:28,-20.03734370405066,-103.0680807361373,110.34090796369526, -70.85757154499095,-21.26529450331589,69.57105805413124
2024-09-06 04:11:28,-20.466676711532052,-102.93959101953037,109.61376277207074, -72.70317216702097,-21.48294236559904,71.49696979513385
2024-09-06 04:11:28,-20.877978657423434,-102.72676599433257,108.84808130660159, -74.38064675654857,-21.71833222699582,73.25183137022836
2024-09-06 04:11:28,-21.512672284853487,-102.41104179974892,108.02876454663314, -76.05282061747829,-22.200356295948467,74.98479413240094
2024-09-06 04:11:28,-22.094081359584287,-102.11369013858135,107.21200815149294, -77.65199402539218,-22.6459553962641,76.65600455202147
2024-09-06 04:11:28,-22.68072333447963,-101.81828855054059,106.40313273270286, -79.17170241506858,-23.11549098536831,78.25172974524523
2024-09-06 04:11:28,-23.33792621629931,-101.68729618153509,105.52097821558654, -81.19118009374962,-23.63331835261394,80.39914531112206
2024-09-06 04:11:28,-24.033537173182935,-101.58573873999916,104.74692112855146, -82.9504240782157,-24.22830537278776,82.277363978014
2024-09-06 04:11:28,-24.71441599107966,-101.48343958090055,104.0234729113582, -84.49999315136945,-24.836442632872703,83.94343225592911
2024-09-06 04:11:28,-25.35651503794628,-101.49794716090409,103.46218749908536, -85.86321889398933,-25.427462316302318,85.4213002985403
2024-09-06 04:11:28,-25.91980360647385,-101.77804054976582,102.93741498828186, -87.61600089581097,-25.943927902923463,87.34918408636435
2024-09-06 04:11:28,-26.422059555747765,-102.1309126522039,102.42503251965732, -89.40809536636502,-26.423578802404904,89.33905029366088
2024-09-06 04:11:28,-26.515978631104545,-102.53620492587271,102.23399892700675, -90.6056830108034,-26.51757598408377,90.67688771101652
2024-09-06 04:11:28,-26.652790582745126,-102.82976119704927,102.01054366011729, -91.63168485175402,-26.66445652021924,91.82574132556871
2024-09-06 04:11:28,-27.025262755956078,-103.81554168655532,101.34944821242541, -94.82180179554206,-27.129108718851377,95.41451971779051
2024-09-06 04:11:28,-27.108543725487195,-104.19867901154106,100.81016338972188, -96.58628339509858,-27.303574016419383,97.40341380759406
2024-09-06 04:11:28,-27.17789841932946,-104.39477549519069,100.17489817041545, -98.15582586037857,-27.47888332100525,99.1762944987604
2024-09-06 04:11:28,-27.457738468714773,-104.0132533978188,99.05717861005758, -99.43947030754566,-27.867174243724143,100.6509873989908
2024-09-06 04:11:28,-27.756265511418825,-103.85625749081314,98.16377232350004, -100.67376192579633,-28.288471398222256,102.0812914378325
2024-09-06 04:11:28,-28.075659509285124,-103.79389613055,97.38327811221743, -101.82254841559237,-28.740093217987308,103.42696085500202
2024-09-06 04:11:28,-28.526320696741763,-104.18084573713182,97.42088203498749, -102.21916011587042,-29.25072650515538,103.93949210046186
2024-09-06 04:11:28,-29.209314279285373,-104.66605227507011,97.19675388477879, -103.0892625747273,-30.067427305181692,105.03809052897662
2024-09-06 04:11:28,-29.80859864674269,-105.18685279411743,97.63331335169546, -102.92279288974528,-30.665286029226046,104.93595104273825
2024-09-06 04:11:28,-30.591006170874596,-105.8470656644479,97.8244660821896, -103.28284576398933,-31.526639213557544,105.4802262455603
2024-09-06 04:11:28,-30.94822853395506,-106.47248013257735,98.27383782041895, -103.37767427828629,-31.9113496186969,105.65095305080838
2024-09-06 04:11:28,-31.533769210085328,-107.14157853067559,99.03999316879064, -102.93484149820381,-32.45367556542252,105.22581606640186
2024-09-06 04:11:28,-32.054077867852726,-107.65964830048796,99.61700876784215, -102.59491485878091,-32.94307468625293,104.90869921747598
2024-09-06 04:11:28,-32.55129265906165,-108.11587965847151,100.10356406615179, -102.3177876191498,-33.41728820057385,104.66054941426181
2024-09-06 04:11:28,-32.96220121526878,-108.42296001911359,100.72432691052882, -101.67211098292624,-33.75026842049901,103.95291980329354
2024-09-06 04:11:30,-26.563463282364594,-100.80951812533911,92.12245702461519, -106.80936230931634,-27.84939256524478,108.86368939010596
2024-09-06 04:11:30,-27.55612907037623,-100.65481718657307,92.52635680305156, -105.16109441735031,-28.639674216554308,107.1574842385269
2024-09-06 04:11:30,-28.323685256918694,-100.59503824843827,92.9735457643859, -103.82431315750128,-29.24897266722272,105.75010688216375
2024-09-06 04:11:30,-29.48388262751033,-100.68999337154008,93.91366937398116, -101.78787330886686,-30.184230665103883,103.57284830816134
2024-09-06 04:11:30,-29.962834349715166,-100.77427240902591,94.32548523367647, -101.02466927185584,-30.585834816740547,102.7520683088238
2024-09-06 04:11:30,-30.66411774363344,-100.80525221534734,94.99151311241214, -99.6950169922241,-31.15758643999695,101.290238961943
2024-09-06 04:11:30,-31.23550149667968,-100.78144295410533,95.63077949221233, -98.42029314831584,-31.614913806204502,99.86099899052553
2024-09-06 04:11:30,-31.587807016337695,-101.11486631375902,96.3410435746457, -97.70762736867748,-31.909573052911565,99.05865352934416
2024-09-06 04:11:30,-32.69225814974736,-102.21427586498297,98.32696771294869, -96.02989805911582,-32.8970787295982,97.17042450526262
2024-09-06 04:11:30,-33.14950598445811,-102.56538877626323,98.90176784712266, -95.5877780336254,-33.328356054623406,96.67853201061644
2024-09-06 04:11:30,-35.00920235426018,-103.53852652188482,100.46927816370153, -94.37124666068223,-35.126367695660846,95.33945644478848
2024-09-06 04:11:30,-35.64343967832018,-103.72386996434089,100.87557527678595, -93.96411687625108,-35.74203161020748,94.8799645639593
2024-09-06 04:11:30,-35.104084972389344,-103.95677773899551,100.80910616263334, -94.46668197485157,-35.22687155945571,95.46250862037375
2024-09-06 04:11:30,-34.537747974587774,-104.11824469099412,101.00418957859023, -94.5130057238685,-34.66048368204099,95.48128569625982
2024-09-06 04:11:30,-34.10102422514123,-104.41514045652471,101.64817600012414, -94.0781429504367,-34.19955709019746,94.92690641599229
2024-09-06 04:11:31,-34.23178458040337,-104.77260990930478,102.4637538253135, -93.38845359901822,-34.300086216391584,94.09953866213954
2024-09-06 04:11:31,-34.55115414844214,-105.13158232371161,103.31125025597639, -92.6412231237279,-34.59312197834739,93.20738534693439
2024-09-06 04:11:31,-34.916082721174995,-105.35559848955053,103.9992354932061, -91.94221242876101,-34.93907499377628,92.36879820949359
2024-09-06 04:11:31,-35.414740367935664,-105.6575736404609,104.97857986531997, -90.95480593855906,-35.420398113453174,91.17159901359634
2024-09-06 04:11:31,-35.975769080299955,-105.71960411612994,105.55959471412082, -90.22042865241534,-35.9760768754254,90.27238148472341
2024-09-06 04:11:31,-36.37848821710327,-105.78121099455555,106.03274734104296, -89.65856121793992,-36.3792377021144,89.57591247774472
2024-09-06 04:11:31,-37.25634180322905,-105.7051171846064,106.75389957349816, -88.62144102026191,-37.26895982249627,88.26790384407025
2024-09-06 04:11:31,-37.96368453979707,-105.61777379315615,107.34761112085931, -87.78445594380074,-37.99713638858161,87.18939846840743
2024-09-06 04:11:31,-38.49086965480666,-105.67743207219667,107.81611511873241, -87.31302336252902,-38.54103313929992,86.56627685128986
2024-09-06 04:11:31,-38.87401998196794,-105.72029087393913,108.41835534451143, -86.65817934381741,-38.95274017900377,85.7059274186591
2024-09-06 04:11:31,-38.3730085562228,-105.79193218668763,107.96326805280673, -87.26054890774475,-38.424933092451255,86.50490369353957
2024-09-06 04:11:31,-37.50623847166662,-105.98921842848807,107.4409641612298, -88.10936349490504,-37.53019415745679,87.61645074881085
2024-09-06 04:11:31,-37.00200008504882,-106.12084188848773,107.1675542890341, -88.61141579252791,-37.01468478788924,88.26116175712741
2024-09-06 04:11:31,-35.4271117244307,-106.15311017827426,106.48800286696301, -89.52924540608439,-35.428487511693916,89.42227993203048
2024-09-06 04:11:31,-33.74465195210689,-106.05447168792799,105.7957242141141, -90.38731400265141,-33.74552651104088,90.46579112492319
2024-09-06 04:11:31,-32.59562363968783,-106.3250984395817,105.70983722035885, -90.9621101413914,-32.60078954074926,91.14200118713438
2024-09-06 04:11:31,-30.803605491437054,-106.6481169888198,105.45041506680678, -92.0079075454176,-30.824594894655142,92.33786126534642
2024-09-06 04:11:31,-29.939061234931348,-106.91925953917128,105.65103922457448, -92.20076464351344,-29.963421768890623,92.53987336111366
2024-09-06 04:11:31,-28.472399734628123,-107.24099627494641,105.7405143930466, -92.76425836069872,-28.508604506710917,93.14496788141756
2024-09-06 04:11:31,-27.179183883366907,-107.25934499464867,105.59618339129119, -93.2351591313791,-27.22615418488816,93.63722706156514
2024-09-06 04:11:31,-26.555572202307815,-107.25087998537177,105.4797690578869, -93.53861700789622,-26.610286310265977,93.95659634509168
2024-09-06 04:11:31,-24.470433071742367,-106.88759084789106,104.90082812153457, -94.35623324421034,-24.546004431421053,94.78710610048645
2024-09-06 04:11:31,-23.772265953789578,-106.55734091037624,104.67687221290919, -94.26055218226067,-23.84222090953926,94.65638774177326
2024-09-06 04:11:31,-22.406634977125357,-106.05746278419662,104.23556567232544, -94.4093312996142,-22.47677968423648,94.77021548467236
2024-09-06 04:11:31,-21.640059784689004,-105.80406379399697,104.24622039760278, -93.92002822201096,-21.693375659964985,94.21778487513207
2024-09-06 04:11:31,-20.87473972731837,-105.62831626871746,104.31024351918313, -93.45177589921953,-20.914457040667976,93.69458661008518
2024-09-06 04:11:31,-20.092685231455604,-105.48059005816773,104.4032216804252, -92.94244941403473,-20.120356486312243,93.13332260543233
2024-09-06 04:11:31,-19.44374908161512,-105.33942607888395,104.5828641352842, -92.14208861658426,-19.45789353587088,92.27170924715799
2024-09-06 04:11:31,-18.678594553375703,-105.21967362360222,104.74851263025246, -91.39340901919599,-18.68432408565715,91.47089687240887
2024-09-06 04:11:31,-17.87665045905046,-105.09605335476964,104.90277446664466, -90.59921481121862,-17.877661150753195,90.62961397427162
2024-09-06 04:11:31,-16.984340916888932,-104.9897854272139,105.38723919674537, -88.69894951678512,-16.988853742421732,88.63960494480702
2024-09-06 04:11:31,-16.102849196253427,-104.90767442168274,105.94898446946446, -86.39792163535127,-16.135593488325018,86.25061789250607
2024-09-06 04:11:31,-14.82948507106635,-105.02429429538314,107.0876839795993, -82.25581492768463,-14.969158226866906,81.98725896799039
2024-09-06 04:11:31,-14.005820146080053,-105.22157464817015,107.94047951247931, -79.23245302232884,-14.262103123650075,78.89841156440042
2024-09-06 04:11:31,-13.106228337801687,-105.31776989887499,108.98346921027772, -74.64460131980714,-13.600563126927844,74.22336319640237
2024-09-06 04:11:31,-12.255903045310285,-105.2794408234451,110.02845168001554, -69.13701254163999,-13.13069212348949,68.62685759002989
2024-09-06 04:11:31,-11.495771676372838,-105.14766741812306,111.01258576101759, -63.32332673700569,-12.887470815444972,62.732468340586735
2024-09-06 04:11:31,-10.952234927314132,-105.38924615608386,112.39514614375062, -57.77701049284056,-12.97822081888093,57.104535900303944
2024-09-06 04:11:31,-10.129166508614537,-105.68666059295344,114.80303006326403, -48.43137148869418,-13.595555408058043,47.621741602993
2024-09-06 04:11:31,-9.73237889369018,-105.88460276420273,116.50975109542355, -42.92929737820644,-14.370894856714969,42.02213423630755
2024-09-06 04:11:31,-9.552531203597814,-106.08418924676214,117.62237004504483, -40.075192390923156,-14.937915848857394,39.10786908069919
2024-09-06 04:11:31,-9.641441953750357,-106.35127515090035,118.79080753728174, -38.260913416904195,-15.691763387898312,37.20769523953099
2024-09-06 04:11:31,-9.805537492117207,-106.62262645732054,119.95425857982531, -36.85228798895879,-16.496549633919834,35.70356590722797
2024-09-06 04:11:31,-9.862003137322123,-106.56583774405973,120.73731625327315, -35.37771727614022,-17.20739856054383,34.148844005179214
2024-09-06 04:11:31,-9.804121093133634,-106.38505760909462,121.3974694851517, -33.70821670216321,-17.868387679383595,32.41329315258706
2024-09-06 04:11:32,-9.74601452831218,-106.1793015539958,121.98352808129499, -32.23780836260403,-18.502229367608138,30.88186284596128
2024-09-06 04:11:32,-9.67076068659108,-106.01843266148936,122.65444424607159, -30.76225404180451,-19.173745382792404,29.345044599729974
2024-09-06 04:11:32,-9.509091395729218,-105.83470355844801,123.31694948267875, -29.143596844388085,-19.82985070291511,27.67823044033686
2024-09-06 04:11:32,-9.210554099625593,-105.49352144602511,123.8843781002775, -27.201429777914086,-20.49681235651684,25.707265147804023
2024-09-06 04:11:32,-8.922262640572672,-105.09980190668887,124.44680171163242, -25.355753141621236,-21.233453176936628,23.83189876760312
2024-09-06 04:11:32,-8.474042868790221,-104.47691945920737,125.21040676434005, -22.82350603096069,-22.327567958225256,21.27057496333969
2024-09-06 04:11:32,-8.308773811225805,-104.0891712931092,125.66964632538948, -21.655898896532406,-23.053248664077152,20.069703128071943
2024-09-06 04:11:32,-8.168648825980355,-103.71200022254762,126.14819696312706, -20.611739038352397,-23.80460592822819,18.988980069371152
2024-09-06 04:11:32,-7.991953762768535,-103.47352368929451,126.54561607662326, -19.710501093902067,-24.345393524086802,18.076743755054686
2024-09-06 04:11:32,-7.918449662520637,-103.25469814124584,127.11606546972301, -18.974740479851633,-25.067800927900308,17.299083325207217
2024-09-06 04:11:32,-7.804197515649339,-103.06173292858601,127.57693895752068, -18.278968946926916,-25.654112553279504,16.58092510789255
2024-09-06 04:11:32,-7.693786019271563,-102.7677657925251,128.06383287462992, -17.544996110363485,-26.36634001551321,15.815989781104783
2024-09-06 04:11:32,-7.301719611996823,-102.373236142048,128.25673431003185, -16.357952492371,-26.82516805201127,14.677880788711086
2024-09-06 04:11:32,-6.656030396793266,-101.74897211058513,128.22947837648712, -14.665989624829514,-27.245494704698835,13.098231725182657
2024-09-06 04:11:32,-5.481288112996785,-100.54385992190109,128.15404326015152, -11.697964983585308,-28.106991293524157,10.350149000297325
2024-09-06 04:11:32,-5.027240749776575,-99.96581861759887,128.3376678448468, -10.487892533096783,-28.77731206024553,9.216355346054275
2024-09-06 04:11:32,-4.795188730521248,-99.34182068133755,128.67500140268442, -9.71702147175,-29.68810388583064,8.461332567161119
2024-09-06 04:11:32,-4.60092904594156,-98.76063264130285,128.896650415296, -9.106487695584379,-30.452557715727004,7.867199583162323
2024-09-06 04:11:32,-4.579874424877989,-98.29342524110577,129.15690866413814, -8.875121900680334,-31.168251870919285,7.6102619479386675
2024-09-06 04:11:32,-4.513907131838091,-97.81397981918067,129.36618235934563, -8.579446840756113,-31.840437970434326,7.303565910003103
2024-09-06 04:11:32,-4.4460429898245435,-97.30482462812056,129.64108410533595, -8.270904536630269,-32.60759846083697,6.981298266031816
2024-09-06 04:11:32,-4.340072236263058,-96.77254284642527,129.89955738893252, -7.906279883024135,-33.37794713095461,6.614894626819778
2024-09-06 04:11:32,-4.379834559729541,-96.2855524255753,130.31572953425183, -7.793173911142906,-34.27717193913759,6.452270939611
2024-09-06 04:11:32,-4.454061355412468,-96.00994217597285,130.7103993017177, -7.791357337637756,-34.94956991759283,6.399154358701859
2024-09-06 04:11:32,-3.9162638984722777,-96.3759330283499,130.94979936899864, -6.878817498741169,-34.76752021427484,5.6595881135427595
2024-09-06 04:11:32,-3.446268839956997,-95.99463957800513,130.39147693384018, -6.084826863877013,-34.54788776579116,5.01784180399327
2024-09-06 04:11:33,-3.064384705253362,-95.48740149610174,129.8580663706177, -5.41704903716826,-34.4902662585936,4.46911873362462
2024-09-06 04:11:33,-2.8064502787258876,-95.00429589750819,129.11295282197753, -4.995995364897085,-34.209988814379976,4.134910758259046
2024-09-06 04:11:33,-2.5758255330867605,-94.83702356927954,128.51414930702677, -4.638183303898947,-33.76390537014884,3.858484358282235
2024-09-06 04:11:33,-2.4026124201974763,-94.74305635504103,127.8800341811926, -4.3891889464448255,-33.21405327161616,3.6742821543768036
2024-09-06 04:11:33,-2.6808862938599884,-94.02167819498949,127.59688756155462, -4.839620980887102,-33.6695645754515,4.030712342659302
2024-09-06 04:11:33,-2.7920729396149992,-93.85920556904634,128.1040422146123, -4.953207460360959,-34.344624164592986,4.092903572608707
2024-09-06 04:11:33,-2.2523459212855665,-93.97682699698471,127.9165928697749, -4.029563710035366,-34.0054846700552,3.342166559213139
2024-09-06 04:11:33,-2.164851981671393,-94.72448690721943,127.86407310427465, -3.955583127435275,-33.20216940946079,3.3113854347934537
2024-09-06 04:11:33,-2.1635401738683053,-95.41673846791281,127.78492110253354, -4.036527701039514,-32.4325641125318,3.4085442181668917
2024-09-06 04:11:34,-2.0269782159276923,-96.14505476122834,127.82209105093133, -3.855730761369725,-31.735088288817806,3.2806265195680613
2024-09-06 04:11:34,-2.4904892912148737,-96.71578037747217,128.32196525043187, -4.74425880871676,-31.694023107824187,4.039274079377248
2024-09-06 04:11:34,-3.0084529080719564,-96.98775854426633,128.66740632005784, -5.714781761038534,-31.80737388021501,4.861036101478816
2024-09-06 04:11:43,-3.0228189866987325,-98.41029452063827,127.74344115521214, -6.152417927543562,-29.474703772085146,5.361109849543259
2024-09-06 04:11:43,-3.348090065286799,-99.10285307459054,127.28595330789304, -7.061156283793965,-28.36507793139095,6.220474935598695
2024-09-06 04:11:43,-3.7336958155367217,-99.6366421289062,126.56565560665439, -8.199476950563396,-27.167444627492962,7.305243445302169
2024-09-06 04:11:43,-3.793858586474819,-99.68518767794245,125.8971180290799, -8.53816997768618,-26.46582588610733,7.654589688976454
2024-09-06 04:11:43,-4.873195607046661,-100.40313256817126,123.85919050584837, -12.08973452610742,-23.928901170296474,11.077473794998763
2024-09-06 04:11:43,-4.8873040767754965,-99.64761406055726,123.90848166683807, -11.75553577887403,-24.719018618199964,10.704465042432894
2024-09-06 04:11:43,-4.7180923012420335,-99.34781568907907,124.27420547121542, -11.07996702518663,-25.340920743482513,10.036609586177184
2024-09-06 04:11:43,-4.269528916071445,-98.1951268290028,125.74119614194451, -9.170193183559038,-27.849375499570282,8.123171250315364
2024-09-06 04:11:43,-4.128475272043325,-97.80411944895448,126.16369055799817, -8.640436809326639,-28.633790049539243,7.596898941776278
2024-09-06 04:11:44,-4.030319623769659,-97.40544001122124,126.55354948817546, -8.231215991727565,-29.401177321478897,7.182941967076679
2024-09-06 04:11:44,-3.254863831552366,-95.65809062943923,127.66241603564347, -6.124626387801925,-32.151909812738715,5.190945789173993
2024-09-06 04:11:44,-2.657742965752142,-94.1678647087107,128.3620280244777, -4.721763837271282,-34.284764277606094,3.904150783747879
2024-09-06 04:11:44,-2.447712419138818,-93.46237016308584,128.63122767612842, -4.244394798047326,-35.24298097811096,3.468560625418765
2024-09-06 04:11:44,-2.2845817499350756,-92.80285249093352,128.86836228747373, -3.8767889308305095,-36.12799445636719,3.132951010738389
2024-09-06 04:11:44,-2.318577456816096,-92.38475700365156,129.19915516310525, -3.8655327377836204,-36.87702057835287,3.093827451573371
2024-09-06 04:11:44,-2.371951009889556,-91.92094109119346,129.46255442675945, -3.8889144499548567,-37.605446845187025,3.0826829967995257
2024-09-06 04:11:44,-2.4420123235740947,-91.59658791233326,129.82905083537995, -3.942184760600218,-38.29845957372464,3.0956745887641355
2024-09-06 04:11:44,-2.1911431407252535,-91.67934298392343,130.39381494730662, -3.500710236333697,-38.76670555537362,2.7308424222415706
2024-09-06 04:11:44,-1.9289957933788078,-92.52309473266871,130.91236591685768, -3.1044010624022436,-38.43023415009597,2.4328004058437487
2024-09-06 04:11:44,-1.7685206658415515,-93.4945780127163,131.29972047453515, -2.883608699822829,-37.84030649222848,2.277977622650171
2024-09-06 04:11:44,-1.4493129699619798,-94.28186830711059,131.5594915612666, -2.391998113358837,-37.301696909013735,1.9031341192563427
2024-09-06 04:11:44,-1.199223529113214,-95.09590698576683,131.91268335720454, -2.0006593418747727,-36.833538330293486,1.6015228070377685
2024-09-06 04:11:44,-1.0745293253705672,-96.09500973410601,132.47230252867072, -1.8113261840890644,-36.3909681446151,1.4582656146131543
2024-09-06 04:11:44,-1.0319817910118336,-97.15871062406876,133.07167628980503, -1.7590302284059876,-35.92579604606729,1.4245772700432588
2024-09-06 04:11:44,-1.0523488205220035,-98.0615115491304,133.66334277895393, -1.8073004730389537,-35.61532655893569,1.4694011594893128
2024-09-06 04:11:44,-1.123902641531152,-99.10117043088742,134.35048560220062, -1.9468812953968984,-35.26490942602558,1.589815660486639
2024-09-06 04:11:44,-1.2002459396842404,-100.11374956500006,135.03594017462595, -2.0960044665475843,-34.9401918899959,1.7184517484346005
2024-09-06 04:11:44,-1.2696395406804106,-100.93751477301939,135.76030526530147, -2.222628935829779,-34.843007443910786,1.8244560032964052
2024-09-06 04:11:44,-1.280458795593002,-101.50892054083573,136.48127073096038, -2.233192104381162,-34.99279905011956,1.829789524597158
2024-09-06 04:11:45,-1.355409829666163,-102.21606922848406,137.1171572081011, -2.3680217413038527,-34.92406075931447,1.9419306644534873
2024-09-06 04:11:45,-1.7529552385783371,-102.93204989854591,137.55771773568185, -3.083018907293327,-34.664480101334824,2.5365648927617963
2024-09-06 04:11:45,-1.8294423740411998,-103.90563096039126,138.1839437208714, -3.245850393343056,-34.321136129882596,2.6816281831379487
2024-09-06 04:11:45,-1.861977094521315,-104.81913916922329,138.6989958033993, -3.337545431231295,-33.92488460754308,2.7703705971499466
2024-09-06 04:11:45,-1.9223602376839437,-105.52187346297094,138.59329127845115, -3.5197334476280293,-33.1209042851197,2.948952125915525
2024-09-06 04:11:45,-1.7521580872436011,-106.26560078766137,138.530147703989, -3.279681447614511,-32.306956528488676,2.7728414577199567
2024-09-06 04:11:45,-1.3899641692824354,-106.81797192180812,138.2958151045548, -2.660514295897838,-31.50536776239355,2.2687762881406783
2024-09-06 04:11:45,-1.0890232290842001,-107.21064011034235,137.95799246386747, -2.1293803657139474,-30.76474525904603,1.8299432897155146
2024-09-06 04:11:45,-1.0033310700579277,-107.69756704598475,137.59552944411476, -2.0122522643750536,-29.913237100785295,1.7443614848102496
2024-09-06 04:11:45,-1.0596099623950566,-108.61521738989426,137.67444795373154, -2.1807484627071956,-29.076858308706683,1.9061229870318992
2024-09-06 04:11:45,-1.336441013742546,-109.99303296342816,138.04943572900015, -2.839621045937518,-28.085631797787265,2.5056958986714166
2024-09-06 04:11:45,-1.680502274740014,-111.09680678562356,138.3125357687232, -3.670521902033279,-27.263607916734493,3.263693981753116
2024-09-06 04:11:46,-1.977707003348425,-111.80409094402569,138.94074872066778, -4.329453140063894,-27.203171991587286,3.852107862863631
2024-09-06 04:11:46,-1.8811707125157187,-110.69978907644474,138.4803629438345, -4.0308836506627745,-27.839132680330316,3.565640148976668
2024-09-06 04:11:46,-1.6765872402023887,-109.4839396560539,137.7627380917839, -3.5353947085054234,-28.32435930587895,3.1130110248720544
2024-09-06 04:11:46,-1.3603173441241752,-108.46271133316884,137.18232849320344, -2.8291357905720655,-28.749073541615665,2.4808673215736756
2024-09-06 04:11:46,-1.1810120528710533,-107.55950243228494,136.70445504908656, -2.42386916097649,-29.166772545003308,2.116834178496506
2024-09-06 04:11:46,-0.9455293383817112,-106.34565607261334,135.99485212082055, -1.9108287899559273,-29.662899176063366,1.6605695632987936
2024-09-06 04:11:46,-0.7413327750790273,-105.48865175154498,135.4243094431233, -1.48530608578537,-29.94398492203557,1.2871100713902066
2024-09-06 04:11:46,-0.5452455568425751,-104.4731114685448,134.65179871764514, -1.0845406909007935,-30.183148304383955,0.937529907095193
2024-09-06 04:11:46,-0.44808522369180404,-103.57158723050067,133.99297586342482, -0.884869523080958,-30.424372381784018,0.7630370733106456
2024-09-06 04:11:46,-0.36840339552820967,-102.60556128235486,133.2742640505055, -0.7222276949956424,-30.670699926517656,0.6212061652030075
2024-09-06 04:11:46,-0.3422520750049942,-101.70713777482638,132.58554084642, -0.6668527586066862,-30.880112472009845,0.5723285899111838
2024-09-06 04:11:46,-0.3354685146571896,-100.88468417522527,131.9559198764619, -0.6499820832416133,-31.072865535331033,0.5567235633377299
2024-09-06 04:11:46,-0.3734387750302144,-100.05373914695501,131.31628595481322, -0.719562395313818,-31.26455128679536,0.615076319831078
2024-09-06 04:11:46,-0.36740728028595915,-99.25643852022338,130.73624073795085, -0.7035528226675283,-31.48172599100302,0.6000028326100402
2024-09-06 04:11:46,-0.2706695857761049,-98.28730070626868,130.16624964230382, -0.5124992648403105,-31.87997689042108,0.43519522137389177
2024-09-06 04:11:46,-0.13575725746238232,-97.3454511789268,129.78079733867324, -0.25311316265720574,-32.435599244783184,0.2136266031166842
2024-09-06 04:11:46,-0.05884531157267833,-96.4601770566067,129.45010999667642, -0.10807376087211562,-32.989979490157374,0.09064860718274066
2024-09-06 04:11:46,0.09049375423357978,-95.58925726517069,129.1219625956852, 0.163815118107281,-33.53281316619359,-0.1365514147488549
2024-09-06 04:11:46,0.37070214688339276,-94.8556765948344,128.60941941085832, 0.6671601661237713,-33.75553726817559,-0.5546953207946638
2024-09-06 04:11:47,0.6399910405848682,-94.67723093488108,127.97580713003987, 1.165622901620495,-33.304017443745266,-0.9742318468248149
2024-09-06 04:11:47,0.9206333083491763,-94.84788990069181,127.47355231769384, 1.707212027034093,-32.637214382280334,-1.437770889796567
2024-09-06 04:11:47,1.0775179804432287,-95.21518716484113,126.99074654663552, 2.0455773101613066,-31.791911997856012,-1.738878383410188
2024-09-06 04:11:47,1.1984781156181694,-95.52728576928766,126.48689320464457, 2.328760564609818,-30.980494617996204,-1.9968368928804958
2024-09-06 04:11:47,1.2675221333168045,-95.71592685140862,125.98631767920395, 2.5133158937786573,-30.29440264966456,-2.170463782774147
2024-09-06 04:11:47,1.2603957803150845,-95.92872375942945,125.44504068804058, 2.5570027173496017,-29.540793430779672,-2.2249638229149427
2024-09-06 04:11:47,1.055693654935997,-96.00233332155,124.83367665837842, 2.1883606625316,-28.84900606737509,-1.9169896187243927
2024-09-06 04:11:47,1.0949301327736238,-95.6698406060142,124.11908231064068, 2.297486020372871,-28.468544740185155,-2.0199175101588445
2024-09-06 04:11:47,1.1239047219339084,-94.98994594380171,123.18121255412588, 2.3779939587250323,-28.211824715337677,-2.0957711852490744
2024-09-06 04:11:47,1.067544283067694,-94.15706615749716,122.15786172888676, 2.2729381753169804,-28.019493110665543,-2.006754396975255
2024-09-06 04:11:47,0.9870902690632795,-93.60805915977207,121.46878475583948, 2.1114712508958022,-27.87680654564036,-1.8666302240060348
2024-09-06 04:11:47,0.8670370875695572,-92.75956256909612,120.46366683658509, 1.8644590189655443,-27.71659476390174,-1.6506550568853466
2024-09-06 04:11:47,0.7928537071892743,-91.70738234256825,119.36713106525697, 1.7075302386767617,-27.67021334500992,-1.5123453683326957
2024-09-06 04:11:47,0.7706183012419004,-90.94730055730321,118.6240028666171, 1.6587283869626697,-27.686581202026236,-1.4688966634731535
2024-09-06 04:11:47,0.9069792701046521,-89.89048723574638,117.82160436928152, 1.9357196784890305,-27.944654136311236,-1.710158935107262
2024-09-06 04:11:47,0.9222802898674836,-89.20840090567121,117.16514881405926, 1.9666980369294746,-27.970730283983247,-1.7371128001486378
2024-09-06 04:11:47,0.8266598139362731,-88.42365850722081,116.27695767911891, 1.7689169860148162,-27.864582193838686,-1.5639279335594158
2024-09-06 04:11:47,0.7056624154713812,-87.79817034282699,115.46817514555269, 1.5193053510554233,-27.67829108223422,-1.3455188027684972
2024-09-06 04:11:47,0.5038074662064866,-87.17522369269791,114.60355798469975, 1.0936102027078665,-27.432601987126507,-0.9706624520770292
2024-09-06 04:11:47,0.4271683389310854,-86.43302938611063,113.78253156202096, 0.9297406074914522,-27.352580643563623,-0.8258071464037449
2024-09-06 04:11:47,0.29388387274370864,-85.66593359926284,113.43825583410177, 0.6306872664653669,-27.773753393593406,-0.5580335369343558
2024-09-06 04:11:47,0.19658384784659563,-84.83157784810473,113.24856877666753, 0.4130855020505491,-28.417614197850835,-0.3633110798204421
2024-09-06 04:11:47,0.13292620690340273,-84.10096471125064,113.11989403707385, 0.27401737645260016,-29.01920728193042,-0.23961687989121475
2024-09-06 04:11:47,0.1446123134580066,-83.22341588106676,113.00043490415659, 0.2911877641659841,-29.77733797728038,-0.2527404368879765
2024-09-06 04:11:47,0.1943457854162165,-82.57823401537335,112.87829142501313, 0.38519847138081204,-30.300621459386914,-0.3325778138210272
2024-09-06 04:11:47,0.14678999187130562,-81.93201862798234,112.91993517056773, 0.2851063863034635,-30.988229634462492,-0.2444145668718407
2024-09-06 04:11:48,0.03754194705644201,-81.49609921237828,113.04720959220543, 0.07174637497166203,-31.55113041035052,-0.06114037183194132
2024-09-06 04:11:48,-0.060266243498280414,-81.19969717282449,113.42935581886121, -0.11300314956746016,-32.22970891963443,0.09559129184545662
2024-09-06 04:11:48,-0.10625337376004278,-81.16230086021412,114.05099195339983, -0.19567472696683091,-32.88884345044726,0.16431326875340868
2024-09-06 04:11:48,-0.09056681857693555,-81.39585084569046,114.76878729646472, -0.16464078119481718,-33.3730451174932,0.1374927414443644
2024-09-06 04:11:48,-0.05476918279910718,-81.91080291153256,115.69754039458324, -0.09848736840771533,-33.786776605352124,0.08185414095898698
2024-09-06 04:11:48,0.2043982918747373,-82.36893065614058,116.55525779590674, 0.3637684799074984,-34.18686388534051,-0.30091399000229635
2024-09-06 04:11:48,0.49437950172216205,-83.13935344511792,117.39700225430911, 0.8782015356200826,-34.26078033263759,-0.7258373925249133
2024-09-06 04:11:48,0.7938478853769481,-83.96743118664034,118.29045114207717, 1.4076931948988034,-34.33107398602718,-1.162536945866449
2024-09-06 04:11:48,0.9955417409373839,-84.57151206724956,118.93805061566809, 1.7632488948221545,-34.37918358655911,-1.4553887738119506
2024-09-06 04:11:48,1.2878707648796137,-85.36547252507805,119.8777836762682, 2.2722384156975313,-34.533354918155375,-1.8721769871942788
2024-09-06 04:11:48,1.4405925402848883,-85.93295430535991,120.53799166226229, 2.5355073623653435,-34.6312749501585,-2.0867219315151537
2024-09-06 04:11:48,1.6007145141198824,-86.51301843159416,121.20684086516567, 2.8107381207817426,-34.72610682509945,-2.3107036163706764
2024-09-06 04:11:48,1.773293822828846,-87.37226190128753,122.14460312165157, 3.1072553678360917,-34.81184238425267,-2.55196880523883
2024-09-06 04:11:48,1.865004516886921,-87.99449466803513,122.80542307869882, 3.264567296132555,-34.85455570123871,-2.6798684196063522
2024-09-06 04:11:48,1.8451409706325819,-88.80062526526359,123.53134274587067, 3.2363528942702815,-34.77354864263003,-2.6593006760392344
2024-09-06 04:11:48,1.8104975614338954,-89.61625172057231,124.24177831075839, 3.1840943611520443,-34.666927420048964,-2.619702301135654
2024-09-06 04:11:48,1.6696034448903676,-90.44162382692286,125.08013606225316, 2.9356502385168493,-34.67370625454937,-2.414977788334258
2024-09-06 04:11:48,1.4788140615281435,-91.189210276308,125.69138241017892, 2.6095018666033742,-34.529926277514996,-2.1502641249027468
2024-09-06 04:11:48,1.387637261284048,-91.70172633632748,126.39388904772895, 2.4370200838012592,-34.71642850577785,-2.0035754747314836
2024-09-06 04:11:48,1.3638715061088302,-92.57329996022204,126.88913741591148, 2.4182855163691777,-34.339611424624565,-1.9971762119021435
2024-09-06 04:11:48,0.9525758094666362,-93.20387590683876,127.52382345496464, 1.689188628338342,-34.33154506648961,-1.3950400963109195
2024-09-06 04:11:49,0.4620997310349441,-93.60615651910803,127.85758451034786, 0.8209970929922404,-34.25416458337853,-0.6786089082253733
2024-09-06 04:11:49,-0.037848068558855585,-94.10424456280433,128.06151567743134, -0.06775829799498789,-33.95728967753869,0.05620241198546505
2024-09-06 04:11:49,-0.35781277726947647,-93.41713096218001,127.69673047671454, -0.6352672520660775,-34.28123858822717,0.5249172125294428
2024-09-06 04:11:56,-0.20110222030566213,-93.04003294045839,126.3662001963481, -0.3660332566251069,-33.326703992486,0.30584085086372126
2024-09-06 04:11:56,-0.24858048952208747,-93.33621938989317,125.84946632684732, -0.4624728435400863,-32.514092930110046,0.38998695556050983
2024-09-06 04:11:56,-0.3082616394476968,-93.67439149063532,124.65853228703871, -0.5987818860162956,-30.98552173754843,0.5133391192019895
2024-09-06 04:11:56,-0.20969339633019143,-93.51686720156327,124.00313292265282, -0.4133206149577914,-30.486917502245586,0.35617857418231796
2024-09-06 04:11:56,-1.061999105033538,-93.38005715926913,121.15150908154588, -2.278292488878223,-27.790135712629958,2.0157479846338155
2024-09-06 04:11:56,-1.5512540089636668,-93.06500725052425,121.09104471027135, -3.298591953384341,-28.065461013188777,2.9114243037568412
2024-09-06 04:11:56,-1.789833500870237,-90.53417577421854,121.88730633367251, -3.4369197518883134,-31.398980110439407,2.934572425405542
2024-09-06 04:11:56,-1.7962567489536672,-89.49965962788397,122.50396528055194, -3.295129852284409,-33.047627517955725,2.7629411840052986
2024-09-06 04:11:56,-1.7706506174267673,-89.26838414698575,122.94015031403389, -3.191328813817841,-33.71280897214859,2.655488901860626
2024-09-06 04:11:56,-1.7260172608892828,-89.49306463988394,125.52970121282547, -2.932219678335345,-36.0723534845881,2.3707545511951458
2024-09-06 04:11:56,-1.6125282360071937,-89.78278779649139,126.2452168391532, -2.712033365598247,-36.493123702033344,2.1808561618992997
2024-09-06 04:11:56,-0.8453324260924829,-92.17433370987254,129.70475292647953, -1.3874798512568263,-37.53853623792817,1.1002732705721439
2024-09-06 04:11:56,-0.6081699213465127,-93.07007544321159,130.4817693696566, -1.0009759401046339,-37.4159135944604,0.7950508911451394
2024-09-06 04:11:57,-0.16785567515594735,-94.87482560616708,131.82220568781554, -0.27925477545225363,-36.94770699535844,0.22317671121166816
2024-09-06 04:11:57,0.033473726605053045,-95.99347622380336,132.484546850137, 0.05628696874623129,-36.491083845014174,-0.04525188074309594
2024-09-06 04:11:57,0.13173732012030306,-96.8714560124629,132.95772146412787, 0.223660932713936,-36.08647324342261,-0.18074719604958456
2024-09-06 04:11:57,0.3391532189300171,-98.60390469374802,133.91484308769424, 0.5867429898462769,-35.31235548301766,-0.4787954758735635
2024-09-06 04:11:57,0.5238155996416141,-99.62143739721175,134.4647499707608, 0.9167760913389057,-34.84675199988899,-0.7524037424749501
2024-09-06 04:11:57,0.5338793366488442,-99.64244180902587,133.594702455939, 0.9558520953752366,-33.95595469921165,-0.7928709077288354
2024-09-06 04:11:57,0.5207163041278291,-98.65622292787572,132.80945611445088, 0.927462855131817,-34.15672087031053,-0.7675012028808341
2024-09-06 04:11:57,0.32029144173766855,-94.84825418087365,129.61346185159266, 0.561690966281945,-34.7664973942186,-0.4614242644031373
2024-09-06 04:11:57,0.14224081782640322,-93.98480016705004,128.6730905372259, 0.24993381906170636,-34.688545467697345,-0.20551046304509152
2024-09-06 04:11:57,0.049293001049342616,-93.229849084337,127.88522229524428, 0.08668588678831962,-34.65540388438381,-0.07130669162364406
2024-09-06 04:11:57,-0.22711219196548607,-88.78557985287348,123.24064574554771, -0.401424222950538,-34.4557219165387,0.33100156019623195
2024-09-06 04:11:57,-0.31019412561045007,-88.21956013444725,122.52270200842324, -0.5503963529573548,-34.30437263344491,0.4546622586697898
2024-09-06 04:11:57,-0.6031012040033665,-86.64984899657662,120.56222454673753, -1.080884718138527,-33.91709665099593,0.89700079652598
2024-09-06 04:11:57,-0.9092780816687538,-84.95533294673095,118.63713526008016, -1.639269394148736,-33.69262654709529,1.3640284904344495
2024-09-06 04:11:58,-1.0259266996361298,-84.35413489881404,117.94004300992772, -1.8541266789853244,-33.59973717211282,1.5445112859952856
2024-09-06 04:11:58,-0.9161373228084527,-84.80471996755344,118.66384404719338, -1.6440084596765343,-33.87003888136453,1.365142868724682
2024-09-06 04:11:58,-0.7666962846451083,-85.4536960143503,119.51848735685162, -1.3686040071251,-34.072377096943036,1.1337241533752787
2024-09-06 04:11:58,-0.608812842705041,-85.98614187179207,120.18582129642125, -1.0830568465991464,-34.20443865427565,0.8957618292823962
2024-09-06 04:11:58,-0.12337806907512225,-87.74411652934879,122.4721206188077, -0.2165731514350367,-34.728195731591185,0.1779939070942325
2024-09-06 04:11:58,-0.03291068719241316,-88.38506016381906,123.25858942805573, -0.05755960983837727,-34.873542826630846,0.04722282920919399
2024-09-06 04:11:58,0.14268247418388302,-89.24371911760103,124.29679451360809, 0.24842970398191,-35.05332861967886,-0.20336940496900766
2024-09-06 04:11:58,0.60834163938349,-91.64026280116038,127.05320535629502, 1.0497547305830581,-35.417484508949286,-0.8555307995875997
2024-09-06 04:11:58,0.7021934547811808,-92.42045286881353,127.92012641811519, 1.2091035022891097,-35.50570554013232,-0.9843292855379565
2024-09-06 04:11:58,0.8303934754079376,-94.24577396302138,129.7852637645221, 1.4284037357583257,-35.547912707204276,-1.1622729869683677
2024-09-06 04:11:58,0.7381831244831124,-95.14240851335076,130.56260588762822, 1.2735378478850552,-35.4268830617641,-1.0378072651842056
2024-09-06 04:11:58,0.6971520179137568,-95.97968014055799,131.26948493456518, 1.2066269691939322,-35.29579678720517,-0.9848733809776763
2024-09-06 04:11:58,0.6430221194144223,-96.71281390102641,131.96572643008267, 1.1139689940058288,-35.25801718909857,-0.9096615940240327
2024-09-06 04:11:59,0.7464880936461016,-96.01540474023035,131.32222478851978, 1.2914572996907516,-35.313685722400315,-1.053888196039145
2024-09-06 04:11:59,0.7006230892783791,-95.95974102032241,130.58638740944286, 1.2328708273437432,-34.63284918822888,-1.0144698422981415
2024-09-06 04:11:59,0.5665681106666156,-96.25112011571079,129.38840103076706, 1.0363632487485386,-33.14157163470576,-0.8677983092646884
2024-09-06 04:11:59,0.16728425414875425,-96.82701992455057,129.32446914922525, 0.3113621732301124,-32.497832587720275,-0.26260726796529155
2024-09-06 04:11:59,-0.018649044673887505,-96.3782805249227,129.75395384527067, -0.033899570919814326,-33.375677927441586,0.028308904422447823
2024-09-06 04:11:59,-0.15455240599605094,-96.03600312549774,130.0992219996381, -0.2759321023095935,-34.06352717610712,0.22858741351833034
2024-09-06 04:11:59,-0.3483902855759761,-95.65055972379375,130.50169323723802, -0.6096487251262368,-34.852654575538246,0.5002987725042586
2024-09-06 04:11:59,-0.5285997347628749,-95.19196499316507,130.9258133047777, -0.9050545997627419,-35.737237285226,0.7346573773542895
2024-09-06 04:11:59,-0.7208839558576322,-94.83821753071376,131.2654131204907, -1.2138987503232892,-36.43334008923903,0.9766917813698518
2024-09-06 04:11:59,-0.9460881937658325,-94.44794354528021,131.60449331221827, -1.5661366355533737,-37.16685523771435,1.2481356832878792
2024-09-06 04:11:59,-1.1596619092993903,-94.01497510847722,131.9526356484022, -1.885807429500041,-37.95271227533344,1.487197349896472
2024-09-06 04:11:59,-1.4043101852697766,-93.45952298645052,132.3021966982962, -2.238380780741469,-38.86403963781559,1.743235497754881
2024-09-06 04:11:59,-1.5933309524272858,-92.7793974374613,132.62860209777892, -2.485671423816017,-39.87573970058891,1.9080874030475652
2024-09-06 04:11:59,-1.7296398646806999,-92.09977855368881,132.90295092507617, -2.645806671789235,-40.8334028268617,2.0024627662972296
2024-09-06 04:11:59,-1.889046628143627,-91.58755037658781,133.16909759173632, -2.844989863279728,-41.61662966023846,2.127700822842977
2024-09-06 04:11:59,-2.334910799326534,-91.36309212799746,133.53151993610726, -3.475785789745902,-42.220921156597356,2.575451636536251
2024-09-06 04:11:59,-2.9375750109150274,-91.28914318004955,133.77772325498893, -4.344575929535114,-42.570711988386385,3.202340096383103
2024-09-06 04:11:59,-3.435982757774938,-91.9166002713735,134.1300584220462, -5.106447504218048,-42.32686934294244,3.779810106902573
2024-09-06 04:12:00,-3.8035556321000006,-92.56793400065774,134.08166650731798, -5.7279077007292525,-41.65610972829065,4.285894601279828
2024-09-06 04:12:00,-4.033701819782018,-93.27806112460101,133.98537867995273, -6.171071973155347,-40.87200941446859,4.6741310977431025
2024-09-06 04:12:00,-4.107085048294958,-94.8562167133081,133.63015361666217, -6.540919495907619,-38.9567491321811,5.095093973471639
2024-09-06 04:12:00,-4.16128182078166,-96.121940162573,133.05429899635914, -6.9040002367237445,-37.13283130296847,5.513842642500672
2024-09-06 04:12:00,-4.269687557637618,-96.78781834835061,132.71223619802421, -7.251773977645332,-36.143315125969806,5.867007726381154
2024-09-06 04:12:00,-4.227261518642247,-97.07649681599675,132.30700444533295, -7.30150351058038,-35.45062277411722,5.958750671009992
2024-09-06 04:12:00,-4.029411392275317,-97.95165039017823,130.81533732013725, -7.396443506330213,-33.082271390963506,6.207642045387615
2024-09-06 04:12:00,-3.7035306775934544,-97.99266537287961,130.2621098841585, -6.912670299658705,-32.458449088564535,5.840927337881407
2024-09-06 04:12:00,-3.732731469148768,-97.28804824725562,130.31534327485736, -6.82579410390271,-33.21380062041989,5.718784330447002
2024-09-06 04:12:00,-4.173583268506019,-96.48919612024092,130.89760183629522, -7.358093256639832,-34.629616453254684,6.065301068693603
2024-09-06 04:12:00,-4.358218380307314,-96.1356255257284,131.38258583699928, -7.522971711323659,-35.48073658446045,6.137896932544573
2024-09-06 04:12:00,-4.5391301753053614,-95.64369774061974,131.6971290863395, -7.68233810624975,-36.2995671600013,6.204453878183167
2024-09-06 04:12:00,-4.443839791766373,-94.97535674819925,131.8277281486872, -7.383175560279238,-37.081566721112274,5.901990648500923
2024-09-06 04:12:00,-4.264028188041498,-94.24043618579165,131.82077790522428, -6.970011971787755,-37.78594766124408,5.518642238486934
2024-09-06 04:12:01,-4.070286773978742,-93.52417776816077,131.76880561777952, -6.55766746111363,-38.42760997343618,5.145906422042968
2024-09-06 04:12:01,-3.4534826003239463,-93.8819672222146,131.822805623662, -5.605668938452759,-38.07409791757757,4.418216492787319
2024-09-06 04:12:01,-2.9348789263094806,-94.4637613056942,131.6934983823289, -4.843615536142978,-37.32852575241587,3.8548800397105674
2024-09-06 04:12:01,-2.0783140022457225,-97.50741049873663,130.89941314003713, -3.7724483977588976,-33.449136151980085,3.1490202051467997
2024-09-06 04:12:01,-1.86570704516105,-97.65008693357564,130.4522915779969, -3.4409872615141017,-32.84930119586181,2.8917964893336845
2024-09-06 04:12:01,-1.613785613326293,-97.65456470362139,129.9017157912756, -3.0224851961014196,-32.28315460824782,2.5559422160726237
2024-09-06 04:12:01,-1.2071654834846584,-97.25932813060726,129.39892916303245, -2.268326477657352,-32.15983596816743,1.9205734445706006
2024-09-06 04:12:01,-0.661950833407067,-95.12397671128718,129.1291082960391, -1.183488310066208,-34.01079907567951,0.9810751753352058
2024-09-06 04:12:01,-0.46320047715073986,-91.82462675368748,128.3034585812181, -0.7790781379221405,-36.48136402023707,0.6264316500071583
2024-09-06 04:12:02,-0.262675140289822,-90.2433040947497,127.86863139071497, -0.4302605266855419,-37.62610844596617,0.34077368602434577
2024-09-06 04:12:02,-0.011039596402502905,-89.51977565857526,127.63385003812738, -0.017885733289218442,-38.11407573524878,0.01407219844279678
2024-09-06 04:12:02,0.44691809301189805,-89.62009904928269,128.00515484525405, 0.7197172636752509,-38.387256058555515,-0.564148573110725
2024-09-06 04:12:02,0.7635576457129499,-90.25404800026037,128.5530920742387, 1.2318927762674121,-38.30548602810151,-0.9667444662538888
2024-09-06 04:12:02,0.9452765923461782,-91.02892348745529,129.0966895188174, 1.5328372670272785,-38.0777209765214,-1.206720504619994
2024-09-06 04:12:02,0.8876419702249578,-91.78703221429656,129.664675828678, 1.4455334012928942,-37.88648202448302,-1.140948157006396
2024-09-06 04:12:03,0.5485032587756242,-91.9316504388347,130.17912368172477, 0.8859834280887318,-38.250803779884116,-0.6957913477297799
2024-09-06 04:12:13,0.9484846449575162,-91.04553184038168,129.72973177378887, 1.517292710699864,-38.69400346828332,-1.1843488442871033
2024-09-06 04:12:13,1.335104593997826,-91.4725758878503,129.5414240073327, 2.1646022870585497,-38.08870344711454,-1.7039731085263208
2024-09-06 04:12:13,1.5686745458686497,-92.05478618524916,129.35041971648224, 2.587766443921766,-37.32381579074307,-2.0583619962837565
2024-09-06 04:12:13,1.6749036593100342,-92.64343908438187,129.27001878315022, 2.8059822730328725,-36.659496242514905,-2.2515946720601407
2024-09-06 04:12:13,1.6112542708261635,-93.4907475680833,129.1817231688651, 2.7603622135825865,-35.72250053323557,-2.241603000647221
2024-09-06 04:12:13,1.5333074819067622,-94.20883973231663,129.0629513562696, 2.6816859315035715,-34.8835591446794,-2.2003553250566177
2024-09-06 04:12:13,1.4507751389589028,-94.8934746637195,128.96552851605568, 2.5883743233833694,-34.09919994714329,-2.143808639055959
2024-09-06 04:12:13,1.070163232008904,-95.78534676753677,128.77538176464057, 1.964888009770308,-33.005426923022355,-1.6479840389064169
2024-09-06 04:12:13,0.9809756992230081,-96.33918051879951,128.63002926589616, 1.835836713461857,-32.304134639103516,-1.5518435633468328
2024-09-06 04:12:13,0.9941043041211362,-96.90415902425808,128.4452513179066, 1.8998676678349298,-31.555139677473573,-1.6191098987426966
2024-09-06 04:12:13,0.8614813800621388,-97.76327141313487,128.19897339318027, 1.700241835829861,-30.446723121564276,-1.4658901977744523
2024-09-06 04:12:13,0.644901247055488,-98.55898332599378,127.96164905838043, 1.3134189126000395,-29.40910545364028,-1.144214539307462
2024-09-06 04:12:14,0.4689206449958439,-98.98229314855662,127.72969233693948, 0.9749181007545102,-28.750896993148647,-0.8547485269095616
2024-09-06 04:12:14,0.21048817321777974,-99.5646741384014,127.29556867605706, 0.4523446697319822,-27.73162999788352,-0.40038874905298183
2024-09-06 04:12:14,-0.0056347273919215846,-99.9006763734635,126.99025843864581, -0.01237359956906936,-27.089582606872018,0.01101616148690815
2024-09-06 04:12:14,-0.33361275705559656,-100.28198591654848,126.4500928995588, -0.7564452390379142,-26.170083532793523,0.6789087839325858
2024-09-06 04:12:14,-0.6925937941868207,-100.60746831858775,126.20305712883629, -1.6028256747917164,-25.604326003072885,1.445498445788822
2024-09-06 04:12:14,-0.9978453226228008,-100.09212902679218,126.56920135034807, -2.2372146089972906,-26.494511632387038,2.0024583299022867
2024-09-06 04:12:14,-0.8319504734144636,-99.5409627178297,127.07551889179038, -1.799189137850708,-27.546139534318066,1.5953428612331475
2024-09-06 04:12:14,-0.7075516646163114,-99.12575840862743,127.43579942123733, -1.4917004418656112,-28.318150209467255,1.313251127158299
2024-09-06 04:12:14,-0.5923854003174793,-98.50277512661188,127.94845570703836, -1.2048847727029353,-29.451104771365124,1.0492216545502036
2024-09-06 04:12:14,-0.3665274380206872,-97.85198863949694,128.459729281345, -0.7198421132979798,-30.609722315652974,0.6195446240700262
2024-09-06 04:12:14,-0.13302152885986523,-97.21697391021655,128.93388538229135, -0.253024815897261,-31.717161326299006,0.21523687777804798
2024-09-06 04:12:14,0.018882498178837775,-96.45413018861643,129.39878704220257, 0.034721405506472514,-32.944661654983605,-0.029138072922020364
2024-09-06 04:12:14,-0.03386831478413372,-95.91317364547757,129.71900700564225, -0.060872592152001234,-33.80584830964429,0.05058072782166409
2024-09-06 04:12:14,-0.2383744223176662,-95.31159245556616,130.09793298657408, -0.4178161971342303,-34.78705434817735,0.3431452881051281
2024-09-06 04:12:14,-0.34258640565110277,-94.85623104150356,130.38788928152, -0.5894808733345658,-35.53309241857836,0.4797134531698838
2024-09-06 04:12:14,-0.3752351067789661,-94.15446808569287,130.77455537472807, -0.6290384469861536,-36.621740517912386,0.5048679298632118
2024-09-06 04:12:14,-0.356453996770842,-93.42866189262547,131.07828238987722, -0.5835431040308914,-37.651057702600426,0.46202365361362707
2024-09-06 04:12:14,-0.32947982716702817,-92.69260051424304,131.34567106784883, -0.5274935207750069,-38.65425499324344,0.41193971459840695
2024-09-06 04:12:14,-0.40769930858926773,-92.15695802958346,131.5913236247478, -0.6418341691736968,-39.436129303396754,0.49571818808503987
2024-09-06 04:12:14,-0.6347645283845799,-91.45632227540084,131.88626129225867, -0.9787376852501681,-40.4340659413772,0.7449994349296969
2024-09-06 04:12:14,-0.8374878673190795,-90.8297467154515,132.0799222811741, -1.2700579686181017,-41.25715428789024,0.9548435732117184
2024-09-06 04:12:14,-1.100810083945825,-90.1946749136038,132.193500418477, -1.6449226907184793,-42.0105687966554,1.2223631520832623
2024-09-06 04:12:14,-0.7642111157717513,-90.87258528688649,132.19939336360116, -1.157187744346896,-41.33260343764452,0.8689704402233435
2024-09-06 04:12:14,-0.4042087842602953,-91.50692360757378,132.01556021379128, -0.6222642106893995,-40.51030545968004,0.4731085710670307
2024-09-06 04:12:14,-0.10721695053237723,-92.26854875332226,131.7807349386087, -0.16851561554136552,-39.512307826551684,0.130007914869067
2024-09-06 04:12:14,0.16010810770079875,-93.05996561517038,131.5122844907832, 0.2574641209310803,-38.452600590103664,-0.20162656876630985
2024-09-06 04:12:14,0.184235252727701,-93.73357870388881,131.24243635771754, 0.3025767694864859,-37.509243550539814,-0.24002139829547134
2024-09-06 04:12:14,0.22394405533724296,-94.28503632188136,131.01023224017504, 0.37449894413888757,-36.725782526844235,-0.3001649180885071
2024-09-06 04:12:15,0.3030608529795543,-95.30496592799659,130.57348194637026, 0.5248535533563671,-35.26964932810881,-0.42851730929918563
2024-09-06 04:12:15,0.38162055300885633,-96.23242321461728,130.15649131913773, 0.6837706007116612,-33.925957632689716,-0.5673735526734321
2024-09-06 04:12:15,0.45906156552110955,-96.9679802602416,129.8599899946562, 0.8452847179750683,-32.894853189900886,-0.7097742694601343
2024-09-06 04:12:15,0.39815632208365603,-97.66171743013984,129.63017910110491, 0.7519842875116826,-31.970678245115106,-0.6379329609536118
2024-09-06 04:12:15,0.285507789224732,-98.34346595458851,129.4184847564531, 0.5531256080530346,-31.07619916080398,-0.47374581604664356
2024-09-06 04:12:15,0.41419315018986613,-98.88653628019824,129.28787462389744, 0.8184349224338077,-30.403889858391718,-0.705895485692379
2024-09-06 04:12:15,-0.20016703029646388,-99.83622896880536,128.8681441381775, -0.412457728695929,-29.032545118431944,0.3606314837267831
2024-09-06 04:12:15,-0.5489579188588183,-99.48920711619792,129.35920812925679, -1.1021481369140143,-29.874579597141878,0.9557215437740709
2024-09-06 04:12:15,-0.3700654027432049,-98.54369105570407,129.88103247289212, -0.7115337195613975,-31.339304067049813,0.6077309994387476
2024-09-06 04:12:15,-0.07602335360592552,-96.47845086196105,130.955597924598, -0.13429832743257794,-34.47722051026717,0.11070906760709143
2024-09-06 04:12:15,-0.1504753753772548,-95.82790184232883,131.44886448676425, -0.2583609653491256,-35.621238429351635,0.21001821642600466
2024-09-06 04:12:15,-0.35555185833386427,-95.5122339024517,131.9685915860157, -0.5983462217608227,-36.457850915764524,0.4812525845003198
2024-09-06 04:12:15,-0.6162055079952768,-95.30788050763047,132.5102119104878, -1.0190740284521074,-37.20669626405281,0.8116822341671766
2024-09-06 04:12:15,-0.8782488913379446,-95.16510829662126,133.1915640663462, -1.425487719649652,-38.03506192657943,1.1228503338396996
2024-09-06 04:12:15,-1.325563373298166,-95.4349026529355,133.89350746344786, -2.1307029869715683,-38.477905635387536,1.6683145953800589
2024-09-06 04:12:15,-1.7254945474529306,-95.82234728563553,134.71202867277594, -2.747102097018029,-38.92187959876089,2.1379009519060737
2024-09-06 04:12:15,-1.7668621553903026,-97.98425553114777,134.82423068137584, -2.94516038348767,-36.87632024675799,2.3566774558676706
2024-09-06 04:12:15,-3.0182700791808776,-100.86434489858327,135.42381441405098, -5.310443823200854,-34.67469016463117,4.371332198124502
2024-09-06 04:12:15,-4.315974784417291,-102.25053440050267,135.4941885737125, -7.838635373865887,-33.49072521833096,6.549641667730654
2024-09-06 04:12:15,-5.297148533924521,-103.32029815380947,135.1278993639869, -9.97686678033692,-32.199971296149506,8.466565898498109
2024-09-06 04:12:15,-4.196665714304919,-102.11196458004447,133.26786233636028, -8.072260942308507,-31.409079588834693,6.901789043754185
2024-09-06 04:12:15,-3.38768501979889,-101.09388357356764,132.68286396715678, -6.447437736185881,-31.75142131281951,5.488914442140677
2024-09-06 04:12:15,-2.793307839800156,-100.3001666189252,132.0686618765523, -5.2946297725570854,-31.87825706643992,4.499620602087706
2024-09-06 04:12:16,-0.48383877901629674,-94.01092492637366,127.31434406587391, -0.8811440451212068,-33.306528617732944,0.7364290567829214
2024-09-06 04:12:16,-0.6270092353400184,-93.21852916562725,126.28560401353582, -1.1490591539053527,-33.07234387453453,0.9629295785978575
2024-09-06 04:12:16,-0.6180518781301155,-92.28853842328122,125.32134650081255, -1.1336882204423733,-33.03793434768778,0.9504187992312348
2024-09-06 04:12:16,-0.7657336207505984,-88.32342689320204,121.556309651573, -1.3970198438018058,-33.240691412695156,1.1685023582794445
2024-09-06 04:12:16,-0.8490265353157984,-87.54900303691352,120.78218939232674, -1.5489193421025909,-33.24278580726642,1.2955415576729605
2024-09-06 04:12:16,-0.9586804576248464,-85.93447135195072,119.16479185315016, -1.749017680622924,-33.2425605057931,1.4629403151309697
2024-09-06 04:12:16,-1.1103546393688193,-85.10605169166057,118.44779770535864, -2.019595697614762,-33.35809494929682,1.6870790425971167
2024-09-06 04:12:16,-0.8474286316701733,-85.847735495479,120.00564989359741, -1.5090491800593981,-34.16714920071984,1.2486824427963574
2024-09-06 04:12:16,-0.6662957057667238,-86.5936677848648,120.84141153489465, -1.183837278633063,-34.25343376907142,0.9785519410524429
2024-09-06 04:12:16,-0.5206252182360589,-87.18894506241557,121.47826432947952, -0.9240685821191897,-34.29278797038343,0.7634580333692846
2024-09-06 04:12:16,0.019905443500406905,-91.64041097262586,125.17640446628242, 0.036030509832254254,-33.53599871059281,-0.03003283193627987
2024-09-06 04:12:16,0.21756789213754799,-92.73134137205525,126.14478473895224, 0.39508758323824317,-33.41406951398771,-0.32978619359257594
2024-09-06 04:12:16,0.3351984773146924,-93.5167272060563,126.84599947884233, 0.6100460136069594,-33.33076326024639,-0.509706860409191
2024-09-06 04:12:17,0.1356054427977979,-97.99043427288925,130.23070583655252, 0.25419344134341004,-32.24052599246723,-0.21500129259488338
2024-09-06 04:12:17,0.05008053789212061,-98.89248337813132,130.8652965487252, 0.09457774444301606,-31.97284823403509,-0.08023023811272009
2024-09-06 04:12:17,-0.6450257632023381,-102.69443195966659,133.67557201016217, -1.25292434238334,-30.987186617558073,1.074155444139807
2024-09-06 04:12:17,-0.3399352302465799,-99.91479940762981,131.83963067990828, -0.6428157306720368,-31.926449754925464,0.5455818870167629
2024-09-06 04:12:17,-0.16203722163101622,-98.86420379418983,130.97666268274918, -0.30481823958374066,-32.11282397039187,0.25818264020170145
2024-09-06 04:12:17,0.3483514227092086,-92.810163732524,125.93740697635889, 0.6374038478606612,-33.12886596902492,-0.5337962743437964
2024-09-06 04:12:17,0.36964785022067337,-91.99144275879253,125.14452620785421, 0.6759019893574288,-33.15490884449381,-0.5658696040084819
2024-09-06 04:12:17,0.3853658492567054,-88.0835797270056,120.89076575497324, 0.7112258630328746,-32.80919635847744,-0.5977798750059774
2024-09-06 04:12:17,0.2131411307918319,-86.6214397809631,119.48861576562814, 0.39274255780141665,-32.86778955854251,-0.3298758509419727
2024-09-06 04:12:17,-0.05635145639936906,-84.92525327352908,117.76154160876118, -0.10392328744499957,-32.836331275048764,0.08731875797033728
2024-09-06 04:12:17,-0.26829038930109794,-83.69685326614004,116.26740092702514, -0.4983593095593112,-32.571530956889916,0.4199804252399425
2024-09-06 04:12:18,-0.3822417779466895,-83.88194183180528,116.93861725242142, -0.7007343037469499,-33.05863450532294,0.5873030775620462
2024-09-06 04:12:18,-0.19650156189386805,-84.47324124613868,117.74168325368635, -0.35820861838480983,-33.26895559357374,0.29950108873122916
2024-09-06 04:12:18,-0.03675982054531787,-85.2545027019736,118.68366619017378, -0.06672614801955884,-33.42918135218448,0.05568747479011732
2024-09-06 04:12:18,0.2938873159430109,-88.33796922471653,121.94119082501346, 0.531010296191823,-33.60435587977055,-0.4422712918877265
2024-09-06 04:12:18,0.3505665433040329,-89.10543078869497,122.70500911856574, 0.6334764542179907,-33.60119252521646,-0.5276352820754219
2024-09-06 04:12:18,0.5064443732689383,-91.88863836172591,125.43658086268763, 0.9163639510831457,-33.55131783348757,-0.7637094851664875
2024-09-06 04:12:18,0.5680221887916983,-92.56648179521693,126.13673629636563, 1.0271645519565207,-33.57449689385207,-0.8558281406097512
2024-09-06 04:12:18,0.7071888382623508,-95.04832079504104,128.29743491538215, 1.289678488062481,-33.25577038905492,-1.078523815762134
2024-09-06 04:12:18,0.6836677429347289,-96.15980852199596,129.12208926870971, 1.256399903466114,-32.96857007685595,-1.054130861450477
2024-09-06 04:12:18,0.4173483384033505,-100.0194946625619,131.83657323658326, 0.7915818614373757,-31.819528363508745,-0.6726293255530345
2024-09-06 04:12:18,0.593026967262057,-101.58188447355326,133.04872973271085, 1.1359476216258937,-31.47185951261345,-0.9688805589493814
2024-09-06 04:12:18,0.5063262691007593,-102.72298562342496,133.74428825123664, 0.9824065436049176,-31.0250226248912,-0.8418876271598503
2024-09-06 04:12:18,0.4270419815425664,-103.57956887106864,134.2325039334384, 0.8375617049997686,-30.655620245648542,-0.7205236769802942
2024-09-06 04:12:18,0.42391910116418696,-104.89440165426609,135.03247751261614, 0.8442707500349214,-30.14077695853502,-0.7301338389257142
2024-09-06 04:12:18,0.5742750862286824,-105.76247982347137,135.74452383393808, 1.1490584208761634,-29.987032004504783,-0.9952771232351652
2024-09-06 04:12:19,0.5413391431202925,-106.70880441276518,136.3158323654309, 1.095619659087193,-29.611528032097322,-0.9525551792258552
2024-09-06 04:12:19,0.3361780963778107,-107.42092122781025,136.979300748643, 0.6814498364184983,-29.560118520197804,-0.5927581287270052
2024-09-06 04:12:19,0.3232058529168358,-108.20645174466621,137.68032282356074, 0.6568651445420371,-29.47548400335937,-0.5718507352529859
2024-09-06 04:12:19,0.4149950810399104,-108.96451767429947,138.30496780628326, 0.8468853240177432,-29.343123740525254,-0.7382434323793646
2024-09-06 04:12:19,0.3623026638574029,-109.8896575135073,138.79636876101233, 0.7494789521743872,-28.908785645607118,-0.656095432783515
2024-09-06 04:12:19,0.7030280806793079,-110.68108063275052,138.81834690807187, 1.4905138268670293,-28.145330261124393,-1.3143324099379141
2024-09-06 04:12:19,0.799944435133622,-112.77680490111648,138.20247177456642, 1.862661327852717,-25.43741102864897,-1.682194995766729
2024-09-06 04:12:19,0.3926999912440728,-113.40899449247442,138.09116697590426, 0.9403390235304337,-24.68510061130888,-0.8544212237846461
2024-09-06 04:12:20,-0.07498944886359504,-114.06760656470547,138.02318268447786, -0.18468970908234972,-23.955686570965064,0.16878058971930077
2024-09-06 04:12:20,-0.08792835244371766,-114.89943528070903,138.6401520451546, -0.21840126366390603,-23.740870166675816,0.1999193541976475
2024-09-06 04:12:20,0.19829481651105663,-113.78611381773257,139.0655811405424, 0.46434555128610344,-25.28019390233231,-0.41987695891751664
2024-09-06 04:12:20,0.6455358562371445,-111.92683331475868,138.51894334778632, 1.4418566843349339,-26.599373533213637,-1.289303880626527
2024-09-06 04:12:20,0.817963863150527,-110.94712796069145,138.11184253589892, 1.7911570860092463,-27.176090278547996,-1.5935342326562365
2024-09-06 04:12:20,1.1785580036459304,-109.00292665120794,137.25257581978923, 2.4887962906586716,-28.272199287475516,-2.192210275268241
2024-09-06 04:12:20,1.3388389832809091,-108.13528229677442,136.76662544930207, 2.7923629397515226,-28.659981670105715,-2.4506926076770887
2024-09-06 04:12:20,1.6852052618791813,-105.04879236298356,134.91272964272957, 3.3813855111559326,-29.907067612441317,-2.9319499718298707
2024-09-06 04:12:20,1.7581967959401008,-103.4208805058577,133.5714978129771, 3.497217074385909,-30.197023259349763,-3.0235974553877325
2024-09-06 04:12:20,1.707156645440408,-102.66219401202385,132.91661264392494, 3.385345229231626,-30.297989616899244,-2.923817515903753
2024-09-06 04:12:21,1.590711020422058,-99.74083892967268,130.49426929209648, 3.1085857173115348,-30.790518533386123,-2.6711003565462867
2024-09-06 04:12:21,1.5717928748195689,-98.8018462083473,129.7588586178465, 3.0534883149912657,-30.992933418300687,-2.61820128809531
2024-09-06 04:12:21,1.5118325511334871,-97.88150824415465,129.15657918035188, 2.9103161885386744,-31.307891061214697,-2.4871144923761457
2024-09-06 04:12:21,1.2680346055366776,-96.27407756182487,128.0745524581291, 2.405286421909919,-31.823097130103328,-2.0440580334915257
2024-09-06 04:12:21,1.2210295528851505,-95.3948433191385,127.59369961926217, 2.2905925806445233,-32.21951111725878,-1.9381614842933694
2024-09-06 04:12:21,1.129781147727467,-94.42736136974884,127.09778282861434, 2.092280678149823,-32.687786879423115,-1.7611459388391488
2024-09-06 04:12:21,0.9506246283994396,-93.64816409218254,126.75849692602675, 1.7398889706139973,-33.12242317548518,-1.4572993274501265
2024-09-06 04:12:21,0.7660910788863379,-94.31766543373199,127.34564441835992, 1.4053484567881631,-33.03585622752512,-1.1782153765240457
2024-09-06 04:12:21,0.3140420410587953,-94.62047659353833,127.85011525558708, 0.5730602282706069,-33.230952352167044,-0.47935156481696173
2024-09-06 04:12:22,0.16764631857084605,-94.23016664141343,128.14079802458744, 0.3004938649202803,-33.91099622761828,-0.24938214091197444
2024-09-06 04:12:22,0.03782506076959513,-93.86149294989019,128.43244013308552, 0.06666072773861825,-34.570965301631084,-0.0548900522692608
2024-09-06 04:12:22,-0.39668645950620407,-93.31005310422523,128.2028965540239, -0.6934323691698916,-34.89481239128766,0.5687648656126757
2024-09-06 04:12:22,-0.862694583705917,-92.78806130337384,127.98587018542744, -1.4964642573800784,-35.207015282514334,1.2228149212223536
2024-09-06 04:12:31,-0.907762925543189,-92.58619062121902,127.3495323350404, -1.5917648174440058,-34.773700850194324,1.3076026828871672
2024-09-06 04:12:31,-0.8878264248700558,-92.54213267311674,126.71274954530934, -1.5804465840315975,-34.18074815688641,1.307559746667754
2024-09-06 04:12:31,-0.9524964956986759,-92.80220878817883,126.28038336825622, -1.7263644815604329,-33.49014397374573,1.4398874099662764
2024-09-06 04:12:31,-1.0708485001738415,-93.2228901511332,125.94784744156125, -1.9802686298424756,-32.740526108663566,1.665854279804433
2024-09-06 04:12:31,-1.2657288235584312,-93.65812754450701,125.58986970438573, -2.3920941617335685,-31.954167417603628,2.029954538862665
2024-09-06 04:12:31,-1.3766434772246552,-94.20221692439445,125.2078230842356, -2.6710390709056244,-31.03311207169018,2.289172558502533
2024-09-06 04:12:31,-1.4250483061365764,-94.6952338862529,124.94531376559567, -2.8270256541871595,-30.280452395318953,2.4418314973534962
2024-09-06 04:12:31,-1.5284205840765293,-95.2909705734924,124.60103301220767, -3.1198384924205107,-29.34635238953268,2.720124659588161
2024-09-06 04:12:31,-1.5899378239400552,-95.74664837158964,124.22325117217619, -3.331698131329314,-28.517242885247615,2.928226692896768
2024-09-06 04:12:31,-1.637888090730439,-96.09228718376258,123.86214575334968, -3.511928669214073,-27.814282006160425,3.1070236315375497
2024-09-06 04:12:31,-1.6584195102785868,-96.47778350033836,123.42131881145487, -3.6561156826686476,-26.9907141445264,3.2588024171907137
2024-09-06 04:12:31,-1.7427965281900724,-96.86447828955863,123.08253939748109, -3.9398602375466685,-26.271829774680157,3.5339796107764885
2024-09-06 04:12:31,-2.020135998515282,-97.12309346809143,122.72336551626796, -4.666856564990374,-25.674493197967998,4.207842785962263
2024-09-06 04:12:31,-2.389518148496679,-97.36099391003066,122.2853135384777, -5.655003247266005,-25.03131387217553,5.12684245576337
2024-09-06 04:12:31,-2.721821318353592,-96.87771565579723,122.6361007435685, -6.243040499134038,-25.892019653183887,5.620589474743838
2024-09-06 04:12:31,-2.864363986588889,-96.59632879133615,123.29411551850772, -6.354523586051352,-26.839778788480302,5.674701597265388
2024-09-06 04:12:31,-2.8761703398595717,-96.31020379032884,123.71885587035243, -6.228610406717313,-27.54751548739755,5.527107029676099
2024-09-06 04:12:31,-2.960065236294975,-95.91211908481245,124.42789380109679, -6.181801837664781,-28.656161461040877,5.42945071661361
2024-09-06 04:12:31,-2.9267783890428785,-95.4710582902112,125.11556107489821, -5.9014549187169605,-29.77556190171423,5.12679394081599
2024-09-06 04:12:31,-2.8563932403126255,-94.98126606017803,125.76971911930798, -5.5673520700156836,-30.90771487123865,4.780729372032777
2024-09-06 04:12:31,-2.6306655739781757,-94.06408939499698,126.53667231743913, -4.891296544918102,-32.56733963682972,4.125087100064878
2024-09-06 04:12:31,-2.571476580070414,-93.68604553216066,126.84521863899796, -4.6939684243953375,-33.24737399788387,3.9282583080964906
2024-09-06 04:12:31,-2.5107694944036463,-93.24773515065318,127.1310145924222, -4.4972257743447,-33.965098176461844,3.7322910460971483
2024-09-06 04:12:31,-2.463234483353618,-92.52338734694884,127.63941245273054, -4.276822146673811,-35.19123755971492,3.4973163858416036
2024-09-06 04:12:31,-2.3805850164113393,-92.05378188420647,127.87748223370538, -4.062856816956017,-35.89214589121646,3.2933058988563095
2024-09-06 04:12:31,-2.3228657611389067,-91.6152451024914,128.1157758029737, -3.9011912715591155,-36.56410673231243,3.135119568740926
2024-09-06 04:12:31,-2.1479998308754507,-89.94474341502465,128.8021636038755, -3.421270163197874,-38.90736287608322,2.6635522833905445
2024-09-06 04:12:31,-2.116722352316594,-89.42324218991247,128.9925736217338, -3.320684711962786,-39.616617594081546,2.5591822417000523
2024-09-06 04:12:31,-2.262312160364542,-88.9140993637366,129.34972254230956, -3.485536798021288,-40.48800161756047,2.6522758353608697
2024-09-06 04:12:31,-2.4197615529243754,-88.56745274873587,129.67656004438075, -3.677405267035906,-41.16761877640689,2.7699506197313055
2024-09-06 04:12:31,-2.720626472826535,-88.15657857866158,130.0714781969002, -4.068845026995995,-41.986788264633525,3.0266447777518115
2024-09-06 04:12:31,-3.128485735832307,-87.91682913907457,130.3627865610384, -4.630025949522112,-42.53923809232703,3.414866238838631
2024-09-06 04:12:32,-2.9019738678989455,-89.48994868020074,130.52603655743, -4.415164355129294,-41.1204328318084,3.328919306435801
2024-09-06 04:12:32,-2.739418085439389,-90.11520597138008,130.42548803376542, -4.230038631665203,-40.387399325797624,3.224397693568964
2024-09-06 04:12:32,-2.5202500738931977,-91.34066486491997,130.13461365537194, -4.01860126607592,-38.862840469160325,3.131105343530852
2024-09-06 04:12:32,-2.4908509236502754,-92.83833549774948,129.67028767588965, -4.150432918854892,-36.904170490502246,3.3209494757625273
2024-09-06 04:12:32,-2.4507100840480884,-93.98714842632467,129.27332276680022, -4.237320528928861,-35.36015767177903,3.457773763804658
2024-09-06 04:12:32,-2.3487092726359178,-94.99244830312381,128.85726581524898, -4.209703440557343,-33.93647567116505,3.4945687339692864
2024-09-06 04:12:32,-2.185961281454989,-95.8052790287476,128.5570231396565, -4.035866788251203,-32.816504380403146,3.393432346555624
2024-09-06 04:12:32,-2.0769092966569263,-96.61979851528625,128.23386518795814, -3.9575235191532254,-31.675160995686458,3.369482822655037
2024-09-06 04:12:32,-2.1936357616863056,-97.43266753445513,128.0244272180763, -4.3043858330722955,-30.662706245751984,3.704376732571852
2024-09-06 04:12:32,-2.3072588685012256,-98.05940726851018,127.90075068432178, -4.629183213959255,-29.922213872823917,4.014300448513277
2024-09-06 04:12:32,-2.420467243481535,-98.76144636924691,127.71057191496631, -4.990941125775221,-29.0414055392584,4.366025327265853
2024-09-06 04:12:32,-2.7833262040667877,-99.52512443464265,127.5328315679611, -5.9107459562008975,-28.134522699327096,5.216457907114427
2024-09-06 04:12:32,-3.2344553561637293,-99.5746836881309,128.10944720482962, -6.7468510890570315,-28.702171881100004,5.924155109823805
2024-09-06 04:12:32,-3.380135748214376,-99.36632368670222,128.64584735973736, -6.886025141110617,-29.456803820415807,6.002821700934248
2024-09-06 04:12:32,-3.448901705157417,-98.68347705815238,129.33085668090266, -6.742712162948225,-30.8220676829933,5.7974025115799
2024-09-06 04:12:32,-3.4263404946970146,-98.05562243514564,129.8987982532005, -6.4743045058094655,-32.007702444148435,5.496622197105491
2024-09-06 04:12:32,-3.4295702507109036,-97.07409804922145,130.8088819041987, -6.1590703951046155,-33.88813439262272,5.118936899195742
2024-09-06 04:12:32,-3.3794492312845357,-95.8585135533098,131.63141809701028, -5.768192185189682,-35.91095940383059,4.677258856954963
2024-09-06 04:12:32,-3.3520782986415796,-94.72458797049094,132.28921711738872, -5.487750649270358,-37.69190059184358,4.347476948355323
2024-09-06 04:12:32,-3.4365265690061806,-93.48952856774028,132.76662159991793, -5.418645102321791,-39.402902964385916,4.19202638290928
2024-09-06 04:12:32,-3.559022302359073,-92.8852047969284,133.0900873938241, -5.503508854064224,-40.335445265573064,4.200556844202705
2024-09-06 04:12:32,-3.6640413830325795,-91.83496506588284,133.52519140143977, -5.499553670049764,-41.82155191340536,4.104006010853922
2024-09-06 04:12:32,-3.793005406412241,-92.8370165615799,133.07258413944686, -5.860218588770174,-40.38366794363934,4.470401129544765
2024-09-06 04:12:32,-3.5729421680009374,-93.91894670000201,132.7528157055287, -5.686539267002736,-38.972008005775734,4.4267630628596315
2024-09-06 04:12:32,-3.448780657412259,-94.64587097850064,132.50917043134277, -5.607744341961698,-37.99656744062204,4.424518773053827
2024-09-06 04:12:32,-3.3592515879481546,-95.87066789877336,132.0557631113768, -5.677701188676524,-36.319465864248436,4.579931209018643
2024-09-06 04:12:32,-3.274006181429126,-96.82098474466608,131.42808200324203, -5.751531792871498,-34.742389846368624,4.731319302383639
2024-09-06 04:12:32,-3.233918743246006,-97.64212541769481,130.89139512285846, -5.883771663632503,-33.38818258631419,4.9179508405896755
2024-09-06 04:12:32,-3.282421722904383,-98.4705027683654,130.254844690073, -6.214119754049252,-31.93571475954053,5.2793472760045645
2024-09-06 04:12:32,-3.40507902698286,-99.13064669454144,129.6930563333603, -6.674171804281487,-30.733273326090682,5.743594618315207
2024-09-06 04:12:32,-3.5342168243138863,-99.81563207962253,129.17056080691214, -7.180799030533967,-29.548092098767683,6.254826733151058
2024-09-06 04:12:33,-3.7604440665980428,-100.29849411539746,128.8841265198232, -7.821634152876494,-28.81120894430542,6.863289384022615
2024-09-06 04:12:33,-4.144149111255231,-99.83380054814485,129.28324775403595, -8.383357348757604,-29.71369578078437,7.29380643637241
2024-09-06 04:12:33,-4.14203121307974,-98.62136552115754,129.99325630243362, -7.919471864492303,-31.616476723456422,6.75582879412717
2024-09-06 04:12:33,-4.046375047561746,-97.61136514043145,130.71061479260442, -7.380949875487778,-33.317708102003856,6.178090041832073
2024-09-06 04:12:33,-3.9513509743486184,-96.72036157570446,131.21560506600537, -6.953758671072727,-34.69295009732857,5.726571886248156
2024-09-06 04:12:33,-3.8911134016958044,-95.79989469204409,131.7672235000224, -6.605935099050521,-36.14893946273049,5.342427645058898
2024-09-06 04:12:33,-3.9096019765903396,-94.96272399730108,132.1883729161873, -6.445348840539724,-37.40079592934448,5.128195030216144
2024-09-06 04:12:33,-3.9138523006994035,-94.07498638710948,132.56911565438588, -6.272593363331826,-38.66184568746304,4.905573134953208
2024-09-06 04:12:33,-3.964848149644638,-93.25190524405843,132.63027142490014, -6.234649091583839,-39.545142024542834,4.8153785011487695
2024-09-06 04:12:33,-3.7058718629711755,-93.06810072607587,132.01847819757705, -5.882473715522352,-39.09835099952552,4.571561534289788
2024-09-06 04:12:33,-3.5617553251707856,-93.56918837542051,131.7449575610374, -5.750695389133248,-38.316310896751574,4.517820923310104
2024-09-06 04:12:33,-3.420826953939731,-94.39557755255314,131.45039301908352, -5.6651991207891905,-37.189812816670624,4.518484183804517
2024-09-06 04:12:33,-3.324418660409184,-94.96704069278798,131.19415007175573, -5.613484452005101,-36.35851125892658,4.525753871280548
2024-09-06 04:12:33,-3.3022697263165943,-95.37957298059122,130.71584311297374, -5.697054279725034,-35.470236818304805,4.644927113818225
2024-09-06 04:12:33,-3.3331057216861444,-95.94208606238254,130.28092770591087, -5.894650328177921,-34.48046145594583,4.864568017447281
2024-09-06 04:12:33,-3.3547898686002773,-96.39205602577317,129.93284046281082, -6.055978358157691,-33.688612099964395,5.044736228707194
2024-09-06 04:12:33,-3.23774190829078,-96.78680195899257,129.44560753941582, -5.9844094300081005,-32.801213860077226,5.035592737649737
2024-09-06 04:12:33,-3.191739611117418,-95.85608638002704,129.54122448584988, -5.741398641225289,-33.81824678797609,4.7749405007419155
2024-09-06 04:12:33,-3.1761438693493336,-94.96749571424978,129.65931246529337, -5.568509292304493,-34.81875639847492,4.576228847468375
2024-09-06 04:12:33,-2.9153177959495586,-93.88489845503307,129.61391339533506, -4.984092645308453,-35.8319702541673,4.044282879970911
2024-09-06 04:12:33,-2.599636472952678,-92.69084331104676,129.46830022089682, -4.336754897571852,-36.85626993922632,3.4724070177249917
2024-09-06 04:12:33,-2.553443672176032,-91.85523733635046,128.7020142813353, -4.253023426961749,-36.92262573082074,3.402322761658042
2024-09-06 04:12:33,-2.434572714835066,-91.10397210815084,127.84356645867521, -4.065587088506177,-36.808821121357035,3.257029420733875
2024-09-06 04:12:34,-2.2978948656089413,-90.22237567246702,127.13840886183466, -3.82209164735741,-36.97731771893219,3.055007241191582
2024-09-06 04:12:34,-2.1589459695641198,-89.41421222503153,126.59681513176307, -3.5693680151850806,-37.236185089644664,2.8430910836229213
2024-09-06 04:12:34,-1.7166678611094033,-88.92431194128763,126.48410051222064, -2.8146837095290977,-37.59321609274321,2.2309158086736325
2024-09-06 04:12:34,-1.1598232595629685,-89.22442457105937,126.96811987822872, -1.8943010632183845,-37.758856770014916,1.4978294243534376
2024-09-06 04:12:34,-0.6327362410431597,-89.9648867726681,127.48820782843084, -1.0387603798414882,-37.527870092918654,0.8238298166151539
2024-09-06 04:12:34,-0.1396024202747807,-90.70555468855767,127.82459731016189, -0.23133086235846345,-37.11926734135758,0.18445920813226102
2024-09-06 04:12:34,0.5533862861558718,-92.54560495013493,128.79470159706847, 0.9358314751057276,-36.252741297333316,-0.7546932349787719
2024-09-06 04:12:34,0.4398153356888611,-93.46489741633823,129.42909626361535, 0.7488748289435195,-35.96652524287325,-0.6061214366363367
2024-09-06 04:12:34,0.18813170333494278,-94.48626493326535,130.1173876095445, 0.32293483296932723,-35.63155359960164,-0.2624759343971309
2024-09-06 04:12:34,-0.006365321397934026,-95.20956791647632,130.74735321194785, -0.010951284163673025,-35.53778579048195,0.0089114145151728
2024-09-06 04:12:34,-0.35970676891878683,-95.82041418802994,131.60226625469338, -0.6151825065493777,-35.78341865714968,0.4990629509340415
2024-09-06 04:12:34,-0.7021764890302863,-95.9003172905888,132.15466344349545, -1.1872603667063408,-36.26021286369816,0.9573824970694651
2024-09-06 04:12:35,-1.6596178161691626,-94.75069947333978,132.31253198147567, -2.7211071046251627,-37.593073775738375,2.1567089839168054
2024-09-06 04:12:35,-1.9417467063344704,-93.86950095658071,131.7320362629963, -3.1616424322987364,-37.90483371515026,2.4955935991811002
2024-09-06 04:12:35,-2.016764240655909,-92.385821667138,130.79652213422412, -3.243940636090897,-38.45543920405376,2.5413541138664746
2024-09-06 04:12:35,-2.0356720465526834,-91.14794520536253,129.89855056108684, -3.2501057157245947,-38.79563561168098,2.53415256925235
2024-09-06 04:12:35,-1.3358404386715748,-88.86713962929578,127.46517005920666, -2.140666755398733,-38.61753401657499,1.6728692703868995
2024-09-06 04:12:35,-0.7261120166158651,-88.35641878981055,126.49834432824832, -1.1755754937852823,-38.14778414910933,0.9245457497675932
2024-09-06 04:12:35,0.8340883093410391,-87.95179512554422,124.80182219234736, 1.3906155134585467,-36.858126886775736,-1.1127424092981522
2024-09-06 04:12:35,1.3551502504551176,-88.28937323465351,124.7302091555919, 2.2806471607983525,-36.462533935309025,-1.8345426977112038
2024-09-06 04:12:35,2.7235844232057227,-90.1417166451295,125.93673495670203, 4.64987334357234,-35.88467581874908,-3.7701619195914113
2024-09-06 04:12:35,2.8817230315820392,-92.5954585847404,128.57871863569738, 4.8968346685080215,-36.0829259126137,-3.9607949763025334
2024-09-06 04:12:35,2.6414421520711837,-93.5275561649526,129.37345236345604, 4.504498864931565,-35.93007620364223,-3.650032315730672
2024-09-06 04:12:35,1.8328477624533663,-94.85374338416229,130.86448335129722, 3.115412490724773,-36.05105070916538,-2.5196487918677413
2024-09-06 04:12:36,-0.07201414689844843,-94.38641898829765,132.35159429302843, -0.117061353048036,-37.96523330326481,0.09228936834235224
2024-09-06 04:12:36,-0.658159850899874,-93.60537505086985,131.9781313112532, -1.0601483829356075,-38.377529992753594,0.8311260964249046
2024-09-06 04:12:36,-1.1273729544008135,-91.64390384343393,130.83386426683757, -1.7837723542605906,-39.203562152484594,1.382432886489002
2024-09-06 04:12:36,-1.3714467452201484,-90.79798848737984,130.22930782901915, -2.1586295825905553,-39.45127421746337,1.66713717309778
2024-09-06 04:12:36,-1.5343097877750356,-88.83012884895848,128.03860417922257, -2.4262816168396872,-39.233648206473255,1.8797820900583029
2024-09-06 04:12:36,-1.3046166101395125,-88.54723454848903,127.26575605070853, -2.085174455786398,-38.73704422210368,1.6267714670147169
2024-09-06 04:12:36,-0.9532192577083378,-88.8733469152565,127.04746170568272, -1.5420628380538433,-38.18419910140806,1.212215502508869
2024-09-06 04:12:36,-0.8469076772838068,-89.82138641881943,127.73473301785043, -1.3781102588097895,-37.921382175573676,1.0872080576416538
2024-09-06 04:12:36,-0.7845705871590949,-90.5954056833634,128.34475326723935, -1.2814083639009093,-37.75628473765262,1.01317350493418
2024-09-06 04:12:36,-0.8371077902833214,-91.32899319184861,128.96802876257948, -1.3706050213650849,-37.646964276322734,1.085307553832013
2024-09-06 04:12:37,-0.9706012681632054,-92.01745149425074,129.56560131084285, -1.5923854841997669,-37.55884356551369,1.2624488788755044
2024-09-06 04:12:37,-1.577866312672868,-91.72725103380874,129.46431690842613, -2.5769624881773185,-37.7651283461558,2.037675969206105
2024-09-06 04:12:37,-1.831412898213489,-90.98779859563447,129.45747063171643, -2.9423328317885344,-38.5064912147271,2.3032707935645766
2024-09-06 04:12:37,-2.054558785253981,-91.59172633507022,129.25177401509737, -3.3603372375134484,-37.70774713058959,2.659640418248563
2024-09-06 04:12:38,-2.1071751788674575,-92.00161650973422,128.9729109725504, -3.500913849132215,-37.022731889359804,2.7963792612328167
2024-09-06 04:12:38,-2.6723037121643993,-92.14638757232315,128.93870436803766, -4.456130695154057,-36.875547426909726,3.567229247734776
2024-09-06 04:12:45,-2.4456468958089714,-91.9800050738548,128.20207673506403, -4.134061645889805,-36.293259277399905,3.3340711356557557
2024-09-06 04:12:45,-2.435750606196812,-91.72342265080053,127.42950603032916, -4.168613297053334,-35.77804489343808,3.3839853372171453
2024-09-06 04:12:45,-2.6830328806805746,-91.99570938380849,126.9653113345133, -4.674299705194787,-35.05930311873969,3.828985969434941
2024-09-06 04:12:45,-3.218708980436237,-92.3441237148248,126.88119609316838, -5.664791995972223,-34.66818346166788,4.663976694502481
2024-09-06 04:12:45,-3.8205985096307398,-92.58006703944602,126.69035305267124, -6.791049810699903,-34.297834084197774,5.618560110163778
2024-09-06 04:12:45,-4.339471241748317,-92.84975312898985,126.72460393681972, -7.752727294882125,-34.11874452385157,6.4306249174669565
2024-09-06 04:12:45,-4.871351334551542,-92.78707937831808,126.95774785880545, -8.628271665130013,-34.47435112970727,7.13019589091339
2024-09-06 04:12:45,-5.149334703311642,-92.32896707644736,127.13186034535043, -8.972272548988629,-35.13418772446162,7.357445840368745
2024-09-06 04:12:45,-5.237011160129117,-91.6329587108502,127.07157245545882, -8.982876582770812,-35.77331111683032,7.308541699583165
2024-09-06 04:12:45,-5.397786975529009,-91.81803331068464,126.60123384905097, -9.404663482506404,-35.147328360854786,7.712839950179551
2024-09-06 04:12:45,-5.5392110713265925,-92.7224805986392,126.46993349708865, -9.902374544923923,-34.145838464276935,8.221018487616696
2024-09-06 04:12:49,-5.125538579242545,-92.05478519959658,126.40851233592987, -9.031743803455434,-34.68748828361116,7.446436060188643
2024-09-06 04:12:49,-4.4873541482663555,-91.23277801894994,126.17747565759704, -7.80174536921438,-35.19526026243959,6.38861778349714
2024-09-06 04:12:49,-4.588266871016799,-91.95367765028614,125.9587126098637, -8.16592941915172,-34.27625606864138,6.762254975495228
2024-09-06 04:12:49,-4.662893404526223,-92.81550225945296,125.71311342868387, -8.54026453799197,-33.18962007739551,7.162889301405892
2024-09-06 04:12:49,-4.68703207307973,-93.52517360489013,125.4714999880034, -8.807856177816586,-32.252285903542386,7.465559644044641
2024-09-06 04:12:49,-4.713250088862185,-94.19590720367079,125.20798669122378, -9.091663381191918,-31.332888620485207,7.783347337199447
2024-09-06 04:12:49,-4.606964173093875,-94.69492239979095,125.05789216223323, -9.057585300978051,-30.677487438773586,7.80687505490404
2024-09-06 04:12:49,-4.220230414604096,-95.18879081671594,124.90832772571036, -8.46600969719336,-29.99056443146083,7.345794907489941
2024-09-06 04:12:49,-3.688847116522771,-95.4573410270121,124.7127495184711, -7.515278787426696,-29.466634699035872,6.552191124644571
2024-09-06 04:12:49,-3.1021561719566524,-95.65596329683,124.64113463840485, -6.381443357571081,-29.13637039173738,5.579416648265566
2024-09-06 04:12:49,-2.482719521309253,-95.92912734335387,124.67195765752521, -5.15217896974287,-28.840738075391336,4.515952039078579
2024-09-06 04:12:49,-1.8616007911622452,-96.29249842216507,124.76719151666444, -3.8999456861637416,-28.530397104978398,3.42755804933637
2024-09-06 04:12:49,-1.3296240108885353,-96.7053313578703,124.8613191630134, -2.815990676061828,-28.18479892172126,2.4825410336800404
2024-09-06 04:12:49,-0.8424623312993678,-97.29970477869978,125.11318407006758, -1.8050874247983613,-27.825217453182567,1.5964903776292612
2024-09-06 04:12:49,-0.3217156306699204,-97.70770063049946,125.4295050014967, -0.691569091891886,-27.72352310108446,0.6121852664808729
2024-09-06 04:12:50,0.17891073072507574,-97.83720985676194,125.93829006749692, 0.37982560882500827,-28.101603323798834,-0.33505045651683707
2024-09-06 04:12:50,0.3510778906631589,-97.68106474490419,126.69157049745189, 0.7238872854632862,-29.012445298032105,-0.6330577639087106
2024-09-06 04:12:50,0.3601914616957173,-97.53947054718282,127.33727696743242, 0.7247886235065654,-29.799783421585825,-0.6289561757242678
2024-09-06 04:12:50,0.1433909680354355,-97.31362594333676,127.7965252426297, 0.28266395643186193,-30.483204114580566,-0.24359406075358003
2024-09-06 04:12:50,-0.24688840223645692,-96.85769451374641,128.23441232657478, -0.4741731472202675,-31.377590027115478,0.4048299701388709
2024-09-06 04:12:50,-0.4348646180216768,-96.40013077119981,128.4868361830195, -0.8186026691012964,-32.0893374182001,0.6935505246730035
2024-09-06 04:12:50,-0.5889116895847858,-95.9834417602725,128.91341219637678, -1.0832368708308382,-32.93464307185273,0.9091832876398882
2024-09-06 04:12:50,-0.772138910803102,-95.55877931601042,129.22240668911638, -1.392767512965307,-33.67143848395054,1.1591739274407904
2024-09-06 04:12:50,-0.8955809680878254,-95.1053313928716,129.60936223366176, -1.5807294379729413,-34.514211885613534,1.3026044987070808
2024-09-06 04:12:50,-0.8503216518640067,-94.6448189641957,129.93755659093566, -1.4715550929653187,-35.30165049364279,1.20105511611464
2024-09-06 04:12:50,-0.5657918133055421,-95.35176354856831,130.4532866599822, -0.9838748248716254,-35.10549751680926,0.8049287891417622
2024-09-06 04:13:09,-0.4507297191094247,-94.450201681726,129.7574266725678, -0.7798303809550278,-35.309728161980715,0.6363854945745577
2024-09-06 04:13:09,-0.42778899438580964,-94.206014976387,128.68091733158033, -0.7557208267166773,-34.47722811591467,0.6229909761043797
2024-09-06 04:13:10,-0.42326245652799016,-94.06630585837466,127.98699063219448, -0.7584435741343872,-33.923009447027475,0.6293590019912364
2024-09-06 04:13:10,-0.5247489226977697,-94.02717542086117,127.31918167434826, -0.9559281719569559,-33.295665352644804,0.7990338475812099
2024-09-06 04:13:10,-0.6045395549430193,-94.04308415862018,126.66182768196911, -1.1213966835570948,-32.62372653204775,0.944508101765948
2024-09-06 04:13:10,-0.6630215823566982,-94.06770407155922,126.07779441778736, -1.250679360764808,-32.01622657094269,1.0604958494583887
2024-09-06 04:13:10,-0.6162035591973358,-94.24609455285079,125.51034686537973, -1.1871981951159538,-31.26970936015034,1.0147770357272445
2024-09-06 04:13:10,-0.5149161982739112,-94.57182231800607,124.89328825071858, -1.0198565829214292,-30.325421814785948,0.8803349494138774
2024-09-06 04:13:10,-0.4706297243006265,-94.84617754413271,124.35917626724667, -0.9552915775645308,-29.516413079636312,0.8313273748122915
2024-09-06 04:13:10,-0.4320724845858428,-95.16655345491309,123.63604841882864, -0.9063414606034224,-28.472499135538573,0.796730973646461
2024-09-06 04:13:10,-0.4137469381912925,-95.97451180013093,122.6364730800315, -0.9219849324228071,-26.664936290513605,0.8239426481036007
2024-09-06 04:13:10,-0.4927816808157864,-96.42293199091354,122.17945890082275, -1.1338900568261119,-25.760918655171576,1.021224065317159
2024-09-06 04:13:10,-0.7512890485952344,-96.9417712435825,121.71945795074974, -1.7921491517003811,-24.788355347217124,1.6271186473008623
2024-09-06 04:13:10,-1.0750552826013375,-97.41822811766644,121.18418661210282, -2.666007662521708,-23.78885177982672,2.4397851643190616
2024-09-06 04:13:10,-1.2252058983603107,-97.64767302959208,120.79658921901003, -3.114007984081388,-23.179535487840727,2.8630693176271613
2024-09-06 04:13:10,-1.690061539497723,-97.39683331213391,120.35446248604873, -4.3259505021229945,-23.01639666909094,3.9827304627765505
2024-09-06 04:13:10,-1.9346092172958247,-96.76083813006095,120.48303717553473, -4.799413397570955,-23.79640897096231,4.3930620075540405
2024-09-06 04:13:10,-1.8457969103467076,-96.26702914421392,120.90441062327524, -4.420450992353172,-24.702123338796667,4.017338185017236
2024-09-06 04:13:10,-1.7490987479977327,-95.7574371099866,121.50064162109463, -4.021674885176338,-25.79851198009338,3.6219606564929077
2024-09-06 04:13:10,-1.6671719713877515,-95.35986999794831,121.88760091023563, -3.7285550604395623,-26.57627615985225,3.3355361359090545
2024-09-06 04:13:10,-1.466505627740431,-94.87580702320683,122.4206655078712, -3.168672504713704,-27.580818803279634,2.8091938970587593
2024-09-06 04:13:10,-1.2672569607633437,-94.28486277144663,122.89464853034374, -2.6450554235723938,-28.635468077184186,2.321908104060677
2024-09-06 04:13:10,-1.0741715980711453,-93.65553237836997,123.34136176343557, -2.168193860339645,-29.703487420113504,1.8835168371901363
2024-09-06 04:13:10,-0.9173949070878192,-93.18152522762662,123.85288051108462, -1.7979784434521473,-30.683736347009585,1.5463885136301185
2024-09-06 04:13:10,-0.8760588614097126,-92.76211043398777,124.58555689306357, -1.661057815272603,-31.834236740222373,1.4113076079293012
2024-09-06 04:13:10,-0.7901570581598519,-92.4965259054547,125.15773688289013, -1.4639214079599145,-32.66970936863934,1.2324017213181075
2024-09-06 04:13:10,-0.6675238373831425,-92.16422721817743,125.72333379017095, -1.2074148434021268,-33.56496777318722,1.0061353455002173
2024-09-06 04:13:10,-0.6257870184041239,-91.99581014967734,126.35297761318506, -1.1087689615150411,-34.362166147904674,0.9153100743259919
2024-09-06 04:13:10,-0.5904626053982999,-91.79164332874224,126.79725095111664, -1.0292219946932557,-35.00995159994862,0.84301659850976
2024-09-06 04:13:10,-0.4766892252871201,-91.4425378892077,127.63440625547292, -0.8072410473403937,-36.19457846678203,0.6514716292147651
2024-09-06 04:13:10,-0.44937335174634924,-91.44839845088745,128.3190233573341, -0.74891561394076,-36.87297440485661,0.5991206452870226
2024-09-06 04:13:10,-0.5000523596248753,-91.45192534174413,128.88448940549281, -0.8226526451836924,-37.435414686188444,0.6532349093312596
2024-09-06 04:13:10,-0.4444772838715921,-91.62192547961827,129.54330169975174, -0.7231978231754478,-37.92358907311954,0.5704923876982086
2024-09-06 04:13:10,-0.24572554405257133,-92.24399217495767,130.3537599423371, -0.39814489750732435,-38.11043953653279,0.31327131708261136
2024-09-06 04:13:11,-0.052920735645566014,-93.42888882992108,130.8372742482535, -0.08711341277325546,-37.4084173746641,0.06919641454110831
2024-09-06 04:13:11,0.08110204020237952,-94.39586747379524,131.0520008762624, 0.13584661958944536,-36.65621053339352,-0.10898059947131128
2024-09-06 04:13:11,0.14169106282009397,-95.36628912681194,131.15558863571954, 0.24228626365239966,-35.789542523493445,-0.19653588734087069
2024-09-06 04:13:11,0.12660591316132902,-96.17199527821388,131.18741581142982, 0.22064514023412055,-35.01562018746782,-0.18070770268733882
2024-09-06 04:13:11,-0.03159822386539496,-96.92537637118856,131.2089904296507, -0.05609584727013159,-34.28362683923726,0.04634972003479537
2024-09-06 04:13:11,-0.34346094292820845,-96.19833542756774,130.58464337970238, -0.6081276903036874,-34.38781215260757,0.5018534499118191
2024-09-06 04:13:11,-0.5479768295061165,-95.35099766496737,130.15525249559653, -0.9599977107194595,-34.808024323848635,0.7882486560838572
2024-09-06 04:13:11,-0.41448389805562813,-94.77375178049148,130.25380444223222, -0.7140864068506975,-35.482155962979114,0.5814880850983929
2024-09-06 04:20:31,0.16968001761804097,-93.39049419358435,129.7402099837957, 0.286275672357052,-36.35005720483059,-0.2305701793875894
2024-09-06 04:20:31,0.3818576527979272,-93.37687965018229,129.10327220288374, 0.6539420599974944,-35.72816162882176,-0.5308758080940325
2024-09-06 04:20:31,0.5563804026938368,-93.68789265544294,128.4031510613159, 0.9769016514460249,-34.71915730089862,-0.8029931207780602
2024-09-06 04:20:31,0.7028709981775596,-94.10428600037014,127.78497009165842, 1.2672869637171256,-33.687152564206464,-1.054535155311651
2024-09-06 04:20:31,0.739837780877787,-94.65963141917737,127.18378444712086, 1.3758573004840353,-32.53164297205416,-1.1600423112908036
2024-09-06 04:20:31,0.7582441834535252,-95.20456161555873,126.62042655968479, 1.4544488194184688,-31.424078316174544,-1.2411998496392438
2024-09-06 04:20:31,0.6695999796504682,-95.62580713135895,126.37583103863211, 1.3094513190268162,-30.75659987482401,-1.1253249659278746
2024-09-06 04:20:31,0.42672148113590386,-96.35346371434972,126.15952078119652, 0.8584326884788841,-29.808830886961832,-0.7448662408289756
2024-09-06 04:20:31,0.24981617180900537,-96.9308762862237,125.93440928083866, 0.5152192221844392,-29.004515343920424,-0.4506040544434085
2024-09-06 04:20:31,0.17576310914013743,-97.46211251222273,125.71355699715014, 0.3713197774907353,-28.25194618039693,-0.32708720888708565
2024-09-06 04:20:31,0.09331399756649614,-97.97017998554682,125.39708249453541, 0.20258430094316213,-27.427048934624793,-0.1798135852321597
2024-09-06 04:20:31,-0.0008780625072576237,-98.44514180863152,125.1083685331591, -0.0019567047553178396,-26.663226737926514,0.001748627957305765
2024-09-06 04:20:31,-0.0056723579603547595,-98.94432231036566,124.75285937931524, -0.01302896357784078,-25.808537649561423,0.011729375410983388
2024-09-06 04:20:31,0.032075374659187854,-99.41884357289788,124.32832168115328, 0.07615488214654738,-24.909497441818843,-0.06907052130691788
2024-09-06 04:20:31,0.015264008100456052,-99.87139755455799,123.9468369802903, 0.037417362948973,-24.075443976286255,-0.034162393569163785
2024-09-06 04:20:31,0.052159957250615396,-100.18141946374273,123.47469161907568, 0.13190418035989346,-23.293327301972933,-0.12115302600800501
2024-09-06 04:20:31,-0.11274172251054287,-100.93757936549342,122.96827122710417, -0.30055950331024717,-22.03096597800663,0.27861338665179125
2024-09-06 04:20:31,-0.2728021442747922,-101.55187588127693,122.47244824934299, -0.7639550666342906,-20.9222711988625,0.7135896453015794
2024-09-06 04:20:31,-0.3131345162268028,-102.20833463716974,122.14151873430896, -0.9184180029635076,-19.935543464983606,0.8633920458746867
2024-09-06 04:20:31,-0.2630994456171407,-102.83483930716716,121.72318784350082, -0.8126763006438713,-18.890113969185755,0.7689119630565193
2024-09-06 04:20:31,-0.2694047576011056,-103.60447967127976,121.109012273432, -0.8956170097940963,-17.506540727770457,0.8541406684153545
2024-09-06 04:20:31,-0.2822536218854334,-104.06748023532758,120.7100363234749, -0.98543295341938,-16.644881705996532,0.9441494636630651
2024-09-06 04:20:31,0.06956331686933481,-104.1343223041848,119.97424277134465, 0.2548552457575497,-15.840069303703196,-0.24517783499460422
2024-09-06 04:20:31,0.6544285848692047,-103.950814838344,119.66058855367378, 2.4156373384741325,-15.723055691073853,-2.3253520488373747
2024-09-06 04:20:32,0.8850166884192419,-104.09550465508286,120.27687943769634, 3.1727630981695225,-16.20491309274774,-3.046950877164699
2024-09-06 04:20:32,1.0820962563463563,-104.0595388532303,120.80890619065221, 3.749940598169584,-16.783286062460398,-3.590634414405956
2024-09-06 04:20:32,1.3201244755564028,-103.78089102620703,121.36159117527328, 4.362888395892059,-17.62863308863312,-4.1587411761244395
2024-09-06 04:20:32,1.3852525756158816,-103.56694842315395,122.01469450301904, 4.369979825233719,-18.497877848440922,-4.145014831214103
2024-09-06 04:20:32,1.4353670891372112,-103.37223770781549,122.45184842341514, 4.383438176691249,-19.1315210219023,-4.1422025990802975
2024-09-06 04:20:32,1.2097295279582718,-103.24123213909576,123.25659040311237, 3.5304600196139675,-20.050386283203544,-3.316977200349401
2024-09-06 04:20:32,1.1958305054207945,-102.8588737909316,124.00768715830296, 3.311254033222059,-21.181047497547517,-3.088005440029005
2024-09-06 04:20:32,1.2418153205491063,-102.40782416455309,124.69764692112727, 3.2709912165628356,-22.322627721558376,-3.026336509453585
2024-09-06 04:20:32,1.285944396252579,-102.10254877276303,125.04240638644399, 3.296196964414967,-22.97392865368163,-3.035260895989389
2024-09-06 04:20:32,1.6926702252396806,-100.79134230961404,126.07662130760288, 3.957779929943938,-25.338152953986125,-3.5780742368098375
2024-09-06 04:20:32,1.8687325581410035,-100.38905097764757,126.70385675148073, 4.209381864392383,-26.37635457125498,-3.7725034905307426
2024-09-06 04:20:32,2.1461246308229587,-100.05225982417072,127.09830288379833, 4.711364343095839,-27.124656222194027,-4.195156434488525
2024-09-06 04:20:32,2.3584097900135164,-99.6635318168884,127.51537824794612, 5.037936902619237,-27.943554386010515,-4.453079454243611
2024-09-06 04:20:32,2.2849290746532054,-100.44851508362008,128.50979268428364, 4.848228183611278,-28.146614148594082,-4.277162430900442
2024-09-06 04:20:32,2.3398089819092514,-101.49009343148516,129.18105854837313, 5.0249472228802645,-27.781849565536426,-4.44818989707502
2024-09-06 04:20:32,2.3114662105037587,-102.27249618095448,129.08741346780548, 5.1131182186460205,-26.907001320762134,-4.562060809601591
2024-09-06 04:20:32,2.5949448510176127,-103.02890247937646,129.15604800526333, 5.876063313011571,-26.246677338072644,-5.273842215440478
2024-09-06 04:20:32,2.9572743798637977,-103.72712271871421,129.21529132096714, 6.845541926487691,-25.647757475814387,-6.176559088846727
2024-09-06 04:20:32,3.3216227260356335,-104.45662947228658,129.21174662823705, 7.891031543987626,-24.96304506526041,-7.1618948121973105
2024-09-06 04:20:32,3.5647382492000124,-105.14265190432563,129.26592574344212, 8.666675494227578,-24.369645514499005,-7.904723407876308
2024-09-06 04:20:32,3.7446850262803175,-105.86782140522917,129.33277997213182, 9.334258409603986,-23.74518571205019,-8.556292374874998
2024-09-06 04:20:32,3.934522755174068,-106.66429226227864,129.3892972418918, 10.095180699931344,-23.045296142855673,-9.304222766559239
2024-09-06 04:20:32,4.198185473519731,-107.66680690150302,129.4293466705389, 11.198657526041064,-22.144452296175402,-10.391289733533998
2024-09-06 04:20:32,4.382377676166111,-108.38970571048851,129.40857138141624, 12.060759155335694,-21.45060042358944,-11.247404253867435
2024-09-06 04:20:33,4.862181008993491,-110.488331840728,128.65113144820805, 15.263902404411757,-18.78112033191302,-14.4862712350316
2024-09-06 04:20:33,4.905855050206759,-112.16772121428502,127.61629007065065, 17.860444008278918,-16.190717601251336,-17.19462959759457
2024-09-06 04:20:33,4.870560823011151,-112.586645643595,127.32926967748215, 18.51330461713354,-15.50939142128811,-17.88283552787521
2024-09-06 04:20:33,4.782223955481743,-113.25608616059097,126.71646969636797, 19.768722559822315,-14.26986708642872,-19.2040621727374
2024-09-06 04:20:33,4.700139285014692,-113.81108577789055,126.08549715947217, 21.143199842459303,-13.130626114882512,-20.63753237081759
2024-09-06 04:20:33,4.612006981531204,-113.84430428631399,125.1546438242664, 22.358259956901605,-12.203165991438697,-21.901320394505646
2024-09-06 04:20:33,4.55066099264295,-113.90691334898511,124.36904089725749, 23.668500292069865,-11.398853572413126,-23.25165261766248
2024-09-06 04:20:33,4.500348578710092,-113.99902512885393,123.6492341249292, 25.15124985642891,-10.638971567535767,-24.771165158163107
2024-09-06 04:20:33,4.478387585724928,-113.93953973538584,122.92861655127521, 26.62342733761094,-10.034668231128489,-26.271221900798054
2024-09-06 04:20:33,4.5244443049751695,-113.91109973744778,122.33710570044906, 28.37016611485243,-9.5561668683163,-28.036706983825724
2024-09-06 04:20:33,4.536385633682784,-113.82732249602199,121.69441932479069, 30.09895055460064,-9.074164723780061,-29.78685988662835
2024-09-06 04:20:33,4.172746868442883,-113.62736003466514,121.04861666098499, 29.459665340529597,-8.508193186006302,-29.188929447081303
2024-09-06 04:20:33,3.5266123673844185,-113.63257248848382,120.8407144721947, 26.15876592892866,-8.020511574796814,-25.9365688427539
2024-09-06 04:20:33,3.1507712457349957,-112.99541164022004,120.17726128433596, 23.76427423007709,-7.839277158090978,-23.56649588500025
2024-09-06 04:20:33,3.1966084895611413,-112.09913435729139,119.55855158634715, 23.27702250175535,-8.111929561098053,-23.0685887942478
2024-09-06 04:20:33,3.4027950284224744,-111.4106016064423,119.34667186266176, 23.299435957740446,-8.630530946280556,-23.063327881690007
2024-09-06 04:20:33,3.6480772776368133,-110.74864705795895,119.2101008058319, 23.426967261511724,-9.209112346952221,-23.157011467951783
2024-09-06 04:20:33,3.73343904213195,-109.93616110542212,119.10906964132008, 22.26078229785737,-9.897549856679856,-21.96117993994752
2024-09-06 04:20:33,3.629095090065915,-109.22829332157048,118.95747924455245, 20.57170817797029,-10.377886438944447,-20.262741457607525
2024-09-06 04:20:33,3.4790661397018443,-108.57603944976222,118.79745779884709, 18.911639662907298,-10.791319884470326,-18.600390944536308
2024-09-06 04:20:33,3.11135640369936,-107.77185024252955,118.60970583889122, 16.123822826295864,-11.270487870962882,-15.828604095481385
2024-09-06 04:20:33,2.6746093530304065,-107.27162605802971,118.44053809875027, 13.558975228813791,-11.480735079231005,-13.297413004901793
2024-09-06 04:20:33,2.2945624891554024,-106.60636388877347,118.21613536533874, 11.260674672404516,-11.831295252968578,-11.027372971683215
2024-09-06 04:20:33,1.9618756715822965,-105.84613534401754,117.93840330747176, 9.286636190105252,-12.248043884475813,-9.078817401910918
2024-09-06 04:20:33,1.6924156249887297,-105.08392787214126,117.49025251052834, 7.83061747564517,-12.519435052882201,-7.646654572891478
2024-09-06 04:20:33,1.4357386891644683,-104.29612128073441,117.04551984892228, 6.479362996340278,-12.828654367590786,-6.318952749652766
2024-09-06 04:20:33,1.1694789368393916,-103.46812580006414,116.53995678737613, 5.157483442954463,-13.123133516782275,-5.023490908035043
2024-09-06 04:20:33,0.8628380859048264,-103.28093386566852,116.96802990547786, 3.641887107321981,-13.713747536843321,-3.538332775060745
2024-09-06 04:20:33,0.8187329741302711,-102.74386535526767,117.39520963508105, 3.2336943248239898,-14.673702253819648,-3.128437564743797
2024-09-06 04:20:33,0.8729130439376076,-102.08530282457244,117.81763784480225, 3.21624093043898,-15.755922551126162,-3.095637274523234
2024-09-06 04:20:33,0.1686063650264621,-101.83537434143528,118.33221388137383, 0.5937433385797606,-16.497677199223933,-0.5693013097951399
2024-09-06 04:20:33,-0.334404146371892,-101.521602602467,118.84070047279639, -1.123187292058744,-17.322227061636266,1.0722577186544906
2024-09-06 04:20:33,-0.7354289527308107,-101.11850362500093,119.2939364128056, -2.3564913479206333,-18.189803399629696,2.238854848885463
2024-09-06 04:20:33,-1.148676589371639,-101.0291467802806,120.09131816812288, -3.513201650572108,-19.095465141850084,3.3203321129567502
2024-09-06 04:20:33,-1.420530028607008,-100.95716884559953,120.78503220692707, -4.181359018220218,-19.876641150698653,3.933068566798373
2024-09-06 04:20:33,-1.6604050470735126,-100.84504885757623,121.40251980951969, -4.719145525377091,-20.621523175071154,4.418014951082803
2024-09-06 04:20:33,-1.5783880969228319,-100.58199208807571,121.87902010464724, -4.338536000984043,-21.352725796067904,4.041747097373443
2024-09-06 04:20:33,-1.5589894804086053,-100.21114751347716,122.33232822256537, -4.133842447217745,-22.173296941905242,3.829076228305255
2024-09-06 04:20:33,-1.6368648123747382,-99.8548534350777,122.7487756898301, -4.201194558837494,-22.949223526393418,3.8697267029719633
2024-09-06 04:20:33,-1.705060381287706,-99.45240961581761,123.04749163572528, -4.253199939267272,-23.653094589211776,3.897045499403029
2024-09-06 04:20:33,-1.762640718879791,-99.02659044005459,123.28190553175057, -4.284068217258171,-24.315413764413083,3.9052722433228686
2024-09-06 04:20:34,-1.8483769814832685,-98.50949973715699,123.56537807364083, -4.357599820216832,-25.119572170286574,3.946844917721999
2024-09-06 04:20:34,-1.902100744183177,-98.02259853258604,123.73103496037164, -4.37789633901589,-25.7739315837031,3.9438186142574656
2024-09-06 04:20:34,-1.959092926687937,-97.38359472924654,123.83651445893044, -4.390985265061437,-26.520149467582076,3.930487172510164
2024-09-06 04:20:34,-2.074424931113848,-96.66488199487313,123.99009850348149, -4.511672060413623,-27.397798413267928,4.007363947490087
2024-09-06 04:20:34,-2.115429434436853,-96.04977816472517,124.03005067753152, -4.5016639079533265,-28.053683036017482,3.974558753575228
2024-09-06 04:20:34,-2.197538040843886,-95.12347984486915,123.97831738785031, -4.546282095047923,-28.9312192034598,3.980864406952657
2024-09-06 04:20:34,-2.2703081117586956,-94.53615674705507,124.00403442538284, -4.607511355784772,-29.547375209933634,4.010396863006279
2024-09-06 04:20:34,-2.439829380477368,-93.83519857656086,124.12243028983785, -4.829172033647361,-30.376043779314152,4.1687701341051975
2024-09-06 04:20:34,-2.5316086316717,-93.05094413181823,124.24810707045624, -4.878777474217816,-31.28938619630956,4.171901164803251
2024-09-06 04:20:34,-2.4325296122721305,-92.34185296438716,124.31548719883855, -4.586700153818198,-32.05624808202729,3.889693075089295
2024-09-06 04:20:34,-2.3473720433795555,-91.64050779697033,124.38228838428664, -4.334266268794352,-32.816474789659075,3.6446046818477167
2024-09-06 04:20:34,-2.0868209830574376,-91.01825309654988,124.48186265119878, -3.780714272192779,-33.52105520223151,3.1533120175519254
2024-09-06 04:20:34,-1.920157222579663,-90.4666798549177,124.61141898048368, -3.4182198369891723,-34.192148468122355,2.828465818942378
2024-09-06 04:20:34,-2.3760927939439775,-91.12209299276486,124.83142110643351, -4.275903843305421,-33.78309614141516,3.5559511104618498
2024-09-06 04:20:34,-2.642940092170665,-91.65786238555212,124.75324923774629, -4.832190074249383,-33.18877750408223,4.046794953587876
2024-09-06 04:20:34,-2.9538435603243163,-91.98456861161368,124.44386838311243, -5.491712552238379,-32.57878351373078,4.631709473055316
2024-09-06 04:20:34,-3.263020468620471,-92.22765028588421,124.10754625792087, -6.161150236614957,-32.028935498668744,5.228962846770941
2024-09-06 04:20:34,-3.764192126785023,-92.21832509828687,123.4496823968417, -7.231657080221424,-31.434606840452105,6.179216334804686
2024-09-06 04:20:34,-4.309867886547071,-92.11189209238745,122.78498302090492, -8.403605549531582,-30.945168914161982,7.2210881869246215
2024-09-06 04:20:34,-4.849432559346798,-91.96193993962765,122.12443477899396, -9.5842022050783,-30.513577876843257,8.27670354757493
2024-09-06 04:20:34,-5.288439000441042,-91.81051961399983,121.70541752878992, -10.520976250010415,-30.316429695867907,9.10820915566473
2024-09-06 04:20:34,-5.967084166654902,-91.59013769895968,120.99391181692695, -12.0185808761578,-29.95002118637308,10.45161661908957
2024-09-06 04:20:34,-6.430865091787302,-91.56371499956504,120.64610138371236, -13.055510177316037,-29.724134747941463,11.385806520200425
2024-09-06 04:20:34,-7.183307704165509,-91.4901894956462,120.00168792501378, -14.79057774962704,-29.32865579796207,12.96324323321874
2024-09-06 04:20:34,-7.786552268245815,-91.24437949725612,119.46026798159627, -16.131155578700014,-29.1852461532946,14.171334590757596
2024-09-06 04:20:34,-8.371679731190527,-90.97116232285893,118.95255920276003, -17.414288582004207,-29.10968143236485,15.324950599001482
2024-09-06 04:20:34,-8.938528118707179,-90.6698641853018,118.46489025982459, -18.639086904878297,-29.08750399394728,16.42321624358828
2024-09-06 04:20:34,-10.209788933231291,-90.60107508044186,117.5425770227215, -21.678395508876164,-28.6752578316583,19.2266359456814
2024-09-06 04:20:34,-11.118601936142174,-90.4004329583865,116.7151897464005, -23.909176272333024,-28.412176435094995,21.302318739455124
2024-09-06 04:20:34,-12.190675460308432,-90.87069034716662,116.34220478612926, -26.672187979230564,-28.061723012267294,23.90700040289531
2024-09-06 04:20:34,-12.70518517129232,-91.09450851845624,116.09348942303299, -28.07956077220515,-27.856105772045886,25.251983290000016
2024-09-06 04:20:34,-13.83121626952956,-91.36959570319455,115.38144972760838, -31.175105043319398,-27.504480091068835,28.21998133753532
2024-09-06 04:20:34,-15.16341055304147,-91.08670952962105,114.10478219722259, -34.72497693541373,-27.33494800988914,31.620067650514663
2024-09-06 04:20:34,-16.11536981158015,-90.65978243943856,113.06465466946119, -37.16354552345474,-27.353994913347464,33.9515368948442
2024-09-06 04:20:34,-16.564172935468594,-90.47680684248093,112.57849853206469, -38.32686701738568,-27.36853257593561,35.07001632097521
2024-09-06 04:20:35,-17.04657566543938,-90.30695617825694,112.03015570131103, -39.63926313319081,-27.355870616321518,36.345022333934764
2024-09-06 04:20:35,-18.404468671443087,-89.44373124079738,110.28049398200451, -43.089513278682205,-27.526860419291474,39.67716632752965
2024-09-06 04:20:35,-19.762277247033058,-88.43515367084603,108.56944461086582, -46.22610768237331,-27.921344967606608,42.68352733329195
2024-09-06 04:20:35,-20.712319155928313,-88.0089589359307,107.64850132785186, -48.36645238179921,-28.242383942744965,44.74310279190774
2024-09-06 04:20:35,-21.161110963692835,-87.75537513916328,107.14987907381926, -49.37516545271772,-28.399833527488617,45.718643551067586
2024-09-06 04:20:35,-22.114034516545864,-87.28251717885587,106.27848816268745, -51.303492988342434,-28.838344303179483,47.55838203695755
2024-09-06 04:20:35,-23.011219788389482,-86.62385172341999,105.3340732804409, -52.93611405604391,-29.333088554338445,49.09479860522232
2024-09-06 04:20:35,-24.046550327221667,-86.04487637228385,104.25603665739095, -54.99262813520779,-29.833714645845077,51.082525340980496
2024-09-06 04:20:35,-24.598448235296274,-85.82478934139897,103.73697722706888, -56.10619171813241,-30.09727691586881,52.17038503272987
2024-09-06 04:20:35,-25.1239463976461,-85.59022942893128,103.21165451857544, -57.15577689656176,-30.355296095340414,53.1995258770896
2024-09-06 04:20:35,-26.338696618030063,-85.08286322673274,102.20667544421215, -59.25846426179294,-31.07863143938209,55.22335007887788
2024-09-06 04:20:35,-26.893505249535423,-84.8623595911648,101.75694291187027, -60.187809128971736,-31.421243714030354,56.12056503123679
2024-09-06 04:20:35,-28.31858108749116,-84.64285565203525,101.04732672803824, -62.3411115933346,-32.38295470158719,58.17587215016124
2024-09-06 04:20:35,-29.118866517216937,-85.00608652933423,101.23454242750658, -63.3563446313901,-32.98606896418583,59.114947470229396
2024-09-06 04:20:35,-29.807187591077835,-85.26287078868829,101.25989906136527, -64.3095163952945,-33.47753563854383,60.026083207323886
2024-09-06 04:20:35,-30.49130244540208,-85.3913037867395,101.12487393080761, -65.27365899508413,-33.960726413204874,60.960365382194844
2024-09-06 04:20:35,-31.23897030431088,-85.39210999683428,100.9686101597245, -66.12068100199279,-34.55222984554019,61.74104619659896
2024-09-06 04:20:35,-31.51090417417424,-85.07829885717412,100.21217826839599, -66.93306076344084,-34.61645485741332,62.640321154905855
2024-09-06 04:20:35,-31.675109035956858,-84.77362878056182,99.33619706499049, -67.82874953657421,-34.54323817748495,63.67708069206308
2024-09-06 04:20:35,-31.66719691727107,-84.59868199594895,98.58195890243725, -68.6073440190536,-34.32115019688312,64.62342149599814
2024-09-06 04:20:35,-31.560871041850376,-84.68054396696829,98.06389450976165, -69.35270210610824,-34.00951742235641,65.55463141077622
2024-09-06 04:20:35,-31.341969504154434,-85.01291029503727,97.8065864118152, -70.01843115724604,-33.60483502587796,66.41548107289343
2024-09-06 04:20:35,-30.977586693488668,-85.37777787331046,97.7351366000032, -70.37958145274526,-33.122411894405445,66.94287984188975
2024-09-06 04:20:35,-30.453971180658563,-85.7713464995772,97.85701200216128, -70.39917233039671,-32.54915962766628,67.09811787750537
2024-09-06 04:20:35,-30.003798975659898,-85.99015737760773,97.9636102556596, -70.23797800477006,-32.09680273333864,67.01839446198046
2024-09-06 04:20:35,-29.562870049354135,-86.20124906344631,98.05970832134214, -70.08543367226613,-31.65195367256024,66.94597185521998
2024-09-06 04:20:35,-28.968414119219343,-86.6111656201953,98.38276116547446, -69.76994145301606,-31.075621364609876,66.71904051475009
2024-09-06 04:20:35,-28.430106430937872,-87.24398437959263,98.94561046447244, -69.46264249764816,-30.557200095178626,66.48872580873994
2024-09-06 04:20:35,-27.917645700624856,-87.96111606397689,99.5789846039601, -69.19000594405172,-30.05806163303321,66.29289502978516
2024-09-06 04:20:35,-27.528247713691115,-88.45049789833917,99.90955985026383, -69.13424425186955,-29.644997307781807,66.31840833639832
2024-09-06 04:20:35,-26.853035917543657,-89.21730159556,100.42441556317715, -68.99938139418465,-28.936632775396152,66.31591618806654
2024-09-06 04:20:35,-26.440909086793496,-89.52023274993796,100.53943952315731, -68.97544694771904,-28.491747459518137,66.37920034556005
2024-09-06 04:20:35,-25.705271800097588,-90.06522912244003,100.78707566414073, -68.86976937490182,-27.7107064325401,66.4166761259367
2024-09-06 04:20:35,-24.831180439885404,-90.27095828390733,100.74967473315654, -68.5431169125107,-26.82189446694619,66.23009494104338
2024-09-06 04:20:35,-23.892200594817858,-90.4654420355002,100.6666704794508, -68.20802657591639,-25.860916763878368,66.0442542073044
2024-09-06 04:20:35,-23.408269755789856,-90.5330777179932,100.58576443798182, -68.04021005066151,-25.36348260469331,65.95251421933224
2024-09-06 04:20:35,-22.46864506777877,-90.95260029614033,100.75416203782669, -67.62676266278035,-24.41158264046833,65.67532555998488
2024-09-06 04:20:35,-22.004399449138766,-91.23637506234144,100.92014331587299, -67.40083879988757,-23.943767632587164,65.5137951018698
2024-09-06 04:20:35,-21.04996770595985,-92.01390345156656,101.30222286057784, -67.24805608630808,-22.922704915286154,65.51872026804925
2024-09-06 04:20:35,-20.09285533344393,-92.89808866214449,101.72036038394424, -67.25339577299926,-21.870831574903747,65.687421174862
2024-09-06 04:20:35,-19.557061509954472,-93.48131289737871,102.07772197136671, -67.18022040518679,-21.29507434683275,65.6959772988331
2024-09-06 04:20:35,-19.050752895072304,-94.0151761670924,102.38707407309269, -67.13810354490991,-20.746424488808938,65.73088227118158
2024-09-06 04:20:35,-18.562123157112044,-94.5181876769699,102.67019106703964, -67.10699576923206,-20.21541721978288,65.7726291150105
2024-09-06 04:20:35,-17.91562356788183,-95.05516243840951,103.02417890997424, -66.78887685611039,-19.55476550330637,65.53074453854191
2024-09-06 04:20:35,-17.31134279897585,-95.42501435784956,103.23281134437593, -66.44946786395974,-18.94137272144585,65.25908855962653
2024-09-06 04:20:35,-16.081564475197894,-96.38588493994874,103.78459244479731, -65.93041577790143,-17.661000146637676,64.88379870449099
2024-09-06 04:20:36,-14.859599834684616,-97.42103930030422,104.37830148100895, -65.4618180892366,-16.37437069479192,64.55345029828108
2024-09-06 04:20:36,-13.729419903647056,-98.78405641034087,105.25740589267272, -65.22891941645901,-15.152406466111167,64.44878526679491
2024-09-06 04:20:36,-12.487965827382475,-99.71136513158936,105.8451965170481, -64.24482664375478,-13.891546293859697,63.573080731943314
2024-09-06 04:20:36,-11.84190419614839,-100.03029641253919,106.03080626963741, -63.50053180688443,-13.25602835313854,62.87765834564639
2024-09-06 04:20:36,-11.212256786945204,-100.30632213215875,106.16176819421584, -62.76712132922917,-12.631779919271438,62.191861557208284
2024-09-06 04:20:36,-10.678610633283808,-100.77523627673152,106.43965646587597, -62.37083844427059,-12.072521044097394,61.84101871779255
2024-09-06 04:20:36,-10.110796000695819,-101.1781769386698,106.66183098507331, -61.81332802200584,-11.48850214800068,61.32785967176932
2024-09-06 04:20:36,-8.639310962211098,-102.56725787362134,107.41136844375559, -60.93525757950419,-9.895701617628067,60.569138987158794
2024-09-06 04:20:36,-7.5242038462954,-103.46771916621614,107.9975938004907, -59.12259419344958,-8.775834147475699,58.824575027494106
2024-09-06 04:20:36,-6.9235542892027695,-103.88174721486718,108.28568794394678, -57.69242639439213,-8.199741962358218,57.4258878870214
2024-09-06 04:20:36,-6.331544400716229,-104.25176666772919,108.50875472165043, -56.2178345203107,-7.624732672429484,55.98227483427061
2024-09-06 04:20:36,-4.677995900332183,-105.11579830413066,108.96922232255005, -50.60431009558866,-6.058011455936125,50.44685423526121
2024-09-06 04:20:36,-3.4491752202344945,-105.45885421648978,109.30280443012185, -41.95742562096307,-5.16283875843877,41.84164540395081
2024-09-06 04:20:36,-2.821115475529431,-105.6263931649413,109.4327764146501, -36.586470727606255,-4.736616108567629,36.49270844437015
2024-09-06 04:20:36,-1.0626897996732945,-106.73982404140403,110.31080332648823, -16.584451515723615,-3.725552308594323,16.551323588169765
2024-09-06 04:20:36,0.8048193667139405,-107.76143449580361,111.03538045187135, 13.81901549364547,-3.37131297852155,-13.79601471055139
2024-09-06 04:20:36,3.835574746691513,-107.74504610597491,111.18777769305814, 48.14923897287224,-5.152312070522157,-48.03392716940437
2024-09-06 04:20:36,6.120119080717593,-107.71164996130777,111.39182166200852, 59.094290125747094,-7.137783843730735,-58.897484525450054
2024-09-06 04:20:36,7.7144127323908975,-108.52292317798623,112.07243174001935, 65.43781331694285,-8.487339380994033,-65.19841915662587
2024-09-06 04:20:36,8.621654772164286,-109.56661927503065,112.71270347739592, 70.10153727465288,-9.17365482556273,-69.86432485385022
2024-09-06 04:20:36,9.143889210742252,-110.10152603123032,113.1018855448226, 71.98608868292419,-9.619578835278295,-71.74610960254795
2024-09-06 04:20:36,9.93905866022373,-110.75203595972124,113.68667992502124, 73.71330665785283,-10.35907568916793,-73.45807575725571
2024-09-06 04:20:36,10.587600979416385,-110.73007776447098,113.9319152982627, 73.36341853539338,-11.055861756588499,-73.06666590322084
2024-09-06 04:20:36,11.47597449336918,-110.6875734100743,114.15947313263717, 73.39030444244221,-11.98292172331893,-73.0413321042245
2024-09-06 04:20:36,12.478748577763433,-110.6436445601658,114.420778649927, 73.42339092070142,-13.029180586058226,-73.01028850101832
2024-09-06 04:20:36,13.019848885548818,-110.99591128029019,114.78085321674584, 74.06719086841723,-13.549713759563971,-73.63513199106592
2024-09-06 04:20:36,13.855466539275135,-111.23210292495602,115.10904809850864, 74.67018971810919,-14.377427733587838,-74.19894646243935
2024-09-06 04:20:36,14.54000090801767,-111.43490472170555,115.47552148991984, 74.80074523474575,-15.079327106079003,-74.28507023512415
2024-09-06 04:20:36,15.14616792949873,-111.39984176363822,115.75861698622593, 74.31659680773414,-15.746762351907298,-73.73682128509965
2024-09-06 04:20:36,15.788421394370383,-111.3878028341215,116.01986809593551, 74.06020237431483,-16.437280818335218,-73.41758393260828
2024-09-06 04:20:36,16.391124897651395,-111.39146022187133,116.2676411785655, 73.88177929386242,-17.08196682173202,-73.17908100018657
2024-09-06 04:20:36,16.991289701748112,-111.40790201908246,116.62888645570176, 73.41643076018724,-17.752700168296737,-72.63602710085736
2024-09-06 04:20:36,17.587810398204287,-111.42674163441328,116.93630853498325, 73.14888012831189,-18.4045196656231,-72.29591259560664
2024-09-06 04:20:36,18.25107328777933,-111.2179688066953,117.17598965794001, 72.52793228230951,-19.167420120520937,-71.57004713215925
2024-09-06 04:20:36,19.313888822277242,-110.82317082406587,117.36257218443178, 71.99811294748685,-20.35083626493747,-70.8841952192448
2024-09-06 04:20:36,20.100486162400337,-110.6395171332314,117.68178064730994, 71.47835729486083,-21.250166176521986,-70.22872372469502
2024-09-06 04:20:36,20.612648025666186,-110.5705080984337,118.02284606904519, 70.97407353420364,-21.863189025411344,-69.6170541383154
2024-09-06 04:20:36,21.183858144263557,-110.42776527989426,118.27837676529134, 70.58518349772312,-22.528875782161016,-69.11490562860388
2024-09-06 04:20:37,21.664200430504298,-110.32400665042384,118.62289429403708, 70.0307005946278,-23.1277059192746,-68.44010410030755
2024-09-06 04:20:37,22.27696254544034,-110.12408824025671,118.96724996605617, 69.43075681977861,-23.884673087342257,-67.68629890780083
2024-09-06 04:20:37,22.7817701078477,-109.96889201615322,119.20625057790888, 69.08245536030597,-24.49051554337722,-67.21752941462542
2024-09-06 04:20:37,23.508466465494386,-109.67950479846469,119.44721306949846, 68.69321673627701,-25.350170353961794,-66.6560554784811
2024-09-06 04:20:37,24.17020032814714,-109.30609936787272,119.46817004173376, 68.53880420130879,-26.100846217957198,-66.35755077115611
2024-09-06 04:20:37,24.74341940690773,-108.8604671322451,119.50591561861631, 68.15743059334797,-26.803218966382133,-65.8159720416387
2024-09-06 04:20:37,25.220275833132284,-108.36322432649715,119.48479509439206, 67.72899537594617,-27.416029368495643,-65.23351655065888
2024-09-06 04:20:37,24.928693389888494,-107.6200550457578,119.00416149236635, 66.99035734595004,-27.25314788645308,-64.46609000505482
2024-09-06 04:20:37,24.70621299728019,-106.79396798413775,118.44386640051046, 66.303137615355,-27.158363613482308,-63.743334480450564
2024-09-06 04:20:37,24.52881541534978,-105.99175738979342,117.5707394845551, 66.25768944100992,-26.970750288225677,-63.73240392937186
2024-09-06 04:20:37,24.488324821743397,-105.36711290233946,116.87769256216144, 66.3414570927998,-26.906930081243186,-63.83545736185025
2024-09-06 04:20:37,24.476664238927118,-104.71379652497852,116.19957907159646, 66.37488112841183,-26.886518455089217,-63.87554200033395
2024-09-06 04:20:37,24.51201318425581,-103.98256418234698,115.49155200077408, 66.36739285624147,-26.927554846905704,-63.85924340990491
2024-09-06 04:20:37,24.523731968766167,-103.14391411132169,114.69629422355352, 66.30060664319289,-26.95548933362906,-63.781698732506
2024-09-06 04:20:37,24.523242271130393,-102.3157614973331,113.91181973877939, 66.22153686997943,-26.97263368571602,-63.69309522633276
2024-09-06 04:20:37,24.73125804644817,-101.35105125858381,113.04205052117693, 66.25413479095585,-27.197353097374478,-63.68255500962148
2024-09-06 04:20:37,24.479345314344,-100.63968577830828,112.22946086105101, 66.18990162167891,-26.93075238305368,-63.66750162553405
2024-09-06 04:20:37,23.841946389119325,-100.29034668694021,111.4862238089485, 66.2813905804043,-26.200160327005914,-63.910557270515355
2024-09-06 04:20:37,23.225028421920918,-99.82934336360722,110.84131354488795, 66.00461846131135,-25.572133223065673,-63.73498410101174
2024-09-06 04:20:37,23.049644815352927,-99.01263421522005,110.09301996113253, 65.69257194920094,-25.443057995909648,-63.426470012984865
2024-09-06 04:20:37,23.38503765028459,-98.40996766216648,109.79376908372262, 65.46587677183686,-25.868039305232532,-63.10250923424444
2024-09-06 04:20:37,23.91522388921674,-98.36037014307557,110.1065820685493, 65.34164433201039,-26.491175025246616,-62.845636294584466
2024-09-06 04:20:37,24.30867840868406,-98.81435623699811,110.59791075631071, 65.67209939388631,-26.85718386975377,-63.125668627333006
2024-09-06 04:20:37,24.701653160411244,-99.35535543867525,111.16490858410032, 66.01441168666291,-27.218813193954663,-63.41978603552118
2024-09-06 04:20:37,25.07423335688742,-99.90957769745769,111.73098897511088, 66.35400083555513,-27.557234894055068,-63.71632220577539
2024-09-06 04:20:37,25.306468298161278,-100.9923319931099,112.77808787454555, 66.63692610976653,-27.751478057832493,-63.98210352703774
2024-09-06 04:20:37,25.636636855257677,-101.63124331310549,113.46396252549629, 66.86388019858369,-28.06695269807024,-64.16246421290492
2024-09-06 04:20:37,25.936554522106036,-102.4206528462619,114.32940450984296, 67.0094855968998,-28.36678296705316,-64.25769115673239
2024-09-06 04:20:37,26.05280706975238,-103.1261150978966,115.00580660656087, 67.16478755253156,-28.460249992840897,-64.4070216508968
2024-09-06 04:20:38,26.326762647400727,-104.01346310301952,115.65168419657446, 67.81963139815596,-28.61559212827262,-65.08887705992288
2024-09-06 04:20:38,26.435446489645287,-104.89759792152556,116.24556229189655, 68.40784922727065,-28.606222851890337,-65.73424261045028
2024-09-06 04:20:38,26.549505397640637,-105.93180526134633,116.96266310161974, 69.04640795516272,-28.59544027832314,-66.43633852941392
2024-09-06 04:20:38,26.65393745210732,-106.72132566183255,117.32661874536171, 69.86397528396684,-28.542143436025565,-67.34492735138832
2024-09-06 04:20:38,24.056560271077124,-110.32198916661359,118.8007574369272, 71.72242001608372,-25.42295686241624,-69.91267407635803
2024-09-06 04:20:38,20.405921373407153,-114.18943245226943,120.26902036154992, 74.10872448054097,-21.255251769002836,-73.01351516816759
2024-09-06 04:20:38,22.31147458046557,-112.14194751665725,119.46014562220515, 72.75531323128776,-23.422643551315417,-71.3102566689149
2024-09-06 04:20:38,23.092408322929398,-111.2712281309695,119.14132662463338, 72.19608922182688,-24.32700209571849,-70.58586251247237
2024-09-06 04:20:38,22.944358569288024,-111.58115456906745,118.71437064034095, 73.65180611322815,-23.970277167096718,-72.2023480742508
2024-09-06 04:20:38,21.956612678589284,-112.18050368922462,118.77192071656614, 74.10666674010825,-22.877716264880597,-72.82665600901325
2024-09-06 04:20:38,20.743987661674534,-112.88400884454967,118.83657631072177, 74.68706693971636,-21.54490887434826,-73.59662562582017
2024-09-06 04:20:38,18.870609268795263,-113.59529953693294,118.79141619297357, 75.15978623775217,-19.547777620845828,-74.29570892841207
2024-09-06 04:20:38,17.140887233265452,-114.08061735457255,118.67036199456564, 75.4552088980341,-17.726907947922378,-74.7631351804942
2024-09-06 04:20:38,16.280208340108747,-114.26137602344224,118.580799029042, 75.53887116169068,-16.828474999643642,-74.92075452201354
2024-09-06 04:20:38,14.525045759231194,-114.54431613374959,118.34034003347935, 75.66574784925646,-15.00255441792148,-75.18181532941992
2024-09-06 04:20:38,12.823965432727977,-114.73840692483071,118.05099370918089, 75.75671865225459,-13.237954089902452,-75.3843485698595
2024-09-06 04:20:38,11.282724304876577,-114.59956584304578,117.81788123716433, 74.28349693773296,-11.72702713660987,-73.96550973621885
2024-09-06 04:20:38,10.568756146722984,-114.56174957221442,117.69412820842328, 73.67648986914686,-11.018114352674868,-73.38669770791341
2024-09-06 04:20:38,9.825024535434146,-113.95151446850316,117.27396989118236, 71.4969839138976,-10.366358201726696,-71.21133864700656
2024-09-06 04:20:38,9.712821154236003,-113.09878071112735,116.81449439052815, 69.26230722030007,-10.39292441909006,-68.94649572335884
2024-09-06 04:20:38,8.970528293946508,-112.33356205159129,116.43766603075946, 65.6115341514292,-9.857796265445566,-65.2894593362369
2024-09-06 04:20:38,8.301861051010754,-111.95319347614924,116.39231756748174, 62.056910525941866,-9.406836159937187,-61.73458326098249
2024-09-06 04:20:38,7.634894347268481,-111.59884928246629,116.37544922944991, 58.15145175764672,-8.998458289911458,-57.83254546567751
2024-09-06 04:20:38,7.052353705684674,-111.23296256450234,116.4387170879487, 53.74305052673494,-8.75776807914442,-53.422045592819714
2024-09-06 04:20:38,6.428466112000425,-110.84363045582367,116.42466128846765, 49.20048547287474,-8.505421147849892,-48.88681938277984
2024-09-06 04:20:38,5.812145622197201,-110.38316461305622,116.32801246874651, 44.50321671554518,-8.30667555542745,-44.20116166465971
2024-09-06 04:20:38,4.851241790591057,-109.83902402748289,116.10997037923208, 37.847577248104976,-7.922450477199952,-37.58167255582859
2024-09-06 04:20:38,4.0371875331885505,-109.15005213931353,115.87888029082653, 31.063178013671983,-7.84225638679762,-30.825743194225126
2024-09-06 04:20:38,2.7023809648523454,-107.31987816796095,115.0926908248072, 19.238909102277457,-8.226458367650974,-19.055289487636628
2024-09-06 04:20:38,2.0469442848565755,-105.43364888283394,114.50494694320436, 12.77265460866585,-9.297492049900749,-12.610257889394124
2024-09-06 04:20:38,1.6114470000022516,-104.64253757076806,114.4377608395168, 9.38953461492699,-9.925613890011627,-9.251443504376642
2024-09-06 04:20:38,1.1589805752604443,-103.91170996598889,114.35755976584105, 6.36692907089857,-10.509238702965165,-6.260982410230738
2024-09-06 04:20:38,0.7185716292709996,-103.15589083689231,114.23613283763851, 3.7338870376243873,-11.103227232550484,-3.664187679693043
2024-09-06 04:20:38,-0.08339918343130104,-102.7152360895642,114.18886082365071, -0.41925943727188675,-11.473923772606854,0.41088096959574716
2024-09-06 04:20:38,-0.7644541081035074,-102.30063442083417,114.13590775668558, -3.7222268247661505,-11.859584706960648,3.6429891814317603
2024-09-06 04:20:38,-1.384851046348819,-101.83215800781956,114.04021090145645, -6.521891423102005,-12.285164068665933,6.373787980375248
2024-09-06 04:20:38,-1.858311696409876,-101.31134271577561,114.0520011474259, -8.369170610514011,-12.873250892581853,8.16168397706436
2024-09-06 04:20:38,-2.124336803441437,-100.51142447191154,113.87748831215589, -9.115939706488726,-13.53079083172991,8.866997138671712
2024-09-06 04:20:38,-2.329320376841271,-99.63002093905156,113.64863697825025, -9.532237934322984,-14.206991735964642,9.245810376294129
2024-09-06 04:20:38,-2.4092016521998967,-99.07838994808175,113.73734011920932, -9.439371264002105,-14.85132511234546,9.12944069864347
2024-09-06 04:20:39,-2.643257413122606,-98.34903542446695,114.06953449446215, -9.66976312602499,-15.93564132640622,9.30478631015114
2024-09-06 04:20:39,-2.8178814810895436,-98.16618119615661,114.53857034711139, -9.904974266846208,-16.606572147889587,9.499524349295989
2024-09-06 04:20:39,-2.467273401980569,-97.69445969913575,115.19209232528794, -8.155562328495234,-17.665336946154632,7.775807515706185
2024-09-06 04:20:39,-2.359971339146339,-97.38357420969105,115.46678083205754, -7.563120580467742,-18.231446465222973,7.187529283709975
2024-09-06 04:20:39,-1.9955501280713555,-96.97996172281802,115.69696393625466, -6.196957662182772,-18.819290847434004,5.868048930659206
2024-09-06 04:20:39,-1.7154735898183895,-96.95571921323278,116.2987860972402, -5.166696974553055,-19.416086579666157,4.874321632422936
2024-09-06 04:20:39,-1.5317986805949724,-96.86437994097236,116.79670537519928, -4.48515110735202,-19.988711073233354,4.215970799301197
2024-09-06 04:20:39,-1.2105396839620917,-96.87421692078917,117.45899981593223, -3.439389115359531,-20.618804334174712,3.219554919867119
2024-09-06 04:20:39,-0.6445174840553074,-96.94953678092543,118.25165391282903, -1.7736422101212497,-21.31141191727191,1.652428238062341
2024-09-06 04:20:39,-0.2300281207930991,-96.97213393458881,118.94007824598472, -0.614883799785532,-21.969089002497398,0.5702375802709416
2024-09-06 04:20:39,0.3636267104055756,-97.23811523769385,120.16268936283552, 0.9334574436101836,-22.927302303012866,-0.8597257342820446
2024-09-06 04:20:39,0.8215148749516387,-97.35944278977294,120.9783713154007, 2.0497119391156944,-23.632393073795953,-1.877944098758117
2024-09-06 04:20:39,1.1846867881545893,-97.63738137122442,121.7753246366071, 2.8949528278804593,-24.165259259604532,-2.641640346519063
2024-09-06 04:20:39,1.5339571305180164,-97.83391789141976,122.53077308427513, 3.6672208291035138,-24.741465367155058,-3.3313865683304256
2024-09-06 04:20:39,1.9141370317876214,-97.91651240165551,123.12418755089206, 4.486807806715168,-25.275507581690466,-4.058775054232819
2024-09-06 04:20:39,2.501851432609065,-97.81609372993984,123.7223850100149, 5.711016699510706,-26.01850611150708,-5.135486737181899
2024-09-06 04:20:39,3.1481623270877472,-98.07097970182545,124.63607580355526, 7.011377724849359,-26.73751196295693,-6.268019504747366
2024-09-06 04:20:39,3.55604266497567,-98.29062629430983,125.29856690784223, 7.7923944247052495,-27.22357985154105,-6.9381450780805825
2024-09-06 04:20:39,3.964689103429718,-98.38808191584951,125.83898765847835, 8.550124924979437,-27.713698433682115,-7.581408278314629
2024-09-06 04:20:39,4.441480801791241,-98.22498621668713,126.29866399448733, 9.372232616697502,-28.39459488107846,-8.261291794765192
2024-09-06 04:20:39,4.934963098271916,-97.96088358275962,126.72566693602808, 10.172403713439929,-29.149345626412284,-8.906205653187754
2024-09-06 04:20:39,5.267943113561453,-97.78402880851047,127.27414918725198, 10.60859494179467,-29.9152492362492,-9.221237184204838
2024-09-06 04:20:39,5.573953851363373,-97.7677407826415,127.79875163647989, 11.03426727879354,-30.49639736809773,-9.538018725903939
2024-09-06 04:20:39,5.998661436655992,-97.78256504831268,128.45639315776108, 11.638990168864707,-31.198717771821773,-9.992396244897979
2024-09-06 04:20:39,6.320316459955794,-97.71684968699888,128.90635509795933, 12.072302292900398,-31.760080089352353,-10.306610949574473
2024-09-06 04:20:39,6.599281500869024,-98.00041588506541,129.50682702738354, 12.482750528062502,-32.12040009902097,-10.619265592664316
2024-09-06 04:20:39,6.874200551206775,-98.4170482781383,130.23936008679746, 12.878488224342778,-32.4799615353714,-10.91671117863725
2024-09-06 04:20:39,6.757520527436985,-97.79961007246462,130.29502507852655, 12.437915878322988,-33.11506300875006,-10.466480142079893
2024-09-06 04:20:40,6.683471518156254,-97.12271642489551,130.44636468652004, 12.040789753260698,-33.91129668129359,-10.03843781067209
2024-09-06 04:20:40,6.519627828388612,-96.43612226257947,130.4916064541255, 11.534409483376306,-34.59985510784731,-9.535752374320529
2024-09-06 04:20:40,6.036515885256503,-96.32619127608484,130.09357851038888, 10.772130082921159,-34.23964235770593,-8.93843262991485
2024-09-06 04:20:40,5.517911044736289,-96.20901026454686,129.6297692536352, 9.948198004525665,-33.82097550146335,-8.290489836715354
2024-09-06 04:20:40,5.028631910306207,-96.05818833666646,129.12022304286143, 9.162430981465326,-33.399295077079685,-7.669046496655124
2024-09-06 04:20:44,5.241803355736375,-95.16112961761014,128.24279789142125, 9.540998029979106,-33.447695018764435,-7.983249948165218
2024-09-06 04:20:45,5.3240890313183495,-95.27483242443412,126.5932711817295, 10.164286247378202,-31.722358597323648,-8.670850088672267
2024-09-06 04:20:45,5.207535797573984,-95.20383934615552,125.26624086202102, 10.311402597543914,-30.46850294667947,-8.912113855943367
2024-09-06 04:20:45,4.983250301215221,-95.52240395440079,124.83662408401035, 10.098100505328233,-29.697637720058598,-8.79398961942864
2024-09-06 04:20:45,4.549497043738729,-95.97570647514598,124.93032964065151, 9.333864642366443,-29.279254028716924,-8.158630184525927
2024-09-06 04:20:45,4.138176679974443,-96.15922710773432,125.47836760587181, 8.404801055264155,-29.584025295980712,-7.321852577717014
2024-09-06 04:20:45,4.166461003982047,-95.68531031426326,126.5307105090676, 8.086371500439292,-31.098025150664558,-6.936492610708111
2024-09-06 04:20:45,4.083664375346463,-95.6305481602192,127.10858533486474, 7.7855344926475745,-31.71482318950087,-6.634218220123277
2024-09-06 04:20:45,3.8242300688922217,-95.96175866165872,127.75838964294633, 7.230075476191174,-32.00182721828735,-6.140464724666693
2024-09-06 04:20:45,3.392762471596404,-96.52877673420365,128.37478035381673, 6.410734181290944,-32.00731182004966,-5.4425477399250335
2024-09-06 04:20:45,2.9956994964350536,-97.16438058071972,128.92743311317315, 5.677372834537221,-31.889290111982067,-4.824891073244448
2024-09-06 04:20:45,2.5236160075073313,-97.85828399244886,129.45431753528644, 4.808528612564767,-31.686256381421092,-4.0944053985139375
2024-09-06 04:20:45,2.048266540562485,-98.5540019277309,129.8450131647016, 3.939100704852141,-31.35118984911123,-3.3654041183709396
2024-09-06 04:20:45,1.548412461577596,-99.2509245110333,130.21190396297524, 3.0077829515515635,-30.995834895304604,-2.578913832471514
2024-09-06 04:20:45,1.401342399473048,-99.07017763381984,130.6890240889759, 2.671555809304609,-31.64666944269967,-2.2747487455640987
2024-09-06 04:20:45,1.4758376190873674,-98.5934819114908,131.00440626994757, 2.751982129750582,-32.44084877202736,-2.323037375896069
2024-09-06 04:20:45,1.6856400352622742,-97.93301747964331,131.29860866119714, 3.06287920260844,-33.403223597620226,-2.557681451367509
2024-09-06 04:20:46,1.9842135477883487,-97.27293307487588,131.587605371456, 3.5167316977482805,-34.36497374323275,-2.9040783059577446
2024-09-06 04:20:46,2.288050624064567,-96.63226250181361,131.8409273354388, 3.9642531331131967,-35.273347076649415,-3.2381635172932093
2024-09-06 04:20:46,2.6886254747424925,-95.84666157853826,131.89693921640156, 4.562335848663124,-36.13683734228723,-3.6873005340131466
2024-09-06 04:20:46,2.964682551061238,-95.2151455756972,131.9556481290922, 4.948163074127286,-36.84310787674442,-3.963458319027862
2024-09-06 04:20:46,3.3819304584539642,-94.37592144842652,131.9728483428093, 5.532403625190296,-37.72632073092975,-4.380906198385296
2024-09-06 04:20:46,3.649765044588657,-93.6289133620733,132.07467951658518, 5.857387673614695,-38.591907292284766,-4.58439222000338
2024-09-06 04:20:46,3.741517000713637,-92.98482143336365,132.14093296943483, 5.91277177936883,-39.30584034311044,-4.58167877916104
2024-09-06 04:20:46,3.859305964875849,-92.24355597492993,132.12080323272917, 6.006417056955666,-40.03251282066112,-4.6059647415542475
2024-09-06 04:20:46,4.123728170388605,-91.44322077213073,131.61953548596352, 6.376572990890208,-40.351673705513356,-4.867905025338722
2024-09-06 04:20:46,4.531929301207103,-90.35701454976677,130.25475563670147, 7.044528690586857,-40.11152807234443,-5.398874789559471
2024-09-06 04:20:46,4.970189463188381,-89.3746287812036,128.8150465804514, 7.79490946741975,-39.70159581563519,-6.012371737146799
2024-09-06 04:20:46,5.227541654617007,-89.08591975990984,127.9023571543761, 8.304260282738328,-39.11171591977358,-6.4613895894827635
2024-09-06 04:20:46,5.592209737134469,-88.74081025680616,126.267378691313, 9.131809938201272,-37.880185682309055,-7.230729310115985
2024-09-06 04:20:46,5.745712360440565,-88.75300621668555,125.5406502634329, 9.537767380088981,-37.170887255747196,-7.625686015056951
2024-09-06 04:20:46,6.11023161996176,-87.71278777018102,121.92617613745057, 10.779329953458438,-34.68920624925883,-8.897180762148775
2024-09-06 04:20:46,6.175362047098214,-87.02475348158654,121.0862424178542, 10.934012153772366,-34.550179257121165,-9.040729506310704
2024-09-06 04:20:46,5.956500632247263,-86.51840478220659,120.31972139204696, 10.622410636954976,-34.26063771919193,-8.8111317221664
2024-09-06 04:20:46,5.716661459792689,-85.99050125327321,119.649380717573, 10.238262728205536,-34.08444275352939,-8.507790931833263
2024-09-06 04:20:47,5.29011166441012,-84.69624360059251,118.52503366291046, 9.443056105770355,-34.19123481992983,-7.833307497125215
2024-09-06 04:20:47,5.086523094551449,-83.99171339479442,118.26934466875791, 8.98093133714852,-34.60728604470591,-7.411406805551299
2024-09-06 04:20:47,4.713033064045703,-82.98865159682512,119.20747080425994, 7.943177402906158,-36.48251176637131,-6.401087414589038
2024-09-06 04:20:47,4.745115548364825,-82.61385592841411,119.65171967877805, 7.846406281158165,-37.29733039968789,-6.2561622052879216
2024-09-06 04:20:47,4.505832598206685,-80.88665270410135,120.79022576546524, 7.003356831911605,-40.11486811561158,-5.366928175495113
2024-09-06 04:20:47,4.329285235626088,-80.39830571728135,120.97843835411824, 6.638042341443389,-40.77063625555684,-5.036786610872499
2024-09-06 04:20:47,4.078374522843063,-79.84085761611946,121.09310536924147, 6.17169613434103,-41.41740718780248,-4.636056773969572
2024-09-06 04:20:47,3.8258876646657978,-79.67664029055705,120.74657830984526, 5.812100683595066,-41.2162505435103,-4.3785399052604035
2024-09-06 04:20:47,3.9663868180864785,-80.22394123653928,120.60570376263682, 6.108671838106595,-40.542850788795974,-4.649538379622036
2024-09-06 04:20:47,4.096717756593149,-80.74218133277962,120.51120938120214, 6.388509389309932,-39.944610374898424,-4.906221588341144
2024-09-06 04:20:47,4.191344000942589,-81.49297672276155,120.56977968948331, 6.6312290198838895,-39.26513481316698,-5.143254055372658
2024-09-06 04:20:47,4.355890198936274,-83.72441483530493,121.18114951397864, 7.139037886601901,-37.672224645521,-5.661616462228401
2024-09-06 04:20:47,4.253889712732742,-84.51802241836144,121.57757162949571, 7.036116019923747,-37.268057281074306,-5.609744292322939
2024-09-06 04:20:48,4.222436027860265,-84.69654213667872,120.59519189170007, 7.17647990105109,-36.11294513533183,-5.808100525423952
2024-09-06 04:20:48,4.291120915331822,-85.30422612213249,120.61266167693721, 7.39691230346751,-35.5345797935047,-6.030644041387621
2024-09-06 04:20:48,4.533165072824184,-86.91622278635566,121.00141502867663, 8.052283399247218,-34.349171558402645,-6.662012630244039
2024-09-06 04:20:48,4.688631214900471,-87.70280437146052,121.3247348598034, 8.425353714137728,-33.90919079462367,-7.0080745761340735
2024-09-06 04:20:48,4.618190459537232,-91.89496817864227,121.75303807021498, 9.21603740046048,-30.180535303284508,-7.984106009690914
2024-09-06 04:20:48,4.357870492011246,-92.82320173941073,121.60281102538343, 8.994579306971605,-29.079746583272453,-7.8759910825577695
2024-09-06 04:20:48,4.4168366292486585,-94.90147417667825,120.5867048611772, 10.104655582100055,-26.03678803830846,-9.097246624271417
2024-09-06 04:20:48,4.401875012267399,-95.28851223507807,120.33363817530719, 10.306062625164627,-25.404413857963537,-9.327914202017942
2024-09-06 04:20:48,4.053730893138151,-97.51176853175035,119.02585999460834, 10.937380814807154,-21.874847447917638,-10.166929675872144
2024-09-06 04:20:48,4.022247546386679,-97.83169859048965,118.69884436711008, 11.167037996019335,-21.234271782290165,-10.426086908056284
2024-09-06 04:20:48,3.134210063603785,-99.23628905689993,117.75985897321904, 9.779246947378216,-18.777678049958677,-9.268022544797345
2024-09-06 04:20:49,2.6067581310281964,-100.55539902861824,116.81217979901943, 9.237314343952274,-16.458880541566522,-8.864936878377636
2024-09-06 04:20:49,2.9290629333942046,-100.85895321201045,116.41352866527362, 10.802650233330422,-15.821263503662854,-10.402515814147515
2024-09-06 04:20:49,3.0883775225836323,-101.58626975798802,114.98382194867948, 13.108178304493467,-13.742560603412537,-12.745357570033555
2024-09-06 04:20:49,2.9858637815228497,-101.79225967470906,114.57922243071789, 13.261008426766823,-13.125290960986987,-12.926359328705919
2024-09-06 04:20:49,2.6426212270794265,-102.4523575985022,113.04511552532053, 14.094428241706654,-10.913762387892467,-13.849405065543595
2024-09-06 04:20:49,2.726549299931963,-102.86982503367645,112.0300816085791, 16.654423979611032,-9.554104576943695,-16.43596180375078
2024-09-06 04:20:49,2.5531756536084584,-103.17145458074282,111.55763481613724, 17.00062118057383,-8.763566723565644,-16.813406437918484
2024-09-06 04:20:49,2.2451871094179148,-103.3353005959182,111.13762313276163, 16.108608808815656,-8.117013068415753,-15.955482086641732
2024-09-06 04:20:49,1.8313163996201383,-103.64868075784474,110.74966126262035, 14.501512881096225,-7.332152075494227,-14.387875215034402
2024-09-06 04:20:49,1.8289597406569298,-103.77516241139281,111.4816106151311, 13.394191719374692,-7.91923227661651,-13.270995346301131
2024-09-06 04:20:49,2.0798989231016423,-103.64251206660656,112.2078825259903, 13.703608456255369,-8.81244991000045,-13.547835144246486
2024-09-06 04:20:49,2.302066093117594,-103.55508095122802,112.6874681762345, 14.21319580829424,-9.415680819218473,-14.029318411575604
2024-09-06 04:20:49,2.9790708744857874,-103.19783888532577,114.90207394346834, 14.388337714193895,-12.072289240547546,-14.082928602203934
2024-09-06 04:20:49,2.521563618463995,-103.24652889369489,116.39823102295242, 10.954047605858136,-13.387063654141192,-10.663323399239886
2024-09-06 04:20:49,2.2991363362387105,-103.19498275914691,117.03671049139015, 9.526531626118143,-14.027694237603855,-9.247419144029472
2024-09-06 04:20:49,2.2501635760941627,-103.17809031546511,117.66843453792627, 8.924595898003554,-14.660316797738405,-8.638495427702429
2024-09-06 04:20:49,2.215016099673253,-103.10023423830364,118.36136138686906, 8.35948991057983,-15.417253545071397,-8.062704673683086
2024-09-06 04:20:50,2.181752074357827,-102.99160177418702,119.07233236269894, 7.8312770203466915,-16.22418813885433,-7.523047685603724
2024-09-06 04:20:50,2.0851918525216058,-102.92741930213158,119.8965045425725, 7.1110175054244635,-17.09298072067858,-6.799925011308194
2024-09-06 04:20:50,2.435229403524387,-102.62096634576652,120.6432412547685, 7.826842736136303,-18.180644270137485,-7.440598342861196
2024-09-06 04:20:50,2.695815107740974,-102.4093258678861,120.98975860146817, 8.40591042090614,-18.768145943013053,-7.96484723285221
2024-09-06 04:20:50,2.9781246922984,-102.08726437732362,121.63195409960765, 8.839318819224642,-19.76151181752421,-8.32627550173959
2024-09-06 04:20:50,3.3219209079665895,-101.75765083453777,122.18724591453997, 9.441157438652128,-20.68651100479143,-8.842401483954896
2024-09-06 04:20:50,3.7232937476165677,-101.2816564193063,122.7229469371201, 10.094136878286443,-21.747147565200823,-9.388984353253086
2024-09-06 04:20:50,3.796275593632106,-101.00951364843885,123.29790307497758, 9.923698034735395,-22.5931275190966,-9.175593889800826
2024-09-06 04:20:50,3.7176506925744306,-100.84938951730724,123.85635814486754, 9.438920561182744,-23.289276301228814,-8.682065985157726
2024-09-06 04:20:50,3.835869563855464,-100.47370750061803,124.36388547997609, 9.400543795849726,-24.17832699199957,-8.588756416660614
2024-09-06 04:20:50,3.832453316828003,-100.17248611848302,124.91640771506904, 9.092775661687325,-25.020480026251025,-8.25182363925974
2024-09-06 04:20:50,3.80558368025605,-99.86334354561863,125.49426057121867, 8.742050615122231,-25.89298944619161,-7.876061487103098
2024-09-06 04:20:50,3.746165612357918,-99.50766615714058,125.84244047833351, 8.396063596079921,-26.58103405729006,-7.519362469661021
2024-09-06 04:20:50,3.6192364726917203,-99.21104343077394,126.22906590043898, 7.926784966772011,-27.241265747222393,-7.057008583884678
2024-09-06 04:20:50,3.4783670065311516,-98.91973019594802,126.64193511069449, 7.444405586780426,-27.922396784216858,-6.585854766846007
2024-09-06 04:20:50,3.4993493962545728,-98.42943477914191,126.99389679427075, 7.2881105929885965,-28.76007578961377,-6.397034229256468
2024-09-06 04:20:50,3.4506404735241065,-98.00923403627571,127.31645226570751, 7.0225838567772545,-29.491739588706853,-6.1200566710007465
2024-09-06 04:20:50,3.380750310073317,-97.59506696696077,127.63066585418024, 6.730946570648238,-30.207611317140064,-5.823707209806535
2024-09-06 04:20:50,3.3156899909948696,-97.04436318444161,127.99817833856393, 6.426526476733765,-31.11336159525607,-5.50820658917087
2024-09-06 04:20:50,3.287714636737213,-96.57804589031237,128.24426352277652, 6.244710156323985,-31.81877645969308,-5.312093071587116
2024-09-06 04:20:50,3.2630243204992517,-96.02912595913868,128.48520475336784, 6.064161712013679,-32.601843010252956,-5.114198610429748
2024-09-06 04:20:50,3.2205838959577497,-95.4572930443358,128.74543094663773, 5.85361512584199,-33.42570705841568,-4.890588591285105
2024-09-06 04:20:50,3.14149097253006,-94.63118226540584,128.83555052132053, 5.5763186840805865,-34.330836596440136,-4.609519496717188
2024-09-06 04:20:50,2.767075999500606,-94.04634608434912,128.8193574776358, 4.843940204517734,-34.869110991475594,-3.9773548782079753
2024-09-06 04:20:50,2.4688910018012007,-93.33588467608402,128.78276210058468, 4.251905455804611,-35.52151730659582,-3.462759201113695
2024-09-06 04:20:50,2.134249578543523,-92.88902948468053,128.9033169145599, 3.6265853980755716,-36.06892785673256,-2.9327597173150455
2024-09-06 04:20:50,2.221766545003143,-93.72824216784265,129.10862361023095, 3.8334286628948453,-35.44098774785297,-3.124711833065369
2024-09-06 04:20:51,1.8635277504287977,-94.04944851770752,129.64171750217164, 3.1996639848610386,-35.634585536926096,-2.6014420582209077
2024-09-06 04:20:51,1.4595752842514778,-94.13151546608312,130.17117130054865, 2.4798023011009307,-36.065197597476406,-2.0049760899864073
2024-09-06 04:20:51,0.9824510013123582,-94.32726942385086,130.57848963614194, 1.6611321401747052,-36.26270543323452,-1.3395244987525543
2024-09-06 04:20:59,1.4062479975420945,-93.38842091986038,130.03767836131368, 2.355006402652772,-36.672445170714724,-1.8892428375449168
2024-09-06 04:20:59,1.76544148088655,-92.69733850364547,129.55424881034727, 2.9416365552706543,-36.893174684504494,-2.353336995020094
2024-09-06 04:20:59,1.861775917677517,-92.65890644615776,128.9079178240071, 3.1465789603292875,-36.29024260210223,-2.5371274283028113
2024-09-06 04:20:59,1.842038368762289,-92.72947033211291,128.37160516289842, 3.1589843408710907,-35.683405766090274,-2.5667775667129176
2024-09-06 04:20:59,1.6753541998637524,-92.3790803572262,127.57780118013098, 2.9048488204728544,-35.23342762796338,-2.373381689712363
2024-09-06 04:20:59,1.5104078035172448,-92.18883243096028,126.81425724449362, 2.656900666740446,-34.65424410109682,-2.1860687508979395
2024-09-06 04:20:59,1.333333954982451,-92.09353592146324,126.12782063476514, 2.381334998369477,-34.057247730727944,-1.973240959536846
2024-09-06 04:20:59,1.1456765024198219,-92.05101290737386,125.58500548611727, 2.0732504061447754,-33.551271456500146,-1.7280597865086635
2024-09-06 04:20:59,0.9909938445253063,-91.87281339499484,124.90996682735383, 1.8172994089400742,-33.050328958378216,-1.5233974458020003
2024-09-06 04:20:59,0.8951125274269969,-91.79442030028167,124.30066417072251, 1.6653282272894856,-32.5172146326012,-1.4043689440895226
2024-09-06 04:20:59,0.8804987271704778,-91.36480060297976,123.60325495345741, 1.6502658094384843,-32.24918012746785,-1.3957981982544994
2024-09-06 04:20:59,0.8285799756387882,-90.8479065596751,122.51366199272668, 1.5780695582801831,-31.67546754378995,-1.3430876784461292
2024-09-06 04:20:59,0.8731193279777506,-90.39353888414125,121.52624739353165, 1.6883886031236484,-31.143720544897064,-1.4451575646957264
2024-09-06 04:20:59,0.8237419057572947,-90.25538021679981,120.59945387189588, 1.6302256576472598,-30.354187470321932,-1.406848016733648
2024-09-06 04:20:59,0.940823375172121,-89.86884541330588,119.7905714481069, 1.885599966144776,-29.935144330463554,-1.634190518452084
2024-09-06 04:20:59,0.9688100309510091,-89.59522784755293,119.02433099438761, 1.9711560749142532,-29.44361856448288,-1.716724873749174
2024-09-06 04:20:59,1.0608992307307923,-89.10064373329163,118.26051816137155, 2.17652942349673,-29.177472244758047,-1.9005751773779846
2024-09-06 04:20:59,1.2856245180564025,-88.42873026793686,117.76597899353126, 2.6226023821419564,-29.36290099532472,-2.2860643155470113
2024-09-06 04:20:59,1.4967318654765007,-87.81539542025922,117.76086396986962, 2.9963555800746176,-29.97938445103923,-2.5960496496561167
2024-09-06 04:21:00,1.6444562767805464,-87.27471713476092,117.7537189940594, 3.2395144408499132,-30.519071906325138,-2.791479445278827
2024-09-06 04:21:00,1.8503990540368453,-86.74214522238533,118.15024028424028, 3.5474372906387908,-31.456992119955615,-3.0271308769473366
2024-09-06 04:21:00,1.9305971794422354,-86.3587525745675,118.50444825274016, 3.6249666110158936,-32.19741279156229,-3.068671088160656
2024-09-06 04:21:00,1.886118581660901,-86.05645587649812,118.93166326427419, 3.4717243796658317,-32.92320507830093,-2.915218249272099
2024-09-06 04:21:00,1.8661352671397684,-85.69110737490756,119.31544276144626, 3.367334599420002,-33.670002796530355,-2.803437388607102
2024-09-06 04:21:00,1.8706696558407039,-85.2797601947672,119.72026298191598, 3.305203663614694,-34.485005794681314,-2.725363481844048
2024-09-06 04:21:00,1.8386217153015014,-84.74685783069704,120.27021406783862, 3.162263679044566,-35.56465464390624,-2.573257691910336
2024-09-06 04:21:00,1.7000003055363608,-84.39892000975495,120.7412422207373, 2.8671208987422765,-36.376585565854896,-2.309100716844868
2024-09-06 04:21:00,1.6445796666325148,-83.9548046632515,121.07405454728323, 2.723873319679575,-37.15042279720751,-2.171667321732527
2024-09-06 04:21:00,1.728981537819847,-83.4854827262907,121.2789342772729, 2.819945527520097,-37.8270756792806,-2.228053567034551
2024-09-06 04:21:00,1.837081375511129,-82.87262355046195,121.50971245747735, 2.9406475414286732,-38.6739149869035,-2.2965948096902222
2024-09-06 04:21:00,1.9403395904388399,-82.30396635066813,121.67600783806235, 3.0570333421774905,-39.412058911290465,-2.362767384530956
2024-09-06 04:21:00,2.4480508154145157,-82.24321494263543,121.65555118289166, 3.852356729012371,-39.47592477973539,-2.9754140000864773
2024-09-06 04:21:00,2.724534145570008,-83.07160076609757,121.74608233643673, 4.354870805264815,-38.75532590416481,-3.3986060075022886
2024-09-06 04:21:00,2.91655095773628,-83.6839103432622,121.70696084813504, 4.728158080433192,-38.117862589059065,-3.723061503305585
2024-09-06 04:21:00,2.8959928054907333,-84.45431487805484,122.07426244558386, 4.737473555826401,-37.714794204826255,-3.750848927264965
2024-09-06 04:21:00,2.560895455495567,-84.84102314090374,122.6864744938735, 4.169416074489954,-37.91903927211145,-3.291361615991819
2024-09-06 04:21:00,2.256915910781337,-85.21836017507995,123.26845948343919, 3.6586565213515474,-38.106847880315215,-2.880345505190745
2024-09-06 04:21:00,1.8742823853398762,-85.87791925161244,124.02775621830422, 3.0324415799489732,-38.18884384680881,-2.384280944671771
2024-09-06 04:21:00,1.5259403866428725,-86.4692124965581,124.61173548296873, 2.4697329816535754,-38.168389435649665,-1.9421583017147077
2024-09-06 04:21:01,1.1709759354542002,-87.02425403556609,125.17521452045402, 1.8951667134275816,-38.166190062232474,-1.490228656886031
2024-09-06 04:21:01,0.7347401965792045,-87.79604526229441,125.6551543392716, 1.1970789529747108,-37.865169071864024,-0.9450946120710686
2024-09-06 04:21:01,0.3059834761403224,-88.63609195452939,125.9999026359849, 0.5041878759992071,-37.36488070984321,-0.40072565832023943
2024-09-06 04:21:01,-0.1346069860426385,-89.51252890424017,126.28210730183973, -0.22486954782132296,-36.76978999241848,0.1801314313002622
2024-09-06 04:21:01,-0.4883488716523936,-90.37962258335503,126.33518088916203, -0.8316786369908755,-35.958427352813636,0.6732129750625384
2024-09-06 04:21:01,-0.7151975868485851,-91.03879292403073,126.33028973576421, -1.2378021204670724,-35.29780259817481,1.0102967464963808
2024-09-06 04:21:01,-0.9570887409744148,-91.71104896057814,126.26025457294051, -1.6873175538929635,-34.560813274021655,1.3896766906037055
2024-09-06 04:21:01,-0.9386120926171493,-92.43106815917324,126.28913055347306, -1.6843700997265576,-33.86951965661824,1.398672578720956
2024-09-06 04:21:01,-0.7969386003576133,-93.23014722792678,126.46644874647524, -1.4538017381900246,-33.24475838910627,1.2159456045801815
2024-09-06 04:21:01,-0.7880722526256866,-94.07744813388959,126.70270591286743, -1.46149039040048,-32.63372307407795,1.2308500428372349
2024-09-06 04:21:01,-0.8230497735941539,-95.71202865863424,127.4543096621253, -1.5641568245603508,-31.751835347147903,1.3301493701503087
2024-09-06 04:21:01,-1.0543321472987677,-97.95412333004742,129.6847481910678, -2.004123042539223,-31.74630892765039,1.704470838493462
2024-09-06 04:21:01,-1.275012284149179,-98.72677562453303,129.91452863045356, -2.4610462476925297,-31.211180172726984,2.1051897657291043
2024-09-06 04:21:01,-1.258681598105277,-99.29088088707104,129.7530878245489, -2.4816005764177826,-30.48570419187624,2.1388777615035037
2024-09-06 04:21:01,-1.085379628662857,-99.49607240843663,129.30593931255586, -2.1825253330511165,-29.8278049197196,1.8936200407452168
2024-09-06 04:21:01,-0.6831859393700974,-99.3870899234319,128.78548840647002, -1.3915515219232548,-29.405626650940892,1.2123292738305234
2024-09-06 04:21:01,-0.33753065386871034,-98.68471130239519,128.2384722583682, -0.6842885978340677,-29.55551430556625,0.595254602456744
2024-09-06 04:21:01,0.26672131348364064,-97.36126580190248,127.99944301859708, 0.5233674643830771,-30.6392253463423,-0.4503051281784263
2024-09-06 04:21:01,0.6883272521851802,-96.57210419765042,127.95839800183224, 1.3214883356356866,-31.39307033235865,-1.1280949606787345
2024-09-06 04:21:02,1.4163122315040757,-95.38483673233341,128.04146729537527, 2.6234290196648717,-32.68393152310084,-2.208491128725101
2024-09-06 04:21:02,1.681706951507608,-94.62909635352021,127.92985943070195, 3.0609934554845477,-33.338312517627315,-2.558011351519757
2024-09-06 04:21:02,1.8785781788059794,-93.67906437182891,127.50447212042259, 3.3720183753086923,-33.871335809312946,-2.800761234210112
2024-09-06 04:21:02,2.075340928566177,-91.80314650869035,126.78618800244115, 3.616549916020774,-35.03671192756804,-2.9624706719824774
2024-09-06 04:21:02,2.2122589355518274,-91.02921709740717,126.67471038443294, 3.7924596017906658,-35.70499813407553,-3.081132789621894
2024-09-06 04:21:02,2.607168329043823,-91.1105258734281,126.289795845433, 4.518992614269776,-35.26332107891893,-3.6923408758836573
2024-09-06 04:21:02,2.712334029184367,-91.42281643048527,125.85836696259517, 4.788929055761626,-34.52905856410957,-3.94825731262516
2024-09-06 04:21:02,2.7576523459628564,-91.6567754128164,125.2609086273694, 4.973961893306831,-33.70385220226269,-4.141122911093262
2024-09-06 04:21:02,2.7233472400900016,-92.02653334135347,124.71207210418352, 5.033784643285767,-32.78625308098134,-4.235077532247501
2024-09-06 04:21:02,2.6088786300363043,-92.3856046456892,124.35276295514747, 4.918970808007627,-32.06218999083169,-4.171577470106794
2024-09-06 04:21:02,2.371282023718238,-93.35165731050068,123.7026910153309, 4.685064388480763,-30.43471876288033,-4.041804204808388
2024-09-06 04:21:02,2.8829547343443886,-93.74791359539944,123.83859331395584, 5.735774019765193,-30.21558772460154,-4.960691225776584
2024-09-06 04:21:02,2.9313401995902413,-94.54801386437525,123.88185056712838, 5.967138188065753,-29.466971123918213,-5.199768282146415
2024-09-06 04:21:03,2.192359655944157,-96.3033349473487,124.72357805354744, 4.59877535433639,-28.497645601666648,-4.0435475695780845
2024-09-06 04:21:03,1.8600584051675164,-96.41793601386058,125.38880532988028, 3.8358095341664877,-29.02535201273921,-3.355230775499948
2024-09-06 04:21:03,1.811576028017963,-94.61730698493578,128.21604852777182, 3.271228690332819,-33.64182105644724,-2.724261935257212
2024-09-06 04:21:03,1.8164865200293108,-94.28125884194256,128.6588494613436, 3.214746600810911,-34.41965335204807,-2.652796772961092
2024-09-06 04:21:03,1.6811830388184728,-93.3991582428695,129.51194979768115, 2.850939810311285,-36.14658348092371,-2.3028251216147444
2024-09-06 04:21:03,0.9805928028415779,-91.25709038209831,130.68006589890194, 1.5439195569064856,-39.43318144470851,-1.1925871978246005
2024-09-06 04:21:03,0.8751315517202054,-90.61306001554605,130.84825001301726, 1.3546994571735995,-40.24308802903509,-1.0341366223428732
2024-09-06 04:21:03,0.7837176124552016,-91.17905352870761,130.66012271922082, 1.2324897167713296,-39.48757524641326,-0.9512486749605606
2024-09-06 04:21:04,0.4438872199295411,-91.32052233177579,130.28579930051055, 0.7058505809390745,-38.96740290153482,-0.548812540512838
2024-09-06 04:21:04,-0.1413179092783045,-91.00224993411203,130.1933254825422, -0.22363595097649247,-39.19128930135369,0.1733272858112438
2024-09-06 04:21:07,1.0753757203264571,-89.49489571031924,128.88158294385806, 1.694408403765738,-39.39897702470475,-1.309499242672978
2024-09-06 04:21:08,1.082360434918727,-90.11757848731747,128.4954972506418, 1.7430341097264388,-38.390825357717986,-1.366340324714884
2024-09-06 04:21:08,0.9192675208263703,-91.47549293581966,128.04273818182156, 1.5427608917865068,-36.5771854801164,-1.2390278968477104
2024-09-06 04:21:08,0.8993722944921857,-92.13132797383007,127.7680710268718, 1.543357835209562,-35.646587850296044,-1.2542775214189046
2024-09-06 04:21:08,0.8787008536005533,-93.43528148051571,127.39753952980487, 1.572638114327483,-33.9722602254914,-1.3043039637444416
2024-09-06 04:21:08,0.9946144645326136,-94.06074521940681,127.27410802197053, 1.8153652603443604,-33.226545902380614,-1.5187247274076674
2024-09-06 04:21:08,0.9964950461291034,-94.69158459824502,127.09687202714032, 1.8589980249344116,-32.41893650865685,-1.5694329071691595
2024-09-06 04:21:08,0.9972936781122915,-95.27083454367752,126.84590952660324, 1.9041214503172137,-31.58919384467363,-1.622143513218365
2024-09-06 04:21:08,1.06952483629229,-95.81524698925767,126.56272312828222, 2.09127256257937,-30.764251885676693,-1.7971957989590328
2024-09-06 04:21:08,1.13329224118107,-96.3925745766738,126.2038669652701, 2.2786962604959546,-29.83084739626008,-1.9770217822431575
2024-09-06 04:21:08,1.222518461848753,-97.17403412115962,125.50304598543369, 2.574906775423628,-28.353194530454235,-2.2663567879320916
2024-09-06 04:21:09,1.2535272203744472,-97.50809192069532,125.15845736291192, 2.6995631067924144,-27.67652642478382,-2.3910714757411737
2024-09-06 04:21:09,1.3824890502605411,-98.01456704793566,124.88195854870143, 3.0567878340707555,-26.90029384571052,-2.726558067721273
2024-09-06 04:21:09,1.383109548312404,-98.67580936524864,124.92030551915337, 3.12527834787797,-26.278334536292295,-2.8028376673764326
2024-09-06 04:21:09,1.582389559412524,-99.31439960233459,124.99263653718938, 3.6477997394088635,-25.723644122169134,-3.287131605263635
2024-09-06 04:21:10,1.6458027495657235,-100.04963000730551,125.60484435884976, 3.810619187665273,-25.604600998160613,-3.437353999650848
2024-09-06 04:21:10,1.527314203639771,-100.78660671350288,126.12714846852352, 3.564750926760199,-25.383491083393725,-3.2213691293514866
2024-09-06 04:21:10,1.202967837255752,-101.49329186145984,126.5095177870707, 2.842819822494715,-25.04327337260715,-2.5759402370303457
2024-09-06 04:21:10,1.3660911150174386,-102.30673509115753,126.87804103741624, 3.2822792255231357,-24.6068982764852,-2.984768083242852
2024-09-06 04:21:10,0.9362522439520093,-102.55084322048337,126.63058078248443, 2.2936712872180287,-24.096848375861363,-2.093979469863747
2024-09-06 04:21:11,0.3360024077520221,-102.38173379578762,126.61305567699813, 0.8186299016898841,-24.233510789275066,-0.7465009619685069
2024-09-06 04:21:11,-0.2454523937249215,-102.05731385812294,126.4604657772189, -0.5940757828827308,-24.404310738507824,0.5409999525752526
2024-09-06 04:21:11,-0.1931842745477065,-101.2854936409494,126.09780156252654, -0.46034122680504663,-24.81301234990458,0.4178451181781022
2024-09-06 04:21:11,-0.31882854113970716,-100.51286498870891,125.72650868327523, -0.7483981996728466,-25.215527595792008,0.6770915437806897
2024-09-06 04:21:11,-0.22284771108749515,-99.75120851357369,125.25544634838971, -0.5175435092458706,-25.50514623497063,0.46710949666119217
2024-09-06 04:21:11,-0.22730339293885293,-99.38844024431798,124.55490697517722, -0.5345048237018524,-25.16742633479941,0.48376626783462756
2024-09-06 04:21:11,-0.5121039140592749,-99.26675766816628,124.0115505532917, -1.2232862452752866,-24.749757856990986,1.1109508024724284
2024-09-06 04:21:12,-0.3637810453170048,-99.65990477775998,124.68110802647601, -0.8600437200732498,-25.02367732983936,0.7793245233907049
2024-09-06 04:21:12,-0.34656235175449535,-99.56449657648245,124.05321759869962, -0.8360197621529356,-24.49102199888447,0.760809199623124
2024-09-06 04:21:12,-0.39636005191944584,-98.8621706495743,123.24993146276641, -0.9598445292863989,-24.390784622861815,0.8741924390742157
2024-09-06 04:21:12,-0.5476568561313389,-97.67380334497454,122.59977336198608, -1.2992850472686555,-24.9316013249081,1.1782427092859271
2024-09-06 04:21:12,-0.6293474168919589,-96.76879875133744,122.0614078682898, -1.4727841078020327,-25.299922640447896,1.33157281782409
2024-09-06 04:21:12,-0.5466537380267864,-95.21391475484359,121.1150790955226, -1.2512781639974548,-25.90653402816907,1.1255688238795492
2024-09-06 04:21:12,-0.40682156115661816,-94.32164074981976,120.51007031367017, -0.9217552212214254,-26.1913660862656,0.8271278029913749
2024-09-06 04:21:12,-0.2381171881799471,-93.42082502904377,119.90318891580768, -0.5339756553220031,-26.483357046892326,0.4779451017789278
2024-09-06 04:21:12,-0.01657342080023977,-92.68311712065723,119.31839652692969, -0.03696869313625012,-26.63528418565797,0.033045514455627756
2024-09-06 04:21:12,0.3474562040734222,-91.75627054172692,118.77849947972759, 0.7647197626350057,-27.024294548980798,-0.6812313781031961
2024-09-06 04:21:12,0.5999015787372085,-90.96838025117114,118.2777867576479, 1.3073786929323816,-27.315488103116763,-1.161639554430784
2024-09-06 04:21:12,0.7810238252659997,-90.02352551605556,117.50796346018458, 1.6919440236755834,-27.494668661030342,-1.5009383425732332
2024-09-06 04:21:12,0.9517336110246929,-89.22660849493434,116.78056166876092, 2.0567355615869745,-27.569098676675235,-1.8233677941856128
2024-09-06 04:21:13,1.1023811097372924,-88.54097540140107,116.09221091538515, 2.382232706838057,-27.57155560451841,-2.1119514683555756
2024-09-06 04:21:13,0.9186484296887265,-87.87271759168928,115.08058785266493, 2.0085529736803474,-27.222191491364683,-1.7862372576519694
2024-09-06 04:21:13,0.6198028519173202,-87.33192028279306,114.1781280923778, 1.3722592771437256,-26.852830314521967,-1.2243359105531448
2024-09-06 04:21:13,0.4086685858054938,-86.79592572412447,113.39076126618727, 0.9128000334589448,-26.59774647243244,-0.8162139338387073
2024-09-06 04:21:13,0.44129450066275844,-86.04636743022607,112.75662805254322, 0.981714522959441,-26.713637850065822,-0.8769479889846276
2024-09-06 04:21:13,0.4466552872770739,-85.30965062033437,112.24572293452304, 0.9859251989204993,-26.939498394799276,-0.8789557454473491
2024-09-06 04:21:13,0.4628354935972436,-84.62389721525993,111.73982061352827, 1.01536843403203,-27.119573764019272,-0.9037555692944671
2024-09-06 04:21:13,0.3974907007828454,-83.93875679818503,111.22217093336354, 0.8670885871245515,-27.286087278328075,-0.7706187696176402
2024-09-06 04:21:13,0.34310457792501975,-83.24613593697877,110.65768823559249, 0.7452327170306545,-27.41353312581392,-0.6615559557738178
2024-09-06 04:21:13,0.19322738896147296,-82.51247475701774,110.04009900561691, 0.41807580038684095,-27.5282494098481,-0.37074394414955864
2024-09-06 04:21:13,0.11459087929931981,-81.75971670091737,109.48363008340512, 0.24631875262608258,-27.72413142263107,-0.21804110086227538
2024-09-06 04:21:13,0.0752250871441207,-81.11513851172954,109.16048929676938, 0.15999508466115464,-28.04544348271562,-0.14120773646307772
2024-09-06 04:21:13,0.019213483812420662,-80.70131702237427,109.27997113407844, 0.040164920835464996,-28.57866002561384,-0.03527127658791859
2024-09-06 04:21:13,0.20486650018833533,-80.12429689709596,109.1613193187135, 0.4220732596566845,-29.037682158531105,-0.3690205061398524
2024-09-06 04:21:14,0.22893781958573503,-79.44721647269299,108.83924684068815, 0.46646722095805543,-29.392842349380096,-0.40642345167430965
2024-09-06 04:21:14,0.18830813244801997,-78.82928935897777,108.63546874342535, 0.3788339581236696,-29.806719568400137,-0.3287181226291322
2024-09-06 04:21:14,0.19771068953112436,-78.17288604603597,108.4573999671409, 0.3920496632316497,-30.285098035377523,-0.33854671258536617
2024-09-06 04:21:14,0.251113139315655,-77.64994711143925,108.53465535412886, 0.48919280257474146,-30.885628242219457,-0.41982486572131433
2024-09-06 04:21:14,0.45968440237580993,-77.53657484904788,109.01138194387278, 0.8803625822129189,-31.47781909747458,-0.7508266259934416
2024-09-06 04:21:14,0.5502780155657452,-78.04309690632634,109.94939365052109, 1.041062333070326,-31.910540740874794,-0.8837583954191071
2024-09-06 04:21:14,0.5263575266125083,-78.52594377610134,110.76277131960842, 0.9866901006649378,-32.240661147110785,-0.8345805555504371
2024-09-06 04:21:14,0.40652603490252986,-79.1537101346516,111.65233267510571, 0.7566068560410201,-32.500886374145175,-0.6381201694766069
2024-09-06 04:21:14,0.2600611612338548,-79.70956620858708,112.43316995757044, 0.48106384729053364,-32.724522232617154,-0.4047119251961657
2024-09-06 04:21:14,0.09230686724169451,-80.51142147827596,113.44395625617054, 0.16979027834382066,-32.932649571421926,-0.1425068365032104
2024-09-06 04:21:14,-0.03852506904496317,-81.09229886653155,114.2791763198586, -0.07038190880447692,-33.186897255829884,0.05890189016402278
2024-09-06 04:21:14,-0.1870050716668105,-81.72518018213552,115.29217547680128, -0.33821598793808905,-33.567455196802506,0.2818145483827024
2024-09-06 04:21:14,-0.2835894800848703,-82.38657570836969,116.22980661057589, -0.509198952583666,-33.84427754728925,0.4229208444936227
2024-09-06 04:21:14,-0.26447088675737057,-83.0036554038813,117.16436280383563, -0.470987089042789,-34.16160686693932,0.38972434722072946
2024-09-06 04:21:14,-0.22468206037186136,-83.68750121859026,118.0101713740936, -0.3984720183435882,-34.32331540651383,0.32908733837540016
2024-09-06 04:21:14,-0.08639117265286408,-84.32838234023211,118.76181740618664, -0.15278322968827499,-34.433530067916394,0.12601306517764338
2024-09-06 04:21:14,0.012954093278145937,-85.30710395588227,119.6251781122085, 0.0229769427382224,-34.31807630161066,-0.01897712757697992
2024-09-06 04:21:14,0.03177914537532088,-86.08849951861376,120.21161328021324, 0.05665003200528571,-34.12312676727966,-0.04689682580883682
2024-09-06 04:21:14,0.031114707439336146,-86.87244168394449,120.7801878198282, 0.05577537422709236,-33.90775870488177,-0.04629003739225446
2024-09-06 04:21:14,0.08282055773405304,-87.8237419980454,121.4576826057953, 0.1495264345594477,-33.63403058578323,-0.12449466110401068
2024-09-06 04:21:14,0.1686739175033146,-88.80777669163554,122.17735423367189, 0.3066569651714477,-33.36995451295684,-0.25610113884519253
2024-09-06 04:21:14,0.22042227004260811,-89.7117504780122,122.84542603452569, 0.40326023138650186,-33.13432511860489,-0.3376883173266722
2024-09-06 04:21:14,0.21936177929400796,-91.01613023685903,123.64879357351415, 0.40678492866441696,-32.63331912075677,-0.34257110411461844
2024-09-06 04:21:14,0.177139762502592,-92.25661799695425,124.43509616308947, 0.3326176842487034,-32.17891335872761,-0.28152492063421497
2024-09-06 04:21:14,0.15715891024026446,-93.34506037931445,125.12295473607767, 0.2984230364580185,-31.778242282939203,-0.2536878929392906
2024-09-06 04:21:14,0.036489268950041176,-94.66318896962488,125.86582239886926, 0.07043356009951883,-31.20265261289299,-0.06024466889665159
2024-09-06 04:21:14,0.006200581551384641,-95.73741158400102,126.47901201486096, 0.012130243879612285,-30.7416009949985,-0.01042571846099041
2024-09-06 04:21:14,0.01729961132555129,-96.7093744507245,127.03699601062195, 0.034260465995067435,-30.327626024310653,-0.029571996969407998
2024-09-06 04:21:14,0.012073533518122088,-97.64191211946522,127.55708095449368, 0.024209175573285766,-29.915171045897445,-0.020983659758064467
2024-09-06 04:21:14,-0.11629790718262199,-98.53003251633821,128.0579257638996, -0.23597051084428838,-29.528101626781396,0.20532154458026128
2024-09-06 04:21:14,-0.27657488841324407,-99.39929401851911,128.55132112467413, -0.5677514767308184,-29.153223843269593,0.4958326128679297
2024-09-06 04:21:14,-0.41145973629622445,-100.27982881611919,129.0936691492285, -0.8536637971428732,-28.816526075245715,0.7479654947658763
2024-09-06 04:21:14,-0.6510141897980664,-101.34710548788232,129.78531649591457, -1.3668710684901173,-28.445039567644304,1.2019064902563406
2024-09-06 04:21:14,-0.876250527675474,-102.12555159623493,130.21993518193375, -1.8601904067484936,-28.106932555281645,1.640945857981142
2024-09-06 04:21:15,-0.9849563309732715,-102.95734926454271,130.68186335781863, -2.116425710053851,-27.740618108147785,1.8733564932489697
2024-09-06 04:21:15,-0.7176035529219377,-103.44987737808725,131.37733822461976, -1.531899136304237,-27.935937091069654,1.353460709966906
2024-09-06 04:21:15,-0.49061010767869695,-103.17125274817509,131.7454606353126, -1.025660045068452,-28.578064323953065,0.9007219766004909
2024-09-06 04:21:15,-0.41402522622092586,-102.61639450006659,132.02675415863035, -0.843077180266706,-29.41301320114899,0.7344192481956288
2024-09-06 04:21:15,-0.40733962166598037,-101.96810801086629,132.19711588287188, -0.8090443615095438,-30.23149274231475,0.699024637706846
2024-09-06 04:21:15,-0.35295165303822734,-101.42942859804404,132.47315788781037, -0.684399292728427,-31.045535385729075,0.5863717862865382
2024-09-06 04:21:15,0.017041267996288578,-101.03052460201124,132.95563041802987, 0.03222567178346203,-31.92510988350363,-0.02735121805392471
2024-09-06 04:21:15,0.5029020230498248,-100.96922852221843,133.35770576141715, 0.9387909602472493,-32.39195636684782,-0.7927383937508393
2024-09-06 04:21:15,0.9578948151557823,-101.25032305538559,133.82641836318365, 1.7786813922351792,-32.588624965424884,-1.4987842810431702
2024-09-06 04:21:15,1.3303874350498168,-101.87818509624599,134.34271548083137, 2.4773719362234803,-32.4887990408378,-2.0900301735788536
2024-09-06 04:21:15,1.726327276838592,-102.692608518807,134.93954706732148, 3.232975897682567,-32.288135758537706,-2.733896397919119
2024-09-06 04:21:15,1.557240282491262,-103.6041460962257,135.32704285429847, 2.959687674517797,-31.757111868229657,-2.517203669773792
2024-09-06 04:21:15,1.0609790154812,-104.17002204931397,135.79746584640847, 2.0226392084607543,-31.64339029117222,-1.7221300497607823
2024-09-06 04:21:15,0.6267907900197606,-103.41670127837683,135.2975934997635, 1.1866326361464352,-31.88640380568708,-1.007606480920135
2024-09-06 04:21:15,0.8874626391289555,-102.6543481544915,134.8183537129694, 1.6667461090893176,-32.17493307248783,-1.4108904482363434
2024-09-06 04:21:15,1.4639002061305495,-102.0788070890079,134.25108413266042, 2.7477697889157837,-32.20199212864223,-2.3255992869857023
2024-09-06 04:21:16,1.957518046308408,-101.72582563491758,133.80085517364137, 3.6826263879954153,-32.1283434467309,-3.1198795612459014
2024-09-06 04:21:16,2.1843099947866733,-102.26418093706552,133.5155012617515, 4.204845159798666,-31.319856017498225,-3.5938519928302184
2024-09-06 04:21:16,2.329477626131033,-102.28828659557242,132.76349736377534, 4.58584569930291,-30.555576108357975,-3.951217622590714
2024-09-06 04:21:16,2.5527032720286145,-102.01821177931738,132.0590602781038, 5.0890625949763235,-30.139018635620975,-4.4039872612632225
2024-09-06 04:21:16,2.73208046322985,-101.73855938688232,131.2773600732558, 5.528582319078894,-29.653525598464093,-4.808169249886625
2024-09-06 04:21:16,2.4912717339631616,-101.67820668721238,130.73658790517, 5.118806263983435,-29.15569249898505,-4.473070379344579
2024-09-06 04:22:18,2.5804153558806022,-102.66080346641687,131.20303862716207, 5.3882585228009,-28.648866193498236,-4.731800220619856
2024-09-06 04:22:18,2.4201310243393013,-102.70193741418115,130.6142119313019, 5.15899345754771,-28.008591678394215,-4.557470638295554
2024-09-06 04:22:18,1.884384664868008,-102.44207393934028,129.98923640814763, 4.069148345989693,-27.606505192512696,-3.6071811348993172
2024-09-06 04:22:20,2.2016295680167213,-103.17417766077726,130.35427983248834, 4.8108313029895955,-27.26235349127066,-4.278544037903423
2024-09-06 04:22:20,1.0415228225372948,-104.32504162125497,128.6236622863586, 2.529720042907189,-24.319578701055683,-2.3054932755951114
2024-09-06 04:22:20,0.7516886428117033,-104.51257120060839,128.17788494061355, 1.8721390999051424,-23.676562391224465,-1.7146538091370307
2024-09-06 04:22:20,0.3349689655204444,-104.77939988994726,127.4877231994615, 0.8676487638686672,-22.710663006587737,-0.8003858246642499
2024-09-06 04:22:20,-0.2659527032918776,-105.10398671622372,126.70328862321776, -0.7224421761719537,-21.600860884041893,0.6717105760803566
2024-09-06 04:22:20,-3.2122532901448433,-105.8853171383906,122.79717909989535, -10.919873045593773,-17.205469027155544,10.44220181332757
2024-09-06 04:22:20,-2.770604603825701,-104.7910734456153,122.8097889669425, -8.891770674506336,-18.22348956311462,8.452402680192549
2024-09-06 04:22:20,-2.8946368729383436,-104.29301924856992,123.04047714742424, -8.940794619642212,-18.961668436859192,8.462855212667856
2024-09-06 04:22:21,-2.991411910194127,-103.5987566875549,122.86849898381605, -8.997982864110362,-19.49183129393003,8.490038450672607
2024-09-06 04:22:21,-3.1282590361992493,-102.80888785188337,122.31491432244452, -9.295576801991741,-19.745631723200525,8.757744547054873
2024-09-06 04:22:21,-3.1517722631353924,-100.55529236452085,121.43608474875684, -8.782240729880057,-21.10680807313372,8.201343462674085
2024-09-06 04:22:21,-2.5697563036644584,-98.89129330600686,121.73234739890839, -6.595238199659754,-22.97746214696919,6.076042800959207
2024-09-06 04:22:21,-2.7702656098141234,-98.29615269825729,121.6870113404127, -6.949140035752372,-23.5451780476107,6.375569120919248
2024-09-06 04:22:21,-2.9696626844701726,-97.59646002167815,121.49767058819198, -7.296458360961766,-24.074241224442055,6.667777957486532
2024-09-06 04:22:21,-2.9671938928259527,-96.50324866801245,121.67745809910451, -6.94751848717479,-25.3371463698657,6.2848324887487355
2024-09-06 04:22:21,-3.014312172680884,-95.8886630603983,121.66938038081317, -6.903399425794555,-25.944358124225566,6.213412777234272
2024-09-06 04:22:22,-3.15395295611223,-95.19183850654039,121.54856224432272, -7.075163168355924,-26.531347633848345,6.336490402168104
2024-09-06 04:22:22,-3.2823981524282453,-94.53247983741986,121.45314732438345, -7.219303742270014,-27.105194085064685,6.433470051150628
2024-09-06 04:22:22,-3.3537613259329873,-93.74667435541063,121.2007886779859, -7.243844275680691,-27.642388265127153,6.424387292220113
2024-09-06 04:22:22,-3.510571073924374,-92.95100701213684,120.90114049101687, -7.45696645606179,-28.152093679148127,6.583048779742092
2024-09-06 04:22:22,-3.425706890981524,-91.38579044822913,120.33246342257813, -7.050614923541665,-29.131241706921934,6.166121563664439
2024-09-06 04:22:22,-4.205503142192437,-90.32057142314369,119.60053486364552, -8.550282991000445,-29.553931945662733,7.451237346209282
2024-09-06 04:22:22,-4.650175159905931,-89.9043259915595,119.3151569709982, -9.404961547220815,-29.743685473817823,8.18391699974281
2024-09-06 04:22:22,-5.02037126470958,-89.27804654564751,118.92449516167287, -10.07046644412503,-30.03039191693931,8.74105883112931
2024-09-06 04:22:22,-5.509045945996889,-88.01598645123961,118.48647610492222, -10.7689197069078,-30.917342101804877,9.26743438089667
2024-09-06 04:22:22,-5.704252575330385,-87.4142516937196,118.32329775167143, -11.00425519360868,-31.379710022919248,9.425996575279193
2024-09-06 04:22:22,-5.960622823061005,-86.8539990452441,118.19545822018318, -11.350385409718351,-31.84646345387627,9.676824328449957
2024-09-06 04:22:23,-6.352114096727784,-86.42037200895409,118.01744215038129, -11.995227248969304,-32.164347675787724,10.19624020267974
2024-09-06 04:22:23,-6.437308115773049,-86.49037824530586,117.4924322830447, -12.355653592947027,-31.59806602641898,10.568570271838018
2024-09-06 04:22:23,-6.505087884461198,-86.4352030738288,116.8682373966376, -12.686422662330237,-31.055210296329182,10.915253465397731
2024-09-06 04:22:23,-6.447619632216878,-86.75128722578565,116.41014875913486, -12.864494146621198,-30.289200899094258,11.155738886046995
2024-09-06 04:22:23,-6.417104448431746,-87.17087622323292,116.06846795509973, -13.101742974908573,-29.541409848125188,11.446668440306153
2024-09-06 04:22:23,-6.1405597266389895,-88.74177470862907,115.63085926270753, -13.380881577651179,-27.530302786163517,11.9116221443725
2024-09-06 04:22:23,-5.877054370368251,-89.1608114868662,115.537659285422, -13.044885432824815,-26.977787010609642,11.666545143094517
2024-09-06 04:22:23,-5.491590522652573,-89.60225362109985,115.42892577625918, -12.444781084950138,-26.36479897217967,11.184779629071226
2024-09-06 04:22:23,-5.388250246201007,-89.91385433563183,115.11192353019511, -12.491622837685913,-25.73088540023474,11.286457598264944
2024-09-06 04:22:23,-5.289528165751466,-90.25928940991808,114.81109211726609, -12.561130365625786,-25.0805768564576,11.409377661505788
2024-09-06 04:22:23,-4.930485881575591,-90.45228704455931,114.55266734898386, -11.929050468850045,-24.570031123588187,10.875908004961921
2024-09-06 04:22:24,-3.9882866439542966,-91.80882321829533,116.47772909344569, -9.483564716159282,-24.969296819423512,8.611129582709765
2024-09-06 04:22:24,-3.5657661179136184,-92.33856072914668,117.13949910277272, -8.449900619609387,-25.039904849229963,7.665644580161342
2024-09-06 04:22:24,-3.2975573025631255,-92.8793664931308,117.74831997982075, -7.801265779620709,-25.072833720358034,7.073979340796049
2024-09-06 04:22:24,-2.542174192828113,-94.04635354744376,118.99141712524502, -6.009517670107955,-25.06601699804186,5.447121978402064
2024-09-06 04:22:24,-2.3556323236732055,-94.78272036788378,119.73132680228916, -5.570179382433323,-25.052479114094933,5.048986745465363
2024-09-06 04:22:24,-2.1736787650057394,-98.00837539887216,122.46245407104372, -5.238763737139986,-24.544579306435857,4.767670025986355
2024-09-06 04:22:24,-0.8041583053854336,-100.4707884535501,126.20731003576694, -1.8513805416750322,-25.748225647359213,1.667669618886384
2024-09-06 04:22:24,-1.255057897724814,-100.3289396144164,125.89760162565139, -2.9059411027082724,-25.59737616103149,2.6211490647254116
2024-09-06 04:22:24,-2.623188252854699,-101.9949445463157,127.01039193785871, -6.183622989387324,-25.143801977278088,5.601608484279218
2024-09-06 04:22:24,-2.504376554237233,-102.67904189664392,127.71008315882167, -5.901794101764521,-25.14797590925165,5.345791238461603
2024-09-06 04:22:25,-2.3011747629010633,-103.74185278461215,129.03959652776322, -5.372202590131645,-25.39532520232506,4.855701844866296
2024-09-06 04:22:25,-2.1366855877744673,-103.97415411995702,129.73076639372366, -4.907262656606301,-25.839054082298922,4.418694041746447
2024-09-06 04:22:25,-1.9607204813519423,-104.25911215306041,130.37248337291447, -4.447462820537067,-26.181722847984023,3.9927091355099456
2024-09-06 04:22:25,-2.2195122284132496,-104.51006991745584,131.01165092290782, -4.964034951768759,-26.587658233483133,4.441315132587033
2024-09-06 04:22:25,-1.8230004977486265,-105.06864868519881,132.89569410558624, -3.900560583960938,-27.88193440527092,3.4489211733751004
2024-09-06 04:22:25,-1.6578634572438957,-105.77733481776956,133.63825768902677, -3.5440087845461674,-27.906260903671708,3.13276661909501
2024-09-06 04:22:25,-1.2620267217705223,-107.02016072849602,134.96744980312354, -2.6913005290477043,-27.973475125623196,2.3772465518929584
2024-09-06 04:22:25,-1.1225947763722703,-107.84377471279237,135.46952673261825, -2.4198503450354463,-27.646757232336665,2.143838810972107
2024-09-06 04:22:25,-1.0585780015953974,-108.79459107342777,135.9776734641068, -2.3161995461708966,-27.20211733703958,2.060261143362216
2024-09-06 04:22:26,-1.0899346776991008,-109.70702555524356,136.3502333434054, -2.4293756675846687,-26.663863001603158,2.171284707445998
2024-09-06 04:22:26,-0.904620848348739,-108.84887536449948,135.77120355379716, -1.9972727059890336,-26.936387292981845,1.7807366159332598
2024-09-06 04:22:26,-0.8680843754176056,-107.99657306869713,135.1231101063873, -1.9033179062522476,-27.13937023343623,1.693891417142339
2024-09-06 04:22:26,-0.8064861517047771,-107.18950313391663,134.5642075991427, -1.7535318535531665,-27.385664186464346,1.5571172683902685
2024-09-06 04:22:26,-0.9675165552846423,-106.28864838590034,133.85898342305282, -2.0896755531991937,-27.585975987125394,1.852290953185904
2024-09-06 04:22:26,-1.0822994399307397,-105.48156040100308,133.28947314661076, -2.3190067511521844,-27.827287502367895,2.0510779264789187
2024-09-06 04:22:26,-1.4549224721838714,-103.67962081833157,131.99692203878652, -3.0648983555962954,-28.351562831529733,2.697844922563436
2024-09-06 04:22:26,-1.6364077158997077,-101.91539857554446,130.7130738840658, -3.3939720700942995,-28.840154963021803,2.9738226886835877
2024-09-06 04:22:26,-1.7548130036532597,-101.20035370416814,130.08386902905406, -3.6291988797857537,-28.932186729831997,3.177243003748195
2024-09-06 04:22:27,-1.8374552596192253,-100.45644200915662,129.47470967828463, -3.7836661040344675,-29.07133202673182,3.3081173124827843
2024-09-06 04:22:27,-1.9687068179947917,-99.65992530822706,128.85714593322118, -4.0306727566780065,-29.257683248400095,3.5178669999080365
2024-09-06 04:22:27,-2.040149013845611,-98.84713975753596,128.55341690769694, -4.111575574049082,-29.769871819930074,3.5704670985162004
2024-09-06 04:22:27,-2.298550761771026,-98.1391156924707,128.2777004283418, -4.57067321680847,-30.2178929441676,3.951721030469407
2024-09-06 04:22:27,-2.5583857725555395,-97.30632556772585,127.96400863717217, -5.007896080701399,-30.753891987033562,4.306508737545964
2024-09-06 04:22:27,-2.7872985362127207,-96.53480293916734,127.7207938863674, -5.371238111701709,-31.297797649927933,4.59323619316179
2024-09-06 04:22:27,-2.9161319654266467,-95.81828181859099,127.5538051217674, -5.531529064694404,-31.855284682470664,4.702456171658541
2024-09-06 04:22:27,-2.8436259980617415,-95.22907829963144,127.67035918446848, -5.29024225237388,-32.552106074703545,4.462826078574595
2024-09-06 04:22:27,-2.8912995730550306,-94.67700622251489,127.87831325895546, -5.269695658504014,-33.31259415529862,4.40755921576182
2024-09-06 04:22:27,-3.0316858761740213,-94.15173105051429,128.08645178455794, -5.419567971039745,-34.05371482935178,4.49438097058019
2024-09-06 04:22:27,-3.1761678617510065,-93.63291722740667,128.2534959066429, -5.578512312359921,-34.74785702759456,4.588391500428835
2024-09-06 04:22:27,-3.077403860100495,-93.94857127809371,127.81981609943172, -5.509972939327512,-33.9941410676741,4.57269139928634
2024-09-06 04:22:28,-3.2803937433741472,-94.69224131255348,128.19691038451145, -5.927948273502146,-33.64621967084824,4.940270686260272
2024-09-06 04:22:28,-3.0085537440436734,-95.58686255524216,128.56894455356692, -5.5145955643806746,-33.10357032840286,4.62374627296001
2024-09-06 04:22:28,-2.7148046020046976,-96.22340916978744,128.64590082541196, -5.054082539724173,-32.523591534717845,4.264645815816066
2024-09-06 04:22:28,-2.440581517024788,-96.79062348624473,128.6113484004693, -4.621525479912889,-31.904380908484917,3.925733644775544
2024-09-06 04:22:28,-2.2033504278623175,-97.62717350529167,128.5760583322539, -4.278539678441238,-31.0194547448733,3.6684853986826638
2024-09-06 04:22:28,-1.889620092723129,-98.44674864322523,128.5936475338377, -3.7585083666766947,-30.20050328078076,3.2495462205926677
2024-09-06 04:22:28,-1.4998464772283913,-99.18617245089344,128.73712144061273, -3.0389098301167827,-29.585554264431998,2.6432990279575903
2024-09-06 04:22:28,-1.1661141318244777,-99.84360144942461,128.87106960002782, -2.402148422116001,-29.048844114140838,2.1002628427811807
2024-09-06 04:22:28,-0.8160095293035188,-100.74318002003244,129.30699118215912, -1.7062538258315756,-28.574482999480786,1.4985267443728738
2024-09-06 04:22:28,-0.4176986504874562,-101.55308213213742,129.63932455046188, -0.8871550961470188,-28.089095416799648,0.7826767241593369
2024-09-06 04:22:28,-0.09422935337761079,-102.59737657590584,129.97643545018724, -0.20490129345641334,-27.379208492148102,0.18194889081676702
2024-09-06 04:22:28,-0.08511316020016389,-103.4334131543702,130.31639892790778, -0.1882321732268613,-26.883110474511117,0.16789020737435242
2024-09-06 04:22:28,-0.006139824453747902,-104.29061652119458,130.8605884681122, -0.01372670689002592,-26.569972604720917,0.012277012596669634
2024-09-06 04:22:28,0.20880130497892901,-105.03267303953122,131.36566020762513, 0.4707022782576376,-26.333755853111334,-0.4218571294007617
2024-09-06 04:22:28,0.4881744770898742,-105.65901129166578,131.9772988369819, 1.100977011129688,-26.32249175129739,-0.9868432627395641
2024-09-06 04:22:28,0.5455517608924615,-105.9291140138777,132.66913917587524, 1.2123465836009975,-26.745179810887745,-1.082678595233552
2024-09-06 04:22:29,0.8470562491406797,-106.36140809593464,133.275089851968, 1.8708081146011777,-26.926013522007743,-1.6681191366630062
2024-09-06 04:22:29,1.2822757488640981,-107.33333554335007,133.94954687324812, 2.8602451757447422,-26.644829174036808,-2.556924533846695
2024-09-06 04:22:29,1.6862022274420452,-108.05012085526222,134.33504031175138, 3.8032458331180505,-26.335108450870266,-3.4095099377533695
2024-09-06 04:22:29,2.1690868860720816,-108.67407433785104,134.56409385814175, 4.957585344295625,-25.974474992925252,-4.458948049579149
2024-09-06 04:22:29,2.190414104684382,-108.04673590418774,134.74763225043492, 4.865460044076483,-26.784011761493396,-4.34557150955469
2024-09-06 04:22:29,2.1247644637441323,-107.12840582363599,134.42586793620845, 4.625103754676296,-27.37369472568244,-4.10910017087927
2024-09-06 04:22:29,1.915863547398834,-106.19934475997516,133.54805419735553, 4.164522093751044,-27.410569662188472,-3.6983524293121066
2024-09-06 04:22:29,1.7453514067097744,-105.41272278048989,132.77075749104418, 3.7935845452460057,-27.409363261964785,-3.36875992851471
2024-09-06 04:22:29,1.5498956142578815,-104.65010113720743,131.9901808007834, 3.3716122880885533,-27.38059483325219,-2.9946253332986856
2024-09-06 04:22:29,1.310874681358061,-104.01903813438703,131.29891030172166, 2.8581910122984713,-27.30893550202169,-2.5400766501933045
2024-09-06 04:22:29,1.018617357039479,-103.35144276366339,130.6118901546712, 2.222998705260072,-27.278014431720603,-1.9759942635236865
2024-09-06 04:22:29,0.7146035240179666,-102.69634859085645,130.01378860854052, 1.556839252889719,-27.32606619215884,-1.3831809245318933
2024-09-06 04:22:29,0.37780676796292223,-101.98373465712041,129.48800778357014, 0.8180478394863011,-27.5066654069451,-0.7255838644076151
2024-09-06 04:22:29,-0.04147457179737224,-101.40313509537255,128.9271733178416, -0.08974829263197659,-27.524067028906643,0.0795903073935118
2024-09-06 04:22:29,-0.24994769612705836,-100.63542330319572,128.24676303253636, -0.5392822298307602,-27.612382053974926,0.47786286860008687
2024-09-06 04:22:29,-0.4256020753401849,-100.09725739137374,127.56058351408723, -0.9227902345204069,-27.46636723890099,0.8187899738370307
2024-09-06 04:22:30,-0.7023684826583663,-99.78272176853305,126.81465021366692, -1.5451123311053616,-27.040364616202186,1.3762795920079363
2024-09-06 04:22:30,-1.0032602308898309,-99.15698786761621,126.22668956159136, -2.203746509700432,-27.08688335895421,1.9622337125624856
2024-09-06 04:22:30,-1.4856540127526179,-98.55498021008918,125.90717545006088, -3.2307826952035654,-27.38940437373674,2.8692567708792542
2024-09-06 04:22:30,-1.8774752437297315,-97.93696068733671,125.41459271077517, -4.063692893291698,-27.536715232187138,3.60462740555651
2024-09-06 04:22:30,-2.2640888188855652,-97.57319883271128,124.8807658468585, -4.925562029398595,-27.394071068459404,4.3755037447726
2024-09-06 04:22:30,-2.158892283972991,-97.48964766313921,124.25428860405152, -4.785172167437235,-26.845162298712218,4.271498058874595
2024-09-06 04:22:30,-2.0573415699890707,-97.68043142587334,123.70206711680922, -4.681092883752058,-26.097184854435692,4.205660638429128
2024-09-06 04:22:30,-2.0512185487552226,-97.84420375449099,123.17929925673108, -4.784454402344001,-25.41252987566481,4.323366234168993
2024-09-06 04:22:30,-2.025730072255232,-98.02628041357939,122.63114799568632, -4.8557257259798945,-24.68294268612681,4.413911167191091
2024-09-06 04:22:30,-2.0951047122973336,-98.21625199628305,122.12547797409987, -5.157739840814176,-23.9954732128362,4.7140987035445105
2024-09-06 04:22:31,-2.2418015018596846,-98.39962231647436,121.55644424067381, -5.6848974721970995,-23.259135359160066,5.225545803073467
2024-09-06 04:22:31,-2.33630156075544,-98.5234009790386,120.97541579734029, -6.097687849811125,-22.566988225287776,5.633923796670217
2024-09-06 04:22:31,-2.391580728118196,-98.70616823712253,120.38279893524006, -6.45115827699895,-21.801844333374675,5.993218070374995
2024-09-06 04:22:31,-2.516853798126432,-98.9434132626111,119.76342533012426, -7.049847101171576,-20.964878320585477,6.587391774084376
2024-09-06 04:22:31,-2.644650101865966,-99.12617203064114,118.95950056316882, -7.752648769967406,-20.001835933288643,7.290211185406607
2024-09-06 04:22:31,-2.7614993286447485,-99.30188877616091,118.26312406651142, -8.44371816819602,-19.153950875063725,7.982475146797516
2024-09-06 04:22:31,-2.7450247303503654,-99.33421206607196,117.6547738446201, -8.672690250322084,-18.518086656645714,8.229963404696612
2024-09-06 04:22:31,-2.8716060557803575,-99.62201889765268,117.32197402239525, -9.368588076454776,-17.924019854463626,8.92138342514699
2024-09-06 04:22:31,-3.0737831557609616,-99.82795047141319,116.92208978300806, -10.35296523167633,-17.36017505496057,9.89089504240698
2024-09-06 04:22:31,-3.3115583372107156,-99.9046270035348,116.41221895607504, -11.510188163852396,-16.82741265228173,11.029680087667948
2024-09-06 04:22:31,-3.5260063026761994,-100.14671606247781,115.93704003785825, -12.758866357873387,-16.16943432484903,12.269744605792866
2024-09-06 04:22:31,-3.6526513425137277,-100.31961757399121,115.47027052044616, -13.725883403848663,-15.574711499991961,13.239954854822303
2024-09-06 04:22:31,-3.5263092733105776,-100.65655786571155,115.0731688347612, -13.902064170188625,-14.832731604992247,13.455929796707304
2024-09-06 04:22:31,-3.4329690409815043,-100.95819198174813,114.69426445836511, -14.178315234396539,-14.150556647562171,13.764701457251366
2024-09-06 04:22:31,-3.669150835096894,-101.27178542012118,114.20539064112278, -15.987363162596598,-13.435449459759125,15.571329244622113
2024-09-06 04:22:31,-3.8854286925913835,-101.52038178530287,113.69916737422929, -17.845511479895432,-12.774633257147292,17.430849340203466
2024-09-06 04:22:31,-4.064849849385559,-101.80779139966668,113.25783663905298, -19.696459681136204,-12.141084078585758,19.288771440522126
2024-09-06 04:22:31,-4.221913288942497,-102.03781165797383,112.79162792105294, -21.585117917938312,-11.543796760446483,21.187568001904992
2024-09-06 04:22:31,-4.3514491852649275,-102.37893530264151,112.46098090189139, -23.493392755240826,-10.972093728642143,23.10936750598654
2024-09-06 04:22:31,-4.483394834108461,-102.56670513812907,112.05894419893184, -25.429243749627297,-10.48899986798763,25.056819368683207
2024-09-06 04:22:31,-4.677609498577464,-102.75968187006781,111.67231077964078, -27.839689687610864,-10.056746106282407,27.474940806288995
2024-09-06 04:22:32,-4.779961650136322,-102.12280262341967,111.52369067502015, -27.10950969635267,-10.536566549605892,26.716261454618138
2024-09-06 04:22:32,-5.082673357453474,-101.52987394437818,111.31653245712116, -27.621014382502644,-11.016369332945946,27.1855881807393
2024-09-06 04:22:32,-5.401517705168463,-100.9042222139233,110.9719327534082, -28.408654848551233,-11.412016124109288,27.932517046955812
2024-09-06 04:22:32,-5.697921937569348,-100.2157713435626,110.50580021429296, -29.186104588065387,-11.747381286454525,28.672646252682608
2024-09-06 04:22:32,-6.0747343604055,-99.58113224744626,109.97579474610909, -30.533761657199058,-12.022701415687257,29.980688913617445
2024-09-06 04:22:32,-6.438415059071552,-98.94255781821208,109.45897394257442, -31.727711797843533,-12.311833743143765,31.134555404555353
2024-09-06 04:22:32,-6.757505901106651,-98.22482174203446,109.03426924977776, -32.28487071251501,-12.726526781212582,31.644800758363687
2024-09-06 04:22:32,-7.123869765667847,-97.64826091375693,108.64843757514677, -33.224336792155185,-13.081578259831405,32.53749822445539
2024-09-06 04:22:32,-7.316197589935416,-97.01219170702416,108.16680397856273, -33.57073980863887,-13.31440636716193,32.855342889150464
2024-09-06 04:22:32,-7.589861548627542,-96.43179387261166,107.64247191557111, -34.4257101166589,-13.511011470593468,33.679722964221774
2024-09-06 04:22:32,-7.980835197301072,-95.98640902786049,107.2656124309775, -35.63308974011077,-13.787247069540124,34.843728173948215
2024-09-06 04:22:32,-8.31997645273997,-95.35309847667148,106.76279898872552, -36.47355940680026,-14.088454709139969,35.64095509325034
2024-09-06 04:22:32,-8.5650693213431,-94.72345211031293,106.20748632607389, -37.10695138258024,-14.29184967907544,36.24410854627231
2024-09-06 04:22:33,-9.027260546339058,-94.3009801351148,105.75389314877596, -38.66370785883527,-14.545466367667139,37.75659902890072
2024-09-06 04:22:33,-9.434695298244065,-93.88988446168372,105.43532861031485, -39.70126579417318,-14.869449482337615,38.74532339284437
2024-09-06 04:22:33,-9.872511953278146,-93.52081720910206,105.08323179037703, -40.96707323162626,-15.160034045156266,39.96507661064439
2024-09-06 04:22:33,-9.587209210822136,-94.23180066589468,105.51949128888458, -40.79218222129348,-14.769296408579502,39.84254541576023
2024-09-06 04:22:33,-9.35108874926127,-94.80438802870235,105.81271839059482, -40.77366394318087,-14.40644534746118,39.87058359323032
2024-09-06 04:22:33,-9.172820431369558,-95.49649379303116,106.30988988576968, -40.71877367346953,-14.14450757892511,39.84876256591394
2024-09-06 04:22:33,-9.09643822024898,-96.19414554035477,106.82016519086585, -40.967384913461196,-13.953674680232055,40.11968467298076
2024-09-06 04:22:33,-8.981534658898697,-96.96487541425068,107.40861053039234, -41.086051075613405,-13.742005842215102,40.26354009703055
2024-09-06 04:22:33,-8.722027226030137,-97.60311863893425,107.91168187403176, -40.606811972405715,-13.47280013293667,39.81855166802166
2024-09-06 04:22:34,-8.720983054210171,-98.32541408411308,108.30899752676052, -41.50278843052024,-13.227055936830444,40.7395974427433
2024-09-06 04:22:34,-8.9303075344562,-98.87732327480575,108.41805181667578, -43.47237649898106,-13.039794184988287,42.72562729739684
2024-09-06 04:22:34,-8.840928808816754,-99.61982673269931,108.89696204675761, -43.974434137503174,-12.788351209048432,43.25570271408958
2024-09-06 04:22:34,-8.646239313834108,-100.32727855707586,109.61059769110491, -43.30834848755357,-12.660219369142133,42.60503449823029
2024-09-06 04:22:34,-8.42983225508845,-100.9817520911068,110.26337048337292, -42.57843936696734,-12.513469388231714,41.892918873137035
2024-09-06 04:22:34,-8.20685163341943,-101.60791486784669,110.76551102516915, -42.1832690053628,-12.273495772767076,41.52489907455274
2024-09-06 04:22:34,-8.33001490700833,-102.45351940759704,111.31717122862057, -43.53898780576171,-12.140768797478652,42.89224070313059
2024-09-06 04:22:34,-8.210542335102794,-103.13309881274736,111.79494269010478, -43.773712986455465,-11.91324856301952,43.15084269234683
2024-09-06 04:22:34,-8.190965419077296,-103.9214826177755,112.40144210351818, -44.30749672397408,-11.769042562701218,43.699212602766636
2024-09-06 04:22:34,-8.194699221547731,-104.72542167389099,113.0450411122039, -44.86360620945147,-11.657439451567281,44.266591345567655
2024-09-06 04:22:36,-7.775157921939301,-105.25979341717346,114.07335455648987, -41.70572661667513,-11.732594884509343,41.105619503473854
2024-09-06 04:22:36,-7.6098254623132116,-105.45474017550151,114.75458836516125, -39.58207957882215,-11.995273124989016,38.96222799732826
2024-09-06 04:22:36,-7.58173699371909,-105.24416581775944,115.16708130126742, -37.68285777517611,-12.464768587688294,37.02372580929282
2024-09-06 04:22:36,-7.18841962626788,-105.02051262681402,115.62542144815731, -34.42378808869709,-12.788487603289209,33.75575903890232
2024-09-06 04:22:36,-6.752756747846285,-104.82274366842167,115.93780137690263, -31.558506005082215,-12.983460024664964,30.900691326210605
2024-09-06 04:22:36,-6.311582436458784,-104.58203193596144,116.17627508728897, -28.825439777755154,-13.180169786356538,28.18401089320948
2024-09-06 04:22:36,-5.530806418882459,-104.6712135924335,116.35269981301725, -25.559467608884493,-12.90820106736886,24.993259815279448
2024-09-06 04:22:36,-4.833593877841525,-104.83643277172672,116.59246817983565, -22.540539051305135,-12.697994117332794,22.042617706779343
2024-09-06 04:22:36,-4.136726501423239,-105.00168566916517,116.89303900754801, -19.340918985041686,-12.58055223852855,18.909911346907112
2024-09-06 04:22:37,-4.509856894042483,-105.44725352300006,116.88118312340934, -21.696607998268128,-12.28017644757472,21.244884854202333
2024-09-06 04:22:37,-5.2178003487243,-105.58502852304301,117.00719282226508, -24.75579634489261,-12.5431038628579,24.23361400700994
2024-09-06 04:22:37,-5.677834828365544,-105.2309844938311,117.0839551156904, -25.82890783335816,-13.125136766426463,25.239030313711744
2024-09-06 04:22:37,-5.586391926362932,-104.76731960736811,117.38242528314575, -24.125308225325,-13.778331699128373,23.50733576871466
2024-09-06 04:22:37,-5.4730949408315475,-104.2166215570922,117.74893206907225, -22.267993704790257,-14.578024329588352,21.618158106618758
2024-09-06 04:22:37,-5.47829735511476,-103.80392497415771,117.96440977251861, -21.406881752229406,-15.163018979460526,20.725931235008805
2024-09-06 04:22:37,-5.6067822453680645,-103.04399503219139,118.15036408947644, -20.640986025562096,-16.090559879984976,19.896960439433574
2024-09-06 04:22:37,-5.711987030472345,-102.46085617695022,118.20407048270873, -20.236421805065124,-16.722732902521923,19.446060795566524
2024-09-06 04:22:37,-5.661929954622567,-101.94746303203253,118.30514747634946, -19.393421005637382,-17.2845302805366,18.579009383845573
2024-09-06 04:22:37,-5.586598166018063,-101.37333290490743,118.34541159551665, -18.52549365542235,-17.84216164507282,17.691316278177485
2024-09-06 04:22:37,-5.505226752554333,-100.78401880073193,118.36952038311267, -17.693039111472537,-18.40106235274989,16.840858168330705
2024-09-06 04:22:37,-5.3072092016528245,-100.20767290874664,118.4377275211869, -16.538499003210916,-18.961642139400112,15.686400449478532
2024-09-06 04:22:37,-5.181589504690769,-99.66183399589674,118.50624399365395, -15.682265200766738,-19.518836464160092,14.821824970869267
2024-09-06 04:22:37,-4.9813546660195485,-99.1517588781676,118.66418569715873, -14.62527087137831,-20.11420964318699,13.768237491484017
2024-09-06 04:22:37,-4.743347965283212,-98.76442724375366,118.83758200591546, -13.591029095674218,-20.603454484703512,12.751061477944894
2024-09-06 04:22:37,-4.572864687074893,-98.31236771863584,118.96415658331495, -12.777256126046884,-21.13039471457345,11.943662822121448
2024-09-06 04:22:37,-4.588085243359352,-97.9472113128454,119.33258541245479, -12.411643889451488,-21.849430517374877,11.544875979922223
2024-09-06 04:22:37,-4.766586049823553,-97.54434534132292,119.54279162840992, -12.549905940383981,-22.483859116869482,11.622928052721058
2024-09-06 04:22:37,-4.997126822348596,-97.10037735072332,119.71467053000825, -12.810776013205459,-23.13150498011417,11.810994860526744
2024-09-06 04:22:37,-4.974525267244147,-96.55670930938932,119.75419775460695, -12.460449259806023,-23.69602440261113,11.438824709853481
2024-09-06 04:22:37,-5.089115843075901,-95.83628491034797,119.47606678536792, -12.521771722963706,-24.150591427318126,11.456086024674809
2024-09-06 04:22:37,-5.351508808767744,-95.2742847747175,119.40928389306747, -12.903482289089828,-24.68646641775129,11.758598557675523
2024-09-06 04:22:37,-5.646598429879513,-94.4881464583438,119.30719197467383, -13.254285277845023,-25.41354381802696,12.010858417565023
2024-09-06 04:22:37,-5.780292009397569,-93.8670104513376,119.22073415253215, -13.300674669537267,-25.9617380952133,11.999434279937827
2024-09-06 04:22:37,-6.013038975511693,-93.11939341006902,119.05691479129514, -13.540381245062795,-26.578291918179517,12.154409811998994
2024-09-06 04:22:38,-6.234822965420182,-92.3822335136013,118.86527978483142, -13.765836699292365,-27.155369386654897,12.297335254241638
2024-09-06 04:22:38,-6.4428250297295255,-91.53585347127515,118.45027881580805, -14.00765718046491,-27.61873886169162,12.46442624478697
2024-09-06 04:22:38,-6.682740818935847,-90.82733487377081,117.96180184019016, -14.407789694849047,-27.884505640466156,12.793385508385963
2024-09-06 04:22:38,-6.840609856919317,-90.07154316371248,117.39439468467363, -14.646762917519348,-28.10207922322879,12.982219528349212
2024-09-06 04:22:38,-7.284671445132699,-89.30829082820985,116.82932229451379, -15.4639002374575,-28.395846082948314,13.677673021601915
2024-09-06 04:22:38,-7.789339120376684,-88.82865660032705,116.54571642183224, -16.389271263756786,-28.707058409816263,14.464802477182813
2024-09-06 04:22:38,-8.155201636238793,-88.27410113364449,116.21169489372541, -17.007428336688157,-29.011262222287034,14.975606113660351
2024-09-06 04:22:38,-8.322023000882155,-87.59056095015087,115.58906948256904, -17.306658379964215,-29.112930002321033,15.22843262364911
2024-09-06 04:22:38,-8.56179702753137,-86.93025598056678,114.90797251239485, -17.792610994958448,-29.156949769032206,15.655953364259318
2024-09-06 04:22:38,-8.803243957454024,-86.35010573101061,114.28476272817856, -18.292987982546656,-29.18206394617786,16.099374260444492
2024-09-06 04:22:38,-8.981074363845014,-85.73544439721371,113.67808873658612, -18.638296512473715,-29.2394007754195,16.39953574753689
2024-09-06 04:22:38,-9.269532994173534,-85.08762088680093,113.10255562614607, -19.161139828717452,-29.3903094728609,16.84396126596766
2024-09-06 04:22:39,-9.259370721083975,-85.3870873256945,112.79488975044353, -19.502226513538176,-28.81442706617519,17.2397344928522
2024-09-06 04:22:39,-8.974548366486745,-86.00374285033944,113.22304391166274, -19.048646397219343,-28.55295181613144,16.871683150597114
2024-09-06 04:22:39,-8.23471695678565,-87.4383845381033,114.30868314661087, -17.754975583374716,-28.013766905773615,15.78465108930586
2024-09-06 04:22:39,-8.022429738419495,-88.20928802556384,114.81576471359993, -17.46861067936855,-27.704947793166944,15.568778819737922
2024-09-06 04:22:39,-7.853674586282585,-89.83333363066097,115.90498861795379, -17.424702759800667,-27.14938683997827,15.60366655912173
2024-09-06 04:22:39,-7.513907917576882,-90.46135157940198,116.54128668363643, -16.700685634929087,-27.067755141435608,14.958077540735626
2024-09-06 04:22:39,-6.384060522289369,-93.49152488493586,118.79002615712892, -14.672054102911309,-26.04005771708634,13.237875285007984
2024-09-06 04:22:39,-6.052310057439138,-94.20700670918465,119.37316099159243, -14.00025066445841,-25.83752278772551,12.648081029687754
2024-09-06 04:22:39,-5.443620625160905,-97.38550371243257,121.67073455110459, -13.045579394297828,-24.851724598916782,11.873491676177965
2024-09-06 04:22:39,-5.156185953290489,-98.03408460513792,122.39196231771524, -12.341213203547087,-24.865042386616754,11.227673539148679
2024-09-06 04:22:39,-4.740415294418378,-98.91944375583486,123.85760101456304, -11.126523524754111,-25.356366232335937,10.077713401564825
2024-09-06 04:22:39,-4.615631660950228,-99.49727910515296,124.64077799301664, -10.758512727726645,-25.53651453261387,9.728656776870055
2024-09-06 04:22:39,-4.419811251004899,-100.16206074063282,125.27337980418086, -10.322350349492774,-25.472446019375276,9.337532028936494
2024-09-06 04:22:40,-4.174173420257246,-101.91041671022614,126.31891417820245, -10.015727287488433,-24.74128325127738,9.112534221434604
2024-09-06 04:22:40,-3.8666072021896962,-102.6863555205552,126.66036384980777, -9.444114522839357,-24.26562579041686,8.622860745428138
2024-09-06 04:22:40,-3.9509052668308335,-104.25473728033984,127.21714638354626, -10.039289375334121,-23.281684180588154,9.236513240893252
2024-09-06 04:22:40,-3.992011793210886,-105.0252945984705,127.37052022547384, -10.40137917687061,-22.68102170939023,9.612615691888148
2024-09-06 04:22:40,-4.296541115199951,-105.65112420799333,127.42417816129249, -11.44998722519708,-22.17269803631286,10.623278458271134
2024-09-06 04:22:40,-4.408615190110876,-106.06244805649467,128.65873154397858, -11.345769591058755,-23.000201499560113,10.464572596975032
2024-09-06 04:22:41,-4.304523758381866,-106.83104031792561,128.91452321386777, -11.32141314643823,-22.478479974057123,10.481063341511549
2024-09-06 04:22:41,-4.032263075241457,-107.72796385641668,129.28105711107702, -10.862349273649565,-21.909369540726225,10.094559009332139
2024-09-06 04:22:41,-3.6779709950421164,-108.4082264513019,129.764279574972, -10.010580493978491,-21.655853018484223,9.316851683553885
2024-09-06 04:22:44,-3.7023049044496923,-109.3547092840319,130.53110370230624, -10.155452635320447,-21.482939145756543,9.463141965210859
2024-09-06 04:22:44,-3.5484939990829876,-110.17406008368964,131.39195200458036, -9.72289094558374,-21.499061949912786,9.05802980155392
2024-09-06 04:22:45,-3.9119265410748216,-109.69726464014033,130.80953643251044, -10.749512212601301,-21.455349560891364,10.02024089299624
2024-09-06 04:22:45,-3.7660812902536405,-109.27359365306366,131.0744906064592, -10.050956241148365,-22.108168273709186,9.325441179840524
2024-09-06 04:22:45,-4.197123324026324,-109.89642269734279,131.57793010171503, -11.234690525284206,-22.06477582169238,10.430605612239177
2024-09-06 04:22:45,-4.4822386411741135,-110.64063116781195,131.83631528774401, -12.233148765953587,-21.643063151573006,11.394082358271438
2024-09-06 04:22:45,-4.767715417129395,-111.37553659139556,132.04168012985497, -13.296570705198206,-21.185507644300717,12.426801560774988
2024-09-06 04:22:46,-4.770160494177851,-111.94783899541662,132.71269787493236, -13.244844639574499,-21.282111923018565,12.370380189095355
2024-09-06 04:22:46,-4.963366134613527,-112.57051417477068,133.35471433213294, -13.752039306048276,-21.343085138799175,12.841248066181064
2024-09-06 04:22:46,-4.979341387246247,-113.02947484560053,134.10579971247168, -13.618998517450956,-21.630446585960083,12.69213802397551
2024-09-06 04:22:46,-5.258063541897082,-113.53829428415305,134.87475233912025, -14.194424826225925,-21.945409677447966,13.203251805204216
2024-09-06 04:22:46,-5.817820780197954,-114.00544996966393,135.28890396642853, -15.679643696210801,-22.0286195349546,14.585575206921298
2024-09-06 04:22:46,-6.264339760824795,-114.62137535590456,135.77347870358636, -16.920055717571863,-22.019375113960827,15.749300456721723
2024-09-06 04:22:46,-6.354171390170185,-115.35085168463632,136.38473975770896, -17.236965262075856,-21.93098674072969,16.056176720735245
2024-09-06 04:22:46,-6.397361825096169,-116.22958008963755,136.91018196839227, -17.613706761564433,-21.605998175312944,16.445286393555374
2024-09-06 04:22:47,-6.452897601467536,-117.12678397108768,137.30284202986434, -18.155553707695827,-21.14181279906405,17.006332008170354
2024-09-06 04:22:47,-6.53372440295031,-117.26708879399023,136.8155797459753, -18.89557920745208,-20.570906315685693,17.76884835513076
2024-09-06 04:22:54,-6.635237457521818,-117.1374742479042,136.1722647319906, -19.63011811098213,-20.117565253087477,18.516479299220233
2024-09-06 04:22:54,-6.873398100342998,-116.48933887219216,135.36670168989292, -20.433821104415458,-20.046816707073816,19.289835048713464
2024-09-06 04:22:54,-7.27892876619259,-115.81241312541246,134.82373022128291, -21.410248627391695,-20.30891617553484,20.189838925115122
2024-09-06 04:22:55,-7.890005526251384,-115.17327660566119,134.37431282221763, -22.849385071027086,-20.702198398270895,21.512764789247196
2024-09-06 04:22:55,-8.553206692167656,-114.59374006951847,133.97263194619956, -24.383267411099553,-21.115955546730063,22.920223876896706
2024-09-06 04:22:55,-8.97313323060017,-113.77330905836881,133.82439185948252, -24.728521963507323,-21.89163420629908,23.139043383375295
2024-09-06 04:22:55,-9.00099229582448,-112.82245325350668,133.63331359645736, -24.02953509018174,-22.594457067072852,22.373369635027633
2024-09-06 04:22:55,-9.093686056833764,-112.00832453464999,133.44959527898044, -23.6470125869125,-23.20603653100779,21.92185757633259
2024-09-06 04:22:55,-9.264784349389357,-111.04149458342253,133.24924423258832, -23.34440175577416,-23.972295402538528,21.522253828804683
2024-09-06 04:22:55,-9.51510477088976,-109.8196647740367,132.6889500107436, -23.33022356614493,-24.671298628296604,21.401400942006113
2024-09-06 04:22:55,-9.698257256695053,-108.99720818783167,132.19027251189843, -23.458312380176082,-25.03538641483774,21.463593940545852
2024-09-06 04:22:55,-9.839913881742454,-108.12014770791944,131.3848687878712, -23.707714617587627,-25.1531381040299,21.6772970313664
2024-09-06 04:22:55,-10.031482203378523,-107.16458590817273,130.446574863347, -24.110470448279372,-25.240247133963358,22.038752225730768
2024-09-06 04:22:55,-10.250585454544117,-106.1917432839671,129.46855007874052, -24.589855202693673,-25.318510798449385,22.473142318002957
2024-09-06 04:22:55,-10.573189798608071,-105.24825718225362,128.50181259104897, -25.304640831971444,-25.422435436253387,23.123195205167814
2024-09-06 04:22:55,-10.876321564715987,-104.39584323698473,127.7099753075893, -25.89584332521988,-25.597379657336162,23.64549053487602
2024-09-06 04:22:55,-11.18627647220534,-103.5676962178032,126.9445028482347, -26.49202415274896,-25.779235999424234,24.17075719332307
2024-09-06 04:22:55,-11.574981801081059,-102.7871999828819,126.23301623500662, -27.23782095004851,-26.001992076912757,24.828083467707398
2024-09-06 04:22:55,-11.93057818831692,-102.00522488444298,125.42515369050501, -27.994775048392707,-26.130297575631204,25.513321131342636
2024-09-06 04:22:55,-12.042352359791183,-101.42201367460184,124.68119888340632, -28.378936509671444,-26.037092059882504,25.891740530247
2024-09-06 04:22:55,-11.977333131661904,-100.70629233261415,123.87385022907101, -28.334706692296987,-25.928077873167748,25.871046916529377
2024-09-06 04:22:55,-11.748073594828213,-100.09560111148977,122.90221267187509, -28.21425137446134,-25.51022112884566,25.836723237902856
2024-09-06 04:22:55,-11.438686515954572,-99.5101976855504,121.89633006776775, -27.98104328973082,-25.00476941921794,25.710310056898702
2024-09-06 04:22:55,-11.136817455015422,-98.93292315008947,120.88311093299272, -27.77325031540468,-24.488702118365076,25.60692834864141
2024-09-06 04:22:55,-10.507919850084644,-98.42111158711114,119.51910798096287, -27.261105554196305,-23.462622253062996,25.298969906123425
2024-09-06 04:22:55,-9.939066001415146,-97.9387872056162,118.20993762779426, -26.82889748632155,-22.484215059574147,25.04778692426057
2024-09-06 04:22:55,-9.661670918639386,-97.70442640948019,117.54498275796516, -26.638306831060966,-21.982431377933363,24.944659320687816
2024-09-06 04:22:55,-9.436207544586109,-97.46851573548481,116.92126274982407, -26.52148533632864,-21.54059982382748,24.90049633828586
2024-09-06 04:22:55,-9.280971229964049,-97.3600479063693,116.2932795630314, -26.731818789153124,-21.010473854814833,25.180977427206724
2024-09-06 04:22:55,-9.02682775552115,-97.04740578414447,115.08391800890931, -27.1619041673126,-20.101877364183395,25.726350950375878
2024-09-06 04:22:55,-8.960641392270775,-96.95838062489902,114.26062871215059, -27.931381318555175,-19.421670466156815,26.565311407603467
2024-09-06 04:22:55,-8.917198153097571,-96.8424523749527,113.57169062492589, -28.594299165318308,-18.897291694753996,27.280552515060677
2024-09-06 04:22:55,-8.853961436751481,-96.7025965613869,112.9269405799477, -29.140871460146325,-18.42585438008859,27.87638094815555
2024-09-06 04:22:55,-8.953013314687045,-96.27070855955563,112.16239545730559, -29.914246123549066,-18.18331001506312,28.662111554533322
2024-09-06 04:22:55,-8.882717382248233,-95.43374172004208,111.53639841862122, -29.400458055161643,-18.333207942827528,28.14148568445195
2024-09-06 04:22:56,-8.7965021308222,-94.70066810031469,111.02990812867583, -28.82793795728409,-18.490885398380073,27.5634532565349
2024-09-06 04:22:56,-8.519670066772312,-93.93497122865853,110.58461745332158, -27.60214700436458,-18.64773007661043,26.353238995618625
2024-09-06 04:22:56,-8.224157491620076,-93.17307955458733,110.28957958743263, -26.154750956330684,-18.936326478067542,24.915012197465686
2024-09-06 04:22:56,-8.053477613960258,-92.57710461319277,110.11343219755267, -25.154341461845753,-19.24423695428395,23.910178716249206
2024-09-06 04:22:56,-7.910000998945852,-92.14028917306155,110.20641599718286, -24.133628563971804,-19.668833991447684,22.874177601550514
2024-09-06 04:22:56,-7.928618045588228,-91.70939328732868,110.40317912709784, -23.486283415739663,-20.250215335187406,22.179228626591435
2024-09-06 04:22:56,-8.076251321193347,-91.4445502140027,110.97393930299967, -23.00005602318433,-21.0730593734414,21.607932295884428
2024-09-06 04:22:56,-8.091608204049287,-91.25149605131145,111.38556478083323, -22.441990531487487,-21.63640096781338,21.003141655526765
2024-09-06 04:22:56,-7.975164797490059,-90.89447346933548,111.94402241752739, -21.308625921804587,-22.445390310677993,19.82463539591381
2024-09-06 04:22:56,-7.851909154753765,-90.63937778863225,112.26275686945242, -20.517471847232407,-22.940448996315723,19.015714563971297
2024-09-06 04:22:56,-7.646670915811358,-90.39239060012365,112.57172631239874, -19.577570409320014,-23.39745535186451,18.076642409419804
2024-09-06 04:22:56,-7.25361841482823,-90.56539045028973,113.01042845103129, -18.43691723712363,-23.530247381167186,16.995849854538776
2024-09-06 04:22:56,-7.3959482374054355,-90.89585844184539,113.729027683156, -18.495481076334407,-23.94000247166293,16.99997598451208
2024-09-06 04:22:56,-7.200332210124287,-91.46863611179347,114.37110678429055, -17.98512735247736,-23.949405559767197,16.524740489622296
2024-09-06 04:22:56,-6.83137554345316,-92.17622485020635,115.20708180629828, -17.02519862005488,-23.969664358150585,15.631841332208587
2024-09-06 04:22:56,-6.313565102353438,-92.85657762530607,116.05902274408305, -15.686194105135336,-24.00020187241921,14.388807252434134
2024-09-06 04:22:56,-5.811493709316942,-93.47743570508896,116.83652590991943, -14.396881974560863,-24.031792297324884,13.194556151379402
2024-09-06 04:22:56,-5.203905492110534,-94.26513657275802,117.69373787791568, -12.901633963736277,-23.967744131811173,11.821891888069153
2024-09-06 04:22:57,-4.659495548767422,-94.98933486146271,118.42733125851666, -11.580042537106777,-23.87101392510337,10.612985942585809
2024-09-06 04:22:57,-3.9931480747548442,-96.05752050196472,119.36264664397282, -10.006574105000546,-23.625931620878582,9.182760844444033
2024-09-06 04:22:57,-3.4088732038647054,-97.08609286005478,120.2569238983796, -8.608402471700643,-23.40656272389105,7.909367983662292
2024-09-06 04:22:57,-3.1265336694137273,-97.87396188145078,120.8651432574375, -7.960979646689399,-23.191359337682847,7.324978449403134
2024-09-06 04:22:57,-3.0391859224332145,-98.84920739484366,121.54052648105103, -7.836473341189975,-22.883279650316606,7.226527745243325
2024-09-06 04:22:57,-2.908686863947935,-99.7857809214685,122.24978323902948, -7.5744237382149775,-22.641858711797823,6.9966805825891205
2024-09-06 04:22:57,-2.8275192108397436,-100.56519933879557,122.93319613976043, -7.394713885149298,-22.53689713822149,6.83556154437288
2024-09-06 04:22:57,-2.698636041626907,-101.28446921937321,123.61176122244854, -7.072715142531704,-22.481506445979868,6.540055362185166
2024-09-06 04:22:57,-2.481802033759586,-101.86368601641391,124.24878104676003, -6.49296689704598,-22.515220547431266,6.00181852969587
2024-09-06 04:22:57,-2.266236578406609,-102.30201542202867,124.97575056659217, -5.861485279613134,-22.780762263126853,5.407073010516971
2024-09-06 04:22:57,-2.274181382765196,-102.09460544273634,125.48471937958645, -5.712573274562769,-23.494228008548415,5.241758395269502
2024-09-06 04:22:57,-2.556226112339007,-101.32134510098041,125.40570748518864, -6.243342543148613,-24.21159398571384,5.69794633050046
2024-09-06 04:22:57,-3.0645460841941796,-100.3998413850974,125.14093244738353, -7.289766304680993,-24.918302841216843,6.617480964140002
2024-09-06 04:22:57,-3.4410494265517455,-99.67183141881834,124.89330703094413, -8.032027444825196,-25.439901642249083,7.2619647438651045
2024-09-06 04:22:57,-4.111872462580726,-98.77140142053693,124.51388906966031, -9.39830227251209,-26.04667957131859,8.458347086899579
2024-09-06 04:22:57,-4.892422390709392,-97.88703322671236,124.01973973123035, -10.997728000303503,-26.555039249135106,9.86160067973399
2024-09-06 04:22:57,-5.701949244666308,-97.01709920437528,123.46632649385737, -12.635268480186511,-27.013505180281825,11.294258078979915
2024-09-06 04:22:57,-6.1811137645530145,-96.53964985607438,123.15323414724072, -13.591016208631206,-27.270843677184455,12.127749149188
2024-09-06 04:22:57,-6.979260891975697,-95.65416392497916,122.58866291862313, -15.123111248409845,-27.75845414208103,13.44980693940999
2024-09-06 04:22:57,-7.697955617583288,-94.74411799994847,121.94441121073714, -16.473382741830072,-28.18845929670841,14.608388577536623
2024-09-06 04:22:57,-8.286363894963658,-93.75120222416231,121.22817296065406, -17.518614259953615,-28.60584599160618,15.489392403908418
2024-09-06 04:22:57,-8.785236587927459,-92.93992853887248,120.63948605590487, -18.39048314917982,-28.95389641797093,16.220533072168877
2024-09-06 04:22:57,-9.193551743390378,-92.4178327969463,120.25394766699343, -19.117010046448424,-29.19936316388498,16.834162173769325
2024-09-06 04:22:57,-9.563835949219547,-91.80459851450405,119.78993155120574, -19.75127761365421,-29.448952464759998,17.362842576179986
2024-09-06 04:22:57,-9.917943939178532,-91.22364962057597,119.33611241664671, -20.35849698426248,-29.675543569659023,17.86950693385104
2024-09-06 04:22:57,-10.311895758715858,-90.6806713896707,119.01183318354943, -20.97643357729555,-30.00268391511255,18.367115797479887
2024-09-06 04:22:57,-10.540474153160211,-90.0309388204253,118.75196078652135, -21.16668078788844,-30.438679440801675,18.460955475963154
2024-09-06 04:22:57,-10.201057062374447,-90.41322822038903,119.50045679135634, -20.312292185050016,-30.67593840968811,17.659294324493583
2024-09-06 04:22:57,-9.866107778732726,-90.83319683913373,120.09237238388596, -19.587359098615323,-30.737780691994953,17.006043344617037
2024-09-06 04:22:58,-9.014297441584546,-91.66418377315404,121.14863971688357, -17.865000373992558,-30.71281261631083,15.488477378362848
2024-09-06 04:22:58,-8.609132328163847,-92.26049655516384,121.61275801890918, -17.164097228682838,-30.480533404766252,14.905407407843725
2024-09-06 04:22:58,-7.7935685869561,-93.73933769646877,122.44055974242741, -15.907505381375156,-29.653436937794147,13.910738546299424
2024-09-06 04:22:58,-7.4667788513828,-94.63150940599314,122.85267407020795, -15.49127727617872,-29.11354884537704,13.611793475926056
2024-09-06 04:22:58,-6.987596116209838,-96.13231962523375,123.42537338870021, -14.964891889054085,-28.106646235459927,13.266425483502879
2024-09-06 04:22:58,-7.02008384499641,-97.71786155971674,123.95736703178007, -15.563571314286248,-27.097886329963465,13.925456847394663
2024-09-06 04:22:58,-7.074688566842232,-98.53290336641076,124.48200060480848, -15.834843557151435,-26.83158024838254,14.202869008300707
2024-09-06 04:22:58,-7.152119655886292,-99.31713085283427,125.0414250484418, -16.12448121295587,-26.634648867632702,14.48938645522853
2024-09-06 04:22:58,-7.155622625595045,-100.05738018992639,125.60013330943615, -16.233311511131355,-26.461177381113927,14.60935003929616
2024-09-06 04:22:58,-7.3072988067967275,-99.99212756491853,126.13748279760804, -16.225392872803646,-27.0779172781812,14.52642488586869
2024-09-06 04:23:21,-7.858511908159619,-99.57543906158051,125.58874147727207, -17.469077542319546,-27.09502183757667,15.651137675467735
2024-09-06 04:23:21,-8.359216705633008,-99.25470518739061,125.14372500000809, -18.59975023856955,-27.116228693435026,16.675163993078012
2024-09-06 04:23:21,-8.13294882363177,-100.00043442634143,124.9039305719762, -18.74593096917238,-26.117136587979317,16.947210412770133
2024-09-06 04:23:21,-7.340488806146611,-100.45103405166734,124.35850178544577, -17.634033718228252,-24.945588939659096,16.077925311449263
2024-09-06 04:23:21,-6.6773673704336804,-100.68145098126504,123.90050071706818, -16.538889068696164,-24.108948821194865,15.16557649312487
